date,product_id,competitor_name,competitor_price,in_stock
2024-07-08,P1000,CompetitorZ,391.17,True
2024-07-15,P1000,CompetitorZ,382.46,True
2024-07-22,P1000,CompetitorZ,375.28,True
2024-07-29,P1000,CompetitorZ,360.77,True
2024-08-05,P1000,CompetitorZ,395.56,True
2024-08-12,P1000,CompetitorZ,402.81,True
2024-08-19,P1000,CompetitorZ,399.22,True
2024-08-26,P1000,CompetitorZ,375.59,True
2024-09-02,P1000,CompetitorZ,405.92,True
2024-09-09,P1000,CompetitorZ,385.41,True
2024-09-16,P1000,CompetitorZ,382.94,True
2024-09-23,P1000,CompetitorZ,385.14,True
2024-09-30,P1000,CompetitorZ,394.58,True
2024-10-07,P1000,CompetitorZ,376.12,True
2024-10-14,P1000,CompetitorZ,393.22,True
2024-10-21,P1000,CompetitorZ,398.73,True
2024-10-28,P1000,CompetitorZ,406.73,True
2024-11-04,P1000,CompetitorZ,395.73,True
2024-11-11,P1000,CompetitorZ,377.83,True
2024-11-18,P1000,CompetitorZ,395.41,True
2024-11-25,P1000,CompetitorZ,381.13,True
2024-12-02,P1000,CompetitorZ,380.45,True
2024-12-09,P1000,CompetitorZ,377.56,True
2024-12-16,P1000,CompetitorZ,371.08,True
2024-12-23,P1000,CompetitorZ,386.96,True
2024-12-30,P1000,CompetitorZ,406.99,True
2025-01-06,P1000,CompetitorZ,420.3,True
2025-01-13,P1000,CompetitorZ,386.88,True
2025-01-20,P1000,CompetitorZ,406.48,True
2025-01-27,P1000,CompetitorZ,388.99,True
2025-02-03,P1000,CompetitorZ,374.16,True
2025-02-10,P1000,CompetitorZ,401.93,True
2025-02-17,P1000,CompetitorZ,396.43,True
2025-02-24,P1000,CompetitorZ,415.12,True
2025-03-03,P1000,CompetitorZ,375.53,True
2025-03-10,P1000,CompetitorZ,426.67,True
2025-03-17,P1000,CompetitorZ,412.45,True
2025-03-24,P1000,CompetitorZ,393.44,True
2025-03-31,P1000,CompetitorZ,390.13,True
2025-04-07,P1000,CompetitorZ,385.2,True
2025-04-14,P1000,CompetitorZ,394.95,True
2025-04-21,P1000,CompetitorZ,391.48,True
2025-04-28,P1000,CompetitorZ,399.72,True
2025-05-05,P1000,CompetitorZ,390.18,True
2025-05-12,P1000,CompetitorZ,410.36,True
2025-05-19,P1000,CompetitorZ,395.13,True
2025-05-26,P1000,CompetitorZ,390.62,True
2025-06-02,P1000,CompetitorZ,405.75,True
2025-06-09,P1000,CompetitorZ,374.49,True
2025-06-16,P1000,CompetitorZ,397.68,True
2025-06-23,P1000,CompetitorZ,393.96,True
2025-06-30,P1000,CompetitorZ,376.99,True
2025-07-07,P1000,CompetitorZ,373.48,True
2025-07-14,P1000,CompetitorZ,405.59,True
2025-07-21,P1000,CompetitorZ,405.02,True
2025-07-28,P1000,CompetitorZ,395.69,True
2025-08-04,P1000,CompetitorZ,413.93,True
2025-08-11,P1000,CompetitorZ,398.86,True
2025-08-18,P1000,CompetitorZ,408.41,True
2025-08-25,P1000,CompetitorZ,398.62,True
2025-09-01,P1000,CompetitorZ,390.4,True
2025-09-08,P1000,CompetitorZ,381.16,True
2025-09-15,P1000,CompetitorZ,386.53,True
2025-09-22,P1000,CompetitorZ,390.62,True
2025-09-29,P1000,CompetitorZ,409.75,True
2025-10-06,P1000,CompetitorZ,402.75,True
2025-10-13,P1000,CompetitorZ,397.55,True
2025-10-20,P1000,CompetitorZ,403.93,True
2025-10-27,P1000,CompetitorZ,399.88,True
2025-11-03,P1000,CompetitorZ,396.75,True
2025-11-10,P1000,CompetitorZ,375.96,True
2025-11-17,P1000,CompetitorZ,407.11,True
2025-11-24,P1000,CompetitorZ,388.24,True
2025-12-01,P1000,CompetitorZ,406.51,True
2025-12-08,P1000,CompetitorZ,407.65,True
2025-12-15,P1000,CompetitorZ,385.74,True
2025-12-22,P1000,CompetitorZ,404.87,True
2025-12-29,P1000,CompetitorZ,389.39,True
2024-07-08,P1000,CompetitorY,355.11,True
2024-07-15,P1000,CompetitorY,343.0,True
2024-07-22,P1000,CompetitorY,353.13,True
2024-07-29,P1000,CompetitorY,356.88,True
2024-08-05,P1000,CompetitorY,352.66,True
2024-08-12,P1000,CompetitorY,339.11,True
2024-08-19,P1000,CompetitorY,371.38,True
2024-08-26,P1000,CompetitorY,354.27,True
2024-09-02,P1000,CompetitorY,344.92,True
2024-09-09,P1000,CompetitorY,370.52,True
2024-09-16,P1000,CompetitorY,359.89,True
2024-09-23,P1000,CompetitorY,340.62,True
2024-09-30,P1000,CompetitorY,342.27,True
2024-10-07,P1000,CompetitorY,350.98,True
2024-10-14,P1000,CompetitorY,356.49,True
2024-10-21,P1000,CompetitorY,359.94,True
2024-10-28,P1000,CompetitorY,363.41,True
2024-11-04,P1000,CompetitorY,359.06,True
2024-11-11,P1000,CompetitorY,367.62,True
2024-11-18,P1000,CompetitorY,354.69,True
2024-11-25,P1000,CompetitorY,345.29,True
2024-12-02,P1000,CompetitorY,353.31,True
2024-12-09,P1000,CompetitorY,352.61,True
2024-12-16,P1000,CompetitorY,326.01,True
2024-12-23,P1000,CompetitorY,347.39,True
2024-12-30,P1000,CompetitorY,356.67,True
2025-01-06,P1000,CompetitorY,348.84,True
2025-01-13,P1000,CompetitorY,346.49,True
2025-01-20,P1000,CompetitorY,363.0,True
2025-01-27,P1000,CompetitorY,343.63,True
2025-02-03,P1000,CompetitorY,360.88,True
2025-02-10,P1000,CompetitorY,339.21,True
2025-02-17,P1000,CompetitorY,382.61,True
2025-02-24,P1000,CompetitorY,351.06,True
2025-03-03,P1000,CompetitorY,349.91,True
2025-03-10,P1000,CompetitorY,365.46,True
2025-03-17,P1000,CompetitorY,348.9,True
2025-03-24,P1000,CompetitorY,368.76,True
2025-03-31,P1000,CompetitorY,357.28,True
2025-04-07,P1000,CompetitorY,352.09,True
2025-04-14,P1000,CompetitorY,350.96,True
2025-04-21,P1000,CompetitorY,366.14,True
2025-04-28,P1000,CompetitorY,355.78,True
2025-05-05,P1000,CompetitorY,357.92,True
2025-05-12,P1000,CompetitorY,359.08,True
2025-05-19,P1000,CompetitorY,354.75,True
2025-05-26,P1000,CompetitorY,358.85,True
2025-06-02,P1000,CompetitorY,352.09,True
2025-06-09,P1000,CompetitorY,352.81,True
2025-06-16,P1000,CompetitorY,341.48,True
2025-06-23,P1000,CompetitorY,356.5,True
2025-06-30,P1000,CompetitorY,335.11,True
2025-07-07,P1000,CompetitorY,356.35,True
2025-07-14,P1000,CompetitorY,350.37,True
2025-07-21,P1000,CompetitorY,357.31,True
2025-07-28,P1000,CompetitorY,342.22,True
2025-08-04,P1000,CompetitorY,330.88,True
2025-08-11,P1000,CompetitorY,349.62,True
2025-08-18,P1000,CompetitorY,342.25,True
2025-08-25,P1000,CompetitorY,334.47,True
2025-09-01,P1000,CompetitorY,361.48,True
2025-09-08,P1000,CompetitorY,370.32,True
2025-09-15,P1000,CompetitorY,344.89,True
2025-09-22,P1000,CompetitorY,352.54,True
2025-09-29,P1000,CompetitorY,350.08,False
2025-10-06,P1000,CompetitorY,346.36,True
2025-10-13,P1000,CompetitorY,360.38,True
2025-10-20,P1000,CompetitorY,364.05,True
2025-10-27,P1000,CompetitorY,344.13,True
2025-11-03,P1000,CompetitorY,353.82,True
2025-11-10,P1000,CompetitorY,366.96,True
2025-11-17,P1000,CompetitorY,360.65,True
2025-11-24,P1000,CompetitorY,362.22,True
2025-12-01,P1000,CompetitorY,367.84,True
2025-12-08,P1000,CompetitorY,367.7,True
2025-12-15,P1000,CompetitorY,364.25,True
2025-12-22,P1000,CompetitorY,354.88,True
2025-12-29,P1000,CompetitorY,349.29,True
2024-07-08,P1000,CompetitorX,322.37,True
2024-07-15,P1000,CompetitorX,361.13,True
2024-07-22,P1000,CompetitorX,327.58,True
2024-07-29,P1000,CompetitorX,331.31,True
2024-08-05,P1000,CompetitorX,326.71,True
2024-08-12,P1000,CompetitorX,341.13,True
2024-08-19,P1000,CompetitorX,332.97,True
2024-08-26,P1000,CompetitorX,325.26,False
2024-09-02,P1000,CompetitorX,341.54,True
2024-09-09,P1000,CompetitorX,342.9,True
2024-09-16,P1000,CompetitorX,334.27,True
2024-09-23,P1000,CompetitorX,328.28,True
2024-09-30,P1000,CompetitorX,356.96,True
2024-10-07,P1000,CompetitorX,338.36,True
2024-10-14,P1000,CompetitorX,322.14,False
2024-10-21,P1000,CompetitorX,349.15,True
2024-10-28,P1000,CompetitorX,326.34,True
2024-11-04,P1000,CompetitorX,362.5,True
2024-11-11,P1000,CompetitorX,335.74,True
2024-11-18,P1000,CompetitorX,345.13,True
2024-11-25,P1000,CompetitorX,314.04,True
2024-12-02,P1000,CompetitorX,322.04,True
2024-12-09,P1000,CompetitorX,348.35,True
2024-12-16,P1000,CompetitorX,338.14,True
2024-12-23,P1000,CompetitorX,355.47,True
2024-12-30,P1000,CompetitorX,339.82,True
2025-01-06,P1000,CompetitorX,336.4,True
2025-01-13,P1000,CompetitorX,352.16,True
2025-01-20,P1000,CompetitorX,345.09,True
2025-01-27,P1000,CompetitorX,332.97,True
2025-02-03,P1000,CompetitorX,323.95,True
2025-02-10,P1000,CompetitorX,311.11,True
2025-02-17,P1000,CompetitorX,330.55,True
2025-02-24,P1000,CompetitorX,323.02,True
2025-03-03,P1000,CompetitorX,361.05,True
2025-03-10,P1000,CompetitorX,328.41,True
2025-03-17,P1000,CompetitorX,328.13,True
2025-03-24,P1000,CompetitorX,319.66,True
2025-03-31,P1000,CompetitorX,332.27,True
2025-04-07,P1000,CompetitorX,328.27,True
2025-04-14,P1000,CompetitorX,352.41,True
2025-04-21,P1000,CompetitorX,336.64,False
2025-04-28,P1000,CompetitorX,334.85,True
2025-05-05,P1000,CompetitorX,333.59,True
2025-05-12,P1000,CompetitorX,342.84,True
2025-05-19,P1000,CompetitorX,330.4,True
2025-05-26,P1000,CompetitorX,341.65,True
2025-06-02,P1000,CompetitorX,351.16,True
2025-06-09,P1000,CompetitorX,339.57,True
2025-06-16,P1000,CompetitorX,332.43,True
2025-06-23,P1000,CompetitorX,325.36,True
2025-06-30,P1000,CompetitorX,332.18,True
2025-07-07,P1000,CompetitorX,340.6,True
2025-07-14,P1000,CompetitorX,319.54,True
2025-07-21,P1000,CompetitorX,343.3,True
2025-07-28,P1000,CompetitorX,337.03,True
2025-08-04,P1000,CompetitorX,333.44,True
2025-08-11,P1000,CompetitorX,328.32,True
2025-08-18,P1000,CompetitorX,330.16,True
2025-08-25,P1000,CompetitorX,340.95,False
2025-09-01,P1000,CompetitorX,333.66,True
2025-09-08,P1000,CompetitorX,329.91,True
2025-09-15,P1000,CompetitorX,339.65,True
2025-09-22,P1000,CompetitorX,340.05,True
2025-09-29,P1000,CompetitorX,322.39,True
2025-10-06,P1000,CompetitorX,340.69,True
2025-10-13,P1000,CompetitorX,360.08,True
2025-10-20,P1000,CompetitorX,339.66,True
2025-10-27,P1000,CompetitorX,317.87,True
2025-11-03,P1000,CompetitorX,336.73,True
2025-11-10,P1000,CompetitorX,316.55,True
2025-11-17,P1000,CompetitorX,366.77,True
2025-11-24,P1000,CompetitorX,357.41,True
2025-12-01,P1000,CompetitorX,328.25,True
2025-12-08,P1000,CompetitorX,312.38,True
2025-12-15,P1000,CompetitorX,326.12,True
2025-12-22,P1000,CompetitorX,333.13,True
2025-12-29,P1000,CompetitorX,317.24,True
2024-07-08,P1000,MarketLeaderCo,340.06,True
2024-07-15,P1000,MarketLeaderCo,332.95,True
2024-07-22,P1000,MarketLeaderCo,325.86,True
2024-07-29,P1000,MarketLeaderCo,344.76,True
2024-08-05,P1000,MarketLeaderCo,332.6,True
2024-08-12,P1000,MarketLeaderCo,335.99,True
2024-08-19,P1000,MarketLeaderCo,340.5,True
2024-08-26,P1000,MarketLeaderCo,335.36,False
2024-09-02,P1000,MarketLeaderCo,335.4,True
2024-09-09,P1000,MarketLeaderCo,345.32,True
2024-09-16,P1000,MarketLeaderCo,336.49,True
2024-09-23,P1000,MarketLeaderCo,343.64,True
2024-09-30,P1000,MarketLeaderCo,340.44,True
2024-10-07,P1000,MarketLeaderCo,355.23,True
2024-10-14,P1000,MarketLeaderCo,339.08,True
2024-10-21,P1000,MarketLeaderCo,341.38,True
2024-10-28,P1000,MarketLeaderCo,346.04,True
2024-11-04,P1000,MarketLeaderCo,335.61,True
2024-11-11,P1000,MarketLeaderCo,328.56,True
2024-11-18,P1000,MarketLeaderCo,330.2,True
2024-11-25,P1000,MarketLeaderCo,330.3,True
2024-12-02,P1000,MarketLeaderCo,325.42,True
2024-12-09,P1000,MarketLeaderCo,338.16,True
2024-12-16,P1000,MarketLeaderCo,328.64,True
2024-12-23,P1000,MarketLeaderCo,336.92,True
2024-12-30,P1000,MarketLeaderCo,333.37,True
2025-01-06,P1000,MarketLeaderCo,334.55,True
2025-01-13,P1000,MarketLeaderCo,340.55,True
2025-01-20,P1000,MarketLeaderCo,329.52,True
2025-01-27,P1000,MarketLeaderCo,341.39,True
2025-02-03,P1000,MarketLeaderCo,350.72,True
2025-02-10,P1000,MarketLeaderCo,338.41,True
2025-02-17,P1000,MarketLeaderCo,327.11,True
2025-02-24,P1000,MarketLeaderCo,328.79,False
2025-03-03,P1000,MarketLeaderCo,332.47,True
2025-03-10,P1000,MarketLeaderCo,328.99,True
2025-03-17,P1000,MarketLeaderCo,325.01,True
2025-03-24,P1000,MarketLeaderCo,336.52,True
2025-03-31,P1000,MarketLeaderCo,332.74,True
2025-04-07,P1000,MarketLeaderCo,336.87,True
2025-04-14,P1000,MarketLeaderCo,346.89,True
2025-04-21,P1000,MarketLeaderCo,332.59,True
2025-04-28,P1000,MarketLeaderCo,323.05,True
2025-05-05,P1000,MarketLeaderCo,330.96,True
2025-05-12,P1000,MarketLeaderCo,342.71,True
2025-05-19,P1000,MarketLeaderCo,341.77,True
2025-05-26,P1000,MarketLeaderCo,340.18,True
2025-06-02,P1000,MarketLeaderCo,328.69,True
2025-06-09,P1000,MarketLeaderCo,342.52,True
2025-06-16,P1000,MarketLeaderCo,344.78,True
2025-06-23,P1000,MarketLeaderCo,327.98,True
2025-06-30,P1000,MarketLeaderCo,334.55,True
2025-07-07,P1000,MarketLeaderCo,355.27,True
2025-07-14,P1000,MarketLeaderCo,327.53,True
2025-07-21,P1000,MarketLeaderCo,317.83,False
2025-07-28,P1000,MarketLeaderCo,348.86,True
2025-08-04,P1000,MarketLeaderCo,346.39,True
2025-08-11,P1000,MarketLeaderCo,330.37,True
2025-08-18,P1000,MarketLeaderCo,333.83,True
2025-08-25,P1000,MarketLeaderCo,322.66,True
2025-09-01,P1000,MarketLeaderCo,335.86,True
2025-09-08,P1000,MarketLeaderCo,346.68,True
2025-09-15,P1000,MarketLeaderCo,329.51,True
2025-09-22,P1000,MarketLeaderCo,343.78,True
2025-09-29,P1000,MarketLeaderCo,339.63,True
2025-10-06,P1000,MarketLeaderCo,340.77,True
2025-10-13,P1000,MarketLeaderCo,330.1,False
2025-10-20,P1000,MarketLeaderCo,331.4,True
2025-10-27,P1000,MarketLeaderCo,316.41,True
2025-11-03,P1000,MarketLeaderCo,329.27,True
2025-11-10,P1000,MarketLeaderCo,346.66,True
2025-11-17,P1000,MarketLeaderCo,325.63,True
2025-11-24,P1000,MarketLeaderCo,327.12,True
2025-12-01,P1000,MarketLeaderCo,341.4,True
2025-12-08,P1000,MarketLeaderCo,339.01,True
2025-12-15,P1000,MarketLeaderCo,341.9,True
2025-12-22,P1000,MarketLeaderCo,323.28,True
2025-12-29,P1000,MarketLeaderCo,360.73,True
2024-03-04,P1001,CompetitorZ,85.42,True
2024-03-11,P1001,CompetitorZ,85.26,True
2024-03-18,P1001,CompetitorZ,90.73,True
2024-03-25,P1001,CompetitorZ,80.07,True
2024-04-01,P1001,CompetitorZ,87.84,True
2024-04-08,P1001,CompetitorZ,85.84,True
2024-04-15,P1001,CompetitorZ,90.76,True
2024-04-22,P1001,CompetitorZ,90.41,True
2024-04-29,P1001,CompetitorZ,87.46,True
2024-05-06,P1001,CompetitorZ,82.41,True
2024-05-13,P1001,CompetitorZ,85.02,True
2024-05-20,P1001,CompetitorZ,85.31,True
2024-05-27,P1001,CompetitorZ,83.07,True
2024-06-03,P1001,CompetitorZ,89.51,True
2024-06-10,P1001,CompetitorZ,82.74,True
2024-06-17,P1001,CompetitorZ,91.61,True
2024-06-24,P1001,CompetitorZ,91.61,True
2024-07-01,P1001,CompetitorZ,85.51,True
2024-07-08,P1001,CompetitorZ,87.36,True
2024-07-15,P1001,CompetitorZ,86.32,True
2024-07-22,P1001,CompetitorZ,88.85,True
2024-07-29,P1001,CompetitorZ,89.82,True
2024-08-05,P1001,CompetitorZ,87.18,True
2024-08-12,P1001,CompetitorZ,87.73,True
2024-08-19,P1001,CompetitorZ,84.9,True
2024-08-26,P1001,CompetitorZ,87.64,True
2024-09-02,P1001,CompetitorZ,86.93,True
2024-09-09,P1001,CompetitorZ,84.14,True
2024-09-16,P1001,CompetitorZ,86.47,True
2024-09-23,P1001,CompetitorZ,85.52,True
2024-09-30,P1001,CompetitorZ,84.93,True
2024-10-07,P1001,CompetitorZ,83.54,True
2024-10-14,P1001,CompetitorZ,86.67,True
2024-10-21,P1001,CompetitorZ,84.49,False
2024-10-28,P1001,CompetitorZ,85.29,True
2024-11-04,P1001,CompetitorZ,89.3,True
2024-11-11,P1001,CompetitorZ,88.15,True
2024-11-18,P1001,CompetitorZ,83.97,True
2024-11-25,P1001,CompetitorZ,87.42,True
2024-12-02,P1001,CompetitorZ,86.86,True
2024-12-09,P1001,CompetitorZ,90.93,True
2024-12-16,P1001,CompetitorZ,90.1,True
2024-12-23,P1001,CompetitorZ,82.53,True
2024-12-30,P1001,CompetitorZ,88.75,True
2025-01-06,P1001,CompetitorZ,89.79,True
2025-01-13,P1001,CompetitorZ,87.96,False
2025-01-20,P1001,CompetitorZ,85.64,True
2025-01-27,P1001,CompetitorZ,92.77,True
2025-02-03,P1001,CompetitorZ,88.2,True
2025-02-10,P1001,CompetitorZ,91.64,True
2025-02-17,P1001,CompetitorZ,90.02,True
2025-02-24,P1001,CompetitorZ,87.72,True
2025-03-03,P1001,CompetitorZ,85.01,True
2025-03-10,P1001,CompetitorZ,86.45,False
2025-03-17,P1001,CompetitorZ,85.94,True
2025-03-24,P1001,CompetitorZ,83.36,True
2025-03-31,P1001,CompetitorZ,88.2,False
2025-04-07,P1001,CompetitorZ,90.58,True
2025-04-14,P1001,CompetitorZ,85.74,True
2025-04-21,P1001,CompetitorZ,92.13,True
2025-04-28,P1001,CompetitorZ,82.47,True
2025-05-05,P1001,CompetitorZ,89.25,True
2025-05-12,P1001,CompetitorZ,90.85,True
2025-05-19,P1001,CompetitorZ,85.98,True
2025-05-26,P1001,CompetitorZ,86.03,True
2025-06-02,P1001,CompetitorZ,89.22,True
2025-06-09,P1001,CompetitorZ,87.82,True
2025-06-16,P1001,CompetitorZ,81.33,True
2025-06-23,P1001,CompetitorZ,84.32,True
2025-06-30,P1001,CompetitorZ,86.48,True
2025-07-07,P1001,CompetitorZ,82.96,False
2025-07-14,P1001,CompetitorZ,85.28,True
2025-07-21,P1001,CompetitorZ,83.02,True
2025-07-28,P1001,CompetitorZ,85.55,True
2025-08-04,P1001,CompetitorZ,85.64,True
2025-08-11,P1001,CompetitorZ,87.42,True
2025-08-18,P1001,CompetitorZ,86.27,True
2025-08-25,P1001,CompetitorZ,87.82,True
2025-09-01,P1001,CompetitorZ,87.51,True
2025-09-08,P1001,CompetitorZ,89.19,True
2025-09-15,P1001,CompetitorZ,88.78,False
2025-09-22,P1001,CompetitorZ,88.5,True
2025-09-29,P1001,CompetitorZ,94.57,True
2025-10-06,P1001,CompetitorZ,87.41,True
2025-10-13,P1001,CompetitorZ,93.24,True
2025-10-20,P1001,CompetitorZ,87.58,True
2025-10-27,P1001,CompetitorZ,86.3,True
2025-11-03,P1001,CompetitorZ,85.54,True
2025-11-10,P1001,CompetitorZ,90.43,True
2025-11-17,P1001,CompetitorZ,90.77,True
2025-11-24,P1001,CompetitorZ,88.07,True
2025-12-01,P1001,CompetitorZ,89.45,True
2025-12-08,P1001,CompetitorZ,83.2,True
2025-12-15,P1001,CompetitorZ,82.49,True
2025-12-22,P1001,CompetitorZ,89.75,True
2025-12-29,P1001,CompetitorZ,86.18,False
2024-03-04,P1001,CompetitorY,78.17,True
2024-03-11,P1001,CompetitorY,82.61,True
2024-03-18,P1001,CompetitorY,83.26,True
2024-03-25,P1001,CompetitorY,82.34,True
2024-04-01,P1001,CompetitorY,79.85,True
2024-04-08,P1001,CompetitorY,73.78,True
2024-04-15,P1001,CompetitorY,77.63,True
2024-04-22,P1001,CompetitorY,78.97,True
2024-04-29,P1001,CompetitorY,77.18,True
2024-05-06,P1001,CompetitorY,78.97,True
2024-05-13,P1001,CompetitorY,83.14,True
2024-05-20,P1001,CompetitorY,75.39,True
2024-05-27,P1001,CompetitorY,83.62,True
2024-06-03,P1001,CompetitorY,81.41,True
2024-06-10,P1001,CompetitorY,79.94,True
2024-06-17,P1001,CompetitorY,77.61,True
2024-06-24,P1001,CompetitorY,77.23,True
2024-07-01,P1001,CompetitorY,75.44,True
2024-07-08,P1001,CompetitorY,83.39,True
2024-07-15,P1001,CompetitorY,82.96,True
2024-07-22,P1001,CompetitorY,75.96,True
2024-07-29,P1001,CompetitorY,77.99,True
2024-08-05,P1001,CompetitorY,80.34,True
2024-08-12,P1001,CompetitorY,78.59,True
2024-08-19,P1001,CompetitorY,74.74,True
2024-08-26,P1001,CompetitorY,77.74,True
2024-09-02,P1001,CompetitorY,83.95,True
2024-09-09,P1001,CompetitorY,77.9,True
2024-09-16,P1001,CompetitorY,78.92,True
2024-09-23,P1001,CompetitorY,76.58,True
2024-09-30,P1001,CompetitorY,80.7,True
2024-10-07,P1001,CompetitorY,79.58,True
2024-10-14,P1001,CompetitorY,77.54,True
2024-10-21,P1001,CompetitorY,76.2,True
2024-10-28,P1001,CompetitorY,82.65,True
2024-11-04,P1001,CompetitorY,75.49,True
2024-11-11,P1001,CompetitorY,80.5,True
2024-11-18,P1001,CompetitorY,74.18,True
2024-11-25,P1001,CompetitorY,80.99,True
2024-12-02,P1001,CompetitorY,81.61,True
2024-12-09,P1001,CompetitorY,81.91,True
2024-12-16,P1001,CompetitorY,78.92,True
2024-12-23,P1001,CompetitorY,83.07,True
2024-12-30,P1001,CompetitorY,84.8,True
2025-01-06,P1001,CompetitorY,78.54,True
2025-01-13,P1001,CompetitorY,78.23,False
2025-01-20,P1001,CompetitorY,79.66,True
2025-01-27,P1001,CompetitorY,78.17,True
2025-02-03,P1001,CompetitorY,77.82,True
2025-02-10,P1001,CompetitorY,78.03,True
2025-02-17,P1001,CompetitorY,83.39,True
2025-02-24,P1001,CompetitorY,81.14,True
2025-03-03,P1001,CompetitorY,78.16,True
2025-03-10,P1001,CompetitorY,73.46,True
2025-03-17,P1001,CompetitorY,75.63,False
2025-03-24,P1001,CompetitorY,80.5,True
2025-03-31,P1001,CompetitorY,74.26,True
2025-04-07,P1001,CompetitorY,80.0,True
2025-04-14,P1001,CompetitorY,76.77,True
2025-04-21,P1001,CompetitorY,79.52,True
2025-04-28,P1001,CompetitorY,79.46,True
2025-05-05,P1001,CompetitorY,79.59,True
2025-05-12,P1001,CompetitorY,78.37,True
2025-05-19,P1001,CompetitorY,78.29,True
2025-05-26,P1001,CompetitorY,77.59,True
2025-06-02,P1001,CompetitorY,80.46,True
2025-06-09,P1001,CompetitorY,81.22,True
2025-06-16,P1001,CompetitorY,76.41,True
2025-06-23,P1001,CompetitorY,79.18,True
2025-06-30,P1001,CompetitorY,79.77,True
2025-07-07,P1001,CompetitorY,79.74,True
2025-07-14,P1001,CompetitorY,79.7,True
2025-07-21,P1001,CompetitorY,78.35,True
2025-07-28,P1001,CompetitorY,79.97,True
2025-08-04,P1001,CompetitorY,80.78,True
2025-08-11,P1001,CompetitorY,79.64,True
2025-08-18,P1001,CompetitorY,80.51,True
2025-08-25,P1001,CompetitorY,81.66,True
2025-09-01,P1001,CompetitorY,74.9,True
2025-09-08,P1001,CompetitorY,81.55,True
2025-09-15,P1001,CompetitorY,80.12,True
2025-09-22,P1001,CompetitorY,76.66,True
2025-09-29,P1001,CompetitorY,81.22,True
2025-10-06,P1001,CompetitorY,78.36,True
2025-10-13,P1001,CompetitorY,78.68,True
2025-10-20,P1001,CompetitorY,78.1,True
2025-10-27,P1001,CompetitorY,80.03,True
2025-11-03,P1001,CompetitorY,77.44,True
2025-11-10,P1001,CompetitorY,81.45,True
2025-11-17,P1001,CompetitorY,78.98,True
2025-11-24,P1001,CompetitorY,78.44,True
2025-12-01,P1001,CompetitorY,81.1,True
2025-12-08,P1001,CompetitorY,78.55,True
2025-12-15,P1001,CompetitorY,81.56,False
2025-12-22,P1001,CompetitorY,81.64,True
2025-12-29,P1001,CompetitorY,76.13,True
2024-03-04,P1001,MarketLeaderCo,84.75,True
2024-03-11,P1001,MarketLeaderCo,85.35,True
2024-03-18,P1001,MarketLeaderCo,76.54,True
2024-03-25,P1001,MarketLeaderCo,84.09,True
2024-04-01,P1001,MarketLeaderCo,86.88,True
2024-04-08,P1001,MarketLeaderCo,84.19,True
2024-04-15,P1001,MarketLeaderCo,76.22,True
2024-04-22,P1001,MarketLeaderCo,85.8,True
2024-04-29,P1001,MarketLeaderCo,81.58,True
2024-05-06,P1001,MarketLeaderCo,80.91,True
2024-05-13,P1001,MarketLeaderCo,82.58,True
2024-05-20,P1001,MarketLeaderCo,78.91,True
2024-05-27,P1001,MarketLeaderCo,81.48,True
2024-06-03,P1001,MarketLeaderCo,85.44,True
2024-06-10,P1001,MarketLeaderCo,83.0,True
2024-06-17,P1001,MarketLeaderCo,81.62,True
2024-06-24,P1001,MarketLeaderCo,81.69,True
2024-07-01,P1001,MarketLeaderCo,78.59,True
2024-07-08,P1001,MarketLeaderCo,81.11,True
2024-07-15,P1001,MarketLeaderCo,77.48,True
2024-07-22,P1001,MarketLeaderCo,83.98,True
2024-07-29,P1001,MarketLeaderCo,76.13,True
2024-08-05,P1001,MarketLeaderCo,83.57,True
2024-08-12,P1001,MarketLeaderCo,83.87,True
2024-08-19,P1001,MarketLeaderCo,84.7,True
2024-08-26,P1001,MarketLeaderCo,81.69,True
2024-09-02,P1001,MarketLeaderCo,83.72,True
2024-09-09,P1001,MarketLeaderCo,81.09,True
2024-09-16,P1001,MarketLeaderCo,78.58,True
2024-09-23,P1001,MarketLeaderCo,85.22,True
2024-09-30,P1001,MarketLeaderCo,81.24,True
2024-10-07,P1001,MarketLeaderCo,78.03,True
2024-10-14,P1001,MarketLeaderCo,80.33,True
2024-10-21,P1001,MarketLeaderCo,80.43,True
2024-10-28,P1001,MarketLeaderCo,82.6,True
2024-11-04,P1001,MarketLeaderCo,87.21,True
2024-11-11,P1001,MarketLeaderCo,82.75,True
2024-11-18,P1001,MarketLeaderCo,81.98,True
2024-11-25,P1001,MarketLeaderCo,87.48,True
2024-12-02,P1001,MarketLeaderCo,83.87,True
2024-12-09,P1001,MarketLeaderCo,82.1,True
2024-12-16,P1001,MarketLeaderCo,80.3,True
2024-12-23,P1001,MarketLeaderCo,82.25,True
2024-12-30,P1001,MarketLeaderCo,81.31,True
2025-01-06,P1001,MarketLeaderCo,81.7,False
2025-01-13,P1001,MarketLeaderCo,84.69,True
2025-01-20,P1001,MarketLeaderCo,80.16,True
2025-01-27,P1001,MarketLeaderCo,82.73,True
2025-02-03,P1001,MarketLeaderCo,83.8,True
2025-02-10,P1001,MarketLeaderCo,79.86,True
2025-02-17,P1001,MarketLeaderCo,79.47,True
2025-02-24,P1001,MarketLeaderCo,81.11,True
2025-03-03,P1001,MarketLeaderCo,80.35,True
2025-03-10,P1001,MarketLeaderCo,84.29,True
2025-03-17,P1001,MarketLeaderCo,79.03,True
2025-03-24,P1001,MarketLeaderCo,81.64,True
2025-03-31,P1001,MarketLeaderCo,87.7,True
2025-04-07,P1001,MarketLeaderCo,82.49,True
2025-04-14,P1001,MarketLeaderCo,82.89,True
2025-04-21,P1001,MarketLeaderCo,84.31,True
2025-04-28,P1001,MarketLeaderCo,80.34,True
2025-05-05,P1001,MarketLeaderCo,78.83,True
2025-05-12,P1001,MarketLeaderCo,81.91,True
2025-05-19,P1001,MarketLeaderCo,82.12,True
2025-05-26,P1001,MarketLeaderCo,77.52,True
2025-06-02,P1001,MarketLeaderCo,82.39,True
2025-06-09,P1001,MarketLeaderCo,84.09,True
2025-06-16,P1001,MarketLeaderCo,79.24,True
2025-06-23,P1001,MarketLeaderCo,82.54,True
2025-06-30,P1001,MarketLeaderCo,83.66,True
2025-07-07,P1001,MarketLeaderCo,82.91,True
2025-07-14,P1001,MarketLeaderCo,83.14,True
2025-07-21,P1001,MarketLeaderCo,80.88,True
2025-07-28,P1001,MarketLeaderCo,78.72,True
2025-08-04,P1001,MarketLeaderCo,80.38,True
2025-08-11,P1001,MarketLeaderCo,80.04,True
2025-08-18,P1001,MarketLeaderCo,81.28,False
2025-08-25,P1001,MarketLeaderCo,84.15,True
2025-09-01,P1001,MarketLeaderCo,78.27,True
2025-09-08,P1001,MarketLeaderCo,81.83,True
2025-09-15,P1001,MarketLeaderCo,78.88,True
2025-09-22,P1001,MarketLeaderCo,79.67,True
2025-09-29,P1001,MarketLeaderCo,82.84,True
2025-10-06,P1001,MarketLeaderCo,78.57,True
2025-10-13,P1001,MarketLeaderCo,83.27,True
2025-10-20,P1001,MarketLeaderCo,78.17,True
2025-10-27,P1001,MarketLeaderCo,83.11,True
2025-11-03,P1001,MarketLeaderCo,77.69,True
2025-11-10,P1001,MarketLeaderCo,79.97,False
2025-11-17,P1001,MarketLeaderCo,86.11,True
2025-11-24,P1001,MarketLeaderCo,85.65,True
2025-12-01,P1001,MarketLeaderCo,80.47,True
2025-12-08,P1001,MarketLeaderCo,82.43,True
2025-12-15,P1001,MarketLeaderCo,84.42,True
2025-12-22,P1001,MarketLeaderCo,83.14,True
2025-12-29,P1001,MarketLeaderCo,80.81,True
2024-07-08,P1002,CompetitorX,36.5,True
2024-07-15,P1002,CompetitorX,34.23,True
2024-07-22,P1002,CompetitorX,33.89,True
2024-07-29,P1002,CompetitorX,37.32,True
2024-08-05,P1002,CompetitorX,34.1,True
2024-08-12,P1002,CompetitorX,34.33,True
2024-08-19,P1002,CompetitorX,34.54,True
2024-08-26,P1002,CompetitorX,37.86,True
2024-09-02,P1002,CompetitorX,36.16,True
2024-09-09,P1002,CompetitorX,36.66,False
2024-09-16,P1002,CompetitorX,35.84,True
2024-09-23,P1002,CompetitorX,34.99,True
2024-09-30,P1002,CompetitorX,36.31,True
2024-10-07,P1002,CompetitorX,33.97,True
2024-10-14,P1002,CompetitorX,34.46,True
2024-10-21,P1002,CompetitorX,36.42,True
2024-10-28,P1002,CompetitorX,34.18,False
2024-11-04,P1002,CompetitorX,35.43,True
2024-11-11,P1002,CompetitorX,35.48,True
2024-11-18,P1002,CompetitorX,35.07,True
2024-11-25,P1002,CompetitorX,33.55,True
2024-12-02,P1002,CompetitorX,34.96,True
2024-12-09,P1002,CompetitorX,34.75,True
2024-12-16,P1002,CompetitorX,35.81,True
2024-12-23,P1002,CompetitorX,35.75,True
2024-12-30,P1002,CompetitorX,36.04,True
2025-01-06,P1002,CompetitorX,34.91,True
2025-01-13,P1002,CompetitorX,36.19,True
2025-01-20,P1002,CompetitorX,33.97,True
2025-01-27,P1002,CompetitorX,33.69,True
2025-02-03,P1002,CompetitorX,33.14,False
2025-02-10,P1002,CompetitorX,35.1,True
2025-02-17,P1002,CompetitorX,34.83,True
2025-02-24,P1002,CompetitorX,36.48,True
2025-03-03,P1002,CompetitorX,34.94,True
2025-03-10,P1002,CompetitorX,35.92,False
2025-03-17,P1002,CompetitorX,36.5,True
2025-03-24,P1002,CompetitorX,34.9,True
2025-03-31,P1002,CompetitorX,35.95,True
2025-04-07,P1002,CompetitorX,36.7,True
2025-04-14,P1002,CompetitorX,34.31,True
2025-04-21,P1002,CompetitorX,35.66,True
2025-04-28,P1002,CompetitorX,34.9,True
2025-05-05,P1002,CompetitorX,34.38,True
2025-05-12,P1002,CompetitorX,33.99,True
2025-05-19,P1002,CompetitorX,34.36,True
2025-05-26,P1002,CompetitorX,35.7,True
2025-06-02,P1002,CompetitorX,33.91,True
2025-06-09,P1002,CompetitorX,35.04,True
2025-06-16,P1002,CompetitorX,36.5,True
2025-06-23,P1002,CompetitorX,36.11,True
2025-06-30,P1002,CompetitorX,35.07,True
2025-07-07,P1002,CompetitorX,37.44,True
2025-07-14,P1002,CompetitorX,37.66,True
2025-07-21,P1002,CompetitorX,35.66,True
2025-07-28,P1002,CompetitorX,32.99,True
2025-08-04,P1002,CompetitorX,36.58,True
2025-08-11,P1002,CompetitorX,33.18,True
2025-08-18,P1002,CompetitorX,37.21,True
2025-08-25,P1002,CompetitorX,36.79,True
2025-09-01,P1002,CompetitorX,37.53,True
2025-09-08,P1002,CompetitorX,35.91,False
2025-09-15,P1002,CompetitorX,35.25,True
2025-09-22,P1002,CompetitorX,35.15,True
2025-09-29,P1002,CompetitorX,35.05,True
2025-10-06,P1002,CompetitorX,36.68,True
2025-10-13,P1002,CompetitorX,36.39,True
2025-10-20,P1002,CompetitorX,35.76,True
2025-10-27,P1002,CompetitorX,34.86,True
2025-11-03,P1002,CompetitorX,38.44,True
2025-11-10,P1002,CompetitorX,36.61,True
2025-11-17,P1002,CompetitorX,33.92,True
2025-11-24,P1002,CompetitorX,35.08,True
2025-12-01,P1002,CompetitorX,36.63,True
2025-12-08,P1002,CompetitorX,34.78,True
2025-12-15,P1002,CompetitorX,36.01,True
2025-12-22,P1002,CompetitorX,36.65,True
2025-12-29,P1002,CompetitorX,32.01,True
2024-07-08,P1002,CompetitorY,30.95,True
2024-07-15,P1002,CompetitorY,29.83,True
2024-07-22,P1002,CompetitorY,31.39,True
2024-07-29,P1002,CompetitorY,30.3,True
2024-08-05,P1002,CompetitorY,29.2,True
2024-08-12,P1002,CompetitorY,31.88,True
2024-08-19,P1002,CompetitorY,31.78,True
2024-08-26,P1002,CompetitorY,28.87,True
2024-09-02,P1002,CompetitorY,30.21,True
2024-09-09,P1002,CompetitorY,30.17,True
2024-09-16,P1002,CompetitorY,32.24,True
2024-09-23,P1002,CompetitorY,30.63,True
2024-09-30,P1002,CompetitorY,29.35,True
2024-10-07,P1002,CompetitorY,31.54,True
2024-10-14,P1002,CompetitorY,29.59,True
2024-10-21,P1002,CompetitorY,30.48,True
2024-10-28,P1002,CompetitorY,30.01,True
2024-11-04,P1002,CompetitorY,30.21,False
2024-11-11,P1002,CompetitorY,31.59,True
2024-11-18,P1002,CompetitorY,32.13,True
2024-11-25,P1002,CompetitorY,29.55,True
2024-12-02,P1002,CompetitorY,31.3,True
2024-12-09,P1002,CompetitorY,30.05,True
2024-12-16,P1002,CompetitorY,30.08,True
2024-12-23,P1002,CompetitorY,31.18,True
2024-12-30,P1002,CompetitorY,29.78,True
2025-01-06,P1002,CompetitorY,31.16,True
2025-01-13,P1002,CompetitorY,31.4,True
2025-01-20,P1002,CompetitorY,30.33,True
2025-01-27,P1002,CompetitorY,31.95,True
2025-02-03,P1002,CompetitorY,29.55,True
2025-02-10,P1002,CompetitorY,31.96,True
2025-02-17,P1002,CompetitorY,28.93,True
2025-02-24,P1002,CompetitorY,33.21,True
2025-03-03,P1002,CompetitorY,30.35,True
2025-03-10,P1002,CompetitorY,29.65,True
2025-03-17,P1002,CompetitorY,30.51,True
2025-03-24,P1002,CompetitorY,29.76,True
2025-03-31,P1002,CompetitorY,31.08,True
2025-04-07,P1002,CompetitorY,31.99,True
2025-04-14,P1002,CompetitorY,29.81,True
2025-04-21,P1002,CompetitorY,31.26,True
2025-04-28,P1002,CompetitorY,29.31,True
2025-05-05,P1002,CompetitorY,31.68,True
2025-05-12,P1002,CompetitorY,31.11,True
2025-05-19,P1002,CompetitorY,31.72,True
2025-05-26,P1002,CompetitorY,30.61,True
2025-06-02,P1002,CompetitorY,30.32,False
2025-06-09,P1002,CompetitorY,31.48,True
2025-06-16,P1002,CompetitorY,29.52,True
2025-06-23,P1002,CompetitorY,29.12,True
2025-06-30,P1002,CompetitorY,30.72,True
2025-07-07,P1002,CompetitorY,30.37,True
2025-07-14,P1002,CompetitorY,31.23,True
2025-07-21,P1002,CompetitorY,31.73,True
2025-07-28,P1002,CompetitorY,31.22,True
2025-08-04,P1002,CompetitorY,31.66,True
2025-08-11,P1002,CompetitorY,31.02,True
2025-08-18,P1002,CompetitorY,31.18,True
2025-08-25,P1002,CompetitorY,30.62,True
2025-09-01,P1002,CompetitorY,31.15,True
2025-09-08,P1002,CompetitorY,30.88,True
2025-09-15,P1002,CompetitorY,31.02,True
2025-09-22,P1002,CompetitorY,30.57,True
2025-09-29,P1002,CompetitorY,31.47,True
2025-10-06,P1002,CompetitorY,30.07,True
2025-10-13,P1002,CompetitorY,30.71,True
2025-10-20,P1002,CompetitorY,31.93,True
2025-10-27,P1002,CompetitorY,29.85,True
2025-11-03,P1002,CompetitorY,28.73,True
2025-11-10,P1002,CompetitorY,31.06,True
2025-11-17,P1002,CompetitorY,30.49,True
2025-11-24,P1002,CompetitorY,31.66,True
2025-12-01,P1002,CompetitorY,30.6,True
2025-12-08,P1002,CompetitorY,30.17,True
2025-12-15,P1002,CompetitorY,30.65,True
2025-12-22,P1002,CompetitorY,31.73,True
2025-12-29,P1002,CompetitorY,31.25,True
2024-07-08,P1002,CompetitorZ,29.58,True
2024-07-15,P1002,CompetitorZ,29.09,True
2024-07-22,P1002,CompetitorZ,28.89,True
2024-07-29,P1002,CompetitorZ,27.55,True
2024-08-05,P1002,CompetitorZ,28.61,True
2024-08-12,P1002,CompetitorZ,27.99,True
2024-08-19,P1002,CompetitorZ,30.68,True
2024-08-26,P1002,CompetitorZ,29.74,False
2024-09-02,P1002,CompetitorZ,29.46,True
2024-09-09,P1002,CompetitorZ,28.93,True
2024-09-16,P1002,CompetitorZ,29.6,False
2024-09-23,P1002,CompetitorZ,28.82,True
2024-09-30,P1002,CompetitorZ,29.72,True
2024-10-07,P1002,CompetitorZ,29.79,True
2024-10-14,P1002,CompetitorZ,28.8,True
2024-10-21,P1002,CompetitorZ,28.79,True
2024-10-28,P1002,CompetitorZ,30.42,True
2024-11-04,P1002,CompetitorZ,29.52,True
2024-11-11,P1002,CompetitorZ,28.88,True
2024-11-18,P1002,CompetitorZ,29.24,True
2024-11-25,P1002,CompetitorZ,28.67,True
2024-12-02,P1002,CompetitorZ,29.51,True
2024-12-09,P1002,CompetitorZ,30.31,True
2024-12-16,P1002,CompetitorZ,29.54,True
2024-12-23,P1002,CompetitorZ,31.67,True
2024-12-30,P1002,CompetitorZ,29.94,True
2025-01-06,P1002,CompetitorZ,29.77,True
2025-01-13,P1002,CompetitorZ,28.76,True
2025-01-20,P1002,CompetitorZ,29.36,True
2025-01-27,P1002,CompetitorZ,28.88,True
2025-02-03,P1002,CompetitorZ,27.65,False
2025-02-10,P1002,CompetitorZ,30.43,True
2025-02-17,P1002,CompetitorZ,29.11,False
2025-02-24,P1002,CompetitorZ,28.89,True
2025-03-03,P1002,CompetitorZ,29.76,True
2025-03-10,P1002,CompetitorZ,30.02,True
2025-03-17,P1002,CompetitorZ,29.28,True
2025-03-24,P1002,CompetitorZ,29.57,True
2025-03-31,P1002,CompetitorZ,30.23,True
2025-04-07,P1002,CompetitorZ,29.25,True
2025-04-14,P1002,CompetitorZ,29.84,True
2025-04-21,P1002,CompetitorZ,28.1,True
2025-04-28,P1002,CompetitorZ,28.47,True
2025-05-05,P1002,CompetitorZ,30.11,True
2025-05-12,P1002,CompetitorZ,28.42,True
2025-05-19,P1002,CompetitorZ,29.78,True
2025-05-26,P1002,CompetitorZ,29.44,True
2025-06-02,P1002,CompetitorZ,29.25,True
2025-06-09,P1002,CompetitorZ,28.83,True
2025-06-16,P1002,CompetitorZ,30.38,True
2025-06-23,P1002,CompetitorZ,31.1,True
2025-06-30,P1002,CompetitorZ,29.83,True
2025-07-07,P1002,CompetitorZ,29.85,True
2025-07-14,P1002,CompetitorZ,28.96,True
2025-07-21,P1002,CompetitorZ,28.51,True
2025-07-28,P1002,CompetitorZ,29.53,True
2025-08-04,P1002,CompetitorZ,28.7,True
2025-08-11,P1002,CompetitorZ,28.0,True
2025-08-18,P1002,CompetitorZ,30.28,True
2025-08-25,P1002,CompetitorZ,30.32,True
2025-09-01,P1002,CompetitorZ,28.81,True
2025-09-08,P1002,CompetitorZ,29.79,True
2025-09-15,P1002,CompetitorZ,30.46,True
2025-09-22,P1002,CompetitorZ,29.75,True
2025-09-29,P1002,CompetitorZ,28.51,True
2025-10-06,P1002,CompetitorZ,29.36,True
2025-10-13,P1002,CompetitorZ,30.75,True
2025-10-20,P1002,CompetitorZ,29.79,True
2025-10-27,P1002,CompetitorZ,30.05,True
2025-11-03,P1002,CompetitorZ,29.87,True
2025-11-10,P1002,CompetitorZ,28.81,True
2025-11-17,P1002,CompetitorZ,29.02,True
2025-11-24,P1002,CompetitorZ,29.87,True
2025-12-01,P1002,CompetitorZ,30.29,True
2025-12-08,P1002,CompetitorZ,30.54,True
2025-12-15,P1002,CompetitorZ,28.81,True
2025-12-22,P1002,CompetitorZ,29.95,True
2025-12-29,P1002,CompetitorZ,30.62,True
2024-06-24,P1003,CompetitorZ,268.58,True
2024-07-01,P1003,CompetitorZ,245.69,False
2024-07-08,P1003,CompetitorZ,272.61,False
2024-07-15,P1003,CompetitorZ,263.81,True
2024-07-22,P1003,CompetitorZ,265.62,True
2024-07-29,P1003,CompetitorZ,265.68,True
2024-08-05,P1003,CompetitorZ,269.27,True
2024-08-12,P1003,CompetitorZ,272.02,True
2024-08-19,P1003,CompetitorZ,268.17,True
2024-08-26,P1003,CompetitorZ,266.91,True
2024-09-02,P1003,CompetitorZ,264.99,True
2024-09-09,P1003,CompetitorZ,236.7,True
2024-09-16,P1003,CompetitorZ,260.89,True
2024-09-23,P1003,CompetitorZ,255.72,True
2024-09-30,P1003,CompetitorZ,272.72,True
2024-10-07,P1003,CompetitorZ,268.05,True
2024-10-14,P1003,CompetitorZ,259.54,True
2024-10-21,P1003,CompetitorZ,260.33,True
2024-10-28,P1003,CompetitorZ,260.05,True
2024-11-04,P1003,CompetitorZ,259.91,True
2024-11-11,P1003,CompetitorZ,251.75,True
2024-11-18,P1003,CompetitorZ,250.04,True
2024-11-25,P1003,CompetitorZ,263.39,True
2024-12-02,P1003,CompetitorZ,271.65,True
2024-12-09,P1003,CompetitorZ,258.91,True
2024-12-16,P1003,CompetitorZ,265.55,True
2024-12-23,P1003,CompetitorZ,268.95,True
2024-12-30,P1003,CompetitorZ,255.32,True
2025-01-06,P1003,CompetitorZ,263.0,True
2025-01-13,P1003,CompetitorZ,257.9,True
2025-01-20,P1003,CompetitorZ,275.84,True
2025-01-27,P1003,CompetitorZ,275.49,True
2025-02-03,P1003,CompetitorZ,255.32,True
2025-02-10,P1003,CompetitorZ,266.2,True
2025-02-17,P1003,CompetitorZ,271.59,True
2025-02-24,P1003,CompetitorZ,269.86,True
2025-03-03,P1003,CompetitorZ,263.8,True
2025-03-10,P1003,CompetitorZ,273.47,True
2025-03-17,P1003,CompetitorZ,256.02,True
2025-03-24,P1003,CompetitorZ,260.77,True
2025-03-31,P1003,CompetitorZ,256.23,True
2025-04-07,P1003,CompetitorZ,269.34,True
2025-04-14,P1003,CompetitorZ,258.56,True
2025-04-21,P1003,CompetitorZ,261.81,True
2025-04-28,P1003,CompetitorZ,268.03,True
2025-05-05,P1003,CompetitorZ,268.67,True
2025-05-12,P1003,CompetitorZ,256.0,True
2025-05-19,P1003,CompetitorZ,271.5,True
2025-05-26,P1003,CompetitorZ,266.76,True
2025-06-02,P1003,CompetitorZ,254.62,True
2025-06-09,P1003,CompetitorZ,252.68,True
2025-06-16,P1003,CompetitorZ,263.03,True
2025-06-23,P1003,CompetitorZ,269.87,True
2025-06-30,P1003,CompetitorZ,270.07,True
2025-07-07,P1003,CompetitorZ,265.97,True
2025-07-14,P1003,CompetitorZ,263.54,True
2025-07-21,P1003,CompetitorZ,267.2,True
2025-07-28,P1003,CompetitorZ,256.41,True
2025-08-04,P1003,CompetitorZ,276.48,True
2025-08-11,P1003,CompetitorZ,276.37,True
2025-08-18,P1003,CompetitorZ,266.54,True
2025-08-25,P1003,CompetitorZ,264.72,True
2025-09-01,P1003,CompetitorZ,259.91,False
2025-09-08,P1003,CompetitorZ,267.33,True
2025-09-15,P1003,CompetitorZ,257.7,True
2025-09-22,P1003,CompetitorZ,245.6,True
2025-09-29,P1003,CompetitorZ,241.73,True
2025-10-06,P1003,CompetitorZ,256.85,True
2025-10-13,P1003,CompetitorZ,264.39,True
2025-10-20,P1003,CompetitorZ,265.78,True
2025-10-27,P1003,CompetitorZ,259.32,True
2025-11-03,P1003,CompetitorZ,264.28,True
2025-11-10,P1003,CompetitorZ,260.99,True
2025-11-17,P1003,CompetitorZ,255.27,True
2025-11-24,P1003,CompetitorZ,262.73,True
2025-12-01,P1003,CompetitorZ,269.58,True
2025-12-08,P1003,CompetitorZ,255.63,True
2025-12-15,P1003,CompetitorZ,255.63,True
2025-12-22,P1003,CompetitorZ,254.72,True
2025-12-29,P1003,CompetitorZ,247.87,False
2024-06-24,P1003,MarketLeaderCo,268.02,True
2024-07-01,P1003,MarketLeaderCo,269.94,True
2024-07-08,P1003,MarketLeaderCo,282.58,True
2024-07-15,P1003,MarketLeaderCo,290.63,True
2024-07-22,P1003,MarketLeaderCo,263.13,True
2024-07-29,P1003,MarketLeaderCo,264.92,True
2024-08-05,P1003,MarketLeaderCo,272.53,True
2024-08-12,P1003,MarketLeaderCo,274.83,True
2024-08-19,P1003,MarketLeaderCo,280.39,True
2024-08-26,P1003,MarketLeaderCo,266.6,True
2024-09-02,P1003,MarketLeaderCo,265.19,True
2024-09-09,P1003,MarketLeaderCo,275.06,True
2024-09-16,P1003,MarketLeaderCo,271.8,True
2024-09-23,P1003,MarketLeaderCo,281.54,True
2024-09-30,P1003,MarketLeaderCo,277.93,True
2024-10-07,P1003,MarketLeaderCo,278.49,True
2024-10-14,P1003,MarketLeaderCo,273.06,True
2024-10-21,P1003,MarketLeaderCo,293.28,True
2024-10-28,P1003,MarketLeaderCo,267.04,True
2024-11-04,P1003,MarketLeaderCo,278.94,True
2024-11-11,P1003,MarketLeaderCo,263.49,True
2024-11-18,P1003,MarketLeaderCo,265.1,True
2024-11-25,P1003,MarketLeaderCo,268.93,True
2024-12-02,P1003,MarketLeaderCo,287.31,True
2024-12-09,P1003,MarketLeaderCo,276.09,True
2024-12-16,P1003,MarketLeaderCo,269.07,True
2024-12-23,P1003,MarketLeaderCo,277.0,True
2024-12-30,P1003,MarketLeaderCo,274.21,True
2025-01-06,P1003,MarketLeaderCo,269.88,True
2025-01-13,P1003,MarketLeaderCo,262.44,True
2025-01-20,P1003,MarketLeaderCo,285.74,True
2025-01-27,P1003,MarketLeaderCo,275.65,True
2025-02-03,P1003,MarketLeaderCo,291.78,True
2025-02-10,P1003,MarketLeaderCo,281.65,True
2025-02-17,P1003,MarketLeaderCo,278.45,True
2025-02-24,P1003,MarketLeaderCo,270.35,True
2025-03-03,P1003,MarketLeaderCo,264.92,True
2025-03-10,P1003,MarketLeaderCo,272.13,True
2025-03-17,P1003,MarketLeaderCo,264.68,True
2025-03-24,P1003,MarketLeaderCo,279.26,True
2025-03-31,P1003,MarketLeaderCo,287.34,True
2025-04-07,P1003,MarketLeaderCo,271.78,True
2025-04-14,P1003,MarketLeaderCo,281.68,True
2025-04-21,P1003,MarketLeaderCo,268.26,True
2025-04-28,P1003,MarketLeaderCo,271.44,True
2025-05-05,P1003,MarketLeaderCo,267.22,True
2025-05-12,P1003,MarketLeaderCo,256.39,True
2025-05-19,P1003,MarketLeaderCo,273.62,True
2025-05-26,P1003,MarketLeaderCo,274.98,True
2025-06-02,P1003,MarketLeaderCo,282.68,True
2025-06-09,P1003,MarketLeaderCo,280.46,True
2025-06-16,P1003,MarketLeaderCo,280.57,True
2025-06-23,P1003,MarketLeaderCo,265.92,True
2025-06-30,P1003,MarketLeaderCo,277.7,True
2025-07-07,P1003,MarketLeaderCo,286.93,True
2025-07-14,P1003,MarketLeaderCo,277.04,True
2025-07-21,P1003,MarketLeaderCo,288.95,True
2025-07-28,P1003,MarketLeaderCo,290.51,True
2025-08-04,P1003,MarketLeaderCo,271.72,True
2025-08-11,P1003,MarketLeaderCo,268.19,True
2025-08-18,P1003,MarketLeaderCo,267.66,True
2025-08-25,P1003,MarketLeaderCo,261.46,True
2025-09-01,P1003,MarketLeaderCo,269.66,True
2025-09-08,P1003,MarketLeaderCo,283.85,True
2025-09-15,P1003,MarketLeaderCo,255.81,True
2025-09-22,P1003,MarketLeaderCo,265.4,True
2025-09-29,P1003,MarketLeaderCo,272.88,True
2025-10-06,P1003,MarketLeaderCo,266.71,True
2025-10-13,P1003,MarketLeaderCo,269.59,True
2025-10-20,P1003,MarketLeaderCo,269.71,True
2025-10-27,P1003,MarketLeaderCo,271.81,True
2025-11-03,P1003,MarketLeaderCo,267.93,True
2025-11-10,P1003,MarketLeaderCo,267.26,True
2025-11-17,P1003,MarketLeaderCo,281.6,False
2025-11-24,P1003,MarketLeaderCo,282.55,True
2025-12-01,P1003,MarketLeaderCo,262.58,True
2025-12-08,P1003,MarketLeaderCo,251.24,True
2025-12-15,P1003,MarketLeaderCo,282.66,True
2025-12-22,P1003,MarketLeaderCo,263.82,True
2025-12-29,P1003,MarketLeaderCo,275.67,True
2024-06-24,P1003,CompetitorY,264.16,True
2024-07-01,P1003,CompetitorY,255.95,True
2024-07-08,P1003,CompetitorY,258.26,True
2024-07-15,P1003,CompetitorY,248.12,True
2024-07-22,P1003,CompetitorY,254.75,True
2024-07-29,P1003,CompetitorY,258.75,True
2024-08-05,P1003,CompetitorY,268.55,True
2024-08-12,P1003,CompetitorY,251.9,True
2024-08-19,P1003,CompetitorY,253.79,True
2024-08-26,P1003,CompetitorY,265.36,True
2024-09-02,P1003,CompetitorY,251.4,True
2024-09-09,P1003,CompetitorY,266.9,True
2024-09-16,P1003,CompetitorY,257.98,True
2024-09-23,P1003,CompetitorY,260.4,True
2024-09-30,P1003,CompetitorY,260.9,True
2024-10-07,P1003,CompetitorY,253.28,True
2024-10-14,P1003,CompetitorY,261.07,False
2024-10-21,P1003,CompetitorY,252.07,True
2024-10-28,P1003,CompetitorY,254.17,True
2024-11-04,P1003,CompetitorY,262.38,True
2024-11-11,P1003,CompetitorY,260.32,True
2024-11-18,P1003,CompetitorY,257.47,True
2024-11-25,P1003,CompetitorY,248.31,True
2024-12-02,P1003,CompetitorY,250.24,True
2024-12-09,P1003,CompetitorY,260.2,True
2024-12-16,P1003,CompetitorY,263.72,True
2024-12-23,P1003,CompetitorY,249.46,True
2024-12-30,P1003,CompetitorY,251.55,True
2025-01-06,P1003,CompetitorY,259.09,True
2025-01-13,P1003,CompetitorY,258.93,True
2025-01-20,P1003,CompetitorY,245.48,True
2025-01-27,P1003,CompetitorY,259.3,True
2025-02-03,P1003,CompetitorY,253.42,True
2025-02-10,P1003,CompetitorY,270.76,True
2025-02-17,P1003,CompetitorY,259.98,True
2025-02-24,P1003,CompetitorY,261.32,True
2025-03-03,P1003,CompetitorY,261.52,True
2025-03-10,P1003,CompetitorY,248.66,True
2025-03-17,P1003,CompetitorY,273.1,True
2025-03-24,P1003,CompetitorY,245.49,True
2025-03-31,P1003,CompetitorY,264.21,True
2025-04-07,P1003,CompetitorY,262.84,True
2025-04-14,P1003,CompetitorY,254.36,True
2025-04-21,P1003,CompetitorY,263.21,True
2025-04-28,P1003,CompetitorY,255.59,True
2025-05-05,P1003,CompetitorY,252.82,True
2025-05-12,P1003,CompetitorY,261.69,True
2025-05-19,P1003,CompetitorY,250.26,True
2025-05-26,P1003,CompetitorY,256.32,True
2025-06-02,P1003,CompetitorY,253.45,True
2025-06-09,P1003,CompetitorY,255.45,True
2025-06-16,P1003,CompetitorY,261.4,True
2025-06-23,P1003,CompetitorY,253.45,True
2025-06-30,P1003,CompetitorY,256.56,True
2025-07-07,P1003,CompetitorY,254.16,True
2025-07-14,P1003,CompetitorY,269.23,True
2025-07-21,P1003,CompetitorY,260.71,True
2025-07-28,P1003,CompetitorY,259.76,True
2025-08-04,P1003,CompetitorY,263.34,True
2025-08-11,P1003,CompetitorY,253.45,True
2025-08-18,P1003,CompetitorY,264.71,True
2025-08-25,P1003,CompetitorY,260.73,True
2025-09-01,P1003,CompetitorY,245.97,True
2025-09-08,P1003,CompetitorY,247.0,True
2025-09-15,P1003,CompetitorY,253.62,True
2025-09-22,P1003,CompetitorY,247.83,True
2025-09-29,P1003,CompetitorY,256.21,True
2025-10-06,P1003,CompetitorY,250.21,True
2025-10-13,P1003,CompetitorY,257.3,True
2025-10-20,P1003,CompetitorY,268.98,True
2025-10-27,P1003,CompetitorY,257.67,True
2025-11-03,P1003,CompetitorY,255.71,True
2025-11-10,P1003,CompetitorY,261.06,True
2025-11-17,P1003,CompetitorY,252.66,True
2025-11-24,P1003,CompetitorY,264.58,True
2025-12-01,P1003,CompetitorY,261.89,True
2025-12-08,P1003,CompetitorY,258.35,True
2025-12-15,P1003,CompetitorY,259.25,True
2025-12-22,P1003,CompetitorY,273.86,True
2025-12-29,P1003,CompetitorY,265.35,True
2024-04-22,P1004,CompetitorY,230.3,True
2024-04-29,P1004,CompetitorY,250.59,True
2024-05-06,P1004,CompetitorY,233.1,True
2024-05-13,P1004,CompetitorY,233.8,True
2024-05-20,P1004,CompetitorY,234.95,True
2024-05-27,P1004,CompetitorY,234.25,True
2024-06-03,P1004,CompetitorY,236.4,True
2024-06-10,P1004,CompetitorY,231.69,True
2024-06-17,P1004,CompetitorY,241.67,True
2024-06-24,P1004,CompetitorY,231.88,True
2024-07-01,P1004,CompetitorY,240.43,True
2024-07-08,P1004,CompetitorY,246.6,True
2024-07-15,P1004,CompetitorY,233.27,True
2024-07-22,P1004,CompetitorY,241.41,True
2024-07-29,P1004,CompetitorY,239.75,True
2024-08-05,P1004,CompetitorY,251.73,True
2024-08-12,P1004,CompetitorY,232.22,True
2024-08-19,P1004,CompetitorY,241.42,True
2024-08-26,P1004,CompetitorY,224.29,True
2024-09-02,P1004,CompetitorY,232.29,True
2024-09-09,P1004,CompetitorY,238.29,True
2024-09-16,P1004,CompetitorY,245.65,True
2024-09-23,P1004,CompetitorY,227.12,True
2024-09-30,P1004,CompetitorY,241.35,True
2024-10-07,P1004,CompetitorY,235.35,True
2024-10-14,P1004,CompetitorY,225.03,False
2024-10-21,P1004,CompetitorY,237.08,True
2024-10-28,P1004,CompetitorY,247.88,True
2024-11-04,P1004,CompetitorY,227.87,True
2024-11-11,P1004,CompetitorY,235.02,True
2024-11-18,P1004,CompetitorY,228.82,True
2024-11-25,P1004,CompetitorY,232.48,True
2024-12-02,P1004,CompetitorY,245.93,True
2024-12-09,P1004,CompetitorY,233.87,True
2024-12-16,P1004,CompetitorY,245.71,True
2024-12-23,P1004,CompetitorY,243.64,True
2024-12-30,P1004,CompetitorY,233.23,False
2025-01-06,P1004,CompetitorY,232.24,True
2025-01-13,P1004,CompetitorY,229.46,True
2025-01-20,P1004,CompetitorY,229.21,True
2025-01-27,P1004,CompetitorY,238.29,True
2025-02-03,P1004,CompetitorY,235.65,True
2025-02-10,P1004,CompetitorY,231.38,True
2025-02-17,P1004,CompetitorY,224.84,True
2025-02-24,P1004,CompetitorY,236.55,True
2025-03-03,P1004,CompetitorY,232.47,True
2025-03-10,P1004,CompetitorY,234.41,True
2025-03-17,P1004,CompetitorY,237.95,True
2025-03-24,P1004,CompetitorY,218.1,True
2025-03-31,P1004,CompetitorY,224.95,False
2025-04-07,P1004,CompetitorY,252.04,True
2025-04-14,P1004,CompetitorY,232.21,True
2025-04-21,P1004,CompetitorY,217.99,True
2025-04-28,P1004,CompetitorY,225.54,True
2025-05-05,P1004,CompetitorY,253.37,True
2025-05-12,P1004,CompetitorY,230.82,True
2025-05-19,P1004,CompetitorY,243.99,True
2025-05-26,P1004,CompetitorY,236.65,True
2025-06-02,P1004,CompetitorY,232.36,True
2025-06-09,P1004,CompetitorY,241.28,True
2025-06-16,P1004,CompetitorY,218.93,True
2025-06-23,P1004,CompetitorY,225.6,True
2025-06-30,P1004,CompetitorY,232.31,True
2025-07-07,P1004,CompetitorY,226.29,True
2025-07-14,P1004,CompetitorY,231.69,True
2025-07-21,P1004,CompetitorY,241.83,True
2025-07-28,P1004,CompetitorY,236.73,True
2025-08-04,P1004,CompetitorY,245.21,True
2025-08-11,P1004,CompetitorY,237.18,True
2025-08-18,P1004,CompetitorY,242.81,True
2025-08-25,P1004,CompetitorY,235.34,True
2025-09-01,P1004,CompetitorY,231.62,True
2025-09-08,P1004,CompetitorY,246.27,True
2025-09-15,P1004,CompetitorY,230.78,True
2025-09-22,P1004,CompetitorY,238.23,True
2025-09-29,P1004,CompetitorY,241.23,True
2025-10-06,P1004,CompetitorY,241.75,True
2025-10-13,P1004,CompetitorY,227.55,True
2025-10-20,P1004,CompetitorY,243.24,True
2025-10-27,P1004,CompetitorY,228.87,True
2025-11-03,P1004,CompetitorY,241.53,True
2025-11-10,P1004,CompetitorY,239.58,True
2025-11-17,P1004,CompetitorY,241.59,True
2025-11-24,P1004,CompetitorY,227.27,True
2025-12-01,P1004,CompetitorY,239.95,True
2025-12-08,P1004,CompetitorY,243.47,True
2025-12-15,P1004,CompetitorY,237.16,True
2025-12-22,P1004,CompetitorY,230.0,True
2025-12-29,P1004,CompetitorY,242.3,True
2024-04-22,P1004,CompetitorX,228.34,True
2024-04-29,P1004,CompetitorX,235.31,False
2024-05-06,P1004,CompetitorX,222.02,True
2024-05-13,P1004,CompetitorX,239.73,True
2024-05-20,P1004,CompetitorX,220.29,True
2024-05-27,P1004,CompetitorX,233.09,True
2024-06-03,P1004,CompetitorX,229.65,True
2024-06-10,P1004,CompetitorX,227.95,True
2024-06-17,P1004,CompetitorX,244.95,True
2024-06-24,P1004,CompetitorX,225.51,True
2024-07-01,P1004,CompetitorX,225.4,True
2024-07-08,P1004,CompetitorX,236.66,True
2024-07-15,P1004,CompetitorX,232.77,True
2024-07-22,P1004,CompetitorX,236.32,True
2024-07-29,P1004,CompetitorX,228.36,True
2024-08-05,P1004,CompetitorX,229.73,True
2024-08-12,P1004,CompetitorX,240.54,True
2024-08-19,P1004,CompetitorX,221.86,True
2024-08-26,P1004,CompetitorX,226.86,True
2024-09-02,P1004,CompetitorX,233.02,True
2024-09-09,P1004,CompetitorX,226.23,True
2024-09-16,P1004,CompetitorX,223.67,True
2024-09-23,P1004,CompetitorX,231.79,True
2024-09-30,P1004,CompetitorX,236.69,True
2024-10-07,P1004,CompetitorX,226.61,True
2024-10-14,P1004,CompetitorX,226.42,False
2024-10-21,P1004,CompetitorX,223.14,True
2024-10-28,P1004,CompetitorX,225.55,True
2024-11-04,P1004,CompetitorX,234.96,True
2024-11-11,P1004,CompetitorX,228.12,True
2024-11-18,P1004,CompetitorX,222.07,True
2024-11-25,P1004,CompetitorX,229.36,True
2024-12-02,P1004,CompetitorX,234.74,True
2024-12-09,P1004,CompetitorX,223.73,True
2024-12-16,P1004,CompetitorX,218.5,True
2024-12-23,P1004,CompetitorX,242.52,True
2024-12-30,P1004,CompetitorX,218.16,True
2025-01-06,P1004,CompetitorX,225.12,True
2025-01-13,P1004,CompetitorX,229.15,True
2025-01-20,P1004,CompetitorX,225.71,True
2025-01-27,P1004,CompetitorX,227.06,True
2025-02-03,P1004,CompetitorX,231.5,True
2025-02-10,P1004,CompetitorX,211.24,True
2025-02-17,P1004,CompetitorX,218.92,True
2025-02-24,P1004,CompetitorX,227.87,True
2025-03-03,P1004,CompetitorX,224.81,True
2025-03-10,P1004,CompetitorX,228.45,True
2025-03-17,P1004,CompetitorX,229.12,True
2025-03-24,P1004,CompetitorX,213.12,True
2025-03-31,P1004,CompetitorX,236.26,True
2025-04-07,P1004,CompetitorX,224.17,True
2025-04-14,P1004,CompetitorX,221.66,True
2025-04-21,P1004,CompetitorX,228.99,True
2025-04-28,P1004,CompetitorX,228.3,True
2025-05-05,P1004,CompetitorX,235.74,True
2025-05-12,P1004,CompetitorX,229.42,True
2025-05-19,P1004,CompetitorX,235.47,True
2025-05-26,P1004,CompetitorX,221.16,True
2025-06-02,P1004,CompetitorX,228.54,True
2025-06-09,P1004,CompetitorX,219.96,True
2025-06-16,P1004,CompetitorX,228.23,True
2025-06-23,P1004,CompetitorX,226.79,True
2025-06-30,P1004,CompetitorX,226.49,True
2025-07-07,P1004,CompetitorX,226.55,True
2025-07-14,P1004,CompetitorX,232.59,True
2025-07-21,P1004,CompetitorX,216.59,True
2025-07-28,P1004,CompetitorX,221.42,True
2025-08-04,P1004,CompetitorX,227.29,True
2025-08-11,P1004,CompetitorX,219.52,True
2025-08-18,P1004,CompetitorX,227.88,True
2025-08-25,P1004,CompetitorX,227.22,True
2025-09-01,P1004,CompetitorX,217.98,True
2025-09-08,P1004,CompetitorX,217.65,True
2025-09-15,P1004,CompetitorX,209.65,True
2025-09-22,P1004,CompetitorX,219.23,True
2025-09-29,P1004,CompetitorX,227.66,True
2025-10-06,P1004,CompetitorX,228.63,True
2025-10-13,P1004,CompetitorX,228.95,False
2025-10-20,P1004,CompetitorX,222.26,True
2025-10-27,P1004,CompetitorX,227.44,True
2025-11-03,P1004,CompetitorX,230.28,True
2025-11-10,P1004,CompetitorX,218.91,True
2025-11-17,P1004,CompetitorX,228.41,True
2025-11-24,P1004,CompetitorX,232.05,True
2025-12-01,P1004,CompetitorX,224.22,True
2025-12-08,P1004,CompetitorX,234.82,False
2025-12-15,P1004,CompetitorX,224.38,True
2025-12-22,P1004,CompetitorX,221.7,True
2025-12-29,P1004,CompetitorX,231.37,True
2024-04-22,P1004,CompetitorZ,226.35,True
2024-04-29,P1004,CompetitorZ,239.42,True
2024-05-06,P1004,CompetitorZ,235.38,True
2024-05-13,P1004,CompetitorZ,243.03,True
2024-05-20,P1004,CompetitorZ,236.24,True
2024-05-27,P1004,CompetitorZ,225.87,True
2024-06-03,P1004,CompetitorZ,230.51,True
2024-06-10,P1004,CompetitorZ,238.15,True
2024-06-17,P1004,CompetitorZ,239.17,True
2024-06-24,P1004,CompetitorZ,240.19,True
2024-07-01,P1004,CompetitorZ,226.81,True
2024-07-08,P1004,CompetitorZ,225.74,True
2024-07-15,P1004,CompetitorZ,232.84,True
2024-07-22,P1004,CompetitorZ,244.3,True
2024-07-29,P1004,CompetitorZ,229.3,True
2024-08-05,P1004,CompetitorZ,237.37,True
2024-08-12,P1004,CompetitorZ,237.38,False
2024-08-19,P1004,CompetitorZ,239.52,True
2024-08-26,P1004,CompetitorZ,245.87,True
2024-09-02,P1004,CompetitorZ,245.15,True
2024-09-09,P1004,CompetitorZ,230.0,True
2024-09-16,P1004,CompetitorZ,219.44,True
2024-09-23,P1004,CompetitorZ,229.41,True
2024-09-30,P1004,CompetitorZ,234.71,True
2024-10-07,P1004,CompetitorZ,231.64,True
2024-10-14,P1004,CompetitorZ,248.0,True
2024-10-21,P1004,CompetitorZ,234.31,True
2024-10-28,P1004,CompetitorZ,238.77,False
2024-11-04,P1004,CompetitorZ,235.7,True
2024-11-11,P1004,CompetitorZ,231.74,False
2024-11-18,P1004,CompetitorZ,220.66,True
2024-11-25,P1004,CompetitorZ,233.63,True
2024-12-02,P1004,CompetitorZ,257.04,True
2024-12-09,P1004,CompetitorZ,225.44,True
2024-12-16,P1004,CompetitorZ,221.43,True
2024-12-23,P1004,CompetitorZ,247.78,True
2024-12-30,P1004,CompetitorZ,239.39,True
2025-01-06,P1004,CompetitorZ,235.49,True
2025-01-13,P1004,CompetitorZ,243.75,True
2025-01-20,P1004,CompetitorZ,228.34,True
2025-01-27,P1004,CompetitorZ,233.43,True
2025-02-03,P1004,CompetitorZ,240.89,True
2025-02-10,P1004,CompetitorZ,249.0,True
2025-02-17,P1004,CompetitorZ,225.97,True
2025-02-24,P1004,CompetitorZ,243.18,True
2025-03-03,P1004,CompetitorZ,236.86,True
2025-03-10,P1004,CompetitorZ,235.32,True
2025-03-17,P1004,CompetitorZ,234.12,True
2025-03-24,P1004,CompetitorZ,224.45,True
2025-03-31,P1004,CompetitorZ,240.94,True
2025-04-07,P1004,CompetitorZ,228.68,True
2025-04-14,P1004,CompetitorZ,226.59,True
2025-04-21,P1004,CompetitorZ,240.4,False
2025-04-28,P1004,CompetitorZ,239.72,True
2025-05-05,P1004,CompetitorZ,234.73,True
2025-05-12,P1004,CompetitorZ,241.76,True
2025-05-19,P1004,CompetitorZ,244.2,True
2025-05-26,P1004,CompetitorZ,243.37,True
2025-06-02,P1004,CompetitorZ,230.47,True
2025-06-09,P1004,CompetitorZ,241.3,True
2025-06-16,P1004,CompetitorZ,235.66,True
2025-06-23,P1004,CompetitorZ,246.3,False
2025-06-30,P1004,CompetitorZ,233.31,True
2025-07-07,P1004,CompetitorZ,231.67,True
2025-07-14,P1004,CompetitorZ,229.87,True
2025-07-21,P1004,CompetitorZ,235.51,False
2025-07-28,P1004,CompetitorZ,237.46,True
2025-08-04,P1004,CompetitorZ,237.59,True
2025-08-11,P1004,CompetitorZ,236.63,True
2025-08-18,P1004,CompetitorZ,238.89,True
2025-08-25,P1004,CompetitorZ,232.61,True
2025-09-01,P1004,CompetitorZ,228.05,True
2025-09-08,P1004,CompetitorZ,227.43,True
2025-09-15,P1004,CompetitorZ,241.03,True
2025-09-22,P1004,CompetitorZ,237.48,True
2025-09-29,P1004,CompetitorZ,221.14,True
2025-10-06,P1004,CompetitorZ,241.88,True
2025-10-13,P1004,CompetitorZ,247.39,True
2025-10-20,P1004,CompetitorZ,229.15,True
2025-10-27,P1004,CompetitorZ,236.54,True
2025-11-03,P1004,CompetitorZ,230.85,True
2025-11-10,P1004,CompetitorZ,238.59,True
2025-11-17,P1004,CompetitorZ,225.99,True
2025-11-24,P1004,CompetitorZ,233.68,True
2025-12-01,P1004,CompetitorZ,241.07,True
2025-12-08,P1004,CompetitorZ,242.86,True
2025-12-15,P1004,CompetitorZ,237.17,True
2025-12-22,P1004,CompetitorZ,231.8,True
2025-12-29,P1004,CompetitorZ,222.99,True
2024-04-22,P1004,MarketLeaderCo,206.62,True
2024-04-29,P1004,MarketLeaderCo,218.73,True
2024-05-06,P1004,MarketLeaderCo,213.2,True
2024-05-13,P1004,MarketLeaderCo,202.06,True
2024-05-20,P1004,MarketLeaderCo,213.06,True
2024-05-27,P1004,MarketLeaderCo,220.82,True
2024-06-03,P1004,MarketLeaderCo,208.39,True
2024-06-10,P1004,MarketLeaderCo,215.22,True
2024-06-17,P1004,MarketLeaderCo,206.04,True
2024-06-24,P1004,MarketLeaderCo,210.56,True
2024-07-01,P1004,MarketLeaderCo,218.34,True
2024-07-08,P1004,MarketLeaderCo,212.82,True
2024-07-15,P1004,MarketLeaderCo,219.61,True
2024-07-22,P1004,MarketLeaderCo,214.13,True
2024-07-29,P1004,MarketLeaderCo,225.5,True
2024-08-05,P1004,MarketLeaderCo,201.5,True
2024-08-12,P1004,MarketLeaderCo,210.05,False
2024-08-19,P1004,MarketLeaderCo,204.55,True
2024-08-26,P1004,MarketLeaderCo,204.98,True
2024-09-02,P1004,MarketLeaderCo,205.04,True
2024-09-09,P1004,MarketLeaderCo,212.49,True
2024-09-16,P1004,MarketLeaderCo,212.86,True
2024-09-23,P1004,MarketLeaderCo,214.14,True
2024-09-30,P1004,MarketLeaderCo,204.31,True
2024-10-07,P1004,MarketLeaderCo,209.37,True
2024-10-14,P1004,MarketLeaderCo,205.31,False
2024-10-21,P1004,MarketLeaderCo,217.37,True
2024-10-28,P1004,MarketLeaderCo,205.91,True
2024-11-04,P1004,MarketLeaderCo,210.07,True
2024-11-11,P1004,MarketLeaderCo,214.98,True
2024-11-18,P1004,MarketLeaderCo,207.52,True
2024-11-25,P1004,MarketLeaderCo,215.83,True
2024-12-02,P1004,MarketLeaderCo,221.55,True
2024-12-09,P1004,MarketLeaderCo,212.63,True
2024-12-16,P1004,MarketLeaderCo,217.15,True
2024-12-23,P1004,MarketLeaderCo,198.28,True
2024-12-30,P1004,MarketLeaderCo,208.71,False
2025-01-06,P1004,MarketLeaderCo,212.6,True
2025-01-13,P1004,MarketLeaderCo,204.75,True
2025-01-20,P1004,MarketLeaderCo,212.75,True
2025-01-27,P1004,MarketLeaderCo,218.15,True
2025-02-03,P1004,MarketLeaderCo,199.51,True
2025-02-10,P1004,MarketLeaderCo,203.89,True
2025-02-17,P1004,MarketLeaderCo,212.6,True
2025-02-24,P1004,MarketLeaderCo,214.35,True
2025-03-03,P1004,MarketLeaderCo,216.11,True
2025-03-10,P1004,MarketLeaderCo,212.13,True
2025-03-17,P1004,MarketLeaderCo,214.36,True
2025-03-24,P1004,MarketLeaderCo,217.16,True
2025-03-31,P1004,MarketLeaderCo,208.8,True
2025-04-07,P1004,MarketLeaderCo,207.57,True
2025-04-14,P1004,MarketLeaderCo,210.36,True
2025-04-21,P1004,MarketLeaderCo,212.69,True
2025-04-28,P1004,MarketLeaderCo,207.25,True
2025-05-05,P1004,MarketLeaderCo,208.93,True
2025-05-12,P1004,MarketLeaderCo,213.95,True
2025-05-19,P1004,MarketLeaderCo,212.43,True
2025-05-26,P1004,MarketLeaderCo,210.25,True
2025-06-02,P1004,MarketLeaderCo,200.39,True
2025-06-09,P1004,MarketLeaderCo,211.41,True
2025-06-16,P1004,MarketLeaderCo,205.28,True
2025-06-23,P1004,MarketLeaderCo,217.66,True
2025-06-30,P1004,MarketLeaderCo,209.47,True
2025-07-07,P1004,MarketLeaderCo,205.11,True
2025-07-14,P1004,MarketLeaderCo,211.04,True
2025-07-21,P1004,MarketLeaderCo,219.49,True
2025-07-28,P1004,MarketLeaderCo,215.43,True
2025-08-04,P1004,MarketLeaderCo,212.82,True
2025-08-11,P1004,MarketLeaderCo,203.02,True
2025-08-18,P1004,MarketLeaderCo,221.71,True
2025-08-25,P1004,MarketLeaderCo,207.49,True
2025-09-01,P1004,MarketLeaderCo,217.35,True
2025-09-08,P1004,MarketLeaderCo,209.37,True
2025-09-15,P1004,MarketLeaderCo,216.74,True
2025-09-22,P1004,MarketLeaderCo,219.72,True
2025-09-29,P1004,MarketLeaderCo,215.54,True
2025-10-06,P1004,MarketLeaderCo,216.22,True
2025-10-13,P1004,MarketLeaderCo,210.8,True
2025-10-20,P1004,MarketLeaderCo,208.68,True
2025-10-27,P1004,MarketLeaderCo,212.31,True
2025-11-03,P1004,MarketLeaderCo,209.27,True
2025-11-10,P1004,MarketLeaderCo,227.08,True
2025-11-17,P1004,MarketLeaderCo,205.13,True
2025-11-24,P1004,MarketLeaderCo,217.79,True
2025-12-01,P1004,MarketLeaderCo,214.71,True
2025-12-08,P1004,MarketLeaderCo,212.89,True
2025-12-15,P1004,MarketLeaderCo,220.82,True
2025-12-22,P1004,MarketLeaderCo,213.32,True
2025-12-29,P1004,MarketLeaderCo,207.4,True
2024-01-08,P1005,CompetitorY,426.36,True
2024-01-15,P1005,CompetitorY,425.17,True
2024-01-22,P1005,CompetitorY,432.5,True
2024-01-29,P1005,CompetitorY,420.61,True
2024-02-05,P1005,CompetitorY,435.75,True
2024-02-12,P1005,CompetitorY,412.05,True
2024-02-19,P1005,CompetitorY,442.08,True
2024-02-26,P1005,CompetitorY,417.11,True
2024-03-04,P1005,CompetitorY,402.54,True
2024-03-11,P1005,CompetitorY,419.94,True
2024-03-18,P1005,CompetitorY,418.49,True
2024-03-25,P1005,CompetitorY,419.84,True
2024-04-01,P1005,CompetitorY,427.07,True
2024-04-08,P1005,CompetitorY,438.09,True
2024-04-15,P1005,CompetitorY,421.68,True
2024-04-22,P1005,CompetitorY,415.32,True
2024-04-29,P1005,CompetitorY,409.78,True
2024-05-06,P1005,CompetitorY,418.16,True
2024-05-13,P1005,CompetitorY,400.1,True
2024-05-20,P1005,CompetitorY,414.89,True
2024-05-27,P1005,CompetitorY,439.95,True
2024-06-03,P1005,CompetitorY,413.64,True
2024-06-10,P1005,CompetitorY,432.12,True
2024-06-17,P1005,CompetitorY,408.51,True
2024-06-24,P1005,CompetitorY,446.65,True
2024-07-01,P1005,CompetitorY,447.5,True
2024-07-08,P1005,CompetitorY,431.64,True
2024-07-15,P1005,CompetitorY,449.45,True
2024-07-22,P1005,CompetitorY,428.64,False
2024-07-29,P1005,CompetitorY,433.9,False
2024-08-05,P1005,CompetitorY,440.17,True
2024-08-12,P1005,CompetitorY,426.4,True
2024-08-19,P1005,CompetitorY,404.37,True
2024-08-26,P1005,CompetitorY,434.16,True
2024-09-02,P1005,CompetitorY,418.11,True
2024-09-09,P1005,CompetitorY,419.06,True
2024-09-16,P1005,CompetitorY,427.91,True
2024-09-23,P1005,CompetitorY,431.32,True
2024-09-30,P1005,CompetitorY,426.03,True
2024-10-07,P1005,CompetitorY,432.21,True
2024-10-14,P1005,CompetitorY,415.12,True
2024-10-21,P1005,CompetitorY,423.57,True
2024-10-28,P1005,CompetitorY,434.92,True
2024-11-04,P1005,CompetitorY,446.67,True
2024-11-11,P1005,CompetitorY,451.17,True
2024-11-18,P1005,CompetitorY,429.63,True
2024-11-25,P1005,CompetitorY,434.81,True
2024-12-02,P1005,CompetitorY,449.33,True
2024-12-09,P1005,CompetitorY,415.58,True
2024-12-16,P1005,CompetitorY,432.13,True
2024-12-23,P1005,CompetitorY,433.89,True
2024-12-30,P1005,CompetitorY,442.54,True
2025-01-06,P1005,CompetitorY,409.65,True
2025-01-13,P1005,CompetitorY,412.17,True
2025-01-20,P1005,CompetitorY,424.39,True
2025-01-27,P1005,CompetitorY,428.92,True
2025-02-03,P1005,CompetitorY,438.4,True
2025-02-10,P1005,CompetitorY,430.7,True
2025-02-17,P1005,CompetitorY,422.19,True
2025-02-24,P1005,CompetitorY,429.42,True
2025-03-03,P1005,CompetitorY,427.95,True
2025-03-10,P1005,CompetitorY,446.32,True
2025-03-17,P1005,CompetitorY,426.23,True
2025-03-24,P1005,CompetitorY,419.24,True
2025-03-31,P1005,CompetitorY,429.84,True
2025-04-07,P1005,CompetitorY,426.64,True
2025-04-14,P1005,CompetitorY,404.13,True
2025-04-21,P1005,CompetitorY,423.92,True
2025-04-28,P1005,CompetitorY,422.84,True
2025-05-05,P1005,CompetitorY,417.2,True
2025-05-12,P1005,CompetitorY,437.29,True
2025-05-19,P1005,CompetitorY,414.12,True
2025-05-26,P1005,CompetitorY,429.92,True
2025-06-02,P1005,CompetitorY,422.24,True
2025-06-09,P1005,CompetitorY,425.49,True
2025-06-16,P1005,CompetitorY,429.36,True
2025-06-23,P1005,CompetitorY,407.48,True
2025-06-30,P1005,CompetitorY,426.56,False
2025-07-07,P1005,CompetitorY,453.24,True
2025-07-14,P1005,CompetitorY,404.31,True
2025-07-21,P1005,CompetitorY,423.39,True
2025-07-28,P1005,CompetitorY,438.41,True
2025-08-04,P1005,CompetitorY,427.96,True
2025-08-11,P1005,CompetitorY,432.87,True
2025-08-18,P1005,CompetitorY,393.89,True
2025-08-25,P1005,CompetitorY,431.73,True
2025-09-01,P1005,CompetitorY,414.43,True
2025-09-08,P1005,CompetitorY,428.06,True
2025-09-15,P1005,CompetitorY,423.74,True
2025-09-22,P1005,CompetitorY,453.11,True
2025-09-29,P1005,CompetitorY,431.07,True
2025-10-06,P1005,CompetitorY,422.69,True
2025-10-13,P1005,CompetitorY,404.91,True
2025-10-20,P1005,CompetitorY,425.66,True
2025-10-27,P1005,CompetitorY,434.59,True
2025-11-03,P1005,CompetitorY,423.09,True
2025-11-10,P1005,CompetitorY,417.68,True
2025-11-17,P1005,CompetitorY,416.83,True
2025-11-24,P1005,CompetitorY,430.93,True
2025-12-01,P1005,CompetitorY,433.78,True
2025-12-08,P1005,CompetitorY,441.44,True
2025-12-15,P1005,CompetitorY,411.46,True
2025-12-22,P1005,CompetitorY,430.81,True
2025-12-29,P1005,CompetitorY,422.57,True
2024-01-08,P1005,CompetitorX,531.06,True
2024-01-15,P1005,CompetitorX,509.93,True
2024-01-22,P1005,CompetitorX,503.58,True
2024-01-29,P1005,CompetitorX,531.03,True
2024-02-05,P1005,CompetitorX,511.12,True
2024-02-12,P1005,CompetitorX,490.97,True
2024-02-19,P1005,CompetitorX,523.53,True
2024-02-26,P1005,CompetitorX,521.29,True
2024-03-04,P1005,CompetitorX,532.41,True
2024-03-11,P1005,CompetitorX,520.24,True
2024-03-18,P1005,CompetitorX,506.36,True
2024-03-25,P1005,CompetitorX,534.45,False
2024-04-01,P1005,CompetitorX,535.95,True
2024-04-08,P1005,CompetitorX,518.44,True
2024-04-15,P1005,CompetitorX,515.77,True
2024-04-22,P1005,CompetitorX,494.4,True
2024-04-29,P1005,CompetitorX,505.46,True
2024-05-06,P1005,CompetitorX,526.59,True
2024-05-13,P1005,CompetitorX,506.23,True
2024-05-20,P1005,CompetitorX,492.34,True
2024-05-27,P1005,CompetitorX,568.84,True
2024-06-03,P1005,CompetitorX,492.24,True
2024-06-10,P1005,CompetitorX,549.7,True
2024-06-17,P1005,CompetitorX,510.09,True
2024-06-24,P1005,CompetitorX,513.54,True
2024-07-01,P1005,CompetitorX,504.46,True
2024-07-08,P1005,CompetitorX,526.93,True
2024-07-15,P1005,CompetitorX,492.6,True
2024-07-22,P1005,CompetitorX,486.42,True
2024-07-29,P1005,CompetitorX,539.71,True
2024-08-05,P1005,CompetitorX,502.42,True
2024-08-12,P1005,CompetitorX,526.36,True
2024-08-19,P1005,CompetitorX,498.08,True
2024-08-26,P1005,CompetitorX,525.78,True
2024-09-02,P1005,CompetitorX,540.84,True
2024-09-09,P1005,CompetitorX,506.7,True
2024-09-16,P1005,CompetitorX,484.98,True
2024-09-23,P1005,CompetitorX,540.93,False
2024-09-30,P1005,CompetitorX,529.15,True
2024-10-07,P1005,CompetitorX,507.53,True
2024-10-14,P1005,CompetitorX,511.47,True
2024-10-21,P1005,CompetitorX,497.69,True
2024-10-28,P1005,CompetitorX,536.78,True
2024-11-04,P1005,CompetitorX,506.58,True
2024-11-11,P1005,CompetitorX,492.93,True
2024-11-18,P1005,CompetitorX,518.14,True
2024-11-25,P1005,CompetitorX,501.56,True
2024-12-02,P1005,CompetitorX,498.93,True
2024-12-09,P1005,CompetitorX,508.2,True
2024-12-16,P1005,CompetitorX,516.18,True
2024-12-23,P1005,CompetitorX,493.51,True
2024-12-30,P1005,CompetitorX,536.24,False
2025-01-06,P1005,CompetitorX,525.3,True
2025-01-13,P1005,CompetitorX,509.2,True
2025-01-20,P1005,CompetitorX,500.89,False
2025-01-27,P1005,CompetitorX,513.46,True
2025-02-03,P1005,CompetitorX,528.73,True
2025-02-10,P1005,CompetitorX,526.34,True
2025-02-17,P1005,CompetitorX,531.19,True
2025-02-24,P1005,CompetitorX,507.42,True
2025-03-03,P1005,CompetitorX,469.67,True
2025-03-10,P1005,CompetitorX,534.11,True
2025-03-17,P1005,CompetitorX,512.26,True
2025-03-24,P1005,CompetitorX,525.13,True
2025-03-31,P1005,CompetitorX,540.62,True
2025-04-07,P1005,CompetitorX,552.44,True
2025-04-14,P1005,CompetitorX,504.8,True
2025-04-21,P1005,CompetitorX,516.91,True
2025-04-28,P1005,CompetitorX,535.95,True
2025-05-05,P1005,CompetitorX,501.8,True
2025-05-12,P1005,CompetitorX,505.85,True
2025-05-19,P1005,CompetitorX,505.76,True
2025-05-26,P1005,CompetitorX,514.41,True
2025-06-02,P1005,CompetitorX,511.44,True
2025-06-09,P1005,CompetitorX,505.67,True
2025-06-16,P1005,CompetitorX,499.92,True
2025-06-23,P1005,CompetitorX,527.38,True
2025-06-30,P1005,CompetitorX,535.5,True
2025-07-07,P1005,CompetitorX,537.74,True
2025-07-14,P1005,CompetitorX,507.41,True
2025-07-21,P1005,CompetitorX,528.03,True
2025-07-28,P1005,CompetitorX,518.49,True
2025-08-04,P1005,CompetitorX,506.03,True
2025-08-11,P1005,CompetitorX,526.18,True
2025-08-18,P1005,CompetitorX,505.32,True
2025-08-25,P1005,CompetitorX,509.03,True
2025-09-01,P1005,CompetitorX,493.58,True
2025-09-08,P1005,CompetitorX,507.67,True
2025-09-15,P1005,CompetitorX,518.76,True
2025-09-22,P1005,CompetitorX,539.07,True
2025-09-29,P1005,CompetitorX,509.38,True
2025-10-06,P1005,CompetitorX,498.81,True
2025-10-13,P1005,CompetitorX,537.97,True
2025-10-20,P1005,CompetitorX,507.05,True
2025-10-27,P1005,CompetitorX,487.84,True
2025-11-03,P1005,CompetitorX,516.9,True
2025-11-10,P1005,CompetitorX,509.83,True
2025-11-17,P1005,CompetitorX,550.37,True
2025-11-24,P1005,CompetitorX,522.18,True
2025-12-01,P1005,CompetitorX,512.58,True
2025-12-08,P1005,CompetitorX,500.56,True
2025-12-15,P1005,CompetitorX,519.94,True
2025-12-22,P1005,CompetitorX,537.34,True
2025-12-29,P1005,CompetitorX,519.66,True
2024-03-04,P1006,CompetitorZ,394.53,True
2024-03-11,P1006,CompetitorZ,407.11,True
2024-03-18,P1006,CompetitorZ,405.96,True
2024-03-25,P1006,CompetitorZ,412.04,True
2024-04-01,P1006,CompetitorZ,406.82,True
2024-04-08,P1006,CompetitorZ,408.5,True
2024-04-15,P1006,CompetitorZ,417.21,True
2024-04-22,P1006,CompetitorZ,395.65,True
2024-04-29,P1006,CompetitorZ,418.39,True
2024-05-06,P1006,CompetitorZ,423.35,True
2024-05-13,P1006,CompetitorZ,429.4,True
2024-05-20,P1006,CompetitorZ,383.01,True
2024-05-27,P1006,CompetitorZ,407.09,True
2024-06-03,P1006,CompetitorZ,385.2,True
2024-06-10,P1006,CompetitorZ,379.43,True
2024-06-17,P1006,CompetitorZ,411.1,True
2024-06-24,P1006,CompetitorZ,404.43,True
2024-07-01,P1006,CompetitorZ,413.01,True
2024-07-08,P1006,CompetitorZ,415.3,True
2024-07-15,P1006,CompetitorZ,424.66,True
2024-07-22,P1006,CompetitorZ,409.99,True
2024-07-29,P1006,CompetitorZ,445.23,True
2024-08-05,P1006,CompetitorZ,413.09,True
2024-08-12,P1006,CompetitorZ,431.96,True
2024-08-19,P1006,CompetitorZ,380.68,True
2024-08-26,P1006,CompetitorZ,425.91,True
2024-09-02,P1006,CompetitorZ,407.11,True
2024-09-09,P1006,CompetitorZ,385.41,True
2024-09-16,P1006,CompetitorZ,414.5,True
2024-09-23,P1006,CompetitorZ,405.61,True
2024-09-30,P1006,CompetitorZ,416.46,True
2024-10-07,P1006,CompetitorZ,421.75,True
2024-10-14,P1006,CompetitorZ,391.05,True
2024-10-21,P1006,CompetitorZ,421.8,False
2024-10-28,P1006,CompetitorZ,409.41,True
2024-11-04,P1006,CompetitorZ,425.94,True
2024-11-11,P1006,CompetitorZ,406.81,True
2024-11-18,P1006,CompetitorZ,403.56,True
2024-11-25,P1006,CompetitorZ,409.66,False
2024-12-02,P1006,CompetitorZ,410.58,True
2024-12-09,P1006,CompetitorZ,401.19,True
2024-12-16,P1006,CompetitorZ,403.24,True
2024-12-23,P1006,CompetitorZ,394.27,True
2024-12-30,P1006,CompetitorZ,403.99,True
2025-01-06,P1006,CompetitorZ,417.64,True
2025-01-13,P1006,CompetitorZ,407.65,False
2025-01-20,P1006,CompetitorZ,421.72,True
2025-01-27,P1006,CompetitorZ,407.05,True
2025-02-03,P1006,CompetitorZ,391.75,True
2025-02-10,P1006,CompetitorZ,416.67,True
2025-02-17,P1006,CompetitorZ,401.06,True
2025-02-24,P1006,CompetitorZ,406.47,True
2025-03-03,P1006,CompetitorZ,424.53,True
2025-03-10,P1006,CompetitorZ,395.08,True
2025-03-17,P1006,CompetitorZ,411.36,True
2025-03-24,P1006,CompetitorZ,408.83,True
2025-03-31,P1006,CompetitorZ,417.94,True
2025-04-07,P1006,CompetitorZ,419.83,True
2025-04-14,P1006,CompetitorZ,412.57,True
2025-04-21,P1006,CompetitorZ,404.91,True
2025-04-28,P1006,CompetitorZ,415.14,True
2025-05-05,P1006,CompetitorZ,425.73,True
2025-05-12,P1006,CompetitorZ,409.0,False
2025-05-19,P1006,CompetitorZ,406.05,True
2025-05-26,P1006,CompetitorZ,414.1,True
2025-06-02,P1006,CompetitorZ,409.81,True
2025-06-09,P1006,CompetitorZ,392.9,True
2025-06-16,P1006,CompetitorZ,412.27,True
2025-06-23,P1006,CompetitorZ,392.79,True
2025-06-30,P1006,CompetitorZ,413.93,True
2025-07-07,P1006,CompetitorZ,399.54,True
2025-07-14,P1006,CompetitorZ,409.78,True
2025-07-21,P1006,CompetitorZ,414.13,True
2025-07-28,P1006,CompetitorZ,439.47,True
2025-08-04,P1006,CompetitorZ,418.45,True
2025-08-11,P1006,CompetitorZ,426.09,True
2025-08-18,P1006,CompetitorZ,432.32,True
2025-08-25,P1006,CompetitorZ,415.34,False
2025-09-01,P1006,CompetitorZ,412.84,True
2025-09-08,P1006,CompetitorZ,396.23,True
2025-09-15,P1006,CompetitorZ,407.9,True
2025-09-22,P1006,CompetitorZ,400.45,True
2025-09-29,P1006,CompetitorZ,404.41,True
2025-10-06,P1006,CompetitorZ,432.3,True
2025-10-13,P1006,CompetitorZ,410.74,True
2025-10-20,P1006,CompetitorZ,398.58,True
2025-10-27,P1006,CompetitorZ,426.21,True
2025-11-03,P1006,CompetitorZ,421.06,True
2025-11-10,P1006,CompetitorZ,421.71,True
2025-11-17,P1006,CompetitorZ,384.7,True
2025-11-24,P1006,CompetitorZ,433.26,True
2025-12-01,P1006,CompetitorZ,402.47,True
2025-12-08,P1006,CompetitorZ,418.89,True
2025-12-15,P1006,CompetitorZ,440.32,True
2025-12-22,P1006,CompetitorZ,435.8,True
2025-12-29,P1006,CompetitorZ,397.33,True
2024-03-04,P1006,MarketLeaderCo,363.15,True
2024-03-11,P1006,MarketLeaderCo,370.66,True
2024-03-18,P1006,MarketLeaderCo,351.36,True
2024-03-25,P1006,MarketLeaderCo,355.24,True
2024-04-01,P1006,MarketLeaderCo,341.96,True
2024-04-08,P1006,MarketLeaderCo,373.24,True
2024-04-15,P1006,MarketLeaderCo,357.5,True
2024-04-22,P1006,MarketLeaderCo,364.48,True
2024-04-29,P1006,MarketLeaderCo,364.86,True
2024-05-06,P1006,MarketLeaderCo,372.37,True
2024-05-13,P1006,MarketLeaderCo,347.85,True
2024-05-20,P1006,MarketLeaderCo,364.22,True
2024-05-27,P1006,MarketLeaderCo,356.48,True
2024-06-03,P1006,MarketLeaderCo,379.29,True
2024-06-10,P1006,MarketLeaderCo,347.82,True
2024-06-17,P1006,MarketLeaderCo,369.29,True
2024-06-24,P1006,MarketLeaderCo,360.5,True
2024-07-01,P1006,MarketLeaderCo,359.94,True
2024-07-08,P1006,MarketLeaderCo,357.33,True
2024-07-15,P1006,MarketLeaderCo,371.16,True
2024-07-22,P1006,MarketLeaderCo,359.58,True
2024-07-29,P1006,MarketLeaderCo,340.44,True
2024-08-05,P1006,MarketLeaderCo,369.8,True
2024-08-12,P1006,MarketLeaderCo,367.84,True
2024-08-19,P1006,MarketLeaderCo,363.04,True
2024-08-26,P1006,MarketLeaderCo,344.67,True
2024-09-02,P1006,MarketLeaderCo,346.34,True
2024-09-09,P1006,MarketLeaderCo,336.66,True
2024-09-16,P1006,MarketLeaderCo,361.68,True
2024-09-23,P1006,MarketLeaderCo,342.31,True
2024-09-30,P1006,MarketLeaderCo,338.36,True
2024-10-07,P1006,MarketLeaderCo,370.4,True
2024-10-14,P1006,MarketLeaderCo,364.97,True
2024-10-21,P1006,MarketLeaderCo,353.19,True
2024-10-28,P1006,MarketLeaderCo,355.32,True
2024-11-04,P1006,MarketLeaderCo,330.99,True
2024-11-11,P1006,MarketLeaderCo,366.56,True
2024-11-18,P1006,MarketLeaderCo,349.34,True
2024-11-25,P1006,MarketLeaderCo,360.29,True
2024-12-02,P1006,MarketLeaderCo,330.12,True
2024-12-09,P1006,MarketLeaderCo,367.21,True
2024-12-16,P1006,MarketLeaderCo,348.69,False
2024-12-23,P1006,MarketLeaderCo,342.02,True
2024-12-30,P1006,MarketLeaderCo,353.12,False
2025-01-06,P1006,MarketLeaderCo,350.37,True
2025-01-13,P1006,MarketLeaderCo,368.25,True
2025-01-20,P1006,MarketLeaderCo,352.25,True
2025-01-27,P1006,MarketLeaderCo,371.33,True
2025-02-03,P1006,MarketLeaderCo,360.28,True
2025-02-10,P1006,MarketLeaderCo,366.32,True
2025-02-17,P1006,MarketLeaderCo,356.73,True
2025-02-24,P1006,MarketLeaderCo,370.37,True
2025-03-03,P1006,MarketLeaderCo,344.4,True
2025-03-10,P1006,MarketLeaderCo,357.97,True
2025-03-17,P1006,MarketLeaderCo,352.51,True
2025-03-24,P1006,MarketLeaderCo,371.7,True
2025-03-31,P1006,MarketLeaderCo,372.79,True
2025-04-07,P1006,MarketLeaderCo,356.76,True
2025-04-14,P1006,MarketLeaderCo,342.93,True
2025-04-21,P1006,MarketLeaderCo,361.32,True
2025-04-28,P1006,MarketLeaderCo,338.94,True
2025-05-05,P1006,MarketLeaderCo,374.16,True
2025-05-12,P1006,MarketLeaderCo,351.69,True
2025-05-19,P1006,MarketLeaderCo,356.42,True
2025-05-26,P1006,MarketLeaderCo,349.46,True
2025-06-02,P1006,MarketLeaderCo,347.1,True
2025-06-09,P1006,MarketLeaderCo,364.64,True
2025-06-16,P1006,MarketLeaderCo,355.05,True
2025-06-23,P1006,MarketLeaderCo,357.21,True
2025-06-30,P1006,MarketLeaderCo,346.01,True
2025-07-07,P1006,MarketLeaderCo,365.91,True
2025-07-14,P1006,MarketLeaderCo,367.0,True
2025-07-21,P1006,MarketLeaderCo,354.52,True
2025-07-28,P1006,MarketLeaderCo,370.32,True
2025-08-04,P1006,MarketLeaderCo,355.64,True
2025-08-11,P1006,MarketLeaderCo,365.1,True
2025-08-18,P1006,MarketLeaderCo,339.38,True
2025-08-25,P1006,MarketLeaderCo,360.53,True
2025-09-01,P1006,MarketLeaderCo,353.85,True
2025-09-08,P1006,MarketLeaderCo,358.42,True
2025-09-15,P1006,MarketLeaderCo,357.94,True
2025-09-22,P1006,MarketLeaderCo,358.1,True
2025-09-29,P1006,MarketLeaderCo,363.34,True
2025-10-06,P1006,MarketLeaderCo,350.7,True
2025-10-13,P1006,MarketLeaderCo,362.84,True
2025-10-20,P1006,MarketLeaderCo,369.94,True
2025-10-27,P1006,MarketLeaderCo,341.66,True
2025-11-03,P1006,MarketLeaderCo,348.4,False
2025-11-10,P1006,MarketLeaderCo,348.85,True
2025-11-17,P1006,MarketLeaderCo,345.06,True
2025-11-24,P1006,MarketLeaderCo,351.67,True
2025-12-01,P1006,MarketLeaderCo,367.81,True
2025-12-08,P1006,MarketLeaderCo,372.24,True
2025-12-15,P1006,MarketLeaderCo,357.89,True
2025-12-22,P1006,MarketLeaderCo,353.28,True
2025-12-29,P1006,MarketLeaderCo,365.34,True
2024-03-04,P1006,CompetitorY,380.71,True
2024-03-11,P1006,CompetitorY,382.72,True
2024-03-18,P1006,CompetitorY,378.93,True
2024-03-25,P1006,CompetitorY,362.05,False
2024-04-01,P1006,CompetitorY,401.48,True
2024-04-08,P1006,CompetitorY,375.81,True
2024-04-15,P1006,CompetitorY,380.6,True
2024-04-22,P1006,CompetitorY,355.46,True
2024-04-29,P1006,CompetitorY,401.49,True
2024-05-06,P1006,CompetitorY,377.79,True
2024-05-13,P1006,CompetitorY,384.29,True
2024-05-20,P1006,CompetitorY,396.04,True
2024-05-27,P1006,CompetitorY,375.38,True
2024-06-03,P1006,CompetitorY,394.23,True
2024-06-10,P1006,CompetitorY,359.46,True
2024-06-17,P1006,CompetitorY,389.49,True
2024-06-24,P1006,CompetitorY,401.23,True
2024-07-01,P1006,CompetitorY,376.48,True
2024-07-08,P1006,CompetitorY,396.01,True
2024-07-15,P1006,CompetitorY,404.23,True
2024-07-22,P1006,CompetitorY,380.22,True
2024-07-29,P1006,CompetitorY,379.27,True
2024-08-05,P1006,CompetitorY,372.83,True
2024-08-12,P1006,CompetitorY,377.29,True
2024-08-19,P1006,CompetitorY,373.78,True
2024-08-26,P1006,CompetitorY,372.82,True
2024-09-02,P1006,CompetitorY,396.93,True
2024-09-09,P1006,CompetitorY,374.07,True
2024-09-16,P1006,CompetitorY,386.13,False
2024-09-23,P1006,CompetitorY,383.59,True
2024-09-30,P1006,CompetitorY,400.37,True
2024-10-07,P1006,CompetitorY,377.37,True
2024-10-14,P1006,CompetitorY,387.53,True
2024-10-21,P1006,CompetitorY,392.25,True
2024-10-28,P1006,CompetitorY,400.28,True
2024-11-04,P1006,CompetitorY,377.2,True
2024-11-11,P1006,CompetitorY,376.05,True
2024-11-18,P1006,CompetitorY,370.95,True
2024-11-25,P1006,CompetitorY,408.86,True
2024-12-02,P1006,CompetitorY,399.07,True
2024-12-09,P1006,CompetitorY,382.67,True
2024-12-16,P1006,CompetitorY,405.35,True
2024-12-23,P1006,CompetitorY,381.98,True
2024-12-30,P1006,CompetitorY,391.48,True
2025-01-06,P1006,CompetitorY,383.27,True
2025-01-13,P1006,CompetitorY,387.73,True
2025-01-20,P1006,CompetitorY,386.51,True
2025-01-27,P1006,CompetitorY,378.27,True
2025-02-03,P1006,CompetitorY,395.71,True
2025-02-10,P1006,CompetitorY,391.38,True
2025-02-17,P1006,CompetitorY,394.97,True
2025-02-24,P1006,CompetitorY,386.83,True
2025-03-03,P1006,CompetitorY,372.73,True
2025-03-10,P1006,CompetitorY,402.8,True
2025-03-17,P1006,CompetitorY,380.14,True
2025-03-24,P1006,CompetitorY,387.34,True
2025-03-31,P1006,CompetitorY,390.46,True
2025-04-07,P1006,CompetitorY,387.26,True
2025-04-14,P1006,CompetitorY,393.68,False
2025-04-21,P1006,CompetitorY,395.49,True
2025-04-28,P1006,CompetitorY,380.57,True
2025-05-05,P1006,CompetitorY,401.84,True
2025-05-12,P1006,CompetitorY,380.09,True
2025-05-19,P1006,CompetitorY,387.02,True
2025-05-26,P1006,CompetitorY,378.7,True
2025-06-02,P1006,CompetitorY,375.41,True
2025-06-09,P1006,CompetitorY,395.16,True
2025-06-16,P1006,CompetitorY,419.04,True
2025-06-23,P1006,CompetitorY,379.0,True
2025-06-30,P1006,CompetitorY,397.12,True
2025-07-07,P1006,CompetitorY,379.41,True
2025-07-14,P1006,CompetitorY,383.03,True
2025-07-21,P1006,CompetitorY,403.36,True
2025-07-28,P1006,CompetitorY,370.81,True
2025-08-04,P1006,CompetitorY,367.77,True
2025-08-11,P1006,CompetitorY,382.15,True
2025-08-18,P1006,CompetitorY,390.78,True
2025-08-25,P1006,CompetitorY,388.48,True
2025-09-01,P1006,CompetitorY,387.3,True
2025-09-08,P1006,CompetitorY,383.55,True
2025-09-15,P1006,CompetitorY,392.19,True
2025-09-22,P1006,CompetitorY,349.66,True
2025-09-29,P1006,CompetitorY,374.52,True
2025-10-06,P1006,CompetitorY,382.08,True
2025-10-13,P1006,CompetitorY,391.25,True
2025-10-20,P1006,CompetitorY,400.28,True
2025-10-27,P1006,CompetitorY,372.98,True
2025-11-03,P1006,CompetitorY,399.9,True
2025-11-10,P1006,CompetitorY,377.95,True
2025-11-17,P1006,CompetitorY,381.66,True
2025-11-24,P1006,CompetitorY,389.84,True
2025-12-01,P1006,CompetitorY,380.82,True
2025-12-08,P1006,CompetitorY,395.91,False
2025-12-15,P1006,CompetitorY,378.5,True
2025-12-22,P1006,CompetitorY,378.68,True
2025-12-29,P1006,CompetitorY,395.25,False
2024-06-03,P1007,MarketLeaderCo,433.81,True
2024-06-10,P1007,MarketLeaderCo,424.95,True
2024-06-17,P1007,MarketLeaderCo,451.09,True
2024-06-24,P1007,MarketLeaderCo,403.8,True
2024-07-01,P1007,MarketLeaderCo,404.37,True
2024-07-08,P1007,MarketLeaderCo,436.42,True
2024-07-15,P1007,MarketLeaderCo,447.08,True
2024-07-22,P1007,MarketLeaderCo,442.5,True
2024-07-29,P1007,MarketLeaderCo,422.07,True
2024-08-05,P1007,MarketLeaderCo,452.01,True
2024-08-12,P1007,MarketLeaderCo,416.49,True
2024-08-19,P1007,MarketLeaderCo,449.43,True
2024-08-26,P1007,MarketLeaderCo,418.2,True
2024-09-02,P1007,MarketLeaderCo,427.9,True
2024-09-09,P1007,MarketLeaderCo,440.76,True
2024-09-16,P1007,MarketLeaderCo,413.44,True
2024-09-23,P1007,MarketLeaderCo,451.52,True
2024-09-30,P1007,MarketLeaderCo,427.82,True
2024-10-07,P1007,MarketLeaderCo,434.25,True
2024-10-14,P1007,MarketLeaderCo,447.54,True
2024-10-21,P1007,MarketLeaderCo,422.17,False
2024-10-28,P1007,MarketLeaderCo,446.23,True
2024-11-04,P1007,MarketLeaderCo,453.75,True
2024-11-11,P1007,MarketLeaderCo,423.96,True
2024-11-18,P1007,MarketLeaderCo,450.23,True
2024-11-25,P1007,MarketLeaderCo,409.62,True
2024-12-02,P1007,MarketLeaderCo,437.52,True
2024-12-09,P1007,MarketLeaderCo,416.52,True
2024-12-16,P1007,MarketLeaderCo,444.69,True
2024-12-23,P1007,MarketLeaderCo,443.63,False
2024-12-30,P1007,MarketLeaderCo,459.42,True
2025-01-06,P1007,MarketLeaderCo,450.9,True
2025-01-13,P1007,MarketLeaderCo,430.31,True
2025-01-20,P1007,MarketLeaderCo,418.43,True
2025-01-27,P1007,MarketLeaderCo,439.8,True
2025-02-03,P1007,MarketLeaderCo,431.68,True
2025-02-10,P1007,MarketLeaderCo,452.59,True
2025-02-17,P1007,MarketLeaderCo,404.36,False
2025-02-24,P1007,MarketLeaderCo,460.85,True
2025-03-03,P1007,MarketLeaderCo,439.37,False
2025-03-10,P1007,MarketLeaderCo,421.92,True
2025-03-17,P1007,MarketLeaderCo,441.99,True
2025-03-24,P1007,MarketLeaderCo,449.3,True
2025-03-31,P1007,MarketLeaderCo,433.95,False
2025-04-07,P1007,MarketLeaderCo,409.57,True
2025-04-14,P1007,MarketLeaderCo,428.65,True
2025-04-21,P1007,MarketLeaderCo,445.95,True
2025-04-28,P1007,MarketLeaderCo,438.91,True
2025-05-05,P1007,MarketLeaderCo,430.43,True
2025-05-12,P1007,MarketLeaderCo,449.44,True
2025-05-19,P1007,MarketLeaderCo,442.06,True
2025-05-26,P1007,MarketLeaderCo,443.06,True
2025-06-02,P1007,MarketLeaderCo,427.14,True
2025-06-09,P1007,MarketLeaderCo,425.88,True
2025-06-16,P1007,MarketLeaderCo,410.41,True
2025-06-23,P1007,MarketLeaderCo,429.1,True
2025-06-30,P1007,MarketLeaderCo,444.6,True
2025-07-07,P1007,MarketLeaderCo,429.82,True
2025-07-14,P1007,MarketLeaderCo,438.24,True
2025-07-21,P1007,MarketLeaderCo,446.88,True
2025-07-28,P1007,MarketLeaderCo,437.3,True
2025-08-04,P1007,MarketLeaderCo,438.57,True
2025-08-11,P1007,MarketLeaderCo,414.85,True
2025-08-18,P1007,MarketLeaderCo,428.28,True
2025-08-25,P1007,MarketLeaderCo,454.87,True
2025-09-01,P1007,MarketLeaderCo,433.81,True
2025-09-08,P1007,MarketLeaderCo,457.07,True
2025-09-15,P1007,MarketLeaderCo,423.08,True
2025-09-22,P1007,MarketLeaderCo,435.5,True
2025-09-29,P1007,MarketLeaderCo,427.5,True
2025-10-06,P1007,MarketLeaderCo,440.14,False
2025-10-13,P1007,MarketLeaderCo,444.08,True
2025-10-20,P1007,MarketLeaderCo,440.28,True
2025-10-27,P1007,MarketLeaderCo,445.98,True
2025-11-03,P1007,MarketLeaderCo,432.29,True
2025-11-10,P1007,MarketLeaderCo,429.99,True
2025-11-17,P1007,MarketLeaderCo,409.65,True
2025-11-24,P1007,MarketLeaderCo,440.75,True
2025-12-01,P1007,MarketLeaderCo,434.7,True
2025-12-08,P1007,MarketLeaderCo,431.58,False
2025-12-15,P1007,MarketLeaderCo,429.99,True
2025-12-22,P1007,MarketLeaderCo,431.99,True
2025-12-29,P1007,MarketLeaderCo,429.4,True
2024-06-03,P1007,CompetitorY,356.23,True
2024-06-10,P1007,CompetitorY,350.76,False
2024-06-17,P1007,CompetitorY,374.05,True
2024-06-24,P1007,CompetitorY,362.34,True
2024-07-01,P1007,CompetitorY,349.92,True
2024-07-08,P1007,CompetitorY,342.95,True
2024-07-15,P1007,CompetitorY,345.38,False
2024-07-22,P1007,CompetitorY,354.73,True
2024-07-29,P1007,CompetitorY,360.13,True
2024-08-05,P1007,CompetitorY,376.58,True
2024-08-12,P1007,CompetitorY,370.64,True
2024-08-19,P1007,CompetitorY,352.85,True
2024-08-26,P1007,CompetitorY,366.4,True
2024-09-02,P1007,CompetitorY,379.9,True
2024-09-09,P1007,CompetitorY,382.31,True
2024-09-16,P1007,CompetitorY,358.55,True
2024-09-23,P1007,CompetitorY,372.37,True
2024-09-30,P1007,CompetitorY,377.06,True
2024-10-07,P1007,CompetitorY,345.6,True
2024-10-14,P1007,CompetitorY,356.4,True
2024-10-21,P1007,CompetitorY,386.07,True
2024-10-28,P1007,CompetitorY,358.69,True
2024-11-04,P1007,CompetitorY,330.16,True
2024-11-11,P1007,CompetitorY,360.65,True
2024-11-18,P1007,CompetitorY,374.18,True
2024-11-25,P1007,CompetitorY,362.03,True
2024-12-02,P1007,CompetitorY,369.73,True
2024-12-09,P1007,CompetitorY,372.15,True
2024-12-16,P1007,CompetitorY,358.11,True
2024-12-23,P1007,CompetitorY,356.32,True
2024-12-30,P1007,CompetitorY,363.63,True
2025-01-06,P1007,CompetitorY,363.89,True
2025-01-13,P1007,CompetitorY,362.55,True
2025-01-20,P1007,CompetitorY,363.0,True
2025-01-27,P1007,CompetitorY,353.83,True
2025-02-03,P1007,CompetitorY,370.11,False
2025-02-10,P1007,CompetitorY,368.47,True
2025-02-17,P1007,CompetitorY,347.46,True
2025-02-24,P1007,CompetitorY,357.74,True
2025-03-03,P1007,CompetitorY,362.97,True
2025-03-10,P1007,CompetitorY,356.16,True
2025-03-17,P1007,CompetitorY,368.88,True
2025-03-24,P1007,CompetitorY,361.24,True
2025-03-31,P1007,CompetitorY,363.8,True
2025-04-07,P1007,CompetitorY,357.61,True
2025-04-14,P1007,CompetitorY,340.32,True
2025-04-21,P1007,CompetitorY,339.7,True
2025-04-28,P1007,CompetitorY,368.37,True
2025-05-05,P1007,CompetitorY,364.86,True
2025-05-12,P1007,CompetitorY,366.73,True
2025-05-19,P1007,CompetitorY,363.42,True
2025-05-26,P1007,CompetitorY,364.29,True
2025-06-02,P1007,CompetitorY,372.49,True
2025-06-09,P1007,CompetitorY,366.79,True
2025-06-16,P1007,CompetitorY,373.27,True
2025-06-23,P1007,CompetitorY,363.82,False
2025-06-30,P1007,CompetitorY,358.7,True
2025-07-07,P1007,CompetitorY,364.07,True
2025-07-14,P1007,CompetitorY,352.88,True
2025-07-21,P1007,CompetitorY,357.84,True
2025-07-28,P1007,CompetitorY,363.89,True
2025-08-04,P1007,CompetitorY,363.75,True
2025-08-11,P1007,CompetitorY,360.81,True
2025-08-18,P1007,CompetitorY,346.89,True
2025-08-25,P1007,CompetitorY,368.87,False
2025-09-01,P1007,CompetitorY,371.02,True
2025-09-08,P1007,CompetitorY,379.81,True
2025-09-15,P1007,CompetitorY,366.76,True
2025-09-22,P1007,CompetitorY,361.98,True
2025-09-29,P1007,CompetitorY,350.96,True
2025-10-06,P1007,CompetitorY,378.16,True
2025-10-13,P1007,CompetitorY,364.65,True
2025-10-20,P1007,CompetitorY,364.06,True
2025-10-27,P1007,CompetitorY,359.2,True
2025-11-03,P1007,CompetitorY,358.51,True
2025-11-10,P1007,CompetitorY,369.44,True
2025-11-17,P1007,CompetitorY,350.87,True
2025-11-24,P1007,CompetitorY,379.61,True
2025-12-01,P1007,CompetitorY,377.25,True
2025-12-08,P1007,CompetitorY,358.12,True
2025-12-15,P1007,CompetitorY,352.58,True
2025-12-22,P1007,CompetitorY,340.08,True
2025-12-29,P1007,CompetitorY,348.37,True
2024-06-03,P1007,CompetitorX,432.48,True
2024-06-10,P1007,CompetitorX,445.33,True
2024-06-17,P1007,CompetitorX,455.53,True
2024-06-24,P1007,CompetitorX,440.1,True
2024-07-01,P1007,CompetitorX,421.09,True
2024-07-08,P1007,CompetitorX,432.79,True
2024-07-15,P1007,CompetitorX,427.84,True
2024-07-22,P1007,CompetitorX,436.23,True
2024-07-29,P1007,CompetitorX,452.88,True
2024-08-05,P1007,CompetitorX,403.49,True
2024-08-12,P1007,CompetitorX,431.34,True
2024-08-19,P1007,CompetitorX,430.39,True
2024-08-26,P1007,CompetitorX,420.27,True
2024-09-02,P1007,CompetitorX,444.4,True
2024-09-09,P1007,CompetitorX,418.19,True
2024-09-16,P1007,CompetitorX,419.7,True
2024-09-23,P1007,CompetitorX,447.88,True
2024-09-30,P1007,CompetitorX,456.39,True
2024-10-07,P1007,CompetitorX,435.74,True
2024-10-14,P1007,CompetitorX,420.78,True
2024-10-21,P1007,CompetitorX,427.49,True
2024-10-28,P1007,CompetitorX,449.94,True
2024-11-04,P1007,CompetitorX,438.26,True
2024-11-11,P1007,CompetitorX,435.41,True
2024-11-18,P1007,CompetitorX,440.84,True
2024-11-25,P1007,CompetitorX,436.24,True
2024-12-02,P1007,CompetitorX,456.99,True
2024-12-09,P1007,CompetitorX,426.92,True
2024-12-16,P1007,CompetitorX,425.41,True
2024-12-23,P1007,CompetitorX,418.61,True
2024-12-30,P1007,CompetitorX,429.66,True
2025-01-06,P1007,CompetitorX,422.43,True
2025-01-13,P1007,CompetitorX,439.59,True
2025-01-20,P1007,CompetitorX,437.01,True
2025-01-27,P1007,CompetitorX,422.6,True
2025-02-03,P1007,CompetitorX,444.45,True
2025-02-10,P1007,CompetitorX,456.61,True
2025-02-17,P1007,CompetitorX,441.42,True
2025-02-24,P1007,CompetitorX,403.41,True
2025-03-03,P1007,CompetitorX,462.77,True
2025-03-10,P1007,CompetitorX,446.52,True
2025-03-17,P1007,CompetitorX,462.37,True
2025-03-24,P1007,CompetitorX,451.02,True
2025-03-31,P1007,CompetitorX,453.64,True
2025-04-07,P1007,CompetitorX,439.42,True
2025-04-14,P1007,CompetitorX,433.3,True
2025-04-21,P1007,CompetitorX,441.63,True
2025-04-28,P1007,CompetitorX,427.45,True
2025-05-05,P1007,CompetitorX,442.42,True
2025-05-12,P1007,CompetitorX,402.32,True
2025-05-19,P1007,CompetitorX,437.3,True
2025-05-26,P1007,CompetitorX,454.35,True
2025-06-02,P1007,CompetitorX,437.97,True
2025-06-09,P1007,CompetitorX,459.37,True
2025-06-16,P1007,CompetitorX,433.28,True
2025-06-23,P1007,CompetitorX,449.87,True
2025-06-30,P1007,CompetitorX,425.23,True
2025-07-07,P1007,CompetitorX,449.34,True
2025-07-14,P1007,CompetitorX,439.78,True
2025-07-21,P1007,CompetitorX,433.85,True
2025-07-28,P1007,CompetitorX,403.01,True
2025-08-04,P1007,CompetitorX,433.4,True
2025-08-11,P1007,CompetitorX,439.53,True
2025-08-18,P1007,CompetitorX,447.59,True
2025-08-25,P1007,CompetitorX,457.19,True
2025-09-01,P1007,CompetitorX,463.4,True
2025-09-08,P1007,CompetitorX,453.06,True
2025-09-15,P1007,CompetitorX,429.37,True
2025-09-22,P1007,CompetitorX,432.74,True
2025-09-29,P1007,CompetitorX,446.42,True
2025-10-06,P1007,CompetitorX,443.54,True
2025-10-13,P1007,CompetitorX,458.07,True
2025-10-20,P1007,CompetitorX,469.22,True
2025-10-27,P1007,CompetitorX,466.44,True
2025-11-03,P1007,CompetitorX,456.31,False
2025-11-10,P1007,CompetitorX,443.65,True
2025-11-17,P1007,CompetitorX,454.41,True
2025-11-24,P1007,CompetitorX,458.5,True
2025-12-01,P1007,CompetitorX,434.8,True
2025-12-08,P1007,CompetitorX,429.75,True
2025-12-15,P1007,CompetitorX,426.68,True
2025-12-22,P1007,CompetitorX,425.25,False
2025-12-29,P1007,CompetitorX,418.63,True
2024-06-03,P1007,CompetitorZ,396.74,True
2024-06-10,P1007,CompetitorZ,395.47,True
2024-06-17,P1007,CompetitorZ,400.58,True
2024-06-24,P1007,CompetitorZ,402.56,True
2024-07-01,P1007,CompetitorZ,405.59,True
2024-07-08,P1007,CompetitorZ,410.0,True
2024-07-15,P1007,CompetitorZ,400.96,True
2024-07-22,P1007,CompetitorZ,416.09,True
2024-07-29,P1007,CompetitorZ,395.2,True
2024-08-05,P1007,CompetitorZ,391.74,True
2024-08-12,P1007,CompetitorZ,400.97,False
2024-08-19,P1007,CompetitorZ,391.23,True
2024-08-26,P1007,CompetitorZ,415.68,True
2024-09-02,P1007,CompetitorZ,407.15,True
2024-09-09,P1007,CompetitorZ,402.65,True
2024-09-16,P1007,CompetitorZ,395.34,True
2024-09-23,P1007,CompetitorZ,388.98,True
2024-09-30,P1007,CompetitorZ,402.08,True
2024-10-07,P1007,CompetitorZ,380.48,True
2024-10-14,P1007,CompetitorZ,411.92,True
2024-10-21,P1007,CompetitorZ,391.69,True
2024-10-28,P1007,CompetitorZ,397.4,True
2024-11-04,P1007,CompetitorZ,383.05,True
2024-11-11,P1007,CompetitorZ,402.33,True
2024-11-18,P1007,CompetitorZ,388.43,True
2024-11-25,P1007,CompetitorZ,401.46,True
2024-12-02,P1007,CompetitorZ,402.74,True
2024-12-09,P1007,CompetitorZ,386.14,True
2024-12-16,P1007,CompetitorZ,380.52,True
2024-12-23,P1007,CompetitorZ,411.89,True
2024-12-30,P1007,CompetitorZ,391.52,True
2025-01-06,P1007,CompetitorZ,396.45,True
2025-01-13,P1007,CompetitorZ,399.53,True
2025-01-20,P1007,CompetitorZ,378.98,True
2025-01-27,P1007,CompetitorZ,399.26,True
2025-02-03,P1007,CompetitorZ,394.96,True
2025-02-10,P1007,CompetitorZ,386.19,True
2025-02-17,P1007,CompetitorZ,380.13,True
2025-02-24,P1007,CompetitorZ,400.95,True
2025-03-03,P1007,CompetitorZ,407.11,True
2025-03-10,P1007,CompetitorZ,395.9,True
2025-03-17,P1007,CompetitorZ,376.84,True
2025-03-24,P1007,CompetitorZ,381.3,True
2025-03-31,P1007,CompetitorZ,388.69,False
2025-04-07,P1007,CompetitorZ,412.28,True
2025-04-14,P1007,CompetitorZ,390.88,True
2025-04-21,P1007,CompetitorZ,388.26,True
2025-04-28,P1007,CompetitorZ,374.02,True
2025-05-05,P1007,CompetitorZ,386.03,True
2025-05-12,P1007,CompetitorZ,379.23,True
2025-05-19,P1007,CompetitorZ,381.94,True
2025-05-26,P1007,CompetitorZ,395.21,True
2025-06-02,P1007,CompetitorZ,389.05,True
2025-06-09,P1007,CompetitorZ,413.87,True
2025-06-16,P1007,CompetitorZ,406.53,True
2025-06-23,P1007,CompetitorZ,386.6,True
2025-06-30,P1007,CompetitorZ,382.96,True
2025-07-07,P1007,CompetitorZ,410.13,True
2025-07-14,P1007,CompetitorZ,413.4,True
2025-07-21,P1007,CompetitorZ,367.87,True
2025-07-28,P1007,CompetitorZ,394.89,True
2025-08-04,P1007,CompetitorZ,390.82,True
2025-08-11,P1007,CompetitorZ,401.46,True
2025-08-18,P1007,CompetitorZ,416.74,True
2025-08-25,P1007,CompetitorZ,388.07,True
2025-09-01,P1007,CompetitorZ,369.45,True
2025-09-08,P1007,CompetitorZ,400.63,True
2025-09-15,P1007,CompetitorZ,410.21,True
2025-09-22,P1007,CompetitorZ,390.2,True
2025-09-29,P1007,CompetitorZ,385.46,True
2025-10-06,P1007,CompetitorZ,388.63,True
2025-10-13,P1007,CompetitorZ,403.84,True
2025-10-20,P1007,CompetitorZ,388.42,True
2025-10-27,P1007,CompetitorZ,397.67,True
2025-11-03,P1007,CompetitorZ,394.12,True
2025-11-10,P1007,CompetitorZ,392.9,True
2025-11-17,P1007,CompetitorZ,402.08,True
2025-11-24,P1007,CompetitorZ,388.14,True
2025-12-01,P1007,CompetitorZ,388.7,True
2025-12-08,P1007,CompetitorZ,403.21,True
2025-12-15,P1007,CompetitorZ,382.13,True
2025-12-22,P1007,CompetitorZ,383.39,True
2025-12-29,P1007,CompetitorZ,378.9,True
2024-02-26,P1008,CompetitorY,577.77,True
2024-03-04,P1008,CompetitorY,585.69,True
2024-03-11,P1008,CompetitorY,559.53,True
2024-03-18,P1008,CompetitorY,563.6,True
2024-03-25,P1008,CompetitorY,562.06,True
2024-04-01,P1008,CompetitorY,567.26,True
2024-04-08,P1008,CompetitorY,592.26,True
2024-04-15,P1008,CompetitorY,571.26,True
2024-04-22,P1008,CompetitorY,587.66,True
2024-04-29,P1008,CompetitorY,556.56,True
2024-05-06,P1008,CompetitorY,566.63,True
2024-05-13,P1008,CompetitorY,589.63,True
2024-05-20,P1008,CompetitorY,559.37,True
2024-05-27,P1008,CompetitorY,590.63,True
2024-06-03,P1008,CompetitorY,562.42,True
2024-06-10,P1008,CompetitorY,567.69,True
2024-06-17,P1008,CompetitorY,601.94,True
2024-06-24,P1008,CompetitorY,565.73,True
2024-07-01,P1008,CompetitorY,575.72,True
2024-07-08,P1008,CompetitorY,583.82,False
2024-07-15,P1008,CompetitorY,577.12,True
2024-07-22,P1008,CompetitorY,577.61,True
2024-07-29,P1008,CompetitorY,572.25,True
2024-08-05,P1008,CompetitorY,550.83,True
2024-08-12,P1008,CompetitorY,579.21,True
2024-08-19,P1008,CompetitorY,560.63,True
2024-08-26,P1008,CompetitorY,586.56,True
2024-09-02,P1008,CompetitorY,596.82,True
2024-09-09,P1008,CompetitorY,542.17,True
2024-09-16,P1008,CompetitorY,596.85,True
2024-09-23,P1008,CompetitorY,566.15,True
2024-09-30,P1008,CompetitorY,570.97,True
2024-10-07,P1008,CompetitorY,557.53,True
2024-10-14,P1008,CompetitorY,576.46,True
2024-10-21,P1008,CompetitorY,574.37,True
2024-10-28,P1008,CompetitorY,591.74,True
2024-11-04,P1008,CompetitorY,560.47,True
2024-11-11,P1008,CompetitorY,601.78,True
2024-11-18,P1008,CompetitorY,584.65,True
2024-11-25,P1008,CompetitorY,574.79,True
2024-12-02,P1008,CompetitorY,570.11,True
2024-12-09,P1008,CompetitorY,567.95,False
2024-12-16,P1008,CompetitorY,569.07,True
2024-12-23,P1008,CompetitorY,576.12,True
2024-12-30,P1008,CompetitorY,569.63,True
2025-01-06,P1008,CompetitorY,562.21,True
2025-01-13,P1008,CompetitorY,576.22,True
2025-01-20,P1008,CompetitorY,558.84,True
2025-01-27,P1008,CompetitorY,578.77,True
2025-02-03,P1008,CompetitorY,569.39,True
2025-02-10,P1008,CompetitorY,585.21,True
2025-02-17,P1008,CompetitorY,590.23,True
2025-02-24,P1008,CompetitorY,590.23,True
2025-03-03,P1008,CompetitorY,578.69,True
2025-03-10,P1008,CompetitorY,580.7,True
2025-03-17,P1008,CompetitorY,567.67,True
2025-03-24,P1008,CompetitorY,584.88,True
2025-03-31,P1008,CompetitorY,586.82,True
2025-04-07,P1008,CompetitorY,546.27,True
2025-04-14,P1008,CompetitorY,579.73,True
2025-04-21,P1008,CompetitorY,596.75,True
2025-04-28,P1008,CompetitorY,567.1,True
2025-05-05,P1008,CompetitorY,563.34,True
2025-05-12,P1008,CompetitorY,566.0,True
2025-05-19,P1008,CompetitorY,547.34,True
2025-05-26,P1008,CompetitorY,575.39,True
2025-06-02,P1008,CompetitorY,573.74,True
2025-06-09,P1008,CompetitorY,576.61,True
2025-06-16,P1008,CompetitorY,580.38,True
2025-06-23,P1008,CompetitorY,559.5,True
2025-06-30,P1008,CompetitorY,577.92,True
2025-07-07,P1008,CompetitorY,580.85,True
2025-07-14,P1008,CompetitorY,564.82,True
2025-07-21,P1008,CompetitorY,580.45,True
2025-07-28,P1008,CompetitorY,574.61,True
2025-08-04,P1008,CompetitorY,562.37,True
2025-08-11,P1008,CompetitorY,578.09,True
2025-08-18,P1008,CompetitorY,568.22,True
2025-08-25,P1008,CompetitorY,585.21,True
2025-09-01,P1008,CompetitorY,569.11,True
2025-09-08,P1008,CompetitorY,551.04,True
2025-09-15,P1008,CompetitorY,577.81,True
2025-09-22,P1008,CompetitorY,577.17,True
2025-09-29,P1008,CompetitorY,554.63,True
2025-10-06,P1008,CompetitorY,586.13,True
2025-10-13,P1008,CompetitorY,585.23,True
2025-10-20,P1008,CompetitorY,558.26,True
2025-10-27,P1008,CompetitorY,561.88,True
2025-11-03,P1008,CompetitorY,570.78,True
2025-11-10,P1008,CompetitorY,560.17,True
2025-11-17,P1008,CompetitorY,584.24,True
2025-11-24,P1008,CompetitorY,575.79,True
2025-12-01,P1008,CompetitorY,554.42,True
2025-12-08,P1008,CompetitorY,559.08,True
2025-12-15,P1008,CompetitorY,593.65,True
2025-12-22,P1008,CompetitorY,599.63,True
2025-12-29,P1008,CompetitorY,582.49,True
2024-02-26,P1008,CompetitorZ,632.31,True
2024-03-04,P1008,CompetitorZ,622.59,True
2024-03-11,P1008,CompetitorZ,621.79,True
2024-03-18,P1008,CompetitorZ,665.94,True
2024-03-25,P1008,CompetitorZ,637.68,True
2024-04-01,P1008,CompetitorZ,637.8,True
2024-04-08,P1008,CompetitorZ,632.91,True
2024-04-15,P1008,CompetitorZ,612.98,True
2024-04-22,P1008,CompetitorZ,649.24,True
2024-04-29,P1008,CompetitorZ,644.16,True
2024-05-06,P1008,CompetitorZ,639.57,True
2024-05-13,P1008,CompetitorZ,634.12,True
2024-05-20,P1008,CompetitorZ,630.76,True
2024-05-27,P1008,CompetitorZ,653.76,True
2024-06-03,P1008,CompetitorZ,633.65,True
2024-06-10,P1008,CompetitorZ,635.12,True
2024-06-17,P1008,CompetitorZ,646.46,True
2024-06-24,P1008,CompetitorZ,640.32,True
2024-07-01,P1008,CompetitorZ,667.7,True
2024-07-08,P1008,CompetitorZ,602.72,False
2024-07-15,P1008,CompetitorZ,642.07,True
2024-07-22,P1008,CompetitorZ,622.88,True
2024-07-29,P1008,CompetitorZ,618.36,False
2024-08-05,P1008,CompetitorZ,627.62,True
2024-08-12,P1008,CompetitorZ,637.39,True
2024-08-19,P1008,CompetitorZ,638.24,True
2024-08-26,P1008,CompetitorZ,607.38,True
2024-09-02,P1008,CompetitorZ,626.02,True
2024-09-09,P1008,CompetitorZ,641.71,True
2024-09-16,P1008,CompetitorZ,619.6,True
2024-09-23,P1008,CompetitorZ,615.06,True
2024-09-30,P1008,CompetitorZ,593.27,True
2024-10-07,P1008,CompetitorZ,623.68,True
2024-10-14,P1008,CompetitorZ,614.4,True
2024-10-21,P1008,CompetitorZ,617.56,True
2024-10-28,P1008,CompetitorZ,631.16,True
2024-11-04,P1008,CompetitorZ,624.89,True
2024-11-11,P1008,CompetitorZ,614.08,True
2024-11-18,P1008,CompetitorZ,595.95,True
2024-11-25,P1008,CompetitorZ,642.12,True
2024-12-02,P1008,CompetitorZ,650.72,True
2024-12-09,P1008,CompetitorZ,628.77,True
2024-12-16,P1008,CompetitorZ,631.27,True
2024-12-23,P1008,CompetitorZ,636.4,True
2024-12-30,P1008,CompetitorZ,666.48,True
2025-01-06,P1008,CompetitorZ,606.42,True
2025-01-13,P1008,CompetitorZ,628.43,True
2025-01-20,P1008,CompetitorZ,603.47,True
2025-01-27,P1008,CompetitorZ,643.26,True
2025-02-03,P1008,CompetitorZ,633.6,True
2025-02-10,P1008,CompetitorZ,640.22,True
2025-02-17,P1008,CompetitorZ,639.27,False
2025-02-24,P1008,CompetitorZ,655.26,True
2025-03-03,P1008,CompetitorZ,646.62,True
2025-03-10,P1008,CompetitorZ,652.2,True
2025-03-17,P1008,CompetitorZ,616.0,True
2025-03-24,P1008,CompetitorZ,659.12,True
2025-03-31,P1008,CompetitorZ,622.56,True
2025-04-07,P1008,CompetitorZ,623.65,True
2025-04-14,P1008,CompetitorZ,641.52,True
2025-04-21,P1008,CompetitorZ,642.11,True
2025-04-28,P1008,CompetitorZ,615.88,True
2025-05-05,P1008,CompetitorZ,633.04,True
2025-05-12,P1008,CompetitorZ,664.76,True
2025-05-19,P1008,CompetitorZ,608.31,True
2025-05-26,P1008,CompetitorZ,664.7,True
2025-06-02,P1008,CompetitorZ,631.73,True
2025-06-09,P1008,CompetitorZ,591.72,True
2025-06-16,P1008,CompetitorZ,610.25,True
2025-06-23,P1008,CompetitorZ,617.95,True
2025-06-30,P1008,CompetitorZ,624.43,True
2025-07-07,P1008,CompetitorZ,634.35,True
2025-07-14,P1008,CompetitorZ,584.73,True
2025-07-21,P1008,CompetitorZ,639.91,True
2025-07-28,P1008,CompetitorZ,616.2,True
2025-08-04,P1008,CompetitorZ,662.89,True
2025-08-11,P1008,CompetitorZ,631.19,True
2025-08-18,P1008,CompetitorZ,654.34,True
2025-08-25,P1008,CompetitorZ,657.54,True
2025-09-01,P1008,CompetitorZ,657.03,True
2025-09-08,P1008,CompetitorZ,625.53,True
2025-09-15,P1008,CompetitorZ,625.29,True
2025-09-22,P1008,CompetitorZ,632.05,True
2025-09-29,P1008,CompetitorZ,648.49,True
2025-10-06,P1008,CompetitorZ,626.6,True
2025-10-13,P1008,CompetitorZ,634.07,True
2025-10-20,P1008,CompetitorZ,641.57,True
2025-10-27,P1008,CompetitorZ,619.07,True
2025-11-03,P1008,CompetitorZ,617.86,True
2025-11-10,P1008,CompetitorZ,633.32,True
2025-11-17,P1008,CompetitorZ,635.85,True
2025-11-24,P1008,CompetitorZ,644.63,True
2025-12-01,P1008,CompetitorZ,649.17,True
2025-12-08,P1008,CompetitorZ,615.36,False
2025-12-15,P1008,CompetitorZ,620.84,True
2025-12-22,P1008,CompetitorZ,617.81,True
2025-12-29,P1008,CompetitorZ,663.31,True
2024-02-26,P1008,CompetitorX,635.08,True
2024-03-04,P1008,CompetitorX,615.03,True
2024-03-11,P1008,CompetitorX,582.0,True
2024-03-18,P1008,CompetitorX,598.73,True
2024-03-25,P1008,CompetitorX,567.06,True
2024-04-01,P1008,CompetitorX,593.01,True
2024-04-08,P1008,CompetitorX,588.68,True
2024-04-15,P1008,CompetitorX,577.11,True
2024-04-22,P1008,CompetitorX,583.62,True
2024-04-29,P1008,CompetitorX,581.87,True
2024-05-06,P1008,CompetitorX,571.84,True
2024-05-13,P1008,CompetitorX,576.7,True
2024-05-20,P1008,CompetitorX,566.33,False
2024-05-27,P1008,CompetitorX,607.16,True
2024-06-03,P1008,CompetitorX,575.39,True
2024-06-10,P1008,CompetitorX,570.24,True
2024-06-17,P1008,CompetitorX,606.88,True
2024-06-24,P1008,CompetitorX,598.5,True
2024-07-01,P1008,CompetitorX,606.23,True
2024-07-08,P1008,CompetitorX,608.21,True
2024-07-15,P1008,CompetitorX,626.34,True
2024-07-22,P1008,CompetitorX,589.17,True
2024-07-29,P1008,CompetitorX,566.05,True
2024-08-05,P1008,CompetitorX,596.75,True
2024-08-12,P1008,CompetitorX,580.06,False
2024-08-19,P1008,CompetitorX,574.94,True
2024-08-26,P1008,CompetitorX,593.71,True
2024-09-02,P1008,CompetitorX,607.31,True
2024-09-09,P1008,CompetitorX,577.09,True
2024-09-16,P1008,CompetitorX,614.57,True
2024-09-23,P1008,CompetitorX,574.37,True
2024-09-30,P1008,CompetitorX,587.61,True
2024-10-07,P1008,CompetitorX,598.8,True
2024-10-14,P1008,CompetitorX,585.05,True
2024-10-21,P1008,CompetitorX,560.4,True
2024-10-28,P1008,CompetitorX,608.41,True
2024-11-04,P1008,CompetitorX,580.87,True
2024-11-11,P1008,CompetitorX,605.17,True
2024-11-18,P1008,CompetitorX,569.49,True
2024-11-25,P1008,CompetitorX,572.52,True
2024-12-02,P1008,CompetitorX,607.25,True
2024-12-09,P1008,CompetitorX,597.99,True
2024-12-16,P1008,CompetitorX,584.15,True
2024-12-23,P1008,CompetitorX,598.24,True
2024-12-30,P1008,CompetitorX,575.0,True
2025-01-06,P1008,CompetitorX,593.9,True
2025-01-13,P1008,CompetitorX,594.22,True
2025-01-20,P1008,CompetitorX,585.3,True
2025-01-27,P1008,CompetitorX,577.11,True
2025-02-03,P1008,CompetitorX,593.19,True
2025-02-10,P1008,CompetitorX,590.96,True
2025-02-17,P1008,CompetitorX,583.67,True
2025-02-24,P1008,CompetitorX,573.58,True
2025-03-03,P1008,CompetitorX,592.16,True
2025-03-10,P1008,CompetitorX,583.71,True
2025-03-17,P1008,CompetitorX,573.57,True
2025-03-24,P1008,CompetitorX,592.71,True
2025-03-31,P1008,CompetitorX,620.5,True
2025-04-07,P1008,CompetitorX,585.42,True
2025-04-14,P1008,CompetitorX,618.54,False
2025-04-21,P1008,CompetitorX,629.49,True
2025-04-28,P1008,CompetitorX,575.01,False
2025-05-05,P1008,CompetitorX,592.1,True
2025-05-12,P1008,CompetitorX,629.3,True
2025-05-19,P1008,CompetitorX,589.79,True
2025-05-26,P1008,CompetitorX,592.59,True
2025-06-02,P1008,CompetitorX,562.28,True
2025-06-09,P1008,CompetitorX,582.5,True
2025-06-16,P1008,CompetitorX,601.8,True
2025-06-23,P1008,CompetitorX,635.08,True
2025-06-30,P1008,CompetitorX,588.46,True
2025-07-07,P1008,CompetitorX,562.41,True
2025-07-14,P1008,CompetitorX,566.98,True
2025-07-21,P1008,CompetitorX,591.3,True
2025-07-28,P1008,CompetitorX,612.84,True
2025-08-04,P1008,CompetitorX,603.26,True
2025-08-11,P1008,CompetitorX,600.11,True
2025-08-18,P1008,CompetitorX,615.19,True
2025-08-25,P1008,CompetitorX,579.15,True
2025-09-01,P1008,CompetitorX,592.28,True
2025-09-08,P1008,CompetitorX,582.7,True
2025-09-15,P1008,CompetitorX,587.12,True
2025-09-22,P1008,CompetitorX,574.07,True
2025-09-29,P1008,CompetitorX,585.83,True
2025-10-06,P1008,CompetitorX,591.45,True
2025-10-13,P1008,CompetitorX,585.34,True
2025-10-20,P1008,CompetitorX,589.08,True
2025-10-27,P1008,CompetitorX,599.13,True
2025-11-03,P1008,CompetitorX,613.94,True
2025-11-10,P1008,CompetitorX,615.22,True
2025-11-17,P1008,CompetitorX,605.46,False
2025-11-24,P1008,CompetitorX,569.56,True
2025-12-01,P1008,CompetitorX,585.54,False
2025-12-08,P1008,CompetitorX,587.07,False
2025-12-15,P1008,CompetitorX,580.27,True
2025-12-22,P1008,CompetitorX,598.02,True
2025-12-29,P1008,CompetitorX,563.63,True
2024-02-26,P1008,MarketLeaderCo,548.36,True
2024-03-04,P1008,MarketLeaderCo,523.08,False
2024-03-11,P1008,MarketLeaderCo,517.09,True
2024-03-18,P1008,MarketLeaderCo,528.63,True
2024-03-25,P1008,MarketLeaderCo,527.93,True
2024-04-01,P1008,MarketLeaderCo,545.79,True
2024-04-08,P1008,MarketLeaderCo,520.35,True
2024-04-15,P1008,MarketLeaderCo,540.55,True
2024-04-22,P1008,MarketLeaderCo,536.26,True
2024-04-29,P1008,MarketLeaderCo,557.76,True
2024-05-06,P1008,MarketLeaderCo,519.85,True
2024-05-13,P1008,MarketLeaderCo,515.26,True
2024-05-20,P1008,MarketLeaderCo,541.54,True
2024-05-27,P1008,MarketLeaderCo,527.88,True
2024-06-03,P1008,MarketLeaderCo,541.91,True
2024-06-10,P1008,MarketLeaderCo,533.07,True
2024-06-17,P1008,MarketLeaderCo,488.86,False
2024-06-24,P1008,MarketLeaderCo,527.74,True
2024-07-01,P1008,MarketLeaderCo,526.72,True
2024-07-08,P1008,MarketLeaderCo,523.93,True
2024-07-15,P1008,MarketLeaderCo,519.78,True
2024-07-22,P1008,MarketLeaderCo,496.92,True
2024-07-29,P1008,MarketLeaderCo,535.53,True
2024-08-05,P1008,MarketLeaderCo,527.7,True
2024-08-12,P1008,MarketLeaderCo,539.1,True
2024-08-19,P1008,MarketLeaderCo,497.76,True
2024-08-26,P1008,MarketLeaderCo,529.78,True
2024-09-02,P1008,MarketLeaderCo,518.17,True
2024-09-09,P1008,MarketLeaderCo,524.1,True
2024-09-16,P1008,MarketLeaderCo,518.35,True
2024-09-23,P1008,MarketLeaderCo,530.36,True
2024-09-30,P1008,MarketLeaderCo,519.3,True
2024-10-07,P1008,MarketLeaderCo,505.38,True
2024-10-14,P1008,MarketLeaderCo,523.2,True
2024-10-21,P1008,MarketLeaderCo,518.49,True
2024-10-28,P1008,MarketLeaderCo,520.54,True
2024-11-04,P1008,MarketLeaderCo,471.94,True
2024-11-11,P1008,MarketLeaderCo,532.53,True
2024-11-18,P1008,MarketLeaderCo,516.92,False
2024-11-25,P1008,MarketLeaderCo,500.74,True
2024-12-02,P1008,MarketLeaderCo,536.29,True
2024-12-09,P1008,MarketLeaderCo,531.81,True
2024-12-16,P1008,MarketLeaderCo,516.72,False
2024-12-23,P1008,MarketLeaderCo,503.81,True
2024-12-30,P1008,MarketLeaderCo,524.63,True
2025-01-06,P1008,MarketLeaderCo,523.77,True
2025-01-13,P1008,MarketLeaderCo,536.32,True
2025-01-20,P1008,MarketLeaderCo,514.9,True
2025-01-27,P1008,MarketLeaderCo,540.55,True
2025-02-03,P1008,MarketLeaderCo,513.39,True
2025-02-10,P1008,MarketLeaderCo,500.78,True
2025-02-17,P1008,MarketLeaderCo,504.12,True
2025-02-24,P1008,MarketLeaderCo,520.87,True
2025-03-03,P1008,MarketLeaderCo,520.82,True
2025-03-10,P1008,MarketLeaderCo,526.98,True
2025-03-17,P1008,MarketLeaderCo,520.43,False
2025-03-24,P1008,MarketLeaderCo,537.15,True
2025-03-31,P1008,MarketLeaderCo,517.76,True
2025-04-07,P1008,MarketLeaderCo,490.59,True
2025-04-14,P1008,MarketLeaderCo,519.95,True
2025-04-21,P1008,MarketLeaderCo,490.43,True
2025-04-28,P1008,MarketLeaderCo,526.09,True
2025-05-05,P1008,MarketLeaderCo,538.4,True
2025-05-12,P1008,MarketLeaderCo,506.41,True
2025-05-19,P1008,MarketLeaderCo,544.05,True
2025-05-26,P1008,MarketLeaderCo,535.04,True
2025-06-02,P1008,MarketLeaderCo,540.73,True
2025-06-09,P1008,MarketLeaderCo,524.81,True
2025-06-16,P1008,MarketLeaderCo,506.3,True
2025-06-23,P1008,MarketLeaderCo,534.07,True
2025-06-30,P1008,MarketLeaderCo,512.07,True
2025-07-07,P1008,MarketLeaderCo,523.69,True
2025-07-14,P1008,MarketLeaderCo,519.16,True
2025-07-21,P1008,MarketLeaderCo,539.45,True
2025-07-28,P1008,MarketLeaderCo,533.28,True
2025-08-04,P1008,MarketLeaderCo,520.58,True
2025-08-11,P1008,MarketLeaderCo,491.29,True
2025-08-18,P1008,MarketLeaderCo,511.9,True
2025-08-25,P1008,MarketLeaderCo,532.87,True
2025-09-01,P1008,MarketLeaderCo,526.23,True
2025-09-08,P1008,MarketLeaderCo,498.31,True
2025-09-15,P1008,MarketLeaderCo,493.56,True
2025-09-22,P1008,MarketLeaderCo,524.91,True
2025-09-29,P1008,MarketLeaderCo,505.3,True
2025-10-06,P1008,MarketLeaderCo,506.8,True
2025-10-13,P1008,MarketLeaderCo,532.38,True
2025-10-20,P1008,MarketLeaderCo,540.67,True
2025-10-27,P1008,MarketLeaderCo,510.09,True
2025-11-03,P1008,MarketLeaderCo,521.14,True
2025-11-10,P1008,MarketLeaderCo,520.68,True
2025-11-17,P1008,MarketLeaderCo,519.27,True
2025-11-24,P1008,MarketLeaderCo,522.48,True
2025-12-01,P1008,MarketLeaderCo,533.69,True
2025-12-08,P1008,MarketLeaderCo,511.3,True
2025-12-15,P1008,MarketLeaderCo,497.97,True
2025-12-22,P1008,MarketLeaderCo,548.3,True
2025-12-29,P1008,MarketLeaderCo,538.9,True
2024-04-22,P1009,CompetitorY,422.32,True
2024-04-29,P1009,CompetitorY,427.04,True
2024-05-06,P1009,CompetitorY,412.98,False
2024-05-13,P1009,CompetitorY,436.54,True
2024-05-20,P1009,CompetitorY,422.43,True
2024-05-27,P1009,CompetitorY,430.65,True
2024-06-03,P1009,CompetitorY,425.88,True
2024-06-10,P1009,CompetitorY,424.05,True
2024-06-17,P1009,CompetitorY,429.76,True
2024-06-24,P1009,CompetitorY,424.19,True
2024-07-01,P1009,CompetitorY,406.77,True
2024-07-08,P1009,CompetitorY,435.59,True
2024-07-15,P1009,CompetitorY,432.19,True
2024-07-22,P1009,CompetitorY,395.17,True
2024-07-29,P1009,CompetitorY,413.55,True
2024-08-05,P1009,CompetitorY,435.02,True
2024-08-12,P1009,CompetitorY,398.71,True
2024-08-19,P1009,CompetitorY,433.77,True
2024-08-26,P1009,CompetitorY,420.04,True
2024-09-02,P1009,CompetitorY,438.79,True
2024-09-09,P1009,CompetitorY,421.82,True
2024-09-16,P1009,CompetitorY,412.69,True
2024-09-23,P1009,CompetitorY,425.73,True
2024-09-30,P1009,CompetitorY,421.45,True
2024-10-07,P1009,CompetitorY,411.57,True
2024-10-14,P1009,CompetitorY,449.9,True
2024-10-21,P1009,CompetitorY,409.54,True
2024-10-28,P1009,CompetitorY,393.45,True
2024-11-04,P1009,CompetitorY,441.85,True
2024-11-11,P1009,CompetitorY,414.45,True
2024-11-18,P1009,CompetitorY,418.08,True
2024-11-25,P1009,CompetitorY,417.3,True
2024-12-02,P1009,CompetitorY,414.62,True
2024-12-09,P1009,CompetitorY,412.14,True
2024-12-16,P1009,CompetitorY,409.22,True
2024-12-23,P1009,CompetitorY,422.65,True
2024-12-30,P1009,CompetitorY,416.74,True
2025-01-06,P1009,CompetitorY,431.07,True
2025-01-13,P1009,CompetitorY,427.94,True
2025-01-20,P1009,CompetitorY,410.09,True
2025-01-27,P1009,CompetitorY,423.21,True
2025-02-03,P1009,CompetitorY,416.54,True
2025-02-10,P1009,CompetitorY,409.28,True
2025-02-17,P1009,CompetitorY,430.56,True
2025-02-24,P1009,CompetitorY,420.3,True
2025-03-03,P1009,CompetitorY,416.67,True
2025-03-10,P1009,CompetitorY,411.0,True
2025-03-17,P1009,CompetitorY,408.82,True
2025-03-24,P1009,CompetitorY,447.0,True
2025-03-31,P1009,CompetitorY,426.06,True
2025-04-07,P1009,CompetitorY,408.02,True
2025-04-14,P1009,CompetitorY,425.47,True
2025-04-21,P1009,CompetitorY,435.27,True
2025-04-28,P1009,CompetitorY,423.95,True
2025-05-05,P1009,CompetitorY,439.22,True
2025-05-12,P1009,CompetitorY,402.31,True
2025-05-19,P1009,CompetitorY,396.63,True
2025-05-26,P1009,CompetitorY,425.13,True
2025-06-02,P1009,CompetitorY,425.33,True
2025-06-09,P1009,CompetitorY,379.57,True
2025-06-16,P1009,CompetitorY,413.94,False
2025-06-23,P1009,CompetitorY,409.07,True
2025-06-30,P1009,CompetitorY,404.22,True
2025-07-07,P1009,CompetitorY,409.04,True
2025-07-14,P1009,CompetitorY,429.37,True
2025-07-21,P1009,CompetitorY,408.96,True
2025-07-28,P1009,CompetitorY,409.39,True
2025-08-04,P1009,CompetitorY,401.35,True
2025-08-11,P1009,CompetitorY,437.89,True
2025-08-18,P1009,CompetitorY,427.33,False
2025-08-25,P1009,CompetitorY,390.29,True
2025-09-01,P1009,CompetitorY,409.4,False
2025-09-08,P1009,CompetitorY,428.52,True
2025-09-15,P1009,CompetitorY,438.05,True
2025-09-22,P1009,CompetitorY,432.47,True
2025-09-29,P1009,CompetitorY,417.33,True
2025-10-06,P1009,CompetitorY,397.39,True
2025-10-13,P1009,CompetitorY,432.84,True
2025-10-20,P1009,CompetitorY,418.07,True
2025-10-27,P1009,CompetitorY,422.7,True
2025-11-03,P1009,CompetitorY,419.59,True
2025-11-10,P1009,CompetitorY,404.68,True
2025-11-17,P1009,CompetitorY,426.44,True
2025-11-24,P1009,CompetitorY,424.7,True
2025-12-01,P1009,CompetitorY,416.44,True
2025-12-08,P1009,CompetitorY,427.79,True
2025-12-15,P1009,CompetitorY,404.44,True
2025-12-22,P1009,CompetitorY,418.43,True
2025-12-29,P1009,CompetitorY,422.16,True
2024-04-22,P1009,CompetitorX,389.48,True
2024-04-29,P1009,CompetitorX,380.87,True
2024-05-06,P1009,CompetitorX,392.25,True
2024-05-13,P1009,CompetitorX,409.5,True
2024-05-20,P1009,CompetitorX,412.36,True
2024-05-27,P1009,CompetitorX,407.99,True
2024-06-03,P1009,CompetitorX,410.37,True
2024-06-10,P1009,CompetitorX,405.83,True
2024-06-17,P1009,CompetitorX,410.64,True
2024-06-24,P1009,CompetitorX,416.22,True
2024-07-01,P1009,CompetitorX,416.13,True
2024-07-08,P1009,CompetitorX,402.38,True
2024-07-15,P1009,CompetitorX,422.15,True
2024-07-22,P1009,CompetitorX,412.81,True
2024-07-29,P1009,CompetitorX,426.06,True
2024-08-05,P1009,CompetitorX,428.53,True
2024-08-12,P1009,CompetitorX,393.09,True
2024-08-19,P1009,CompetitorX,400.28,True
2024-08-26,P1009,CompetitorX,420.9,True
2024-09-02,P1009,CompetitorX,390.35,False
2024-09-09,P1009,CompetitorX,428.38,True
2024-09-16,P1009,CompetitorX,406.63,True
2024-09-23,P1009,CompetitorX,417.96,False
2024-09-30,P1009,CompetitorX,409.44,True
2024-10-07,P1009,CompetitorX,393.71,True
2024-10-14,P1009,CompetitorX,423.88,True
2024-10-21,P1009,CompetitorX,444.78,True
2024-10-28,P1009,CompetitorX,404.52,True
2024-11-04,P1009,CompetitorX,406.9,True
2024-11-11,P1009,CompetitorX,378.22,True
2024-11-18,P1009,CompetitorX,427.53,True
2024-11-25,P1009,CompetitorX,422.11,True
2024-12-02,P1009,CompetitorX,389.5,True
2024-12-09,P1009,CompetitorX,385.42,True
2024-12-16,P1009,CompetitorX,386.84,True
2024-12-23,P1009,CompetitorX,418.82,True
2024-12-30,P1009,CompetitorX,420.05,True
2025-01-06,P1009,CompetitorX,399.49,True
2025-01-13,P1009,CompetitorX,417.02,True
2025-01-20,P1009,CompetitorX,412.83,True
2025-01-27,P1009,CompetitorX,406.34,True
2025-02-03,P1009,CompetitorX,422.83,True
2025-02-10,P1009,CompetitorX,396.02,True
2025-02-17,P1009,CompetitorX,425.01,True
2025-02-24,P1009,CompetitorX,401.89,True
2025-03-03,P1009,CompetitorX,432.83,True
2025-03-10,P1009,CompetitorX,398.48,True
2025-03-17,P1009,CompetitorX,406.54,True
2025-03-24,P1009,CompetitorX,411.59,True
2025-03-31,P1009,CompetitorX,411.51,True
2025-04-07,P1009,CompetitorX,416.92,True
2025-04-14,P1009,CompetitorX,395.02,True
2025-04-21,P1009,CompetitorX,410.41,True
2025-04-28,P1009,CompetitorX,412.57,True
2025-05-05,P1009,CompetitorX,404.36,True
2025-05-12,P1009,CompetitorX,415.85,True
2025-05-19,P1009,CompetitorX,394.27,True
2025-05-26,P1009,CompetitorX,406.85,True
2025-06-02,P1009,CompetitorX,401.59,True
2025-06-09,P1009,CompetitorX,406.88,True
2025-06-16,P1009,CompetitorX,428.71,True
2025-06-23,P1009,CompetitorX,428.95,False
2025-06-30,P1009,CompetitorX,426.53,True
2025-07-07,P1009,CompetitorX,405.17,True
2025-07-14,P1009,CompetitorX,422.06,True
2025-07-21,P1009,CompetitorX,412.25,True
2025-07-28,P1009,CompetitorX,411.43,True
2025-08-04,P1009,CompetitorX,409.92,True
2025-08-11,P1009,CompetitorX,432.54,True
2025-08-18,P1009,CompetitorX,427.71,True
2025-08-25,P1009,CompetitorX,420.05,True
2025-09-01,P1009,CompetitorX,408.77,True
2025-09-08,P1009,CompetitorX,411.36,True
2025-09-15,P1009,CompetitorX,417.41,True
2025-09-22,P1009,CompetitorX,404.44,True
2025-09-29,P1009,CompetitorX,422.44,True
2025-10-06,P1009,CompetitorX,399.51,True
2025-10-13,P1009,CompetitorX,415.7,True
2025-10-20,P1009,CompetitorX,382.65,True
2025-10-27,P1009,CompetitorX,404.08,True
2025-11-03,P1009,CompetitorX,436.48,True
2025-11-10,P1009,CompetitorX,423.64,True
2025-11-17,P1009,CompetitorX,429.8,True
2025-11-24,P1009,CompetitorX,402.64,True
2025-12-01,P1009,CompetitorX,412.15,False
2025-12-08,P1009,CompetitorX,426.67,True
2025-12-15,P1009,CompetitorX,418.67,True
2025-12-22,P1009,CompetitorX,417.14,True
2025-12-29,P1009,CompetitorX,430.97,True
2024-04-22,P1009,CompetitorZ,454.26,True
2024-04-29,P1009,CompetitorZ,443.87,False
2024-05-06,P1009,CompetitorZ,438.97,True
2024-05-13,P1009,CompetitorZ,443.85,True
2024-05-20,P1009,CompetitorZ,470.24,True
2024-05-27,P1009,CompetitorZ,472.14,True
2024-06-03,P1009,CompetitorZ,466.57,True
2024-06-10,P1009,CompetitorZ,459.44,True
2024-06-17,P1009,CompetitorZ,440.52,True
2024-06-24,P1009,CompetitorZ,447.6,True
2024-07-01,P1009,CompetitorZ,442.43,True
2024-07-08,P1009,CompetitorZ,465.48,True
2024-07-15,P1009,CompetitorZ,443.02,True
2024-07-22,P1009,CompetitorZ,447.81,True
2024-07-29,P1009,CompetitorZ,455.1,True
2024-08-05,P1009,CompetitorZ,434.69,True
2024-08-12,P1009,CompetitorZ,458.26,False
2024-08-19,P1009,CompetitorZ,456.15,False
2024-08-26,P1009,CompetitorZ,473.88,True
2024-09-02,P1009,CompetitorZ,446.36,True
2024-09-09,P1009,CompetitorZ,439.78,True
2024-09-16,P1009,CompetitorZ,452.48,True
2024-09-23,P1009,CompetitorZ,442.54,True
2024-09-30,P1009,CompetitorZ,458.16,True
2024-10-07,P1009,CompetitorZ,432.08,True
2024-10-14,P1009,CompetitorZ,449.31,True
2024-10-21,P1009,CompetitorZ,444.87,True
2024-10-28,P1009,CompetitorZ,465.41,True
2024-11-04,P1009,CompetitorZ,446.49,True
2024-11-11,P1009,CompetitorZ,433.78,True
2024-11-18,P1009,CompetitorZ,454.85,True
2024-11-25,P1009,CompetitorZ,462.01,True
2024-12-02,P1009,CompetitorZ,453.89,True
2024-12-09,P1009,CompetitorZ,449.23,True
2024-12-16,P1009,CompetitorZ,448.4,True
2024-12-23,P1009,CompetitorZ,459.17,True
2024-12-30,P1009,CompetitorZ,445.41,True
2025-01-06,P1009,CompetitorZ,453.11,True
2025-01-13,P1009,CompetitorZ,467.92,True
2025-01-20,P1009,CompetitorZ,439.75,True
2025-01-27,P1009,CompetitorZ,457.02,True
2025-02-03,P1009,CompetitorZ,433.06,True
2025-02-10,P1009,CompetitorZ,460.75,True
2025-02-17,P1009,CompetitorZ,444.18,True
2025-02-24,P1009,CompetitorZ,471.62,True
2025-03-03,P1009,CompetitorZ,437.34,True
2025-03-10,P1009,CompetitorZ,463.69,True
2025-03-17,P1009,CompetitorZ,474.38,True
2025-03-24,P1009,CompetitorZ,443.47,False
2025-03-31,P1009,CompetitorZ,445.79,True
2025-04-07,P1009,CompetitorZ,444.66,True
2025-04-14,P1009,CompetitorZ,450.95,True
2025-04-21,P1009,CompetitorZ,464.72,True
2025-04-28,P1009,CompetitorZ,449.83,True
2025-05-05,P1009,CompetitorZ,442.23,True
2025-05-12,P1009,CompetitorZ,429.9,True
2025-05-19,P1009,CompetitorZ,479.61,True
2025-05-26,P1009,CompetitorZ,480.69,True
2025-06-02,P1009,CompetitorZ,465.31,True
2025-06-09,P1009,CompetitorZ,446.49,True
2025-06-16,P1009,CompetitorZ,467.88,True
2025-06-23,P1009,CompetitorZ,470.64,True
2025-06-30,P1009,CompetitorZ,454.13,True
2025-07-07,P1009,CompetitorZ,458.19,True
2025-07-14,P1009,CompetitorZ,474.53,True
2025-07-21,P1009,CompetitorZ,435.1,True
2025-07-28,P1009,CompetitorZ,471.33,True
2025-08-04,P1009,CompetitorZ,453.37,True
2025-08-11,P1009,CompetitorZ,442.34,False
2025-08-18,P1009,CompetitorZ,443.47,True
2025-08-25,P1009,CompetitorZ,445.75,True
2025-09-01,P1009,CompetitorZ,441.01,True
2025-09-08,P1009,CompetitorZ,481.94,True
2025-09-15,P1009,CompetitorZ,464.36,True
2025-09-22,P1009,CompetitorZ,472.23,True
2025-09-29,P1009,CompetitorZ,465.34,True
2025-10-06,P1009,CompetitorZ,458.46,True
2025-10-13,P1009,CompetitorZ,458.64,True
2025-10-20,P1009,CompetitorZ,452.16,True
2025-10-27,P1009,CompetitorZ,453.28,True
2025-11-03,P1009,CompetitorZ,438.29,True
2025-11-10,P1009,CompetitorZ,472.47,True
2025-11-17,P1009,CompetitorZ,432.73,True
2025-11-24,P1009,CompetitorZ,443.09,True
2025-12-01,P1009,CompetitorZ,485.24,True
2025-12-08,P1009,CompetitorZ,459.49,True
2025-12-15,P1009,CompetitorZ,460.06,True
2025-12-22,P1009,CompetitorZ,466.37,True
2025-12-29,P1009,CompetitorZ,436.47,True
2024-06-03,P1010,CompetitorX,943.63,True
2024-06-10,P1010,CompetitorX,979.74,True
2024-06-17,P1010,CompetitorX,979.73,True
2024-06-24,P1010,CompetitorX,972.95,True
2024-07-01,P1010,CompetitorX,980.25,True
2024-07-08,P1010,CompetitorX,1041.72,True
2024-07-15,P1010,CompetitorX,953.86,True
2024-07-22,P1010,CompetitorX,960.75,True
2024-07-29,P1010,CompetitorX,1025.71,True
2024-08-05,P1010,CompetitorX,973.74,True
2024-08-12,P1010,CompetitorX,971.5,True
2024-08-19,P1010,CompetitorX,1015.39,True
2024-08-26,P1010,CompetitorX,942.85,True
2024-09-02,P1010,CompetitorX,1009.08,True
2024-09-09,P1010,CompetitorX,986.16,True
2024-09-16,P1010,CompetitorX,998.54,True
2024-09-23,P1010,CompetitorX,997.99,True
2024-09-30,P1010,CompetitorX,966.26,True
2024-10-07,P1010,CompetitorX,1015.87,True
2024-10-14,P1010,CompetitorX,968.56,True
2024-10-21,P1010,CompetitorX,996.89,True
2024-10-28,P1010,CompetitorX,1021.38,True
2024-11-04,P1010,CompetitorX,1025.55,True
2024-11-11,P1010,CompetitorX,976.92,True
2024-11-18,P1010,CompetitorX,998.5,True
2024-11-25,P1010,CompetitorX,974.19,True
2024-12-02,P1010,CompetitorX,1058.79,True
2024-12-09,P1010,CompetitorX,1007.86,True
2024-12-16,P1010,CompetitorX,987.3,True
2024-12-23,P1010,CompetitorX,994.05,True
2024-12-30,P1010,CompetitorX,996.84,True
2025-01-06,P1010,CompetitorX,997.72,True
2025-01-13,P1010,CompetitorX,977.72,True
2025-01-20,P1010,CompetitorX,973.16,True
2025-01-27,P1010,CompetitorX,980.33,True
2025-02-03,P1010,CompetitorX,951.14,True
2025-02-10,P1010,CompetitorX,1006.03,True
2025-02-17,P1010,CompetitorX,961.13,True
2025-02-24,P1010,CompetitorX,953.5,True
2025-03-03,P1010,CompetitorX,984.39,True
2025-03-10,P1010,CompetitorX,980.97,True
2025-03-17,P1010,CompetitorX,992.19,True
2025-03-24,P1010,CompetitorX,968.03,True
2025-03-31,P1010,CompetitorX,973.21,True
2025-04-07,P1010,CompetitorX,1005.26,True
2025-04-14,P1010,CompetitorX,1003.46,True
2025-04-21,P1010,CompetitorX,1002.23,True
2025-04-28,P1010,CompetitorX,985.82,False
2025-05-05,P1010,CompetitorX,989.8,True
2025-05-12,P1010,CompetitorX,991.62,True
2025-05-19,P1010,CompetitorX,965.43,True
2025-05-26,P1010,CompetitorX,1028.36,True
2025-06-02,P1010,CompetitorX,1024.15,False
2025-06-09,P1010,CompetitorX,1008.28,True
2025-06-16,P1010,CompetitorX,972.23,True
2025-06-23,P1010,CompetitorX,1000.74,True
2025-06-30,P1010,CompetitorX,1013.72,True
2025-07-07,P1010,CompetitorX,948.67,True
2025-07-14,P1010,CompetitorX,1034.88,True
2025-07-21,P1010,CompetitorX,933.42,False
2025-07-28,P1010,CompetitorX,1005.63,True
2025-08-04,P1010,CompetitorX,1027.75,True
2025-08-11,P1010,CompetitorX,981.47,True
2025-08-18,P1010,CompetitorX,980.37,True
2025-08-25,P1010,CompetitorX,1004.54,True
2025-09-01,P1010,CompetitorX,1039.53,True
2025-09-08,P1010,CompetitorX,976.51,True
2025-09-15,P1010,CompetitorX,961.74,True
2025-09-22,P1010,CompetitorX,972.29,True
2025-09-29,P1010,CompetitorX,938.94,True
2025-10-06,P1010,CompetitorX,1011.34,True
2025-10-13,P1010,CompetitorX,969.62,True
2025-10-20,P1010,CompetitorX,978.66,True
2025-10-27,P1010,CompetitorX,1011.69,True
2025-11-03,P1010,CompetitorX,973.68,True
2025-11-10,P1010,CompetitorX,1007.24,True
2025-11-17,P1010,CompetitorX,954.14,True
2025-11-24,P1010,CompetitorX,1013.14,True
2025-12-01,P1010,CompetitorX,994.91,True
2025-12-08,P1010,CompetitorX,982.2,True
2025-12-15,P1010,CompetitorX,988.68,True
2025-12-22,P1010,CompetitorX,946.8,True
2025-12-29,P1010,CompetitorX,988.0,True
2024-06-03,P1010,CompetitorY,796.94,True
2024-06-10,P1010,CompetitorY,808.35,True
2024-06-17,P1010,CompetitorY,804.02,True
2024-06-24,P1010,CompetitorY,785.4,True
2024-07-01,P1010,CompetitorY,805.68,True
2024-07-08,P1010,CompetitorY,793.83,False
2024-07-15,P1010,CompetitorY,745.75,True
2024-07-22,P1010,CompetitorY,775.42,True
2024-07-29,P1010,CompetitorY,811.5,True
2024-08-05,P1010,CompetitorY,835.86,True
2024-08-12,P1010,CompetitorY,750.41,True
2024-08-19,P1010,CompetitorY,788.21,True
2024-08-26,P1010,CompetitorY,819.82,True
2024-09-02,P1010,CompetitorY,830.67,True
2024-09-09,P1010,CompetitorY,799.14,True
2024-09-16,P1010,CompetitorY,792.77,True
2024-09-23,P1010,CompetitorY,838.96,True
2024-09-30,P1010,CompetitorY,828.67,True
2024-10-07,P1010,CompetitorY,830.19,False
2024-10-14,P1010,CompetitorY,797.98,True
2024-10-21,P1010,CompetitorY,836.39,True
2024-10-28,P1010,CompetitorY,762.12,True
2024-11-04,P1010,CompetitorY,836.81,True
2024-11-11,P1010,CompetitorY,807.73,True
2024-11-18,P1010,CompetitorY,812.48,True
2024-11-25,P1010,CompetitorY,786.39,True
2024-12-02,P1010,CompetitorY,765.3,True
2024-12-09,P1010,CompetitorY,811.96,True
2024-12-16,P1010,CompetitorY,822.73,True
2024-12-23,P1010,CompetitorY,826.41,True
2024-12-30,P1010,CompetitorY,823.79,True
2025-01-06,P1010,CompetitorY,818.28,True
2025-01-13,P1010,CompetitorY,786.92,True
2025-01-20,P1010,CompetitorY,827.98,True
2025-01-27,P1010,CompetitorY,784.2,True
2025-02-03,P1010,CompetitorY,836.23,True
2025-02-10,P1010,CompetitorY,807.31,True
2025-02-17,P1010,CompetitorY,808.11,True
2025-02-24,P1010,CompetitorY,830.37,True
2025-03-03,P1010,CompetitorY,833.66,False
2025-03-10,P1010,CompetitorY,828.06,True
2025-03-17,P1010,CompetitorY,789.42,True
2025-03-24,P1010,CompetitorY,827.86,False
2025-03-31,P1010,CompetitorY,789.56,True
2025-04-07,P1010,CompetitorY,828.48,True
2025-04-14,P1010,CompetitorY,774.74,True
2025-04-21,P1010,CompetitorY,807.07,False
2025-04-28,P1010,CompetitorY,789.41,True
2025-05-05,P1010,CompetitorY,830.47,True
2025-05-12,P1010,CompetitorY,836.42,True
2025-05-19,P1010,CompetitorY,814.18,True
2025-05-26,P1010,CompetitorY,813.38,True
2025-06-02,P1010,CompetitorY,826.44,True
2025-06-09,P1010,CompetitorY,836.57,True
2025-06-16,P1010,CompetitorY,810.25,True
2025-06-23,P1010,CompetitorY,797.21,True
2025-06-30,P1010,CompetitorY,825.06,True
2025-07-07,P1010,CompetitorY,764.21,True
2025-07-14,P1010,CompetitorY,831.43,True
2025-07-21,P1010,CompetitorY,792.1,True
2025-07-28,P1010,CompetitorY,803.51,True
2025-08-04,P1010,CompetitorY,831.59,True
2025-08-11,P1010,CompetitorY,799.26,True
2025-08-18,P1010,CompetitorY,825.06,True
2025-08-25,P1010,CompetitorY,837.0,True
2025-09-01,P1010,CompetitorY,812.02,True
2025-09-08,P1010,CompetitorY,816.91,True
2025-09-15,P1010,CompetitorY,806.45,True
2025-09-22,P1010,CompetitorY,812.15,True
2025-09-29,P1010,CompetitorY,782.24,True
2025-10-06,P1010,CompetitorY,802.21,True
2025-10-13,P1010,CompetitorY,778.07,True
2025-10-20,P1010,CompetitorY,787.52,True
2025-10-27,P1010,CompetitorY,760.71,True
2025-11-03,P1010,CompetitorY,815.75,True
2025-11-10,P1010,CompetitorY,850.42,True
2025-11-17,P1010,CompetitorY,798.27,True
2025-11-24,P1010,CompetitorY,832.78,True
2025-12-01,P1010,CompetitorY,836.68,True
2025-12-08,P1010,CompetitorY,780.23,True
2025-12-15,P1010,CompetitorY,785.46,True
2025-12-22,P1010,CompetitorY,833.4,True
2025-12-29,P1010,CompetitorY,807.1,True
2024-06-03,P1010,MarketLeaderCo,911.85,True
2024-06-10,P1010,MarketLeaderCo,943.38,True
2024-06-17,P1010,MarketLeaderCo,917.22,True
2024-06-24,P1010,MarketLeaderCo,906.42,True
2024-07-01,P1010,MarketLeaderCo,946.07,True
2024-07-08,P1010,MarketLeaderCo,938.87,True
2024-07-15,P1010,MarketLeaderCo,948.64,True
2024-07-22,P1010,MarketLeaderCo,951.07,True
2024-07-29,P1010,MarketLeaderCo,1019.43,False
2024-08-05,P1010,MarketLeaderCo,938.95,True
2024-08-12,P1010,MarketLeaderCo,993.55,True
2024-08-19,P1010,MarketLeaderCo,995.31,True
2024-08-26,P1010,MarketLeaderCo,970.03,True
2024-09-02,P1010,MarketLeaderCo,941.89,True
2024-09-09,P1010,MarketLeaderCo,909.84,True
2024-09-16,P1010,MarketLeaderCo,962.19,True
2024-09-23,P1010,MarketLeaderCo,977.58,True
2024-09-30,P1010,MarketLeaderCo,998.32,True
2024-10-07,P1010,MarketLeaderCo,921.55,True
2024-10-14,P1010,MarketLeaderCo,941.66,True
2024-10-21,P1010,MarketLeaderCo,921.73,True
2024-10-28,P1010,MarketLeaderCo,930.56,True
2024-11-04,P1010,MarketLeaderCo,967.49,True
2024-11-11,P1010,MarketLeaderCo,929.25,True
2024-11-18,P1010,MarketLeaderCo,925.13,True
2024-11-25,P1010,MarketLeaderCo,971.27,True
2024-12-02,P1010,MarketLeaderCo,961.41,True
2024-12-09,P1010,MarketLeaderCo,958.55,True
2024-12-16,P1010,MarketLeaderCo,930.01,True
2024-12-23,P1010,MarketLeaderCo,985.38,True
2024-12-30,P1010,MarketLeaderCo,949.0,True
2025-01-06,P1010,MarketLeaderCo,1016.32,True
2025-01-13,P1010,MarketLeaderCo,953.17,True
2025-01-20,P1010,MarketLeaderCo,882.18,True
2025-01-27,P1010,MarketLeaderCo,880.92,True
2025-02-03,P1010,MarketLeaderCo,966.34,True
2025-02-10,P1010,MarketLeaderCo,985.59,True
2025-02-17,P1010,MarketLeaderCo,926.28,True
2025-02-24,P1010,MarketLeaderCo,1008.37,True
2025-03-03,P1010,MarketLeaderCo,995.91,True
2025-03-10,P1010,MarketLeaderCo,954.58,True
2025-03-17,P1010,MarketLeaderCo,963.94,True
2025-03-24,P1010,MarketLeaderCo,974.04,True
2025-03-31,P1010,MarketLeaderCo,1002.37,True
2025-04-07,P1010,MarketLeaderCo,968.0,True
2025-04-14,P1010,MarketLeaderCo,953.93,True
2025-04-21,P1010,MarketLeaderCo,967.72,True
2025-04-28,P1010,MarketLeaderCo,963.88,True
2025-05-05,P1010,MarketLeaderCo,974.89,True
2025-05-12,P1010,MarketLeaderCo,903.91,True
2025-05-19,P1010,MarketLeaderCo,957.57,True
2025-05-26,P1010,MarketLeaderCo,961.69,True
2025-06-02,P1010,MarketLeaderCo,946.51,True
2025-06-09,P1010,MarketLeaderCo,970.9,True
2025-06-16,P1010,MarketLeaderCo,1003.26,True
2025-06-23,P1010,MarketLeaderCo,952.52,True
2025-06-30,P1010,MarketLeaderCo,968.27,True
2025-07-07,P1010,MarketLeaderCo,994.3,True
2025-07-14,P1010,MarketLeaderCo,953.18,True
2025-07-21,P1010,MarketLeaderCo,923.3,True
2025-07-28,P1010,MarketLeaderCo,966.11,True
2025-08-04,P1010,MarketLeaderCo,885.93,True
2025-08-11,P1010,MarketLeaderCo,883.18,True
2025-08-18,P1010,MarketLeaderCo,958.06,True
2025-08-25,P1010,MarketLeaderCo,881.85,True
2025-09-01,P1010,MarketLeaderCo,911.16,False
2025-09-08,P1010,MarketLeaderCo,937.77,True
2025-09-15,P1010,MarketLeaderCo,928.06,True
2025-09-22,P1010,MarketLeaderCo,944.38,True
2025-09-29,P1010,MarketLeaderCo,980.26,True
2025-10-06,P1010,MarketLeaderCo,955.37,True
2025-10-13,P1010,MarketLeaderCo,924.7,True
2025-10-20,P1010,MarketLeaderCo,987.13,True
2025-10-27,P1010,MarketLeaderCo,907.92,True
2025-11-03,P1010,MarketLeaderCo,954.9,True
2025-11-10,P1010,MarketLeaderCo,904.76,True
2025-11-17,P1010,MarketLeaderCo,955.77,True
2025-11-24,P1010,MarketLeaderCo,939.52,True
2025-12-01,P1010,MarketLeaderCo,979.38,False
2025-12-08,P1010,MarketLeaderCo,969.09,True
2025-12-15,P1010,MarketLeaderCo,931.88,True
2025-12-22,P1010,MarketLeaderCo,926.42,False
2025-12-29,P1010,MarketLeaderCo,939.62,True
2024-01-08,P1011,CompetitorY,294.28,True
2024-01-15,P1011,CompetitorY,285.68,True
2024-01-22,P1011,CompetitorY,277.58,True
2024-01-29,P1011,CompetitorY,267.34,True
2024-02-05,P1011,CompetitorY,276.84,True
2024-02-12,P1011,CompetitorY,278.56,True
2024-02-19,P1011,CompetitorY,283.51,True
2024-02-26,P1011,CompetitorY,285.52,False
2024-03-04,P1011,CompetitorY,287.2,True
2024-03-11,P1011,CompetitorY,266.85,True
2024-03-18,P1011,CompetitorY,282.16,True
2024-03-25,P1011,CompetitorY,279.07,True
2024-04-01,P1011,CompetitorY,302.94,True
2024-04-08,P1011,CompetitorY,280.95,True
2024-04-15,P1011,CompetitorY,275.17,True
2024-04-22,P1011,CompetitorY,281.34,True
2024-04-29,P1011,CompetitorY,280.34,True
2024-05-06,P1011,CompetitorY,263.68,True
2024-05-13,P1011,CompetitorY,283.84,True
2024-05-20,P1011,CompetitorY,277.8,True
2024-05-27,P1011,CompetitorY,280.19,True
2024-06-03,P1011,CompetitorY,273.06,False
2024-06-10,P1011,CompetitorY,271.21,True
2024-06-17,P1011,CompetitorY,287.8,True
2024-06-24,P1011,CompetitorY,289.73,True
2024-07-01,P1011,CompetitorY,283.93,False
2024-07-08,P1011,CompetitorY,265.18,True
2024-07-15,P1011,CompetitorY,284.47,True
2024-07-22,P1011,CompetitorY,265.3,True
2024-07-29,P1011,CompetitorY,274.85,True
2024-08-05,P1011,CompetitorY,287.69,True
2024-08-12,P1011,CompetitorY,285.94,True
2024-08-19,P1011,CompetitorY,284.25,True
2024-08-26,P1011,CompetitorY,291.45,True
2024-09-02,P1011,CompetitorY,285.12,True
2024-09-09,P1011,CompetitorY,263.43,False
2024-09-16,P1011,CompetitorY,277.3,True
2024-09-23,P1011,CompetitorY,280.06,True
2024-09-30,P1011,CompetitorY,279.07,False
2024-10-07,P1011,CompetitorY,275.22,True
2024-10-14,P1011,CompetitorY,271.74,True
2024-10-21,P1011,CompetitorY,300.61,True
2024-10-28,P1011,CompetitorY,277.14,True
2024-11-04,P1011,CompetitorY,300.19,True
2024-11-11,P1011,CompetitorY,270.81,True
2024-11-18,P1011,CompetitorY,285.94,True
2024-11-25,P1011,CompetitorY,282.34,False
2024-12-02,P1011,CompetitorY,272.65,True
2024-12-09,P1011,CompetitorY,276.48,True
2024-12-16,P1011,CompetitorY,280.28,True
2024-12-23,P1011,CompetitorY,273.31,True
2024-12-30,P1011,CompetitorY,278.26,True
2025-01-06,P1011,CompetitorY,260.52,True
2025-01-13,P1011,CompetitorY,286.4,True
2025-01-20,P1011,CompetitorY,290.73,True
2025-01-27,P1011,CompetitorY,284.23,True
2025-02-03,P1011,CompetitorY,299.46,True
2025-02-10,P1011,CompetitorY,286.15,True
2025-02-17,P1011,CompetitorY,290.02,True
2025-02-24,P1011,CompetitorY,290.83,True
2025-03-03,P1011,CompetitorY,257.27,True
2025-03-10,P1011,CompetitorY,283.97,True
2025-03-17,P1011,CompetitorY,268.78,True
2025-03-24,P1011,CompetitorY,270.48,True
2025-03-31,P1011,CompetitorY,271.94,True
2025-04-07,P1011,CompetitorY,277.78,True
2025-04-14,P1011,CompetitorY,285.88,True
2025-04-21,P1011,CompetitorY,284.06,True
2025-04-28,P1011,CompetitorY,280.3,True
2025-05-05,P1011,CompetitorY,286.49,True
2025-05-12,P1011,CompetitorY,287.0,True
2025-05-19,P1011,CompetitorY,284.13,False
2025-05-26,P1011,CompetitorY,265.9,True
2025-06-02,P1011,CompetitorY,274.19,True
2025-06-09,P1011,CompetitorY,280.63,True
2025-06-16,P1011,CompetitorY,286.58,True
2025-06-23,P1011,CompetitorY,269.23,True
2025-06-30,P1011,CompetitorY,280.31,True
2025-07-07,P1011,CompetitorY,267.24,True
2025-07-14,P1011,CompetitorY,289.04,True
2025-07-21,P1011,CompetitorY,282.45,True
2025-07-28,P1011,CompetitorY,269.09,True
2025-08-04,P1011,CompetitorY,269.03,True
2025-08-11,P1011,CompetitorY,283.67,True
2025-08-18,P1011,CompetitorY,291.98,True
2025-08-25,P1011,CompetitorY,271.18,True
2025-09-01,P1011,CompetitorY,287.03,True
2025-09-08,P1011,CompetitorY,275.85,True
2025-09-15,P1011,CompetitorY,287.34,True
2025-09-22,P1011,CompetitorY,286.16,True
2025-09-29,P1011,CompetitorY,281.72,True
2025-10-06,P1011,CompetitorY,264.98,True
2025-10-13,P1011,CompetitorY,286.14,True
2025-10-20,P1011,CompetitorY,284.63,True
2025-10-27,P1011,CompetitorY,283.86,True
2025-11-03,P1011,CompetitorY,282.06,False
2025-11-10,P1011,CompetitorY,273.02,True
2025-11-17,P1011,CompetitorY,289.52,True
2025-11-24,P1011,CompetitorY,287.97,True
2025-12-01,P1011,CompetitorY,271.36,True
2025-12-08,P1011,CompetitorY,291.47,True
2025-12-15,P1011,CompetitorY,281.52,True
2025-12-22,P1011,CompetitorY,281.5,True
2025-12-29,P1011,CompetitorY,278.93,True
2024-01-08,P1011,CompetitorX,292.37,True
2024-01-15,P1011,CompetitorX,298.35,True
2024-01-22,P1011,CompetitorX,303.5,True
2024-01-29,P1011,CompetitorX,290.91,True
2024-02-05,P1011,CompetitorX,303.67,True
2024-02-12,P1011,CompetitorX,301.29,True
2024-02-19,P1011,CompetitorX,289.65,True
2024-02-26,P1011,CompetitorX,300.56,True
2024-03-04,P1011,CompetitorX,301.87,True
2024-03-11,P1011,CompetitorX,292.99,True
2024-03-18,P1011,CompetitorX,293.69,True
2024-03-25,P1011,CompetitorX,289.56,True
2024-04-01,P1011,CompetitorX,294.57,True
2024-04-08,P1011,CompetitorX,298.49,True
2024-04-15,P1011,CompetitorX,293.72,True
2024-04-22,P1011,CompetitorX,285.29,True
2024-04-29,P1011,CompetitorX,292.43,True
2024-05-06,P1011,CompetitorX,294.86,True
2024-05-13,P1011,CompetitorX,305.91,True
2024-05-20,P1011,CompetitorX,303.92,True
2024-05-27,P1011,CompetitorX,306.09,True
2024-06-03,P1011,CompetitorX,291.98,True
2024-06-10,P1011,CompetitorX,299.86,True
2024-06-17,P1011,CompetitorX,276.89,True
2024-06-24,P1011,CompetitorX,302.44,True
2024-07-01,P1011,CompetitorX,304.07,True
2024-07-08,P1011,CompetitorX,295.45,True
2024-07-15,P1011,CompetitorX,301.24,True
2024-07-22,P1011,CompetitorX,285.03,True
2024-07-29,P1011,CompetitorX,291.42,True
2024-08-05,P1011,CompetitorX,305.45,True
2024-08-12,P1011,CompetitorX,303.18,True
2024-08-19,P1011,CompetitorX,294.91,False
2024-08-26,P1011,CompetitorX,305.86,True
2024-09-02,P1011,CompetitorX,299.83,True
2024-09-09,P1011,CompetitorX,294.08,True
2024-09-16,P1011,CompetitorX,296.96,True
2024-09-23,P1011,CompetitorX,294.52,True
2024-09-30,P1011,CompetitorX,287.99,True
2024-10-07,P1011,CompetitorX,309.85,True
2024-10-14,P1011,CompetitorX,293.51,True
2024-10-21,P1011,CompetitorX,291.14,True
2024-10-28,P1011,CompetitorX,284.9,True
2024-11-04,P1011,CompetitorX,274.98,True
2024-11-11,P1011,CompetitorX,304.88,True
2024-11-18,P1011,CompetitorX,305.7,True
2024-11-25,P1011,CompetitorX,309.28,True
2024-12-02,P1011,CompetitorX,297.26,True
2024-12-09,P1011,CompetitorX,295.71,True
2024-12-16,P1011,CompetitorX,294.05,True
2024-12-23,P1011,CompetitorX,294.86,True
2024-12-30,P1011,CompetitorX,308.63,True
2025-01-06,P1011,CompetitorX,298.36,False
2025-01-13,P1011,CompetitorX,301.98,True
2025-01-20,P1011,CompetitorX,294.64,True
2025-01-27,P1011,CompetitorX,310.43,True
2025-02-03,P1011,CompetitorX,281.53,True
2025-02-10,P1011,CompetitorX,287.66,True
2025-02-17,P1011,CompetitorX,302.0,True
2025-02-24,P1011,CompetitorX,314.28,True
2025-03-03,P1011,CompetitorX,296.58,True
2025-03-10,P1011,CompetitorX,291.05,True
2025-03-17,P1011,CompetitorX,307.56,True
2025-03-24,P1011,CompetitorX,301.5,True
2025-03-31,P1011,CompetitorX,310.15,True
2025-04-07,P1011,CompetitorX,287.04,True
2025-04-14,P1011,CompetitorX,309.45,True
2025-04-21,P1011,CompetitorX,284.72,True
2025-04-28,P1011,CompetitorX,296.01,True
2025-05-05,P1011,CompetitorX,302.29,True
2025-05-12,P1011,CompetitorX,300.26,True
2025-05-19,P1011,CompetitorX,308.1,True
2025-05-26,P1011,CompetitorX,282.23,True
2025-06-02,P1011,CompetitorX,299.86,True
2025-06-09,P1011,CompetitorX,309.34,False
2025-06-16,P1011,CompetitorX,299.13,True
2025-06-23,P1011,CompetitorX,288.36,False
2025-06-30,P1011,CompetitorX,307.62,True
2025-07-07,P1011,CompetitorX,292.79,True
2025-07-14,P1011,CompetitorX,291.21,True
2025-07-21,P1011,CompetitorX,290.08,True
2025-07-28,P1011,CompetitorX,296.82,True
2025-08-04,P1011,CompetitorX,300.24,True
2025-08-11,P1011,CompetitorX,287.23,True
2025-08-18,P1011,CompetitorX,289.07,True
2025-08-25,P1011,CompetitorX,292.37,True
2025-09-01,P1011,CompetitorX,290.04,True
2025-09-08,P1011,CompetitorX,298.93,True
2025-09-15,P1011,CompetitorX,301.83,True
2025-09-22,P1011,CompetitorX,300.6,True
2025-09-29,P1011,CompetitorX,300.61,True
2025-10-06,P1011,CompetitorX,313.56,True
2025-10-13,P1011,CompetitorX,302.39,True
2025-10-20,P1011,CompetitorX,305.62,True
2025-10-27,P1011,CompetitorX,294.88,True
2025-11-03,P1011,CompetitorX,307.05,True
2025-11-10,P1011,CompetitorX,294.45,True
2025-11-17,P1011,CompetitorX,302.28,True
2025-11-24,P1011,CompetitorX,286.31,False
2025-12-01,P1011,CompetitorX,300.08,True
2025-12-08,P1011,CompetitorX,289.86,True
2025-12-15,P1011,CompetitorX,306.98,True
2025-12-22,P1011,CompetitorX,306.44,True
2025-12-29,P1011,CompetitorX,294.42,True
2024-01-08,P1011,CompetitorZ,265.4,True
2024-01-15,P1011,CompetitorZ,287.08,True
2024-01-22,P1011,CompetitorZ,280.78,True
2024-01-29,P1011,CompetitorZ,261.31,True
2024-02-05,P1011,CompetitorZ,270.18,True
2024-02-12,P1011,CompetitorZ,264.79,True
2024-02-19,P1011,CompetitorZ,278.77,True
2024-02-26,P1011,CompetitorZ,265.21,True
2024-03-04,P1011,CompetitorZ,260.02,True
2024-03-11,P1011,CompetitorZ,270.64,True
2024-03-18,P1011,CompetitorZ,282.9,True
2024-03-25,P1011,CompetitorZ,271.74,True
2024-04-01,P1011,CompetitorZ,276.58,True
2024-04-08,P1011,CompetitorZ,276.9,True
2024-04-15,P1011,CompetitorZ,260.92,True
2024-04-22,P1011,CompetitorZ,265.94,False
2024-04-29,P1011,CompetitorZ,273.37,True
2024-05-06,P1011,CompetitorZ,268.75,True
2024-05-13,P1011,CompetitorZ,287.29,True
2024-05-20,P1011,CompetitorZ,263.24,True
2024-05-27,P1011,CompetitorZ,265.86,True
2024-06-03,P1011,CompetitorZ,275.7,True
2024-06-10,P1011,CompetitorZ,268.17,True
2024-06-17,P1011,CompetitorZ,249.6,True
2024-06-24,P1011,CompetitorZ,289.18,False
2024-07-01,P1011,CompetitorZ,264.51,True
2024-07-08,P1011,CompetitorZ,277.91,True
2024-07-15,P1011,CompetitorZ,263.04,True
2024-07-22,P1011,CompetitorZ,266.24,True
2024-07-29,P1011,CompetitorZ,260.01,True
2024-08-05,P1011,CompetitorZ,267.24,True
2024-08-12,P1011,CompetitorZ,268.03,True
2024-08-19,P1011,CompetitorZ,272.23,True
2024-08-26,P1011,CompetitorZ,270.26,True
2024-09-02,P1011,CompetitorZ,261.5,True
2024-09-09,P1011,CompetitorZ,269.02,True
2024-09-16,P1011,CompetitorZ,285.18,True
2024-09-23,P1011,CompetitorZ,284.21,True
2024-09-30,P1011,CompetitorZ,277.05,True
2024-10-07,P1011,CompetitorZ,278.75,True
2024-10-14,P1011,CompetitorZ,290.21,True
2024-10-21,P1011,CompetitorZ,278.0,True
2024-10-28,P1011,CompetitorZ,278.6,True
2024-11-04,P1011,CompetitorZ,260.49,True
2024-11-11,P1011,CompetitorZ,264.19,True
2024-11-18,P1011,CompetitorZ,273.05,True
2024-11-25,P1011,CompetitorZ,266.69,True
2024-12-02,P1011,CompetitorZ,265.13,True
2024-12-09,P1011,CompetitorZ,266.08,True
2024-12-16,P1011,CompetitorZ,261.64,True
2024-12-23,P1011,CompetitorZ,266.83,True
2024-12-30,P1011,CompetitorZ,276.1,True
2025-01-06,P1011,CompetitorZ,288.04,True
2025-01-13,P1011,CompetitorZ,279.85,True
2025-01-20,P1011,CompetitorZ,278.53,True
2025-01-27,P1011,CompetitorZ,260.0,True
2025-02-03,P1011,CompetitorZ,274.29,True
2025-02-10,P1011,CompetitorZ,272.77,True
2025-02-17,P1011,CompetitorZ,275.7,True
2025-02-24,P1011,CompetitorZ,270.36,True
2025-03-03,P1011,CompetitorZ,286.94,True
2025-03-10,P1011,CompetitorZ,273.75,True
2025-03-17,P1011,CompetitorZ,274.55,True
2025-03-24,P1011,CompetitorZ,257.22,True
2025-03-31,P1011,CompetitorZ,272.44,True
2025-04-07,P1011,CompetitorZ,282.74,True
2025-04-14,P1011,CompetitorZ,277.87,True
2025-04-21,P1011,CompetitorZ,255.64,True
2025-04-28,P1011,CompetitorZ,269.63,True
2025-05-05,P1011,CompetitorZ,287.52,True
2025-05-12,P1011,CompetitorZ,272.08,True
2025-05-19,P1011,CompetitorZ,275.96,True
2025-05-26,P1011,CompetitorZ,286.59,True
2025-06-02,P1011,CompetitorZ,272.05,True
2025-06-09,P1011,CompetitorZ,279.8,True
2025-06-16,P1011,CompetitorZ,276.69,True
2025-06-23,P1011,CompetitorZ,278.44,True
2025-06-30,P1011,CompetitorZ,276.42,True
2025-07-07,P1011,CompetitorZ,268.82,True
2025-07-14,P1011,CompetitorZ,269.64,False
2025-07-21,P1011,CompetitorZ,266.31,True
2025-07-28,P1011,CompetitorZ,259.87,True
2025-08-04,P1011,CompetitorZ,283.52,True
2025-08-11,P1011,CompetitorZ,273.4,True
2025-08-18,P1011,CompetitorZ,283.11,True
2025-08-25,P1011,CompetitorZ,286.15,True
2025-09-01,P1011,CompetitorZ,273.75,True
2025-09-08,P1011,CompetitorZ,262.55,True
2025-09-15,P1011,CompetitorZ,271.71,True
2025-09-22,P1011,CompetitorZ,267.81,True
2025-09-29,P1011,CompetitorZ,257.08,True
2025-10-06,P1011,CompetitorZ,269.2,True
2025-10-13,P1011,CompetitorZ,272.73,True
2025-10-20,P1011,CompetitorZ,268.04,True
2025-10-27,P1011,CompetitorZ,266.99,True
2025-11-03,P1011,CompetitorZ,262.84,True
2025-11-10,P1011,CompetitorZ,274.92,True
2025-11-17,P1011,CompetitorZ,288.64,True
2025-11-24,P1011,CompetitorZ,283.8,True
2025-12-01,P1011,CompetitorZ,278.67,True
2025-12-08,P1011,CompetitorZ,278.85,True
2025-12-15,P1011,CompetitorZ,272.23,True
2025-12-22,P1011,CompetitorZ,258.52,True
2025-12-29,P1011,CompetitorZ,270.29,True
2024-01-08,P1011,MarketLeaderCo,281.89,True
2024-01-15,P1011,MarketLeaderCo,272.28,False
2024-01-22,P1011,MarketLeaderCo,291.46,True
2024-01-29,P1011,MarketLeaderCo,282.51,True
2024-02-05,P1011,MarketLeaderCo,287.29,True
2024-02-12,P1011,MarketLeaderCo,279.95,True
2024-02-19,P1011,MarketLeaderCo,279.22,True
2024-02-26,P1011,MarketLeaderCo,292.33,True
2024-03-04,P1011,MarketLeaderCo,287.94,True
2024-03-11,P1011,MarketLeaderCo,280.76,True
2024-03-18,P1011,MarketLeaderCo,278.1,True
2024-03-25,P1011,MarketLeaderCo,265.44,True
2024-04-01,P1011,MarketLeaderCo,282.5,True
2024-04-08,P1011,MarketLeaderCo,278.71,True
2024-04-15,P1011,MarketLeaderCo,284.42,True
2024-04-22,P1011,MarketLeaderCo,286.97,True
2024-04-29,P1011,MarketLeaderCo,290.12,True
2024-05-06,P1011,MarketLeaderCo,282.6,True
2024-05-13,P1011,MarketLeaderCo,270.99,True
2024-05-20,P1011,MarketLeaderCo,261.73,True
2024-05-27,P1011,MarketLeaderCo,272.85,True
2024-06-03,P1011,MarketLeaderCo,290.96,True
2024-06-10,P1011,MarketLeaderCo,295.08,True
2024-06-17,P1011,MarketLeaderCo,277.77,True
2024-06-24,P1011,MarketLeaderCo,267.51,True
2024-07-01,P1011,MarketLeaderCo,274.33,True
2024-07-08,P1011,MarketLeaderCo,289.32,True
2024-07-15,P1011,MarketLeaderCo,274.81,True
2024-07-22,P1011,MarketLeaderCo,284.72,False
2024-07-29,P1011,MarketLeaderCo,281.19,True
2024-08-05,P1011,MarketLeaderCo,285.73,True
2024-08-12,P1011,MarketLeaderCo,295.03,True
2024-08-19,P1011,MarketLeaderCo,284.72,True
2024-08-26,P1011,MarketLeaderCo,281.0,False
2024-09-02,P1011,MarketLeaderCo,295.96,True
2024-09-09,P1011,MarketLeaderCo,282.7,True
2024-09-16,P1011,MarketLeaderCo,273.12,False
2024-09-23,P1011,MarketLeaderCo,285.54,True
2024-09-30,P1011,MarketLeaderCo,283.53,True
2024-10-07,P1011,MarketLeaderCo,277.19,True
2024-10-14,P1011,MarketLeaderCo,275.43,True
2024-10-21,P1011,MarketLeaderCo,277.27,True
2024-10-28,P1011,MarketLeaderCo,275.31,True
2024-11-04,P1011,MarketLeaderCo,277.54,True
2024-11-11,P1011,MarketLeaderCo,272.7,True
2024-11-18,P1011,MarketLeaderCo,283.01,True
2024-11-25,P1011,MarketLeaderCo,282.38,True
2024-12-02,P1011,MarketLeaderCo,282.67,True
2024-12-09,P1011,MarketLeaderCo,279.25,True
2024-12-16,P1011,MarketLeaderCo,278.28,True
2024-12-23,P1011,MarketLeaderCo,291.87,True
2024-12-30,P1011,MarketLeaderCo,280.34,True
2025-01-06,P1011,MarketLeaderCo,290.38,True
2025-01-13,P1011,MarketLeaderCo,271.41,True
2025-01-20,P1011,MarketLeaderCo,284.72,True
2025-01-27,P1011,MarketLeaderCo,273.6,True
2025-02-03,P1011,MarketLeaderCo,275.1,True
2025-02-10,P1011,MarketLeaderCo,276.31,True
2025-02-17,P1011,MarketLeaderCo,275.79,True
2025-02-24,P1011,MarketLeaderCo,275.83,True
2025-03-03,P1011,MarketLeaderCo,289.99,True
2025-03-10,P1011,MarketLeaderCo,280.15,True
2025-03-17,P1011,MarketLeaderCo,281.66,True
2025-03-24,P1011,MarketLeaderCo,275.93,True
2025-03-31,P1011,MarketLeaderCo,286.96,True
2025-04-07,P1011,MarketLeaderCo,282.75,True
2025-04-14,P1011,MarketLeaderCo,277.18,True
2025-04-21,P1011,MarketLeaderCo,266.47,True
2025-04-28,P1011,MarketLeaderCo,281.59,True
2025-05-05,P1011,MarketLeaderCo,284.6,True
2025-05-12,P1011,MarketLeaderCo,271.56,True
2025-05-19,P1011,MarketLeaderCo,277.29,False
2025-05-26,P1011,MarketLeaderCo,284.28,True
2025-06-02,P1011,MarketLeaderCo,266.59,True
2025-06-09,P1011,MarketLeaderCo,274.33,True
2025-06-16,P1011,MarketLeaderCo,282.93,True
2025-06-23,P1011,MarketLeaderCo,289.05,True
2025-06-30,P1011,MarketLeaderCo,298.12,True
2025-07-07,P1011,MarketLeaderCo,296.21,False
2025-07-14,P1011,MarketLeaderCo,280.98,True
2025-07-21,P1011,MarketLeaderCo,275.71,True
2025-07-28,P1011,MarketLeaderCo,287.52,True
2025-08-04,P1011,MarketLeaderCo,275.21,True
2025-08-11,P1011,MarketLeaderCo,273.37,True
2025-08-18,P1011,MarketLeaderCo,277.21,True
2025-08-25,P1011,MarketLeaderCo,276.16,True
2025-09-01,P1011,MarketLeaderCo,283.23,True
2025-09-08,P1011,MarketLeaderCo,274.72,True
2025-09-15,P1011,MarketLeaderCo,280.49,True
2025-09-22,P1011,MarketLeaderCo,293.16,True
2025-09-29,P1011,MarketLeaderCo,280.8,True
2025-10-06,P1011,MarketLeaderCo,292.5,True
2025-10-13,P1011,MarketLeaderCo,289.86,True
2025-10-20,P1011,MarketLeaderCo,284.74,True
2025-10-27,P1011,MarketLeaderCo,276.8,True
2025-11-03,P1011,MarketLeaderCo,288.5,True
2025-11-10,P1011,MarketLeaderCo,277.67,True
2025-11-17,P1011,MarketLeaderCo,279.75,True
2025-11-24,P1011,MarketLeaderCo,282.54,True
2025-12-01,P1011,MarketLeaderCo,279.73,True
2025-12-08,P1011,MarketLeaderCo,273.73,True
2025-12-15,P1011,MarketLeaderCo,266.95,True
2025-12-22,P1011,MarketLeaderCo,287.82,True
2025-12-29,P1011,MarketLeaderCo,284.56,True
2024-04-01,P1012,CompetitorY,447.17,True
2024-04-08,P1012,CompetitorY,439.67,True
2024-04-15,P1012,CompetitorY,431.91,True
2024-04-22,P1012,CompetitorY,446.61,True
2024-04-29,P1012,CompetitorY,441.56,True
2024-05-06,P1012,CompetitorY,431.76,True
2024-05-13,P1012,CompetitorY,432.45,True
2024-05-20,P1012,CompetitorY,431.15,True
2024-05-27,P1012,CompetitorY,428.79,True
2024-06-03,P1012,CompetitorY,454.33,True
2024-06-10,P1012,CompetitorY,452.54,True
2024-06-17,P1012,CompetitorY,454.35,True
2024-06-24,P1012,CompetitorY,442.0,False
2024-07-01,P1012,CompetitorY,438.73,True
2024-07-08,P1012,CompetitorY,438.97,True
2024-07-15,P1012,CompetitorY,455.48,True
2024-07-22,P1012,CompetitorY,417.81,True
2024-07-29,P1012,CompetitorY,435.12,True
2024-08-05,P1012,CompetitorY,430.18,True
2024-08-12,P1012,CompetitorY,459.97,True
2024-08-19,P1012,CompetitorY,435.61,True
2024-08-26,P1012,CompetitorY,420.25,True
2024-09-02,P1012,CompetitorY,444.91,True
2024-09-09,P1012,CompetitorY,437.04,True
2024-09-16,P1012,CompetitorY,434.56,True
2024-09-23,P1012,CompetitorY,433.19,True
2024-09-30,P1012,CompetitorY,432.67,True
2024-10-07,P1012,CompetitorY,451.34,True
2024-10-14,P1012,CompetitorY,444.91,True
2024-10-21,P1012,CompetitorY,439.32,True
2024-10-28,P1012,CompetitorY,427.38,True
2024-11-04,P1012,CompetitorY,439.71,True
2024-11-11,P1012,CompetitorY,445.4,True
2024-11-18,P1012,CompetitorY,445.9,True
2024-11-25,P1012,CompetitorY,444.08,True
2024-12-02,P1012,CompetitorY,429.71,True
2024-12-09,P1012,CompetitorY,410.08,True
2024-12-16,P1012,CompetitorY,465.8,True
2024-12-23,P1012,CompetitorY,424.58,True
2024-12-30,P1012,CompetitorY,415.89,True
2025-01-06,P1012,CompetitorY,443.68,True
2025-01-13,P1012,CompetitorY,419.29,True
2025-01-20,P1012,CompetitorY,431.27,True
2025-01-27,P1012,CompetitorY,449.22,True
2025-02-03,P1012,CompetitorY,465.45,True
2025-02-10,P1012,CompetitorY,447.08,True
2025-02-17,P1012,CompetitorY,436.12,True
2025-02-24,P1012,CompetitorY,441.26,False
2025-03-03,P1012,CompetitorY,417.97,True
2025-03-10,P1012,CompetitorY,435.97,True
2025-03-17,P1012,CompetitorY,435.98,True
2025-03-24,P1012,CompetitorY,443.98,True
2025-03-31,P1012,CompetitorY,467.69,True
2025-04-07,P1012,CompetitorY,416.27,True
2025-04-14,P1012,CompetitorY,436.54,True
2025-04-21,P1012,CompetitorY,417.64,True
2025-04-28,P1012,CompetitorY,435.27,True
2025-05-05,P1012,CompetitorY,430.48,True
2025-05-12,P1012,CompetitorY,422.13,True
2025-05-19,P1012,CompetitorY,454.05,True
2025-05-26,P1012,CompetitorY,445.33,True
2025-06-02,P1012,CompetitorY,452.5,True
2025-06-09,P1012,CompetitorY,434.9,True
2025-06-16,P1012,CompetitorY,441.01,True
2025-06-23,P1012,CompetitorY,463.09,True
2025-06-30,P1012,CompetitorY,441.91,True
2025-07-07,P1012,CompetitorY,452.66,True
2025-07-14,P1012,CompetitorY,433.76,True
2025-07-21,P1012,CompetitorY,451.44,True
2025-07-28,P1012,CompetitorY,434.67,True
2025-08-04,P1012,CompetitorY,416.8,True
2025-08-11,P1012,CompetitorY,441.84,True
2025-08-18,P1012,CompetitorY,435.71,True
2025-08-25,P1012,CompetitorY,420.4,True
2025-09-01,P1012,CompetitorY,444.48,True
2025-09-08,P1012,CompetitorY,430.1,True
2025-09-15,P1012,CompetitorY,482.95,True
2025-09-22,P1012,CompetitorY,422.53,True
2025-09-29,P1012,CompetitorY,425.86,True
2025-10-06,P1012,CompetitorY,453.47,True
2025-10-13,P1012,CompetitorY,440.18,True
2025-10-20,P1012,CompetitorY,453.2,True
2025-10-27,P1012,CompetitorY,446.99,True
2025-11-03,P1012,CompetitorY,434.22,True
2025-11-10,P1012,CompetitorY,423.66,True
2025-11-17,P1012,CompetitorY,456.15,True
2025-11-24,P1012,CompetitorY,424.86,True
2025-12-01,P1012,CompetitorY,449.35,True
2025-12-08,P1012,CompetitorY,454.13,True
2025-12-15,P1012,CompetitorY,440.26,True
2025-12-22,P1012,CompetitorY,437.91,False
2025-12-29,P1012,CompetitorY,428.9,True
2024-04-01,P1012,CompetitorX,491.29,True
2024-04-08,P1012,CompetitorX,499.07,True
2024-04-15,P1012,CompetitorX,532.82,True
2024-04-22,P1012,CompetitorX,495.95,True
2024-04-29,P1012,CompetitorX,488.47,True
2024-05-06,P1012,CompetitorX,473.67,True
2024-05-13,P1012,CompetitorX,513.52,True
2024-05-20,P1012,CompetitorX,489.31,True
2024-05-27,P1012,CompetitorX,516.45,True
2024-06-03,P1012,CompetitorX,508.31,True
2024-06-10,P1012,CompetitorX,485.16,True
2024-06-17,P1012,CompetitorX,471.44,True
2024-06-24,P1012,CompetitorX,496.01,True
2024-07-01,P1012,CompetitorX,482.91,True
2024-07-08,P1012,CompetitorX,492.57,True
2024-07-15,P1012,CompetitorX,507.47,True
2024-07-22,P1012,CompetitorX,467.58,True
2024-07-29,P1012,CompetitorX,495.89,True
2024-08-05,P1012,CompetitorX,503.2,True
2024-08-12,P1012,CompetitorX,503.92,True
2024-08-19,P1012,CompetitorX,471.86,True
2024-08-26,P1012,CompetitorX,498.18,False
2024-09-02,P1012,CompetitorX,509.75,True
2024-09-09,P1012,CompetitorX,497.06,False
2024-09-16,P1012,CompetitorX,490.28,True
2024-09-23,P1012,CompetitorX,508.81,True
2024-09-30,P1012,CompetitorX,481.74,True
2024-10-07,P1012,CompetitorX,469.41,True
2024-10-14,P1012,CompetitorX,489.03,True
2024-10-21,P1012,CompetitorX,499.89,True
2024-10-28,P1012,CompetitorX,507.32,True
2024-11-04,P1012,CompetitorX,499.82,True
2024-11-11,P1012,CompetitorX,504.33,True
2024-11-18,P1012,CompetitorX,507.42,True
2024-11-25,P1012,CompetitorX,486.98,True
2024-12-02,P1012,CompetitorX,489.81,True
2024-12-09,P1012,CompetitorX,510.99,True
2024-12-16,P1012,CompetitorX,474.13,True
2024-12-23,P1012,CompetitorX,498.32,True
2024-12-30,P1012,CompetitorX,481.41,True
2025-01-06,P1012,CompetitorX,508.23,True
2025-01-13,P1012,CompetitorX,491.72,True
2025-01-20,P1012,CompetitorX,492.1,True
2025-01-27,P1012,CompetitorX,517.51,True
2025-02-03,P1012,CompetitorX,476.11,True
2025-02-10,P1012,CompetitorX,495.17,True
2025-02-17,P1012,CompetitorX,489.33,True
2025-02-24,P1012,CompetitorX,499.85,True
2025-03-03,P1012,CompetitorX,520.47,True
2025-03-10,P1012,CompetitorX,483.06,True
2025-03-17,P1012,CompetitorX,474.32,True
2025-03-24,P1012,CompetitorX,480.04,True
2025-03-31,P1012,CompetitorX,488.55,True
2025-04-07,P1012,CompetitorX,492.94,True
2025-04-14,P1012,CompetitorX,493.68,True
2025-04-21,P1012,CompetitorX,518.6,True
2025-04-28,P1012,CompetitorX,515.97,True
2025-05-05,P1012,CompetitorX,511.22,True
2025-05-12,P1012,CompetitorX,529.1,True
2025-05-19,P1012,CompetitorX,504.15,True
2025-05-26,P1012,CompetitorX,508.35,False
2025-06-02,P1012,CompetitorX,503.87,True
2025-06-09,P1012,CompetitorX,501.45,True
2025-06-16,P1012,CompetitorX,497.81,True
2025-06-23,P1012,CompetitorX,486.13,True
2025-06-30,P1012,CompetitorX,473.59,True
2025-07-07,P1012,CompetitorX,490.06,False
2025-07-14,P1012,CompetitorX,500.34,True
2025-07-21,P1012,CompetitorX,493.06,True
2025-07-28,P1012,CompetitorX,476.27,True
2025-08-04,P1012,CompetitorX,489.54,True
2025-08-11,P1012,CompetitorX,488.77,True
2025-08-18,P1012,CompetitorX,491.07,True
2025-08-25,P1012,CompetitorX,499.23,True
2025-09-01,P1012,CompetitorX,502.41,True
2025-09-08,P1012,CompetitorX,484.61,True
2025-09-15,P1012,CompetitorX,506.47,True
2025-09-22,P1012,CompetitorX,508.69,True
2025-09-29,P1012,CompetitorX,496.72,True
2025-10-06,P1012,CompetitorX,501.8,True
2025-10-13,P1012,CompetitorX,506.52,True
2025-10-20,P1012,CompetitorX,475.79,True
2025-10-27,P1012,CompetitorX,507.56,True
2025-11-03,P1012,CompetitorX,480.33,True
2025-11-10,P1012,CompetitorX,481.77,True
2025-11-17,P1012,CompetitorX,494.89,True
2025-11-24,P1012,CompetitorX,460.34,True
2025-12-01,P1012,CompetitorX,494.58,True
2025-12-08,P1012,CompetitorX,506.48,True
2025-12-15,P1012,CompetitorX,467.7,True
2025-12-22,P1012,CompetitorX,508.06,True
2025-12-29,P1012,CompetitorX,481.68,True
2024-02-12,P1013,CompetitorZ,128.57,True
2024-02-19,P1013,CompetitorZ,126.65,True
2024-02-26,P1013,CompetitorZ,124.46,True
2024-03-04,P1013,CompetitorZ,132.28,True
2024-03-11,P1013,CompetitorZ,124.21,True
2024-03-18,P1013,CompetitorZ,125.4,True
2024-03-25,P1013,CompetitorZ,124.4,True
2024-04-01,P1013,CompetitorZ,123.31,True
2024-04-08,P1013,CompetitorZ,126.94,True
2024-04-15,P1013,CompetitorZ,122.21,True
2024-04-22,P1013,CompetitorZ,121.96,True
2024-04-29,P1013,CompetitorZ,127.13,True
2024-05-06,P1013,CompetitorZ,122.72,True
2024-05-13,P1013,CompetitorZ,125.08,True
2024-05-20,P1013,CompetitorZ,123.3,True
2024-05-27,P1013,CompetitorZ,124.54,True
2024-06-03,P1013,CompetitorZ,122.06,True
2024-06-10,P1013,CompetitorZ,122.18,True
2024-06-17,P1013,CompetitorZ,121.52,True
2024-06-24,P1013,CompetitorZ,127.73,True
2024-07-01,P1013,CompetitorZ,125.22,True
2024-07-08,P1013,CompetitorZ,128.01,True
2024-07-15,P1013,CompetitorZ,128.41,True
2024-07-22,P1013,CompetitorZ,122.86,True
2024-07-29,P1013,CompetitorZ,127.87,True
2024-08-05,P1013,CompetitorZ,124.53,True
2024-08-12,P1013,CompetitorZ,123.99,True
2024-08-19,P1013,CompetitorZ,129.26,True
2024-08-26,P1013,CompetitorZ,126.65,True
2024-09-02,P1013,CompetitorZ,123.26,True
2024-09-09,P1013,CompetitorZ,126.41,True
2024-09-16,P1013,CompetitorZ,119.85,True
2024-09-23,P1013,CompetitorZ,125.5,True
2024-09-30,P1013,CompetitorZ,118.97,True
2024-10-07,P1013,CompetitorZ,120.9,True
2024-10-14,P1013,CompetitorZ,126.76,True
2024-10-21,P1013,CompetitorZ,114.6,True
2024-10-28,P1013,CompetitorZ,131.32,True
2024-11-04,P1013,CompetitorZ,127.7,True
2024-11-11,P1013,CompetitorZ,117.71,True
2024-11-18,P1013,CompetitorZ,133.54,True
2024-11-25,P1013,CompetitorZ,134.57,True
2024-12-02,P1013,CompetitorZ,123.9,True
2024-12-09,P1013,CompetitorZ,121.12,True
2024-12-16,P1013,CompetitorZ,130.88,True
2024-12-23,P1013,CompetitorZ,123.29,True
2024-12-30,P1013,CompetitorZ,125.18,True
2025-01-06,P1013,CompetitorZ,129.13,True
2025-01-13,P1013,CompetitorZ,124.01,False
2025-01-20,P1013,CompetitorZ,123.68,True
2025-01-27,P1013,CompetitorZ,119.82,True
2025-02-03,P1013,CompetitorZ,122.22,True
2025-02-10,P1013,CompetitorZ,123.6,True
2025-02-17,P1013,CompetitorZ,119.95,True
2025-02-24,P1013,CompetitorZ,120.29,True
2025-03-03,P1013,CompetitorZ,124.7,True
2025-03-10,P1013,CompetitorZ,117.67,True
2025-03-17,P1013,CompetitorZ,121.29,True
2025-03-24,P1013,CompetitorZ,131.85,True
2025-03-31,P1013,CompetitorZ,123.29,True
2025-04-07,P1013,CompetitorZ,122.82,True
2025-04-14,P1013,CompetitorZ,123.27,True
2025-04-21,P1013,CompetitorZ,123.33,True
2025-04-28,P1013,CompetitorZ,126.73,True
2025-05-05,P1013,CompetitorZ,126.47,False
2025-05-12,P1013,CompetitorZ,123.12,True
2025-05-19,P1013,CompetitorZ,123.78,True
2025-05-26,P1013,CompetitorZ,129.49,True
2025-06-02,P1013,CompetitorZ,118.93,True
2025-06-09,P1013,CompetitorZ,124.36,True
2025-06-16,P1013,CompetitorZ,125.08,True
2025-06-23,P1013,CompetitorZ,121.68,True
2025-06-30,P1013,CompetitorZ,124.15,True
2025-07-07,P1013,CompetitorZ,121.17,True
2025-07-14,P1013,CompetitorZ,126.96,True
2025-07-21,P1013,CompetitorZ,119.58,True
2025-07-28,P1013,CompetitorZ,128.55,True
2025-08-04,P1013,CompetitorZ,124.3,True
2025-08-11,P1013,CompetitorZ,122.9,True
2025-08-18,P1013,CompetitorZ,120.82,True
2025-08-25,P1013,CompetitorZ,128.43,True
2025-09-01,P1013,CompetitorZ,122.14,True
2025-09-08,P1013,CompetitorZ,120.22,True
2025-09-15,P1013,CompetitorZ,128.51,True
2025-09-22,P1013,CompetitorZ,121.2,True
2025-09-29,P1013,CompetitorZ,124.23,True
2025-10-06,P1013,CompetitorZ,127.64,True
2025-10-13,P1013,CompetitorZ,125.17,True
2025-10-20,P1013,CompetitorZ,131.05,False
2025-10-27,P1013,CompetitorZ,121.46,True
2025-11-03,P1013,CompetitorZ,123.79,False
2025-11-10,P1013,CompetitorZ,124.08,True
2025-11-17,P1013,CompetitorZ,126.9,True
2025-11-24,P1013,CompetitorZ,129.39,True
2025-12-01,P1013,CompetitorZ,124.85,True
2025-12-08,P1013,CompetitorZ,124.06,True
2025-12-15,P1013,CompetitorZ,119.04,True
2025-12-22,P1013,CompetitorZ,125.0,True
2025-12-29,P1013,CompetitorZ,122.15,True
2024-02-12,P1013,CompetitorX,134.37,True
2024-02-19,P1013,CompetitorX,131.13,True
2024-02-26,P1013,CompetitorX,128.71,True
2024-03-04,P1013,CompetitorX,133.81,True
2024-03-11,P1013,CompetitorX,121.46,True
2024-03-18,P1013,CompetitorX,134.05,True
2024-03-25,P1013,CompetitorX,133.02,True
2024-04-01,P1013,CompetitorX,136.92,True
2024-04-08,P1013,CompetitorX,135.4,True
2024-04-15,P1013,CompetitorX,129.22,True
2024-04-22,P1013,CompetitorX,134.95,True
2024-04-29,P1013,CompetitorX,131.26,True
2024-05-06,P1013,CompetitorX,124.27,True
2024-05-13,P1013,CompetitorX,132.56,True
2024-05-20,P1013,CompetitorX,129.46,True
2024-05-27,P1013,CompetitorX,131.93,True
2024-06-03,P1013,CompetitorX,138.46,True
2024-06-10,P1013,CompetitorX,132.82,True
2024-06-17,P1013,CompetitorX,127.9,True
2024-06-24,P1013,CompetitorX,135.74,True
2024-07-01,P1013,CompetitorX,133.36,True
2024-07-08,P1013,CompetitorX,127.43,True
2024-07-15,P1013,CompetitorX,125.57,True
2024-07-22,P1013,CompetitorX,128.06,True
2024-07-29,P1013,CompetitorX,135.24,True
2024-08-05,P1013,CompetitorX,130.73,True
2024-08-12,P1013,CompetitorX,132.25,True
2024-08-19,P1013,CompetitorX,126.63,True
2024-08-26,P1013,CompetitorX,135.34,True
2024-09-02,P1013,CompetitorX,123.95,True
2024-09-09,P1013,CompetitorX,129.33,True
2024-09-16,P1013,CompetitorX,133.58,True
2024-09-23,P1013,CompetitorX,127.48,True
2024-09-30,P1013,CompetitorX,134.36,True
2024-10-07,P1013,CompetitorX,128.49,True
2024-10-14,P1013,CompetitorX,127.07,True
2024-10-21,P1013,CompetitorX,137.02,True
2024-10-28,P1013,CompetitorX,132.54,True
2024-11-04,P1013,CompetitorX,133.98,True
2024-11-11,P1013,CompetitorX,135.96,True
2024-11-18,P1013,CompetitorX,121.56,True
2024-11-25,P1013,CompetitorX,134.44,True
2024-12-02,P1013,CompetitorX,128.92,True
2024-12-09,P1013,CompetitorX,129.44,True
2024-12-16,P1013,CompetitorX,133.66,True
2024-12-23,P1013,CompetitorX,130.49,True
2024-12-30,P1013,CompetitorX,134.28,True
2025-01-06,P1013,CompetitorX,131.77,True
2025-01-13,P1013,CompetitorX,132.59,True
2025-01-20,P1013,CompetitorX,129.99,True
2025-01-27,P1013,CompetitorX,127.71,False
2025-02-03,P1013,CompetitorX,129.0,True
2025-02-10,P1013,CompetitorX,131.52,True
2025-02-17,P1013,CompetitorX,139.2,True
2025-02-24,P1013,CompetitorX,137.75,True
2025-03-03,P1013,CompetitorX,129.34,True
2025-03-10,P1013,CompetitorX,132.17,True
2025-03-17,P1013,CompetitorX,130.79,True
2025-03-24,P1013,CompetitorX,132.44,True
2025-03-31,P1013,CompetitorX,132.95,True
2025-04-07,P1013,CompetitorX,134.01,True
2025-04-14,P1013,CompetitorX,120.44,True
2025-04-21,P1013,CompetitorX,133.38,True
2025-04-28,P1013,CompetitorX,130.35,True
2025-05-05,P1013,CompetitorX,129.14,True
2025-05-12,P1013,CompetitorX,135.07,True
2025-05-19,P1013,CompetitorX,137.73,True
2025-05-26,P1013,CompetitorX,134.65,True
2025-06-02,P1013,CompetitorX,129.87,True
2025-06-09,P1013,CompetitorX,127.67,False
2025-06-16,P1013,CompetitorX,120.03,True
2025-06-23,P1013,CompetitorX,132.65,True
2025-06-30,P1013,CompetitorX,134.22,True
2025-07-07,P1013,CompetitorX,131.52,True
2025-07-14,P1013,CompetitorX,135.62,True
2025-07-21,P1013,CompetitorX,126.7,True
2025-07-28,P1013,CompetitorX,131.25,True
2025-08-04,P1013,CompetitorX,130.94,True
2025-08-11,P1013,CompetitorX,131.49,True
2025-08-18,P1013,CompetitorX,136.55,True
2025-08-25,P1013,CompetitorX,131.51,True
2025-09-01,P1013,CompetitorX,130.76,True
2025-09-08,P1013,CompetitorX,128.22,False
2025-09-15,P1013,CompetitorX,137.19,True
2025-09-22,P1013,CompetitorX,126.26,True
2025-09-29,P1013,CompetitorX,129.74,True
2025-10-06,P1013,CompetitorX,138.63,True
2025-10-13,P1013,CompetitorX,133.78,True
2025-10-20,P1013,CompetitorX,131.85,True
2025-10-27,P1013,CompetitorX,132.01,True
2025-11-03,P1013,CompetitorX,128.18,True
2025-11-10,P1013,CompetitorX,131.66,True
2025-11-17,P1013,CompetitorX,130.54,True
2025-11-24,P1013,CompetitorX,132.64,True
2025-12-01,P1013,CompetitorX,125.97,True
2025-12-08,P1013,CompetitorX,133.5,True
2025-12-15,P1013,CompetitorX,135.95,True
2025-12-22,P1013,CompetitorX,131.12,True
2025-12-29,P1013,CompetitorX,134.49,True
2024-01-29,P1014,MarketLeaderCo,145.68,True
2024-02-05,P1014,MarketLeaderCo,155.25,True
2024-02-12,P1014,MarketLeaderCo,149.21,True
2024-02-19,P1014,MarketLeaderCo,155.24,True
2024-02-26,P1014,MarketLeaderCo,151.85,True
2024-03-04,P1014,MarketLeaderCo,146.44,True
2024-03-11,P1014,MarketLeaderCo,151.58,True
2024-03-18,P1014,MarketLeaderCo,154.1,True
2024-03-25,P1014,MarketLeaderCo,150.09,True
2024-04-01,P1014,MarketLeaderCo,150.78,True
2024-04-08,P1014,MarketLeaderCo,147.95,True
2024-04-15,P1014,MarketLeaderCo,150.55,True
2024-04-22,P1014,MarketLeaderCo,151.52,True
2024-04-29,P1014,MarketLeaderCo,147.83,True
2024-05-06,P1014,MarketLeaderCo,145.57,True
2024-05-13,P1014,MarketLeaderCo,156.26,True
2024-05-20,P1014,MarketLeaderCo,153.17,True
2024-05-27,P1014,MarketLeaderCo,147.97,True
2024-06-03,P1014,MarketLeaderCo,151.43,True
2024-06-10,P1014,MarketLeaderCo,143.77,True
2024-06-17,P1014,MarketLeaderCo,141.52,True
2024-06-24,P1014,MarketLeaderCo,155.34,True
2024-07-01,P1014,MarketLeaderCo,151.48,True
2024-07-08,P1014,MarketLeaderCo,150.23,True
2024-07-15,P1014,MarketLeaderCo,151.49,True
2024-07-22,P1014,MarketLeaderCo,165.0,True
2024-07-29,P1014,MarketLeaderCo,154.36,True
2024-08-05,P1014,MarketLeaderCo,145.72,True
2024-08-12,P1014,MarketLeaderCo,142.86,True
2024-08-19,P1014,MarketLeaderCo,155.2,True
2024-08-26,P1014,MarketLeaderCo,154.31,True
2024-09-02,P1014,MarketLeaderCo,153.04,True
2024-09-09,P1014,MarketLeaderCo,146.77,True
2024-09-16,P1014,MarketLeaderCo,152.08,True
2024-09-23,P1014,MarketLeaderCo,147.18,True
2024-09-30,P1014,MarketLeaderCo,153.43,True
2024-10-07,P1014,MarketLeaderCo,154.88,True
2024-10-14,P1014,MarketLeaderCo,147.99,True
2024-10-21,P1014,MarketLeaderCo,155.55,False
2024-10-28,P1014,MarketLeaderCo,150.96,True
2024-11-04,P1014,MarketLeaderCo,152.66,True
2024-11-11,P1014,MarketLeaderCo,144.53,True
2024-11-18,P1014,MarketLeaderCo,151.49,True
2024-11-25,P1014,MarketLeaderCo,147.39,True
2024-12-02,P1014,MarketLeaderCo,152.58,True
2024-12-09,P1014,MarketLeaderCo,157.06,True
2024-12-16,P1014,MarketLeaderCo,151.75,True
2024-12-23,P1014,MarketLeaderCo,146.38,True
2024-12-30,P1014,MarketLeaderCo,153.27,True
2025-01-06,P1014,MarketLeaderCo,152.26,True
2025-01-13,P1014,MarketLeaderCo,159.73,True
2025-01-20,P1014,MarketLeaderCo,151.59,True
2025-01-27,P1014,MarketLeaderCo,147.8,True
2025-02-03,P1014,MarketLeaderCo,153.92,True
2025-02-10,P1014,MarketLeaderCo,149.87,True
2025-02-17,P1014,MarketLeaderCo,150.8,True
2025-02-24,P1014,MarketLeaderCo,146.25,True
2025-03-03,P1014,MarketLeaderCo,149.89,False
2025-03-10,P1014,MarketLeaderCo,150.58,True
2025-03-17,P1014,MarketLeaderCo,149.86,True
2025-03-24,P1014,MarketLeaderCo,147.78,True
2025-03-31,P1014,MarketLeaderCo,151.74,True
2025-04-07,P1014,MarketLeaderCo,146.27,True
2025-04-14,P1014,MarketLeaderCo,145.21,True
2025-04-21,P1014,MarketLeaderCo,153.64,True
2025-04-28,P1014,MarketLeaderCo,153.23,False
2025-05-05,P1014,MarketLeaderCo,144.54,True
2025-05-12,P1014,MarketLeaderCo,142.18,True
2025-05-19,P1014,MarketLeaderCo,145.89,True
2025-05-26,P1014,MarketLeaderCo,149.86,True
2025-06-02,P1014,MarketLeaderCo,155.65,True
2025-06-09,P1014,MarketLeaderCo,149.75,True
2025-06-16,P1014,MarketLeaderCo,146.97,True
2025-06-23,P1014,MarketLeaderCo,151.11,True
2025-06-30,P1014,MarketLeaderCo,149.93,True
2025-07-07,P1014,MarketLeaderCo,144.21,True
2025-07-14,P1014,MarketLeaderCo,144.24,True
2025-07-21,P1014,MarketLeaderCo,144.36,True
2025-07-28,P1014,MarketLeaderCo,161.63,True
2025-08-04,P1014,MarketLeaderCo,154.32,True
2025-08-11,P1014,MarketLeaderCo,147.76,True
2025-08-18,P1014,MarketLeaderCo,155.44,True
2025-08-25,P1014,MarketLeaderCo,147.88,True
2025-09-01,P1014,MarketLeaderCo,155.29,True
2025-09-08,P1014,MarketLeaderCo,150.8,True
2025-09-15,P1014,MarketLeaderCo,147.47,True
2025-09-22,P1014,MarketLeaderCo,153.51,True
2025-09-29,P1014,MarketLeaderCo,151.06,True
2025-10-06,P1014,MarketLeaderCo,152.24,True
2025-10-13,P1014,MarketLeaderCo,151.41,True
2025-10-20,P1014,MarketLeaderCo,151.37,True
2025-10-27,P1014,MarketLeaderCo,154.06,True
2025-11-03,P1014,MarketLeaderCo,162.1,True
2025-11-10,P1014,MarketLeaderCo,156.08,True
2025-11-17,P1014,MarketLeaderCo,151.43,True
2025-11-24,P1014,MarketLeaderCo,149.04,False
2025-12-01,P1014,MarketLeaderCo,149.54,True
2025-12-08,P1014,MarketLeaderCo,144.77,True
2025-12-15,P1014,MarketLeaderCo,153.44,True
2025-12-22,P1014,MarketLeaderCo,145.86,True
2025-12-29,P1014,MarketLeaderCo,148.76,True
2024-01-29,P1014,CompetitorZ,152.45,True
2024-02-05,P1014,CompetitorZ,154.08,True
2024-02-12,P1014,CompetitorZ,144.02,True
2024-02-19,P1014,CompetitorZ,144.04,True
2024-02-26,P1014,CompetitorZ,145.27,False
2024-03-04,P1014,CompetitorZ,149.39,True
2024-03-11,P1014,CompetitorZ,143.36,True
2024-03-18,P1014,CompetitorZ,153.71,True
2024-03-25,P1014,CompetitorZ,145.3,True
2024-04-01,P1014,CompetitorZ,150.45,True
2024-04-08,P1014,CompetitorZ,146.85,True
2024-04-15,P1014,CompetitorZ,149.15,True
2024-04-22,P1014,CompetitorZ,142.25,True
2024-04-29,P1014,CompetitorZ,153.93,True
2024-05-06,P1014,CompetitorZ,145.13,True
2024-05-13,P1014,CompetitorZ,144.66,True
2024-05-20,P1014,CompetitorZ,160.11,True
2024-05-27,P1014,CompetitorZ,151.93,True
2024-06-03,P1014,CompetitorZ,153.76,True
2024-06-10,P1014,CompetitorZ,151.5,True
2024-06-17,P1014,CompetitorZ,147.41,True
2024-06-24,P1014,CompetitorZ,143.58,True
2024-07-01,P1014,CompetitorZ,148.1,True
2024-07-08,P1014,CompetitorZ,145.06,True
2024-07-15,P1014,CompetitorZ,145.33,True
2024-07-22,P1014,CompetitorZ,142.34,True
2024-07-29,P1014,CompetitorZ,149.95,True
2024-08-05,P1014,CompetitorZ,156.5,True
2024-08-12,P1014,CompetitorZ,151.94,True
2024-08-19,P1014,CompetitorZ,148.97,True
2024-08-26,P1014,CompetitorZ,149.26,True
2024-09-02,P1014,CompetitorZ,135.78,True
2024-09-09,P1014,CompetitorZ,147.54,True
2024-09-16,P1014,CompetitorZ,143.05,True
2024-09-23,P1014,CompetitorZ,150.04,True
2024-09-30,P1014,CompetitorZ,148.28,True
2024-10-07,P1014,CompetitorZ,145.54,True
2024-10-14,P1014,CompetitorZ,149.94,True
2024-10-21,P1014,CompetitorZ,149.9,True
2024-10-28,P1014,CompetitorZ,156.25,True
2024-11-04,P1014,CompetitorZ,152.52,True
2024-11-11,P1014,CompetitorZ,150.41,True
2024-11-18,P1014,CompetitorZ,145.19,True
2024-11-25,P1014,CompetitorZ,144.63,True
2024-12-02,P1014,CompetitorZ,152.13,True
2024-12-09,P1014,CompetitorZ,148.54,True
2024-12-16,P1014,CompetitorZ,150.56,True
2024-12-23,P1014,CompetitorZ,153.83,True
2024-12-30,P1014,CompetitorZ,142.66,True
2025-01-06,P1014,CompetitorZ,155.7,True
2025-01-13,P1014,CompetitorZ,153.79,True
2025-01-20,P1014,CompetitorZ,140.23,True
2025-01-27,P1014,CompetitorZ,159.99,True
2025-02-03,P1014,CompetitorZ,150.88,True
2025-02-10,P1014,CompetitorZ,147.3,True
2025-02-17,P1014,CompetitorZ,151.77,True
2025-02-24,P1014,CompetitorZ,145.06,True
2025-03-03,P1014,CompetitorZ,151.89,True
2025-03-10,P1014,CompetitorZ,145.88,True
2025-03-17,P1014,CompetitorZ,158.5,True
2025-03-24,P1014,CompetitorZ,149.71,True
2025-03-31,P1014,CompetitorZ,152.36,True
2025-04-07,P1014,CompetitorZ,145.92,True
2025-04-14,P1014,CompetitorZ,153.1,True
2025-04-21,P1014,CompetitorZ,149.39,True
2025-04-28,P1014,CompetitorZ,143.11,True
2025-05-05,P1014,CompetitorZ,148.37,True
2025-05-12,P1014,CompetitorZ,158.1,True
2025-05-19,P1014,CompetitorZ,153.29,True
2025-05-26,P1014,CompetitorZ,147.74,True
2025-06-02,P1014,CompetitorZ,141.06,True
2025-06-09,P1014,CompetitorZ,145.71,True
2025-06-16,P1014,CompetitorZ,143.14,True
2025-06-23,P1014,CompetitorZ,141.17,True
2025-06-30,P1014,CompetitorZ,152.96,True
2025-07-07,P1014,CompetitorZ,149.72,True
2025-07-14,P1014,CompetitorZ,157.49,True
2025-07-21,P1014,CompetitorZ,144.97,True
2025-07-28,P1014,CompetitorZ,149.43,True
2025-08-04,P1014,CompetitorZ,143.19,True
2025-08-11,P1014,CompetitorZ,146.77,True
2025-08-18,P1014,CompetitorZ,148.45,False
2025-08-25,P1014,CompetitorZ,147.76,True
2025-09-01,P1014,CompetitorZ,149.68,True
2025-09-08,P1014,CompetitorZ,153.8,True
2025-09-15,P1014,CompetitorZ,153.33,True
2025-09-22,P1014,CompetitorZ,145.99,True
2025-09-29,P1014,CompetitorZ,149.31,True
2025-10-06,P1014,CompetitorZ,153.0,True
2025-10-13,P1014,CompetitorZ,154.09,True
2025-10-20,P1014,CompetitorZ,146.48,True
2025-10-27,P1014,CompetitorZ,152.62,True
2025-11-03,P1014,CompetitorZ,150.93,True
2025-11-10,P1014,CompetitorZ,144.66,True
2025-11-17,P1014,CompetitorZ,153.03,True
2025-11-24,P1014,CompetitorZ,150.12,True
2025-12-01,P1014,CompetitorZ,141.63,True
2025-12-08,P1014,CompetitorZ,148.12,True
2025-12-15,P1014,CompetitorZ,149.62,True
2025-12-22,P1014,CompetitorZ,146.73,True
2025-12-29,P1014,CompetitorZ,154.95,True
2024-01-29,P1014,CompetitorX,162.16,True
2024-02-05,P1014,CompetitorX,170.33,True
2024-02-12,P1014,CompetitorX,164.69,True
2024-02-19,P1014,CompetitorX,153.48,True
2024-02-26,P1014,CompetitorX,163.58,True
2024-03-04,P1014,CompetitorX,164.44,False
2024-03-11,P1014,CompetitorX,152.53,True
2024-03-18,P1014,CompetitorX,164.57,True
2024-03-25,P1014,CompetitorX,159.45,True
2024-04-01,P1014,CompetitorX,155.39,True
2024-04-08,P1014,CompetitorX,172.37,True
2024-04-15,P1014,CompetitorX,159.23,True
2024-04-22,P1014,CompetitorX,161.16,True
2024-04-29,P1014,CompetitorX,161.09,True
2024-05-06,P1014,CompetitorX,164.46,True
2024-05-13,P1014,CompetitorX,173.16,True
2024-05-20,P1014,CompetitorX,158.55,True
2024-05-27,P1014,CompetitorX,162.94,True
2024-06-03,P1014,CompetitorX,165.05,True
2024-06-10,P1014,CompetitorX,160.16,True
2024-06-17,P1014,CompetitorX,162.86,True
2024-06-24,P1014,CompetitorX,167.38,True
2024-07-01,P1014,CompetitorX,160.72,True
2024-07-08,P1014,CompetitorX,162.78,True
2024-07-15,P1014,CompetitorX,162.32,True
2024-07-22,P1014,CompetitorX,163.94,True
2024-07-29,P1014,CompetitorX,165.65,True
2024-08-05,P1014,CompetitorX,167.34,True
2024-08-12,P1014,CompetitorX,174.01,True
2024-08-19,P1014,CompetitorX,151.33,True
2024-08-26,P1014,CompetitorX,163.62,True
2024-09-02,P1014,CompetitorX,157.72,True
2024-09-09,P1014,CompetitorX,162.55,True
2024-09-16,P1014,CompetitorX,168.8,True
2024-09-23,P1014,CompetitorX,170.36,True
2024-09-30,P1014,CompetitorX,170.59,True
2024-10-07,P1014,CompetitorX,170.54,True
2024-10-14,P1014,CompetitorX,163.59,True
2024-10-21,P1014,CompetitorX,171.35,True
2024-10-28,P1014,CompetitorX,172.33,True
2024-11-04,P1014,CompetitorX,165.14,True
2024-11-11,P1014,CompetitorX,170.26,True
2024-11-18,P1014,CompetitorX,164.65,True
2024-11-25,P1014,CompetitorX,171.41,True
2024-12-02,P1014,CompetitorX,163.65,True
2024-12-09,P1014,CompetitorX,161.44,True
2024-12-16,P1014,CompetitorX,158.92,True
2024-12-23,P1014,CompetitorX,163.59,True
2024-12-30,P1014,CompetitorX,164.87,True
2025-01-06,P1014,CompetitorX,159.78,False
2025-01-13,P1014,CompetitorX,163.22,True
2025-01-20,P1014,CompetitorX,161.85,True
2025-01-27,P1014,CompetitorX,159.14,True
2025-02-03,P1014,CompetitorX,169.56,True
2025-02-10,P1014,CompetitorX,170.43,False
2025-02-17,P1014,CompetitorX,169.54,True
2025-02-24,P1014,CompetitorX,164.04,False
2025-03-03,P1014,CompetitorX,164.34,True
2025-03-10,P1014,CompetitorX,159.21,True
2025-03-17,P1014,CompetitorX,166.5,True
2025-03-24,P1014,CompetitorX,165.29,True
2025-03-31,P1014,CompetitorX,178.48,True
2025-04-07,P1014,CompetitorX,169.81,True
2025-04-14,P1014,CompetitorX,166.01,False
2025-04-21,P1014,CompetitorX,164.24,True
2025-04-28,P1014,CompetitorX,169.39,True
2025-05-05,P1014,CompetitorX,159.93,True
2025-05-12,P1014,CompetitorX,170.07,True
2025-05-19,P1014,CompetitorX,159.09,True
2025-05-26,P1014,CompetitorX,161.68,True
2025-06-02,P1014,CompetitorX,155.38,True
2025-06-09,P1014,CompetitorX,167.48,True
2025-06-16,P1014,CompetitorX,165.68,True
2025-06-23,P1014,CompetitorX,161.68,True
2025-06-30,P1014,CompetitorX,159.87,False
2025-07-07,P1014,CompetitorX,171.25,True
2025-07-14,P1014,CompetitorX,163.79,True
2025-07-21,P1014,CompetitorX,160.66,True
2025-07-28,P1014,CompetitorX,173.93,True
2025-08-04,P1014,CompetitorX,161.21,True
2025-08-11,P1014,CompetitorX,170.07,True
2025-08-18,P1014,CompetitorX,158.77,True
2025-08-25,P1014,CompetitorX,162.7,True
2025-09-01,P1014,CompetitorX,166.93,True
2025-09-08,P1014,CompetitorX,164.16,True
2025-09-15,P1014,CompetitorX,165.65,True
2025-09-22,P1014,CompetitorX,161.79,True
2025-09-29,P1014,CompetitorX,156.57,True
2025-10-06,P1014,CompetitorX,171.68,True
2025-10-13,P1014,CompetitorX,162.09,True
2025-10-20,P1014,CompetitorX,165.88,True
2025-10-27,P1014,CompetitorX,167.91,True
2025-11-03,P1014,CompetitorX,165.97,True
2025-11-10,P1014,CompetitorX,160.95,True
2025-11-17,P1014,CompetitorX,170.17,True
2025-11-24,P1014,CompetitorX,166.98,True
2025-12-01,P1014,CompetitorX,165.43,True
2025-12-08,P1014,CompetitorX,165.32,True
2025-12-15,P1014,CompetitorX,172.75,True
2025-12-22,P1014,CompetitorX,160.85,True
2025-12-29,P1014,CompetitorX,166.5,True
2024-04-08,P1015,CompetitorZ,440.38,True
2024-04-15,P1015,CompetitorZ,455.38,True
2024-04-22,P1015,CompetitorZ,446.57,True
2024-04-29,P1015,CompetitorZ,444.31,True
2024-05-06,P1015,CompetitorZ,454.54,True
2024-05-13,P1015,CompetitorZ,453.89,True
2024-05-20,P1015,CompetitorZ,442.13,True
2024-05-27,P1015,CompetitorZ,448.71,True
2024-06-03,P1015,CompetitorZ,459.51,True
2024-06-10,P1015,CompetitorZ,429.18,True
2024-06-17,P1015,CompetitorZ,457.23,True
2024-06-24,P1015,CompetitorZ,454.48,True
2024-07-01,P1015,CompetitorZ,463.41,True
2024-07-08,P1015,CompetitorZ,437.87,True
2024-07-15,P1015,CompetitorZ,447.56,True
2024-07-22,P1015,CompetitorZ,450.23,True
2024-07-29,P1015,CompetitorZ,457.4,True
2024-08-05,P1015,CompetitorZ,453.24,True
2024-08-12,P1015,CompetitorZ,430.84,True
2024-08-19,P1015,CompetitorZ,451.39,True
2024-08-26,P1015,CompetitorZ,474.39,True
2024-09-02,P1015,CompetitorZ,455.69,True
2024-09-09,P1015,CompetitorZ,469.47,True
2024-09-16,P1015,CompetitorZ,461.48,True
2024-09-23,P1015,CompetitorZ,465.77,True
2024-09-30,P1015,CompetitorZ,451.64,True
2024-10-07,P1015,CompetitorZ,454.49,True
2024-10-14,P1015,CompetitorZ,450.91,True
2024-10-21,P1015,CompetitorZ,447.54,False
2024-10-28,P1015,CompetitorZ,457.44,True
2024-11-04,P1015,CompetitorZ,440.49,True
2024-11-11,P1015,CompetitorZ,472.79,True
2024-11-18,P1015,CompetitorZ,435.02,False
2024-11-25,P1015,CompetitorZ,458.37,True
2024-12-02,P1015,CompetitorZ,465.99,True
2024-12-09,P1015,CompetitorZ,445.11,True
2024-12-16,P1015,CompetitorZ,432.54,True
2024-12-23,P1015,CompetitorZ,462.99,True
2024-12-30,P1015,CompetitorZ,450.21,True
2025-01-06,P1015,CompetitorZ,458.4,True
2025-01-13,P1015,CompetitorZ,446.01,True
2025-01-20,P1015,CompetitorZ,470.73,True
2025-01-27,P1015,CompetitorZ,419.06,True
2025-02-03,P1015,CompetitorZ,452.53,True
2025-02-10,P1015,CompetitorZ,465.49,True
2025-02-17,P1015,CompetitorZ,448.89,True
2025-02-24,P1015,CompetitorZ,451.54,True
2025-03-03,P1015,CompetitorZ,441.65,True
2025-03-10,P1015,CompetitorZ,447.76,True
2025-03-17,P1015,CompetitorZ,425.04,True
2025-03-24,P1015,CompetitorZ,437.84,True
2025-03-31,P1015,CompetitorZ,436.92,True
2025-04-07,P1015,CompetitorZ,456.46,True
2025-04-14,P1015,CompetitorZ,439.81,True
2025-04-21,P1015,CompetitorZ,440.2,True
2025-04-28,P1015,CompetitorZ,442.41,True
2025-05-05,P1015,CompetitorZ,437.43,True
2025-05-12,P1015,CompetitorZ,451.09,True
2025-05-19,P1015,CompetitorZ,452.55,True
2025-05-26,P1015,CompetitorZ,458.56,True
2025-06-02,P1015,CompetitorZ,456.24,True
2025-06-09,P1015,CompetitorZ,454.9,True
2025-06-16,P1015,CompetitorZ,443.06,True
2025-06-23,P1015,CompetitorZ,442.2,True
2025-06-30,P1015,CompetitorZ,435.79,True
2025-07-07,P1015,CompetitorZ,435.54,True
2025-07-14,P1015,CompetitorZ,450.09,True
2025-07-21,P1015,CompetitorZ,437.82,True
2025-07-28,P1015,CompetitorZ,467.19,True
2025-08-04,P1015,CompetitorZ,446.98,True
2025-08-11,P1015,CompetitorZ,467.64,False
2025-08-18,P1015,CompetitorZ,455.16,True
2025-08-25,P1015,CompetitorZ,437.05,True
2025-09-01,P1015,CompetitorZ,446.65,False
2025-09-08,P1015,CompetitorZ,425.02,True
2025-09-15,P1015,CompetitorZ,450.04,True
2025-09-22,P1015,CompetitorZ,438.27,False
2025-09-29,P1015,CompetitorZ,432.53,True
2025-10-06,P1015,CompetitorZ,467.91,True
2025-10-13,P1015,CompetitorZ,461.32,True
2025-10-20,P1015,CompetitorZ,460.95,True
2025-10-27,P1015,CompetitorZ,457.98,True
2025-11-03,P1015,CompetitorZ,430.9,False
2025-11-10,P1015,CompetitorZ,442.1,True
2025-11-17,P1015,CompetitorZ,442.92,True
2025-11-24,P1015,CompetitorZ,424.53,False
2025-12-01,P1015,CompetitorZ,440.0,True
2025-12-08,P1015,CompetitorZ,440.15,True
2025-12-15,P1015,CompetitorZ,449.17,True
2025-12-22,P1015,CompetitorZ,481.48,True
2025-12-29,P1015,CompetitorZ,447.2,True
2024-04-08,P1015,CompetitorX,388.52,True
2024-04-15,P1015,CompetitorX,408.77,True
2024-04-22,P1015,CompetitorX,408.09,True
2024-04-29,P1015,CompetitorX,403.86,True
2024-05-06,P1015,CompetitorX,399.41,True
2024-05-13,P1015,CompetitorX,407.55,True
2024-05-20,P1015,CompetitorX,409.13,True
2024-05-27,P1015,CompetitorX,405.1,True
2024-06-03,P1015,CompetitorX,383.92,True
2024-06-10,P1015,CompetitorX,390.19,True
2024-06-17,P1015,CompetitorX,396.43,True
2024-06-24,P1015,CompetitorX,381.95,True
2024-07-01,P1015,CompetitorX,402.33,True
2024-07-08,P1015,CompetitorX,416.56,True
2024-07-15,P1015,CompetitorX,414.65,True
2024-07-22,P1015,CompetitorX,408.51,True
2024-07-29,P1015,CompetitorX,408.37,True
2024-08-05,P1015,CompetitorX,426.2,True
2024-08-12,P1015,CompetitorX,409.76,True
2024-08-19,P1015,CompetitorX,410.74,True
2024-08-26,P1015,CompetitorX,382.39,True
2024-09-02,P1015,CompetitorX,415.62,True
2024-09-09,P1015,CompetitorX,404.42,True
2024-09-16,P1015,CompetitorX,398.69,True
2024-09-23,P1015,CompetitorX,395.72,True
2024-09-30,P1015,CompetitorX,393.07,True
2024-10-07,P1015,CompetitorX,414.71,True
2024-10-14,P1015,CompetitorX,399.3,True
2024-10-21,P1015,CompetitorX,393.51,True
2024-10-28,P1015,CompetitorX,390.39,True
2024-11-04,P1015,CompetitorX,401.69,True
2024-11-11,P1015,CompetitorX,395.33,True
2024-11-18,P1015,CompetitorX,392.6,True
2024-11-25,P1015,CompetitorX,383.07,True
2024-12-02,P1015,CompetitorX,411.15,True
2024-12-09,P1015,CompetitorX,397.99,True
2024-12-16,P1015,CompetitorX,386.63,True
2024-12-23,P1015,CompetitorX,396.39,True
2024-12-30,P1015,CompetitorX,406.23,True
2025-01-06,P1015,CompetitorX,399.99,True
2025-01-13,P1015,CompetitorX,401.93,True
2025-01-20,P1015,CompetitorX,400.15,True
2025-01-27,P1015,CompetitorX,384.34,True
2025-02-03,P1015,CompetitorX,411.02,True
2025-02-10,P1015,CompetitorX,379.16,True
2025-02-17,P1015,CompetitorX,405.18,True
2025-02-24,P1015,CompetitorX,407.02,True
2025-03-03,P1015,CompetitorX,397.01,True
2025-03-10,P1015,CompetitorX,403.88,True
2025-03-17,P1015,CompetitorX,396.32,True
2025-03-24,P1015,CompetitorX,404.03,True
2025-03-31,P1015,CompetitorX,411.55,True
2025-04-07,P1015,CompetitorX,390.15,True
2025-04-14,P1015,CompetitorX,407.72,False
2025-04-21,P1015,CompetitorX,419.93,False
2025-04-28,P1015,CompetitorX,402.82,True
2025-05-05,P1015,CompetitorX,393.61,False
2025-05-12,P1015,CompetitorX,426.78,True
2025-05-19,P1015,CompetitorX,400.71,True
2025-05-26,P1015,CompetitorX,402.42,False
2025-06-02,P1015,CompetitorX,402.67,True
2025-06-09,P1015,CompetitorX,405.01,True
2025-06-16,P1015,CompetitorX,395.58,True
2025-06-23,P1015,CompetitorX,401.92,True
2025-06-30,P1015,CompetitorX,411.06,True
2025-07-07,P1015,CompetitorX,395.17,True
2025-07-14,P1015,CompetitorX,394.61,True
2025-07-21,P1015,CompetitorX,396.14,True
2025-07-28,P1015,CompetitorX,386.48,True
2025-08-04,P1015,CompetitorX,391.46,True
2025-08-11,P1015,CompetitorX,390.97,True
2025-08-18,P1015,CompetitorX,399.64,True
2025-08-25,P1015,CompetitorX,409.67,True
2025-09-01,P1015,CompetitorX,417.07,True
2025-09-08,P1015,CompetitorX,400.33,True
2025-09-15,P1015,CompetitorX,405.12,True
2025-09-22,P1015,CompetitorX,402.56,True
2025-09-29,P1015,CompetitorX,374.55,True
2025-10-06,P1015,CompetitorX,385.88,True
2025-10-13,P1015,CompetitorX,408.77,True
2025-10-20,P1015,CompetitorX,409.94,True
2025-10-27,P1015,CompetitorX,409.66,True
2025-11-03,P1015,CompetitorX,397.51,True
2025-11-10,P1015,CompetitorX,375.73,True
2025-11-17,P1015,CompetitorX,387.31,True
2025-11-24,P1015,CompetitorX,389.15,True
2025-12-01,P1015,CompetitorX,407.18,True
2025-12-08,P1015,CompetitorX,395.36,True
2025-12-15,P1015,CompetitorX,419.91,True
2025-12-22,P1015,CompetitorX,417.24,True
2025-12-29,P1015,CompetitorX,419.71,False
2024-04-08,P1015,MarketLeaderCo,404.08,True
2024-04-15,P1015,MarketLeaderCo,414.47,True
2024-04-22,P1015,MarketLeaderCo,416.38,True
2024-04-29,P1015,MarketLeaderCo,399.51,True
2024-05-06,P1015,MarketLeaderCo,431.22,True
2024-05-13,P1015,MarketLeaderCo,419.57,True
2024-05-20,P1015,MarketLeaderCo,435.71,True
2024-05-27,P1015,MarketLeaderCo,399.83,True
2024-06-03,P1015,MarketLeaderCo,413.25,True
2024-06-10,P1015,MarketLeaderCo,418.12,True
2024-06-17,P1015,MarketLeaderCo,416.26,True
2024-06-24,P1015,MarketLeaderCo,423.82,True
2024-07-01,P1015,MarketLeaderCo,413.09,True
2024-07-08,P1015,MarketLeaderCo,441.96,True
2024-07-15,P1015,MarketLeaderCo,416.01,True
2024-07-22,P1015,MarketLeaderCo,379.56,True
2024-07-29,P1015,MarketLeaderCo,416.56,True
2024-08-05,P1015,MarketLeaderCo,431.23,True
2024-08-12,P1015,MarketLeaderCo,404.0,True
2024-08-19,P1015,MarketLeaderCo,403.21,True
2024-08-26,P1015,MarketLeaderCo,405.03,True
2024-09-02,P1015,MarketLeaderCo,402.09,True
2024-09-09,P1015,MarketLeaderCo,409.53,True
2024-09-16,P1015,MarketLeaderCo,426.84,True
2024-09-23,P1015,MarketLeaderCo,434.54,True
2024-09-30,P1015,MarketLeaderCo,385.29,True
2024-10-07,P1015,MarketLeaderCo,410.79,True
2024-10-14,P1015,MarketLeaderCo,419.28,True
2024-10-21,P1015,MarketLeaderCo,418.04,True
2024-10-28,P1015,MarketLeaderCo,439.19,True
2024-11-04,P1015,MarketLeaderCo,390.45,True
2024-11-11,P1015,MarketLeaderCo,383.24,True
2024-11-18,P1015,MarketLeaderCo,441.21,True
2024-11-25,P1015,MarketLeaderCo,424.9,True
2024-12-02,P1015,MarketLeaderCo,408.39,True
2024-12-09,P1015,MarketLeaderCo,417.65,True
2024-12-16,P1015,MarketLeaderCo,418.54,True
2024-12-23,P1015,MarketLeaderCo,408.09,True
2024-12-30,P1015,MarketLeaderCo,417.28,True
2025-01-06,P1015,MarketLeaderCo,419.93,True
2025-01-13,P1015,MarketLeaderCo,440.63,True
2025-01-20,P1015,MarketLeaderCo,427.52,True
2025-01-27,P1015,MarketLeaderCo,437.19,True
2025-02-03,P1015,MarketLeaderCo,398.76,True
2025-02-10,P1015,MarketLeaderCo,411.18,True
2025-02-17,P1015,MarketLeaderCo,418.53,True
2025-02-24,P1015,MarketLeaderCo,391.56,True
2025-03-03,P1015,MarketLeaderCo,430.24,True
2025-03-10,P1015,MarketLeaderCo,423.51,True
2025-03-17,P1015,MarketLeaderCo,410.93,True
2025-03-24,P1015,MarketLeaderCo,413.22,True
2025-03-31,P1015,MarketLeaderCo,431.14,True
2025-04-07,P1015,MarketLeaderCo,405.59,True
2025-04-14,P1015,MarketLeaderCo,431.64,True
2025-04-21,P1015,MarketLeaderCo,412.37,True
2025-04-28,P1015,MarketLeaderCo,424.93,True
2025-05-05,P1015,MarketLeaderCo,416.59,True
2025-05-12,P1015,MarketLeaderCo,443.35,True
2025-05-19,P1015,MarketLeaderCo,404.45,True
2025-05-26,P1015,MarketLeaderCo,408.36,True
2025-06-02,P1015,MarketLeaderCo,396.73,True
2025-06-09,P1015,MarketLeaderCo,401.84,True
2025-06-16,P1015,MarketLeaderCo,424.4,True
2025-06-23,P1015,MarketLeaderCo,435.46,True
2025-06-30,P1015,MarketLeaderCo,425.81,True
2025-07-07,P1015,MarketLeaderCo,415.44,True
2025-07-14,P1015,MarketLeaderCo,404.37,True
2025-07-21,P1015,MarketLeaderCo,426.71,True
2025-07-28,P1015,MarketLeaderCo,403.68,True
2025-08-04,P1015,MarketLeaderCo,398.69,True
2025-08-11,P1015,MarketLeaderCo,411.66,True
2025-08-18,P1015,MarketLeaderCo,390.16,True
2025-08-25,P1015,MarketLeaderCo,398.29,True
2025-09-01,P1015,MarketLeaderCo,439.02,True
2025-09-08,P1015,MarketLeaderCo,395.98,True
2025-09-15,P1015,MarketLeaderCo,400.7,True
2025-09-22,P1015,MarketLeaderCo,416.4,True
2025-09-29,P1015,MarketLeaderCo,417.05,True
2025-10-06,P1015,MarketLeaderCo,412.58,True
2025-10-13,P1015,MarketLeaderCo,390.54,True
2025-10-20,P1015,MarketLeaderCo,426.09,True
2025-10-27,P1015,MarketLeaderCo,409.99,True
2025-11-03,P1015,MarketLeaderCo,430.72,True
2025-11-10,P1015,MarketLeaderCo,407.47,True
2025-11-17,P1015,MarketLeaderCo,427.76,True
2025-11-24,P1015,MarketLeaderCo,431.66,True
2025-12-01,P1015,MarketLeaderCo,409.69,True
2025-12-08,P1015,MarketLeaderCo,426.48,True
2025-12-15,P1015,MarketLeaderCo,398.95,True
2025-12-22,P1015,MarketLeaderCo,418.8,True
2025-12-29,P1015,MarketLeaderCo,430.74,True
2024-04-01,P1016,CompetitorX,472.45,True
2024-04-08,P1016,CompetitorX,458.67,True
2024-04-15,P1016,CompetitorX,462.59,True
2024-04-22,P1016,CompetitorX,464.95,True
2024-04-29,P1016,CompetitorX,457.94,True
2024-05-06,P1016,CompetitorX,452.6,True
2024-05-13,P1016,CompetitorX,424.72,True
2024-05-20,P1016,CompetitorX,467.61,True
2024-05-27,P1016,CompetitorX,472.06,True
2024-06-03,P1016,CompetitorX,441.81,True
2024-06-10,P1016,CompetitorX,466.07,True
2024-06-17,P1016,CompetitorX,449.63,True
2024-06-24,P1016,CompetitorX,452.72,True
2024-07-01,P1016,CompetitorX,475.76,True
2024-07-08,P1016,CompetitorX,444.15,True
2024-07-15,P1016,CompetitorX,444.13,True
2024-07-22,P1016,CompetitorX,482.54,True
2024-07-29,P1016,CompetitorX,455.76,True
2024-08-05,P1016,CompetitorX,474.88,True
2024-08-12,P1016,CompetitorX,435.8,True
2024-08-19,P1016,CompetitorX,436.9,True
2024-08-26,P1016,CompetitorX,445.22,True
2024-09-02,P1016,CompetitorX,451.15,True
2024-09-09,P1016,CompetitorX,438.49,True
2024-09-16,P1016,CompetitorX,462.83,True
2024-09-23,P1016,CompetitorX,463.73,True
2024-09-30,P1016,CompetitorX,445.42,False
2024-10-07,P1016,CompetitorX,446.52,True
2024-10-14,P1016,CompetitorX,448.33,True
2024-10-21,P1016,CompetitorX,441.76,True
2024-10-28,P1016,CompetitorX,417.99,True
2024-11-04,P1016,CompetitorX,456.59,False
2024-11-11,P1016,CompetitorX,451.85,True
2024-11-18,P1016,CompetitorX,453.25,True
2024-11-25,P1016,CompetitorX,443.86,True
2024-12-02,P1016,CompetitorX,468.89,True
2024-12-09,P1016,CompetitorX,491.07,True
2024-12-16,P1016,CompetitorX,446.3,True
2024-12-23,P1016,CompetitorX,476.98,True
2024-12-30,P1016,CompetitorX,462.79,True
2025-01-06,P1016,CompetitorX,458.24,True
2025-01-13,P1016,CompetitorX,453.03,True
2025-01-20,P1016,CompetitorX,456.62,True
2025-01-27,P1016,CompetitorX,473.54,True
2025-02-03,P1016,CompetitorX,442.13,True
2025-02-10,P1016,CompetitorX,453.98,True
2025-02-17,P1016,CompetitorX,474.91,True
2025-02-24,P1016,CompetitorX,471.27,True
2025-03-03,P1016,CompetitorX,442.34,True
2025-03-10,P1016,CompetitorX,455.25,True
2025-03-17,P1016,CompetitorX,467.76,True
2025-03-24,P1016,CompetitorX,466.87,True
2025-03-31,P1016,CompetitorX,471.15,True
2025-04-07,P1016,CompetitorX,463.04,True
2025-04-14,P1016,CompetitorX,465.34,True
2025-04-21,P1016,CompetitorX,462.47,True
2025-04-28,P1016,CompetitorX,479.45,True
2025-05-05,P1016,CompetitorX,451.97,True
2025-05-12,P1016,CompetitorX,458.42,True
2025-05-19,P1016,CompetitorX,443.82,True
2025-05-26,P1016,CompetitorX,441.11,True
2025-06-02,P1016,CompetitorX,462.22,True
2025-06-09,P1016,CompetitorX,447.81,True
2025-06-16,P1016,CompetitorX,456.97,True
2025-06-23,P1016,CompetitorX,479.97,True
2025-06-30,P1016,CompetitorX,479.18,True
2025-07-07,P1016,CompetitorX,488.3,True
2025-07-14,P1016,CompetitorX,480.25,True
2025-07-21,P1016,CompetitorX,490.76,True
2025-07-28,P1016,CompetitorX,463.75,True
2025-08-04,P1016,CompetitorX,445.36,True
2025-08-11,P1016,CompetitorX,444.02,True
2025-08-18,P1016,CompetitorX,476.93,True
2025-08-25,P1016,CompetitorX,458.47,True
2025-09-01,P1016,CompetitorX,459.49,True
2025-09-08,P1016,CompetitorX,450.22,True
2025-09-15,P1016,CompetitorX,451.86,True
2025-09-22,P1016,CompetitorX,463.03,True
2025-09-29,P1016,CompetitorX,443.27,True
2025-10-06,P1016,CompetitorX,461.29,True
2025-10-13,P1016,CompetitorX,478.51,True
2025-10-20,P1016,CompetitorX,428.46,False
2025-10-27,P1016,CompetitorX,436.59,True
2025-11-03,P1016,CompetitorX,467.04,True
2025-11-10,P1016,CompetitorX,476.49,True
2025-11-17,P1016,CompetitorX,451.03,True
2025-11-24,P1016,CompetitorX,430.32,True
2025-12-01,P1016,CompetitorX,477.42,True
2025-12-08,P1016,CompetitorX,446.62,True
2025-12-15,P1016,CompetitorX,452.8,True
2025-12-22,P1016,CompetitorX,462.14,True
2025-12-29,P1016,CompetitorX,448.61,True
2024-04-01,P1016,CompetitorY,410.77,True
2024-04-08,P1016,CompetitorY,411.29,False
2024-04-15,P1016,CompetitorY,417.56,True
2024-04-22,P1016,CompetitorY,404.44,True
2024-04-29,P1016,CompetitorY,397.39,True
2024-05-06,P1016,CompetitorY,432.45,True
2024-05-13,P1016,CompetitorY,433.61,True
2024-05-20,P1016,CompetitorY,417.62,True
2024-05-27,P1016,CompetitorY,418.52,False
2024-06-03,P1016,CompetitorY,431.09,True
2024-06-10,P1016,CompetitorY,417.33,True
2024-06-17,P1016,CompetitorY,410.16,True
2024-06-24,P1016,CompetitorY,415.87,True
2024-07-01,P1016,CompetitorY,432.74,True
2024-07-08,P1016,CompetitorY,416.05,True
2024-07-15,P1016,CompetitorY,407.04,True
2024-07-22,P1016,CompetitorY,417.21,True
2024-07-29,P1016,CompetitorY,423.56,True
2024-08-05,P1016,CompetitorY,422.06,True
2024-08-12,P1016,CompetitorY,422.27,True
2024-08-19,P1016,CompetitorY,405.08,True
2024-08-26,P1016,CompetitorY,424.98,True
2024-09-02,P1016,CompetitorY,415.74,True
2024-09-09,P1016,CompetitorY,406.51,True
2024-09-16,P1016,CompetitorY,424.88,True
2024-09-23,P1016,CompetitorY,409.73,True
2024-09-30,P1016,CompetitorY,395.76,True
2024-10-07,P1016,CompetitorY,402.91,True
2024-10-14,P1016,CompetitorY,413.12,True
2024-10-21,P1016,CompetitorY,422.59,True
2024-10-28,P1016,CompetitorY,404.61,True
2024-11-04,P1016,CompetitorY,412.38,True
2024-11-11,P1016,CompetitorY,400.22,True
2024-11-18,P1016,CompetitorY,427.62,True
2024-11-25,P1016,CompetitorY,436.78,True
2024-12-02,P1016,CompetitorY,435.43,True
2024-12-09,P1016,CompetitorY,427.41,True
2024-12-16,P1016,CompetitorY,426.13,True
2024-12-23,P1016,CompetitorY,389.56,True
2024-12-30,P1016,CompetitorY,417.59,True
2025-01-06,P1016,CompetitorY,409.2,True
2025-01-13,P1016,CompetitorY,426.35,True
2025-01-20,P1016,CompetitorY,383.76,True
2025-01-27,P1016,CompetitorY,417.79,True
2025-02-03,P1016,CompetitorY,412.71,True
2025-02-10,P1016,CompetitorY,429.32,True
2025-02-17,P1016,CompetitorY,434.67,False
2025-02-24,P1016,CompetitorY,403.81,True
2025-03-03,P1016,CompetitorY,404.37,True
2025-03-10,P1016,CompetitorY,418.25,True
2025-03-17,P1016,CompetitorY,436.99,True
2025-03-24,P1016,CompetitorY,416.13,True
2025-03-31,P1016,CompetitorY,399.44,True
2025-04-07,P1016,CompetitorY,407.83,True
2025-04-14,P1016,CompetitorY,417.91,False
2025-04-21,P1016,CompetitorY,418.37,True
2025-04-28,P1016,CompetitorY,406.61,True
2025-05-05,P1016,CompetitorY,407.58,True
2025-05-12,P1016,CompetitorY,403.15,True
2025-05-19,P1016,CompetitorY,429.6,True
2025-05-26,P1016,CompetitorY,404.98,True
2025-06-02,P1016,CompetitorY,409.59,True
2025-06-09,P1016,CompetitorY,409.23,True
2025-06-16,P1016,CompetitorY,395.37,True
2025-06-23,P1016,CompetitorY,404.62,True
2025-06-30,P1016,CompetitorY,430.69,True
2025-07-07,P1016,CompetitorY,400.31,True
2025-07-14,P1016,CompetitorY,403.37,True
2025-07-21,P1016,CompetitorY,398.78,True
2025-07-28,P1016,CompetitorY,414.25,True
2025-08-04,P1016,CompetitorY,438.88,True
2025-08-11,P1016,CompetitorY,413.73,True
2025-08-18,P1016,CompetitorY,416.21,True
2025-08-25,P1016,CompetitorY,405.47,True
2025-09-01,P1016,CompetitorY,414.61,True
2025-09-08,P1016,CompetitorY,430.7,True
2025-09-15,P1016,CompetitorY,417.16,True
2025-09-22,P1016,CompetitorY,441.95,True
2025-09-29,P1016,CompetitorY,431.08,False
2025-10-06,P1016,CompetitorY,414.31,True
2025-10-13,P1016,CompetitorY,414.06,True
2025-10-20,P1016,CompetitorY,435.7,True
2025-10-27,P1016,CompetitorY,417.09,True
2025-11-03,P1016,CompetitorY,432.94,True
2025-11-10,P1016,CompetitorY,440.34,True
2025-11-17,P1016,CompetitorY,412.84,True
2025-11-24,P1016,CompetitorY,419.77,True
2025-12-01,P1016,CompetitorY,427.59,True
2025-12-08,P1016,CompetitorY,424.94,True
2025-12-15,P1016,CompetitorY,424.86,True
2025-12-22,P1016,CompetitorY,398.76,True
2025-12-29,P1016,CompetitorY,404.81,True
2024-04-01,P1016,MarketLeaderCo,492.77,True
2024-04-08,P1016,MarketLeaderCo,477.89,True
2024-04-15,P1016,MarketLeaderCo,484.38,True
2024-04-22,P1016,MarketLeaderCo,490.03,True
2024-04-29,P1016,MarketLeaderCo,501.13,True
2024-05-06,P1016,MarketLeaderCo,472.04,True
2024-05-13,P1016,MarketLeaderCo,486.64,True
2024-05-20,P1016,MarketLeaderCo,510.48,False
2024-05-27,P1016,MarketLeaderCo,478.82,True
2024-06-03,P1016,MarketLeaderCo,484.2,True
2024-06-10,P1016,MarketLeaderCo,510.45,True
2024-06-17,P1016,MarketLeaderCo,490.57,True
2024-06-24,P1016,MarketLeaderCo,460.08,True
2024-07-01,P1016,MarketLeaderCo,469.88,True
2024-07-08,P1016,MarketLeaderCo,491.32,True
2024-07-15,P1016,MarketLeaderCo,487.47,True
2024-07-22,P1016,MarketLeaderCo,483.71,True
2024-07-29,P1016,MarketLeaderCo,512.58,True
2024-08-05,P1016,MarketLeaderCo,472.45,True
2024-08-12,P1016,MarketLeaderCo,480.29,True
2024-08-19,P1016,MarketLeaderCo,453.02,True
2024-08-26,P1016,MarketLeaderCo,498.13,True
2024-09-02,P1016,MarketLeaderCo,469.83,True
2024-09-09,P1016,MarketLeaderCo,496.63,False
2024-09-16,P1016,MarketLeaderCo,495.11,True
2024-09-23,P1016,MarketLeaderCo,515.29,False
2024-09-30,P1016,MarketLeaderCo,490.74,True
2024-10-07,P1016,MarketLeaderCo,476.22,True
2024-10-14,P1016,MarketLeaderCo,487.92,True
2024-10-21,P1016,MarketLeaderCo,470.4,True
2024-10-28,P1016,MarketLeaderCo,485.98,True
2024-11-04,P1016,MarketLeaderCo,478.47,True
2024-11-11,P1016,MarketLeaderCo,480.35,True
2024-11-18,P1016,MarketLeaderCo,468.39,True
2024-11-25,P1016,MarketLeaderCo,485.71,True
2024-12-02,P1016,MarketLeaderCo,493.27,True
2024-12-09,P1016,MarketLeaderCo,457.51,False
2024-12-16,P1016,MarketLeaderCo,471.42,True
2024-12-23,P1016,MarketLeaderCo,483.79,True
2024-12-30,P1016,MarketLeaderCo,447.47,True
2025-01-06,P1016,MarketLeaderCo,506.5,True
2025-01-13,P1016,MarketLeaderCo,471.1,True
2025-01-20,P1016,MarketLeaderCo,467.82,True
2025-01-27,P1016,MarketLeaderCo,478.37,True
2025-02-03,P1016,MarketLeaderCo,483.35,True
2025-02-10,P1016,MarketLeaderCo,470.44,True
2025-02-17,P1016,MarketLeaderCo,495.52,False
2025-02-24,P1016,MarketLeaderCo,487.14,True
2025-03-03,P1016,MarketLeaderCo,469.28,True
2025-03-10,P1016,MarketLeaderCo,473.82,True
2025-03-17,P1016,MarketLeaderCo,459.46,True
2025-03-24,P1016,MarketLeaderCo,463.27,True
2025-03-31,P1016,MarketLeaderCo,486.96,True
2025-04-07,P1016,MarketLeaderCo,469.43,True
2025-04-14,P1016,MarketLeaderCo,507.42,True
2025-04-21,P1016,MarketLeaderCo,482.39,True
2025-04-28,P1016,MarketLeaderCo,461.83,True
2025-05-05,P1016,MarketLeaderCo,464.86,True
2025-05-12,P1016,MarketLeaderCo,496.57,True
2025-05-19,P1016,MarketLeaderCo,480.26,True
2025-05-26,P1016,MarketLeaderCo,495.69,True
2025-06-02,P1016,MarketLeaderCo,476.07,True
2025-06-09,P1016,MarketLeaderCo,473.28,False
2025-06-16,P1016,MarketLeaderCo,497.53,True
2025-06-23,P1016,MarketLeaderCo,468.97,True
2025-06-30,P1016,MarketLeaderCo,488.43,True
2025-07-07,P1016,MarketLeaderCo,478.31,True
2025-07-14,P1016,MarketLeaderCo,494.06,True
2025-07-21,P1016,MarketLeaderCo,507.63,True
2025-07-28,P1016,MarketLeaderCo,475.7,True
2025-08-04,P1016,MarketLeaderCo,473.46,True
2025-08-11,P1016,MarketLeaderCo,490.98,True
2025-08-18,P1016,MarketLeaderCo,465.74,True
2025-08-25,P1016,MarketLeaderCo,504.71,True
2025-09-01,P1016,MarketLeaderCo,502.25,True
2025-09-08,P1016,MarketLeaderCo,466.94,True
2025-09-15,P1016,MarketLeaderCo,458.5,True
2025-09-22,P1016,MarketLeaderCo,464.61,True
2025-09-29,P1016,MarketLeaderCo,464.83,True
2025-10-06,P1016,MarketLeaderCo,492.94,True
2025-10-13,P1016,MarketLeaderCo,503.74,True
2025-10-20,P1016,MarketLeaderCo,492.78,True
2025-10-27,P1016,MarketLeaderCo,477.96,True
2025-11-03,P1016,MarketLeaderCo,486.31,True
2025-11-10,P1016,MarketLeaderCo,468.81,True
2025-11-17,P1016,MarketLeaderCo,497.21,True
2025-11-24,P1016,MarketLeaderCo,487.61,True
2025-12-01,P1016,MarketLeaderCo,492.53,True
2025-12-08,P1016,MarketLeaderCo,470.86,True
2025-12-15,P1016,MarketLeaderCo,478.93,True
2025-12-22,P1016,MarketLeaderCo,491.84,True
2025-12-29,P1016,MarketLeaderCo,502.21,True
2024-03-11,P1017,MarketLeaderCo,552.35,True
2024-03-18,P1017,MarketLeaderCo,518.35,True
2024-03-25,P1017,MarketLeaderCo,558.0,True
2024-04-01,P1017,MarketLeaderCo,537.8,True
2024-04-08,P1017,MarketLeaderCo,549.8,True
2024-04-15,P1017,MarketLeaderCo,514.98,True
2024-04-22,P1017,MarketLeaderCo,533.87,True
2024-04-29,P1017,MarketLeaderCo,540.14,True
2024-05-06,P1017,MarketLeaderCo,556.75,True
2024-05-13,P1017,MarketLeaderCo,551.09,True
2024-05-20,P1017,MarketLeaderCo,533.7,True
2024-05-27,P1017,MarketLeaderCo,545.21,True
2024-06-03,P1017,MarketLeaderCo,560.42,False
2024-06-10,P1017,MarketLeaderCo,536.82,True
2024-06-17,P1017,MarketLeaderCo,535.06,True
2024-06-24,P1017,MarketLeaderCo,509.45,True
2024-07-01,P1017,MarketLeaderCo,535.54,True
2024-07-08,P1017,MarketLeaderCo,511.88,True
2024-07-15,P1017,MarketLeaderCo,538.21,True
2024-07-22,P1017,MarketLeaderCo,556.07,True
2024-07-29,P1017,MarketLeaderCo,505.72,True
2024-08-05,P1017,MarketLeaderCo,560.06,True
2024-08-12,P1017,MarketLeaderCo,534.71,True
2024-08-19,P1017,MarketLeaderCo,539.62,True
2024-08-26,P1017,MarketLeaderCo,531.92,True
2024-09-02,P1017,MarketLeaderCo,512.3,True
2024-09-09,P1017,MarketLeaderCo,527.38,True
2024-09-16,P1017,MarketLeaderCo,574.04,True
2024-09-23,P1017,MarketLeaderCo,522.3,True
2024-09-30,P1017,MarketLeaderCo,514.32,True
2024-10-07,P1017,MarketLeaderCo,542.35,True
2024-10-14,P1017,MarketLeaderCo,538.67,True
2024-10-21,P1017,MarketLeaderCo,534.82,True
2024-10-28,P1017,MarketLeaderCo,540.3,True
2024-11-04,P1017,MarketLeaderCo,550.5,False
2024-11-11,P1017,MarketLeaderCo,530.55,True
2024-11-18,P1017,MarketLeaderCo,543.21,True
2024-11-25,P1017,MarketLeaderCo,556.65,True
2024-12-02,P1017,MarketLeaderCo,523.94,True
2024-12-09,P1017,MarketLeaderCo,502.44,True
2024-12-16,P1017,MarketLeaderCo,550.93,True
2024-12-23,P1017,MarketLeaderCo,580.61,True
2024-12-30,P1017,MarketLeaderCo,539.94,True
2025-01-06,P1017,MarketLeaderCo,543.33,True
2025-01-13,P1017,MarketLeaderCo,535.27,True
2025-01-20,P1017,MarketLeaderCo,565.79,True
2025-01-27,P1017,MarketLeaderCo,538.8,True
2025-02-03,P1017,MarketLeaderCo,537.04,True
2025-02-10,P1017,MarketLeaderCo,554.82,False
2025-02-17,P1017,MarketLeaderCo,532.22,True
2025-02-24,P1017,MarketLeaderCo,519.25,True
2025-03-03,P1017,MarketLeaderCo,554.36,True
2025-03-10,P1017,MarketLeaderCo,530.48,True
2025-03-17,P1017,MarketLeaderCo,524.26,True
2025-03-24,P1017,MarketLeaderCo,574.09,True
2025-03-31,P1017,MarketLeaderCo,537.17,True
2025-04-07,P1017,MarketLeaderCo,548.07,True
2025-04-14,P1017,MarketLeaderCo,540.54,True
2025-04-21,P1017,MarketLeaderCo,525.7,True
2025-04-28,P1017,MarketLeaderCo,551.23,True
2025-05-05,P1017,MarketLeaderCo,545.16,True
2025-05-12,P1017,MarketLeaderCo,529.38,True
2025-05-19,P1017,MarketLeaderCo,547.08,True
2025-05-26,P1017,MarketLeaderCo,531.73,True
2025-06-02,P1017,MarketLeaderCo,522.17,True
2025-06-09,P1017,MarketLeaderCo,520.53,True
2025-06-16,P1017,MarketLeaderCo,544.44,True
2025-06-23,P1017,MarketLeaderCo,533.86,True
2025-06-30,P1017,MarketLeaderCo,564.39,True
2025-07-07,P1017,MarketLeaderCo,539.37,True
2025-07-14,P1017,MarketLeaderCo,527.34,True
2025-07-21,P1017,MarketLeaderCo,542.62,True
2025-07-28,P1017,MarketLeaderCo,519.09,True
2025-08-04,P1017,MarketLeaderCo,538.7,True
2025-08-11,P1017,MarketLeaderCo,545.23,True
2025-08-18,P1017,MarketLeaderCo,543.23,True
2025-08-25,P1017,MarketLeaderCo,561.17,False
2025-09-01,P1017,MarketLeaderCo,582.15,True
2025-09-08,P1017,MarketLeaderCo,550.94,True
2025-09-15,P1017,MarketLeaderCo,559.16,True
2025-09-22,P1017,MarketLeaderCo,581.27,True
2025-09-29,P1017,MarketLeaderCo,523.76,True
2025-10-06,P1017,MarketLeaderCo,542.18,True
2025-10-13,P1017,MarketLeaderCo,532.32,True
2025-10-20,P1017,MarketLeaderCo,553.71,True
2025-10-27,P1017,MarketLeaderCo,544.46,True
2025-11-03,P1017,MarketLeaderCo,526.8,True
2025-11-10,P1017,MarketLeaderCo,540.24,True
2025-11-17,P1017,MarketLeaderCo,557.02,True
2025-11-24,P1017,MarketLeaderCo,518.94,True
2025-12-01,P1017,MarketLeaderCo,527.14,True
2025-12-08,P1017,MarketLeaderCo,524.71,True
2025-12-15,P1017,MarketLeaderCo,545.35,True
2025-12-22,P1017,MarketLeaderCo,560.16,True
2025-12-29,P1017,MarketLeaderCo,507.5,False
2024-03-11,P1017,CompetitorZ,666.72,True
2024-03-18,P1017,CompetitorZ,684.81,True
2024-03-25,P1017,CompetitorZ,646.95,True
2024-04-01,P1017,CompetitorZ,607.09,True
2024-04-08,P1017,CompetitorZ,664.43,False
2024-04-15,P1017,CompetitorZ,696.02,True
2024-04-22,P1017,CompetitorZ,692.71,True
2024-04-29,P1017,CompetitorZ,672.36,True
2024-05-06,P1017,CompetitorZ,654.03,True
2024-05-13,P1017,CompetitorZ,674.54,True
2024-05-20,P1017,CompetitorZ,659.47,True
2024-05-27,P1017,CompetitorZ,654.59,True
2024-06-03,P1017,CompetitorZ,686.02,False
2024-06-10,P1017,CompetitorZ,654.35,True
2024-06-17,P1017,CompetitorZ,687.32,True
2024-06-24,P1017,CompetitorZ,653.03,True
2024-07-01,P1017,CompetitorZ,705.89,True
2024-07-08,P1017,CompetitorZ,632.11,True
2024-07-15,P1017,CompetitorZ,645.75,True
2024-07-22,P1017,CompetitorZ,661.74,True
2024-07-29,P1017,CompetitorZ,625.27,True
2024-08-05,P1017,CompetitorZ,613.56,True
2024-08-12,P1017,CompetitorZ,625.44,True
2024-08-19,P1017,CompetitorZ,659.01,True
2024-08-26,P1017,CompetitorZ,659.52,True
2024-09-02,P1017,CompetitorZ,671.48,True
2024-09-09,P1017,CompetitorZ,660.91,True
2024-09-16,P1017,CompetitorZ,670.81,True
2024-09-23,P1017,CompetitorZ,655.86,True
2024-09-30,P1017,CompetitorZ,679.09,True
2024-10-07,P1017,CompetitorZ,676.69,True
2024-10-14,P1017,CompetitorZ,658.32,True
2024-10-21,P1017,CompetitorZ,675.47,True
2024-10-28,P1017,CompetitorZ,661.03,True
2024-11-04,P1017,CompetitorZ,634.47,True
2024-11-11,P1017,CompetitorZ,682.88,True
2024-11-18,P1017,CompetitorZ,646.75,True
2024-11-25,P1017,CompetitorZ,682.66,True
2024-12-02,P1017,CompetitorZ,671.3,False
2024-12-09,P1017,CompetitorZ,663.15,True
2024-12-16,P1017,CompetitorZ,627.4,True
2024-12-23,P1017,CompetitorZ,695.55,True
2024-12-30,P1017,CompetitorZ,657.59,True
2025-01-06,P1017,CompetitorZ,677.49,True
2025-01-13,P1017,CompetitorZ,662.56,True
2025-01-20,P1017,CompetitorZ,659.42,True
2025-01-27,P1017,CompetitorZ,668.68,True
2025-02-03,P1017,CompetitorZ,665.37,True
2025-02-10,P1017,CompetitorZ,659.51,True
2025-02-17,P1017,CompetitorZ,663.73,True
2025-02-24,P1017,CompetitorZ,673.36,True
2025-03-03,P1017,CompetitorZ,674.77,True
2025-03-10,P1017,CompetitorZ,665.7,True
2025-03-17,P1017,CompetitorZ,677.22,True
2025-03-24,P1017,CompetitorZ,656.38,True
2025-03-31,P1017,CompetitorZ,709.21,True
2025-04-07,P1017,CompetitorZ,694.47,True
2025-04-14,P1017,CompetitorZ,680.04,True
2025-04-21,P1017,CompetitorZ,626.11,True
2025-04-28,P1017,CompetitorZ,676.92,True
2025-05-05,P1017,CompetitorZ,658.12,True
2025-05-12,P1017,CompetitorZ,645.32,True
2025-05-19,P1017,CompetitorZ,657.62,True
2025-05-26,P1017,CompetitorZ,647.53,True
2025-06-02,P1017,CompetitorZ,674.95,True
2025-06-09,P1017,CompetitorZ,697.07,True
2025-06-16,P1017,CompetitorZ,681.31,True
2025-06-23,P1017,CompetitorZ,719.94,True
2025-06-30,P1017,CompetitorZ,633.85,True
2025-07-07,P1017,CompetitorZ,654.74,True
2025-07-14,P1017,CompetitorZ,646.03,True
2025-07-21,P1017,CompetitorZ,689.36,True
2025-07-28,P1017,CompetitorZ,660.44,True
2025-08-04,P1017,CompetitorZ,668.62,True
2025-08-11,P1017,CompetitorZ,677.48,True
2025-08-18,P1017,CompetitorZ,635.82,True
2025-08-25,P1017,CompetitorZ,652.44,True
2025-09-01,P1017,CompetitorZ,684.73,True
2025-09-08,P1017,CompetitorZ,653.91,True
2025-09-15,P1017,CompetitorZ,630.66,True
2025-09-22,P1017,CompetitorZ,646.84,True
2025-09-29,P1017,CompetitorZ,659.13,True
2025-10-06,P1017,CompetitorZ,668.16,True
2025-10-13,P1017,CompetitorZ,663.42,True
2025-10-20,P1017,CompetitorZ,652.59,True
2025-10-27,P1017,CompetitorZ,683.57,True
2025-11-03,P1017,CompetitorZ,662.26,True
2025-11-10,P1017,CompetitorZ,669.01,True
2025-11-17,P1017,CompetitorZ,653.65,True
2025-11-24,P1017,CompetitorZ,694.93,True
2025-12-01,P1017,CompetitorZ,657.03,True
2025-12-08,P1017,CompetitorZ,666.33,True
2025-12-15,P1017,CompetitorZ,685.48,True
2025-12-22,P1017,CompetitorZ,670.42,True
2025-12-29,P1017,CompetitorZ,669.92,True
2024-03-11,P1017,CompetitorY,700.15,True
2024-03-18,P1017,CompetitorY,711.61,True
2024-03-25,P1017,CompetitorY,704.61,True
2024-04-01,P1017,CompetitorY,696.47,True
2024-04-08,P1017,CompetitorY,683.44,True
2024-04-15,P1017,CompetitorY,700.2,True
2024-04-22,P1017,CompetitorY,721.49,True
2024-04-29,P1017,CompetitorY,735.9,True
2024-05-06,P1017,CompetitorY,704.68,True
2024-05-13,P1017,CompetitorY,714.38,True
2024-05-20,P1017,CompetitorY,704.21,True
2024-05-27,P1017,CompetitorY,696.73,True
2024-06-03,P1017,CompetitorY,709.33,True
2024-06-10,P1017,CompetitorY,723.48,True
2024-06-17,P1017,CompetitorY,679.98,True
2024-06-24,P1017,CompetitorY,668.14,True
2024-07-01,P1017,CompetitorY,687.39,True
2024-07-08,P1017,CompetitorY,702.99,True
2024-07-15,P1017,CompetitorY,716.79,True
2024-07-22,P1017,CompetitorY,677.82,True
2024-07-29,P1017,CompetitorY,646.41,True
2024-08-05,P1017,CompetitorY,687.88,True
2024-08-12,P1017,CompetitorY,694.49,True
2024-08-19,P1017,CompetitorY,674.2,True
2024-08-26,P1017,CompetitorY,682.71,True
2024-09-02,P1017,CompetitorY,716.73,True
2024-09-09,P1017,CompetitorY,700.19,True
2024-09-16,P1017,CompetitorY,705.8,True
2024-09-23,P1017,CompetitorY,691.1,True
2024-09-30,P1017,CompetitorY,682.75,True
2024-10-07,P1017,CompetitorY,690.95,True
2024-10-14,P1017,CompetitorY,709.01,True
2024-10-21,P1017,CompetitorY,667.3,True
2024-10-28,P1017,CompetitorY,733.14,True
2024-11-04,P1017,CompetitorY,710.6,True
2024-11-11,P1017,CompetitorY,687.33,True
2024-11-18,P1017,CompetitorY,715.6,True
2024-11-25,P1017,CompetitorY,724.17,True
2024-12-02,P1017,CompetitorY,691.63,True
2024-12-09,P1017,CompetitorY,694.02,True
2024-12-16,P1017,CompetitorY,729.86,True
2024-12-23,P1017,CompetitorY,742.96,True
2024-12-30,P1017,CompetitorY,699.17,True
2025-01-06,P1017,CompetitorY,674.29,True
2025-01-13,P1017,CompetitorY,688.7,True
2025-01-20,P1017,CompetitorY,720.21,True
2025-01-27,P1017,CompetitorY,676.97,True
2025-02-03,P1017,CompetitorY,694.19,True
2025-02-10,P1017,CompetitorY,704.69,True
2025-02-17,P1017,CompetitorY,679.22,True
2025-02-24,P1017,CompetitorY,721.54,True
2025-03-03,P1017,CompetitorY,713.1,True
2025-03-10,P1017,CompetitorY,740.67,True
2025-03-17,P1017,CompetitorY,714.93,True
2025-03-24,P1017,CompetitorY,678.42,True
2025-03-31,P1017,CompetitorY,709.67,True
2025-04-07,P1017,CompetitorY,719.26,True
2025-04-14,P1017,CompetitorY,720.34,True
2025-04-21,P1017,CompetitorY,682.28,False
2025-04-28,P1017,CompetitorY,679.77,True
2025-05-05,P1017,CompetitorY,674.67,True
2025-05-12,P1017,CompetitorY,732.19,True
2025-05-19,P1017,CompetitorY,711.61,True
2025-05-26,P1017,CompetitorY,681.35,False
2025-06-02,P1017,CompetitorY,701.22,True
2025-06-09,P1017,CompetitorY,695.97,True
2025-06-16,P1017,CompetitorY,678.18,True
2025-06-23,P1017,CompetitorY,699.32,True
2025-06-30,P1017,CompetitorY,702.55,True
2025-07-07,P1017,CompetitorY,739.03,True
2025-07-14,P1017,CompetitorY,684.82,True
2025-07-21,P1017,CompetitorY,662.73,True
2025-07-28,P1017,CompetitorY,676.58,True
2025-08-04,P1017,CompetitorY,679.85,True
2025-08-11,P1017,CompetitorY,689.61,True
2025-08-18,P1017,CompetitorY,676.63,True
2025-08-25,P1017,CompetitorY,715.79,True
2025-09-01,P1017,CompetitorY,675.17,True
2025-09-08,P1017,CompetitorY,698.98,True
2025-09-15,P1017,CompetitorY,740.48,True
2025-09-22,P1017,CompetitorY,710.16,False
2025-09-29,P1017,CompetitorY,708.0,True
2025-10-06,P1017,CompetitorY,737.48,True
2025-10-13,P1017,CompetitorY,724.66,True
2025-10-20,P1017,CompetitorY,710.4,True
2025-10-27,P1017,CompetitorY,692.05,True
2025-11-03,P1017,CompetitorY,698.08,True
2025-11-10,P1017,CompetitorY,697.06,True
2025-11-17,P1017,CompetitorY,690.15,True
2025-11-24,P1017,CompetitorY,703.0,True
2025-12-01,P1017,CompetitorY,705.91,True
2025-12-08,P1017,CompetitorY,672.47,True
2025-12-15,P1017,CompetitorY,732.76,True
2025-12-22,P1017,CompetitorY,707.15,True
2025-12-29,P1017,CompetitorY,693.05,True
2024-03-11,P1017,CompetitorX,546.31,True
2024-03-18,P1017,CompetitorX,524.48,True
2024-03-25,P1017,CompetitorX,560.12,True
2024-04-01,P1017,CompetitorX,526.02,True
2024-04-08,P1017,CompetitorX,548.73,True
2024-04-15,P1017,CompetitorX,550.38,False
2024-04-22,P1017,CompetitorX,489.05,True
2024-04-29,P1017,CompetitorX,549.32,True
2024-05-06,P1017,CompetitorX,585.39,True
2024-05-13,P1017,CompetitorX,508.65,True
2024-05-20,P1017,CompetitorX,541.84,True
2024-05-27,P1017,CompetitorX,511.01,True
2024-06-03,P1017,CompetitorX,528.16,False
2024-06-10,P1017,CompetitorX,511.29,False
2024-06-17,P1017,CompetitorX,545.31,True
2024-06-24,P1017,CompetitorX,555.63,True
2024-07-01,P1017,CompetitorX,549.38,True
2024-07-08,P1017,CompetitorX,527.57,True
2024-07-15,P1017,CompetitorX,532.79,True
2024-07-22,P1017,CompetitorX,547.15,True
2024-07-29,P1017,CompetitorX,528.08,True
2024-08-05,P1017,CompetitorX,521.08,True
2024-08-12,P1017,CompetitorX,538.82,True
2024-08-19,P1017,CompetitorX,527.33,True
2024-08-26,P1017,CompetitorX,549.41,True
2024-09-02,P1017,CompetitorX,563.86,True
2024-09-09,P1017,CompetitorX,585.01,True
2024-09-16,P1017,CompetitorX,548.22,True
2024-09-23,P1017,CompetitorX,553.23,True
2024-09-30,P1017,CompetitorX,532.96,True
2024-10-07,P1017,CompetitorX,533.96,True
2024-10-14,P1017,CompetitorX,563.62,True
2024-10-21,P1017,CompetitorX,538.21,True
2024-10-28,P1017,CompetitorX,543.9,True
2024-11-04,P1017,CompetitorX,562.63,True
2024-11-11,P1017,CompetitorX,538.34,True
2024-11-18,P1017,CompetitorX,567.14,True
2024-11-25,P1017,CompetitorX,552.04,False
2024-12-02,P1017,CompetitorX,550.13,True
2024-12-09,P1017,CompetitorX,532.16,True
2024-12-16,P1017,CompetitorX,551.0,True
2024-12-23,P1017,CompetitorX,535.73,True
2024-12-30,P1017,CompetitorX,550.36,True
2025-01-06,P1017,CompetitorX,541.06,True
2025-01-13,P1017,CompetitorX,558.45,True
2025-01-20,P1017,CompetitorX,542.2,True
2025-01-27,P1017,CompetitorX,575.89,True
2025-02-03,P1017,CompetitorX,538.23,True
2025-02-10,P1017,CompetitorX,534.01,True
2025-02-17,P1017,CompetitorX,548.35,True
2025-02-24,P1017,CompetitorX,560.26,True
2025-03-03,P1017,CompetitorX,560.14,True
2025-03-10,P1017,CompetitorX,545.43,True
2025-03-17,P1017,CompetitorX,548.23,True
2025-03-24,P1017,CompetitorX,548.26,True
2025-03-31,P1017,CompetitorX,525.16,True
2025-04-07,P1017,CompetitorX,559.39,True
2025-04-14,P1017,CompetitorX,522.23,False
2025-04-21,P1017,CompetitorX,525.19,True
2025-04-28,P1017,CompetitorX,543.61,True
2025-05-05,P1017,CompetitorX,537.51,True
2025-05-12,P1017,CompetitorX,555.68,True
2025-05-19,P1017,CompetitorX,550.0,True
2025-05-26,P1017,CompetitorX,544.96,True
2025-06-02,P1017,CompetitorX,524.39,True
2025-06-09,P1017,CompetitorX,543.15,True
2025-06-16,P1017,CompetitorX,541.86,True
2025-06-23,P1017,CompetitorX,546.33,True
2025-06-30,P1017,CompetitorX,535.71,True
2025-07-07,P1017,CompetitorX,551.23,True
2025-07-14,P1017,CompetitorX,537.07,True
2025-07-21,P1017,CompetitorX,549.7,True
2025-07-28,P1017,CompetitorX,555.67,True
2025-08-04,P1017,CompetitorX,534.01,True
2025-08-11,P1017,CompetitorX,530.14,True
2025-08-18,P1017,CompetitorX,550.47,True
2025-08-25,P1017,CompetitorX,521.2,True
2025-09-01,P1017,CompetitorX,560.81,False
2025-09-08,P1017,CompetitorX,542.89,True
2025-09-15,P1017,CompetitorX,540.84,True
2025-09-22,P1017,CompetitorX,551.6,True
2025-09-29,P1017,CompetitorX,550.59,True
2025-10-06,P1017,CompetitorX,542.82,True
2025-10-13,P1017,CompetitorX,557.02,True
2025-10-20,P1017,CompetitorX,531.77,True
2025-10-27,P1017,CompetitorX,554.31,True
2025-11-03,P1017,CompetitorX,525.15,True
2025-11-10,P1017,CompetitorX,551.03,True
2025-11-17,P1017,CompetitorX,537.38,True
2025-11-24,P1017,CompetitorX,521.37,True
2025-12-01,P1017,CompetitorX,546.89,True
2025-12-08,P1017,CompetitorX,542.15,True
2025-12-15,P1017,CompetitorX,517.6,True
2025-12-22,P1017,CompetitorX,508.3,True
2025-12-29,P1017,CompetitorX,540.23,True
2024-05-20,P1018,MarketLeaderCo,647.56,True
2024-05-27,P1018,MarketLeaderCo,645.67,True
2024-06-03,P1018,MarketLeaderCo,654.88,True
2024-06-10,P1018,MarketLeaderCo,614.58,True
2024-06-17,P1018,MarketLeaderCo,638.57,True
2024-06-24,P1018,MarketLeaderCo,634.52,True
2024-07-01,P1018,MarketLeaderCo,614.24,True
2024-07-08,P1018,MarketLeaderCo,650.37,True
2024-07-15,P1018,MarketLeaderCo,627.82,True
2024-07-22,P1018,MarketLeaderCo,654.27,True
2024-07-29,P1018,MarketLeaderCo,618.31,True
2024-08-05,P1018,MarketLeaderCo,604.69,True
2024-08-12,P1018,MarketLeaderCo,627.8,True
2024-08-19,P1018,MarketLeaderCo,636.8,True
2024-08-26,P1018,MarketLeaderCo,622.27,True
2024-09-02,P1018,MarketLeaderCo,574.27,True
2024-09-09,P1018,MarketLeaderCo,639.68,True
2024-09-16,P1018,MarketLeaderCo,639.59,True
2024-09-23,P1018,MarketLeaderCo,645.44,True
2024-09-30,P1018,MarketLeaderCo,625.19,True
2024-10-07,P1018,MarketLeaderCo,624.15,True
2024-10-14,P1018,MarketLeaderCo,659.73,True
2024-10-21,P1018,MarketLeaderCo,602.52,True
2024-10-28,P1018,MarketLeaderCo,627.72,True
2024-11-04,P1018,MarketLeaderCo,635.1,True
2024-11-11,P1018,MarketLeaderCo,643.9,True
2024-11-18,P1018,MarketLeaderCo,635.63,True
2024-11-25,P1018,MarketLeaderCo,614.91,True
2024-12-02,P1018,MarketLeaderCo,654.56,True
2024-12-09,P1018,MarketLeaderCo,632.44,True
2024-12-16,P1018,MarketLeaderCo,600.76,True
2024-12-23,P1018,MarketLeaderCo,636.37,True
2024-12-30,P1018,MarketLeaderCo,641.42,True
2025-01-06,P1018,MarketLeaderCo,669.6,True
2025-01-13,P1018,MarketLeaderCo,640.16,True
2025-01-20,P1018,MarketLeaderCo,604.29,False
2025-01-27,P1018,MarketLeaderCo,604.95,False
2025-02-03,P1018,MarketLeaderCo,656.29,True
2025-02-10,P1018,MarketLeaderCo,617.17,True
2025-02-17,P1018,MarketLeaderCo,603.01,True
2025-02-24,P1018,MarketLeaderCo,651.39,True
2025-03-03,P1018,MarketLeaderCo,623.38,True
2025-03-10,P1018,MarketLeaderCo,650.37,True
2025-03-17,P1018,MarketLeaderCo,615.05,True
2025-03-24,P1018,MarketLeaderCo,660.37,False
2025-03-31,P1018,MarketLeaderCo,648.95,True
2025-04-07,P1018,MarketLeaderCo,618.69,True
2025-04-14,P1018,MarketLeaderCo,600.9,True
2025-04-21,P1018,MarketLeaderCo,676.14,True
2025-04-28,P1018,MarketLeaderCo,628.42,True
2025-05-05,P1018,MarketLeaderCo,617.93,True
2025-05-12,P1018,MarketLeaderCo,658.71,True
2025-05-19,P1018,MarketLeaderCo,650.35,True
2025-05-26,P1018,MarketLeaderCo,654.84,True
2025-06-02,P1018,MarketLeaderCo,630.54,True
2025-06-09,P1018,MarketLeaderCo,668.09,True
2025-06-16,P1018,MarketLeaderCo,607.54,True
2025-06-23,P1018,MarketLeaderCo,621.93,True
2025-06-30,P1018,MarketLeaderCo,639.8,True
2025-07-07,P1018,MarketLeaderCo,654.57,True
2025-07-14,P1018,MarketLeaderCo,644.95,True
2025-07-21,P1018,MarketLeaderCo,630.83,True
2025-07-28,P1018,MarketLeaderCo,623.39,True
2025-08-04,P1018,MarketLeaderCo,654.67,True
2025-08-11,P1018,MarketLeaderCo,646.91,True
2025-08-18,P1018,MarketLeaderCo,615.81,True
2025-08-25,P1018,MarketLeaderCo,615.25,True
2025-09-01,P1018,MarketLeaderCo,622.06,True
2025-09-08,P1018,MarketLeaderCo,619.62,True
2025-09-15,P1018,MarketLeaderCo,651.94,True
2025-09-22,P1018,MarketLeaderCo,640.67,True
2025-09-29,P1018,MarketLeaderCo,642.99,True
2025-10-06,P1018,MarketLeaderCo,636.04,True
2025-10-13,P1018,MarketLeaderCo,636.93,True
2025-10-20,P1018,MarketLeaderCo,602.39,True
2025-10-27,P1018,MarketLeaderCo,647.47,True
2025-11-03,P1018,MarketLeaderCo,621.71,True
2025-11-10,P1018,MarketLeaderCo,631.78,True
2025-11-17,P1018,MarketLeaderCo,623.43,True
2025-11-24,P1018,MarketLeaderCo,635.17,True
2025-12-01,P1018,MarketLeaderCo,643.28,True
2025-12-08,P1018,MarketLeaderCo,613.26,True
2025-12-15,P1018,MarketLeaderCo,637.2,True
2025-12-22,P1018,MarketLeaderCo,623.89,True
2025-12-29,P1018,MarketLeaderCo,657.48,True
2024-05-20,P1018,CompetitorY,582.1,True
2024-05-27,P1018,CompetitorY,597.08,True
2024-06-03,P1018,CompetitorY,582.78,True
2024-06-10,P1018,CompetitorY,605.65,True
2024-06-17,P1018,CompetitorY,585.02,True
2024-06-24,P1018,CompetitorY,602.86,True
2024-07-01,P1018,CompetitorY,591.8,True
2024-07-08,P1018,CompetitorY,619.31,False
2024-07-15,P1018,CompetitorY,604.71,True
2024-07-22,P1018,CompetitorY,580.76,True
2024-07-29,P1018,CompetitorY,591.45,True
2024-08-05,P1018,CompetitorY,614.97,False
2024-08-12,P1018,CompetitorY,625.49,True
2024-08-19,P1018,CompetitorY,601.42,True
2024-08-26,P1018,CompetitorY,583.37,False
2024-09-02,P1018,CompetitorY,621.28,False
2024-09-09,P1018,CompetitorY,614.89,True
2024-09-16,P1018,CompetitorY,625.84,True
2024-09-23,P1018,CompetitorY,607.48,True
2024-09-30,P1018,CompetitorY,592.83,True
2024-10-07,P1018,CompetitorY,611.57,False
2024-10-14,P1018,CompetitorY,608.13,True
2024-10-21,P1018,CompetitorY,591.85,True
2024-10-28,P1018,CompetitorY,605.82,True
2024-11-04,P1018,CompetitorY,598.71,True
2024-11-11,P1018,CompetitorY,615.67,True
2024-11-18,P1018,CompetitorY,611.12,True
2024-11-25,P1018,CompetitorY,583.24,True
2024-12-02,P1018,CompetitorY,581.41,True
2024-12-09,P1018,CompetitorY,600.61,True
2024-12-16,P1018,CompetitorY,602.83,True
2024-12-23,P1018,CompetitorY,615.98,True
2024-12-30,P1018,CompetitorY,611.51,True
2025-01-06,P1018,CompetitorY,628.59,True
2025-01-13,P1018,CompetitorY,593.79,True
2025-01-20,P1018,CompetitorY,592.76,True
2025-01-27,P1018,CompetitorY,584.89,True
2025-02-03,P1018,CompetitorY,615.77,True
2025-02-10,P1018,CompetitorY,602.63,True
2025-02-17,P1018,CompetitorY,568.75,True
2025-02-24,P1018,CompetitorY,605.89,True
2025-03-03,P1018,CompetitorY,607.04,True
2025-03-10,P1018,CompetitorY,599.63,True
2025-03-17,P1018,CompetitorY,607.59,True
2025-03-24,P1018,CompetitorY,580.19,True
2025-03-31,P1018,CompetitorY,631.88,True
2025-04-07,P1018,CompetitorY,609.1,True
2025-04-14,P1018,CompetitorY,570.19,True
2025-04-21,P1018,CompetitorY,602.13,True
2025-04-28,P1018,CompetitorY,609.58,True
2025-05-05,P1018,CompetitorY,582.13,True
2025-05-12,P1018,CompetitorY,611.88,True
2025-05-19,P1018,CompetitorY,632.6,True
2025-05-26,P1018,CompetitorY,590.59,True
2025-06-02,P1018,CompetitorY,609.98,True
2025-06-09,P1018,CompetitorY,606.0,True
2025-06-16,P1018,CompetitorY,619.73,True
2025-06-23,P1018,CompetitorY,600.27,True
2025-06-30,P1018,CompetitorY,582.96,False
2025-07-07,P1018,CompetitorY,618.57,False
2025-07-14,P1018,CompetitorY,584.04,True
2025-07-21,P1018,CompetitorY,634.92,True
2025-07-28,P1018,CompetitorY,612.37,True
2025-08-04,P1018,CompetitorY,591.41,True
2025-08-11,P1018,CompetitorY,622.26,True
2025-08-18,P1018,CompetitorY,602.07,True
2025-08-25,P1018,CompetitorY,598.23,True
2025-09-01,P1018,CompetitorY,589.93,True
2025-09-08,P1018,CompetitorY,568.3,True
2025-09-15,P1018,CompetitorY,613.15,False
2025-09-22,P1018,CompetitorY,572.82,True
2025-09-29,P1018,CompetitorY,587.9,True
2025-10-06,P1018,CompetitorY,610.05,True
2025-10-13,P1018,CompetitorY,593.19,True
2025-10-20,P1018,CompetitorY,605.07,True
2025-10-27,P1018,CompetitorY,580.31,True
2025-11-03,P1018,CompetitorY,595.94,True
2025-11-10,P1018,CompetitorY,605.19,True
2025-11-17,P1018,CompetitorY,585.04,True
2025-11-24,P1018,CompetitorY,632.7,True
2025-12-01,P1018,CompetitorY,590.72,True
2025-12-08,P1018,CompetitorY,627.14,True
2025-12-15,P1018,CompetitorY,599.2,True
2025-12-22,P1018,CompetitorY,573.9,True
2025-12-29,P1018,CompetitorY,581.69,True
2024-05-20,P1018,CompetitorZ,702.7,False
2024-05-27,P1018,CompetitorZ,744.95,True
2024-06-03,P1018,CompetitorZ,699.77,True
2024-06-10,P1018,CompetitorZ,721.36,True
2024-06-17,P1018,CompetitorZ,697.98,True
2024-06-24,P1018,CompetitorZ,668.81,False
2024-07-01,P1018,CompetitorZ,693.74,True
2024-07-08,P1018,CompetitorZ,681.23,True
2024-07-15,P1018,CompetitorZ,675.75,True
2024-07-22,P1018,CompetitorZ,686.55,True
2024-07-29,P1018,CompetitorZ,684.86,True
2024-08-05,P1018,CompetitorZ,666.17,True
2024-08-12,P1018,CompetitorZ,743.96,True
2024-08-19,P1018,CompetitorZ,704.73,True
2024-08-26,P1018,CompetitorZ,693.09,True
2024-09-02,P1018,CompetitorZ,689.91,True
2024-09-09,P1018,CompetitorZ,712.87,True
2024-09-16,P1018,CompetitorZ,730.89,True
2024-09-23,P1018,CompetitorZ,702.19,True
2024-09-30,P1018,CompetitorZ,690.55,True
2024-10-07,P1018,CompetitorZ,718.45,True
2024-10-14,P1018,CompetitorZ,690.99,True
2024-10-21,P1018,CompetitorZ,697.04,True
2024-10-28,P1018,CompetitorZ,708.71,True
2024-11-04,P1018,CompetitorZ,680.07,True
2024-11-11,P1018,CompetitorZ,645.2,True
2024-11-18,P1018,CompetitorZ,679.07,True
2024-11-25,P1018,CompetitorZ,704.01,True
2024-12-02,P1018,CompetitorZ,702.55,True
2024-12-09,P1018,CompetitorZ,715.76,False
2024-12-16,P1018,CompetitorZ,679.86,True
2024-12-23,P1018,CompetitorZ,720.68,True
2024-12-30,P1018,CompetitorZ,691.87,True
2025-01-06,P1018,CompetitorZ,700.53,True
2025-01-13,P1018,CompetitorZ,706.7,True
2025-01-20,P1018,CompetitorZ,659.53,True
2025-01-27,P1018,CompetitorZ,667.31,True
2025-02-03,P1018,CompetitorZ,666.62,True
2025-02-10,P1018,CompetitorZ,710.18,True
2025-02-17,P1018,CompetitorZ,681.75,True
2025-02-24,P1018,CompetitorZ,729.9,True
2025-03-03,P1018,CompetitorZ,688.12,True
2025-03-10,P1018,CompetitorZ,657.68,True
2025-03-17,P1018,CompetitorZ,674.17,True
2025-03-24,P1018,CompetitorZ,690.47,True
2025-03-31,P1018,CompetitorZ,698.68,True
2025-04-07,P1018,CompetitorZ,667.72,False
2025-04-14,P1018,CompetitorZ,699.78,True
2025-04-21,P1018,CompetitorZ,705.3,True
2025-04-28,P1018,CompetitorZ,674.82,True
2025-05-05,P1018,CompetitorZ,728.7,True
2025-05-12,P1018,CompetitorZ,677.06,True
2025-05-19,P1018,CompetitorZ,667.41,True
2025-05-26,P1018,CompetitorZ,656.48,True
2025-06-02,P1018,CompetitorZ,713.25,True
2025-06-09,P1018,CompetitorZ,688.52,True
2025-06-16,P1018,CompetitorZ,678.16,True
2025-06-23,P1018,CompetitorZ,657.62,True
2025-06-30,P1018,CompetitorZ,680.02,True
2025-07-07,P1018,CompetitorZ,737.21,True
2025-07-14,P1018,CompetitorZ,643.78,True
2025-07-21,P1018,CompetitorZ,675.01,True
2025-07-28,P1018,CompetitorZ,725.06,True
2025-08-04,P1018,CompetitorZ,713.83,True
2025-08-11,P1018,CompetitorZ,676.27,True
2025-08-18,P1018,CompetitorZ,692.25,True
2025-08-25,P1018,CompetitorZ,697.61,True
2025-09-01,P1018,CompetitorZ,690.81,True
2025-09-08,P1018,CompetitorZ,724.88,True
2025-09-15,P1018,CompetitorZ,695.06,True
2025-09-22,P1018,CompetitorZ,711.49,True
2025-09-29,P1018,CompetitorZ,691.8,True
2025-10-06,P1018,CompetitorZ,646.1,True
2025-10-13,P1018,CompetitorZ,663.44,True
2025-10-20,P1018,CompetitorZ,667.72,True
2025-10-27,P1018,CompetitorZ,682.9,True
2025-11-03,P1018,CompetitorZ,730.95,True
2025-11-10,P1018,CompetitorZ,695.53,True
2025-11-17,P1018,CompetitorZ,685.87,True
2025-11-24,P1018,CompetitorZ,713.62,True
2025-12-01,P1018,CompetitorZ,658.08,True
2025-12-08,P1018,CompetitorZ,677.94,True
2025-12-15,P1018,CompetitorZ,674.89,True
2025-12-22,P1018,CompetitorZ,696.27,True
2025-12-29,P1018,CompetitorZ,706.54,True
2024-04-08,P1019,CompetitorX,404.98,True
2024-04-15,P1019,CompetitorX,384.02,True
2024-04-22,P1019,CompetitorX,408.26,True
2024-04-29,P1019,CompetitorX,399.88,True
2024-05-06,P1019,CompetitorX,414.38,True
2024-05-13,P1019,CompetitorX,401.82,True
2024-05-20,P1019,CompetitorX,386.52,False
2024-05-27,P1019,CompetitorX,420.03,True
2024-06-03,P1019,CompetitorX,387.52,True
2024-06-10,P1019,CompetitorX,396.61,True
2024-06-17,P1019,CompetitorX,410.8,True
2024-06-24,P1019,CompetitorX,376.81,True
2024-07-01,P1019,CompetitorX,416.58,True
2024-07-08,P1019,CompetitorX,385.54,True
2024-07-15,P1019,CompetitorX,393.88,True
2024-07-22,P1019,CompetitorX,402.79,True
2024-07-29,P1019,CompetitorX,398.83,True
2024-08-05,P1019,CompetitorX,408.78,True
2024-08-12,P1019,CompetitorX,380.15,True
2024-08-19,P1019,CompetitorX,408.04,True
2024-08-26,P1019,CompetitorX,409.0,True
2024-09-02,P1019,CompetitorX,411.66,True
2024-09-09,P1019,CompetitorX,380.28,True
2024-09-16,P1019,CompetitorX,381.73,True
2024-09-23,P1019,CompetitorX,395.23,True
2024-09-30,P1019,CompetitorX,383.03,True
2024-10-07,P1019,CompetitorX,377.72,True
2024-10-14,P1019,CompetitorX,394.71,True
2024-10-21,P1019,CompetitorX,402.13,True
2024-10-28,P1019,CompetitorX,432.86,True
2024-11-04,P1019,CompetitorX,405.9,True
2024-11-11,P1019,CompetitorX,420.32,True
2024-11-18,P1019,CompetitorX,398.8,True
2024-11-25,P1019,CompetitorX,406.03,True
2024-12-02,P1019,CompetitorX,397.58,True
2024-12-09,P1019,CompetitorX,431.47,True
2024-12-16,P1019,CompetitorX,391.11,True
2024-12-23,P1019,CompetitorX,392.74,True
2024-12-30,P1019,CompetitorX,408.87,True
2025-01-06,P1019,CompetitorX,401.81,True
2025-01-13,P1019,CompetitorX,394.25,True
2025-01-20,P1019,CompetitorX,410.83,True
2025-01-27,P1019,CompetitorX,398.84,True
2025-02-03,P1019,CompetitorX,398.75,True
2025-02-10,P1019,CompetitorX,402.09,True
2025-02-17,P1019,CompetitorX,378.55,True
2025-02-24,P1019,CompetitorX,380.24,True
2025-03-03,P1019,CompetitorX,412.35,True
2025-03-10,P1019,CompetitorX,391.22,True
2025-03-17,P1019,CompetitorX,397.74,True
2025-03-24,P1019,CompetitorX,418.64,True
2025-03-31,P1019,CompetitorX,398.28,True
2025-04-07,P1019,CompetitorX,396.81,True
2025-04-14,P1019,CompetitorX,410.06,True
2025-04-21,P1019,CompetitorX,392.16,True
2025-04-28,P1019,CompetitorX,413.74,True
2025-05-05,P1019,CompetitorX,409.82,True
2025-05-12,P1019,CompetitorX,421.26,True
2025-05-19,P1019,CompetitorX,391.06,True
2025-05-26,P1019,CompetitorX,415.7,True
2025-06-02,P1019,CompetitorX,405.97,True
2025-06-09,P1019,CompetitorX,383.45,True
2025-06-16,P1019,CompetitorX,368.23,True
2025-06-23,P1019,CompetitorX,389.77,True
2025-06-30,P1019,CompetitorX,402.83,True
2025-07-07,P1019,CompetitorX,404.57,True
2025-07-14,P1019,CompetitorX,398.62,True
2025-07-21,P1019,CompetitorX,398.73,True
2025-07-28,P1019,CompetitorX,397.82,True
2025-08-04,P1019,CompetitorX,411.68,True
2025-08-11,P1019,CompetitorX,382.12,True
2025-08-18,P1019,CompetitorX,402.54,False
2025-08-25,P1019,CompetitorX,389.47,True
2025-09-01,P1019,CompetitorX,388.47,False
2025-09-08,P1019,CompetitorX,413.42,True
2025-09-15,P1019,CompetitorX,387.55,True
2025-09-22,P1019,CompetitorX,397.66,False
2025-09-29,P1019,CompetitorX,422.79,True
2025-10-06,P1019,CompetitorX,409.37,True
2025-10-13,P1019,CompetitorX,393.88,True
2025-10-20,P1019,CompetitorX,394.87,True
2025-10-27,P1019,CompetitorX,384.63,True
2025-11-03,P1019,CompetitorX,414.91,True
2025-11-10,P1019,CompetitorX,411.44,True
2025-11-17,P1019,CompetitorX,407.55,False
2025-11-24,P1019,CompetitorX,408.87,True
2025-12-01,P1019,CompetitorX,390.05,True
2025-12-08,P1019,CompetitorX,380.78,True
2025-12-15,P1019,CompetitorX,406.04,True
2025-12-22,P1019,CompetitorX,409.97,True
2025-12-29,P1019,CompetitorX,418.58,True
2024-04-08,P1019,MarketLeaderCo,480.18,True
2024-04-15,P1019,MarketLeaderCo,481.19,True
2024-04-22,P1019,MarketLeaderCo,467.56,True
2024-04-29,P1019,MarketLeaderCo,457.4,True
2024-05-06,P1019,MarketLeaderCo,489.7,True
2024-05-13,P1019,MarketLeaderCo,500.71,False
2024-05-20,P1019,MarketLeaderCo,478.2,True
2024-05-27,P1019,MarketLeaderCo,505.98,True
2024-06-03,P1019,MarketLeaderCo,480.42,True
2024-06-10,P1019,MarketLeaderCo,454.67,True
2024-06-17,P1019,MarketLeaderCo,496.29,True
2024-06-24,P1019,MarketLeaderCo,476.04,True
2024-07-01,P1019,MarketLeaderCo,497.6,True
2024-07-08,P1019,MarketLeaderCo,464.47,True
2024-07-15,P1019,MarketLeaderCo,488.95,True
2024-07-22,P1019,MarketLeaderCo,471.38,True
2024-07-29,P1019,MarketLeaderCo,485.9,True
2024-08-05,P1019,MarketLeaderCo,494.09,True
2024-08-12,P1019,MarketLeaderCo,490.72,False
2024-08-19,P1019,MarketLeaderCo,483.99,True
2024-08-26,P1019,MarketLeaderCo,463.01,True
2024-09-02,P1019,MarketLeaderCo,493.56,True
2024-09-09,P1019,MarketLeaderCo,497.93,True
2024-09-16,P1019,MarketLeaderCo,467.87,True
2024-09-23,P1019,MarketLeaderCo,470.0,True
2024-09-30,P1019,MarketLeaderCo,498.54,True
2024-10-07,P1019,MarketLeaderCo,479.96,True
2024-10-14,P1019,MarketLeaderCo,470.37,True
2024-10-21,P1019,MarketLeaderCo,486.93,True
2024-10-28,P1019,MarketLeaderCo,473.73,True
2024-11-04,P1019,MarketLeaderCo,485.31,True
2024-11-11,P1019,MarketLeaderCo,476.99,True
2024-11-18,P1019,MarketLeaderCo,478.24,True
2024-11-25,P1019,MarketLeaderCo,499.07,True
2024-12-02,P1019,MarketLeaderCo,447.21,True
2024-12-09,P1019,MarketLeaderCo,491.02,True
2024-12-16,P1019,MarketLeaderCo,496.68,True
2024-12-23,P1019,MarketLeaderCo,473.97,True
2024-12-30,P1019,MarketLeaderCo,496.57,True
2025-01-06,P1019,MarketLeaderCo,469.08,True
2025-01-13,P1019,MarketLeaderCo,473.42,True
2025-01-20,P1019,MarketLeaderCo,471.75,True
2025-01-27,P1019,MarketLeaderCo,496.76,True
2025-02-03,P1019,MarketLeaderCo,457.7,True
2025-02-10,P1019,MarketLeaderCo,506.75,True
2025-02-17,P1019,MarketLeaderCo,478.56,True
2025-02-24,P1019,MarketLeaderCo,491.89,True
2025-03-03,P1019,MarketLeaderCo,490.64,True
2025-03-10,P1019,MarketLeaderCo,485.17,True
2025-03-17,P1019,MarketLeaderCo,474.28,True
2025-03-24,P1019,MarketLeaderCo,500.98,True
2025-03-31,P1019,MarketLeaderCo,475.52,True
2025-04-07,P1019,MarketLeaderCo,472.39,True
2025-04-14,P1019,MarketLeaderCo,495.7,True
2025-04-21,P1019,MarketLeaderCo,485.09,True
2025-04-28,P1019,MarketLeaderCo,502.65,True
2025-05-05,P1019,MarketLeaderCo,482.07,True
2025-05-12,P1019,MarketLeaderCo,473.55,True
2025-05-19,P1019,MarketLeaderCo,486.96,True
2025-05-26,P1019,MarketLeaderCo,476.49,True
2025-06-02,P1019,MarketLeaderCo,473.97,True
2025-06-09,P1019,MarketLeaderCo,495.03,True
2025-06-16,P1019,MarketLeaderCo,509.52,True
2025-06-23,P1019,MarketLeaderCo,479.41,True
2025-06-30,P1019,MarketLeaderCo,468.86,True
2025-07-07,P1019,MarketLeaderCo,480.76,True
2025-07-14,P1019,MarketLeaderCo,490.44,True
2025-07-21,P1019,MarketLeaderCo,486.71,True
2025-07-28,P1019,MarketLeaderCo,500.28,True
2025-08-04,P1019,MarketLeaderCo,492.62,True
2025-08-11,P1019,MarketLeaderCo,466.99,True
2025-08-18,P1019,MarketLeaderCo,475.83,True
2025-08-25,P1019,MarketLeaderCo,462.97,True
2025-09-01,P1019,MarketLeaderCo,499.57,True
2025-09-08,P1019,MarketLeaderCo,454.12,True
2025-09-15,P1019,MarketLeaderCo,464.39,True
2025-09-22,P1019,MarketLeaderCo,475.56,True
2025-09-29,P1019,MarketLeaderCo,491.15,True
2025-10-06,P1019,MarketLeaderCo,475.42,True
2025-10-13,P1019,MarketLeaderCo,477.69,True
2025-10-20,P1019,MarketLeaderCo,477.97,True
2025-10-27,P1019,MarketLeaderCo,485.48,True
2025-11-03,P1019,MarketLeaderCo,465.3,True
2025-11-10,P1019,MarketLeaderCo,469.26,True
2025-11-17,P1019,MarketLeaderCo,507.34,True
2025-11-24,P1019,MarketLeaderCo,488.81,True
2025-12-01,P1019,MarketLeaderCo,494.0,True
2025-12-08,P1019,MarketLeaderCo,483.82,True
2025-12-15,P1019,MarketLeaderCo,480.95,True
2025-12-22,P1019,MarketLeaderCo,489.6,True
2025-12-29,P1019,MarketLeaderCo,493.52,True
2024-03-18,P1020,CompetitorX,509.78,True
2024-03-25,P1020,CompetitorX,519.08,True
2024-04-01,P1020,CompetitorX,459.72,True
2024-04-08,P1020,CompetitorX,513.76,True
2024-04-15,P1020,CompetitorX,493.17,True
2024-04-22,P1020,CompetitorX,486.07,True
2024-04-29,P1020,CompetitorX,485.65,True
2024-05-06,P1020,CompetitorX,477.77,True
2024-05-13,P1020,CompetitorX,488.0,True
2024-05-20,P1020,CompetitorX,481.06,True
2024-05-27,P1020,CompetitorX,499.85,True
2024-06-03,P1020,CompetitorX,505.96,True
2024-06-10,P1020,CompetitorX,493.33,True
2024-06-17,P1020,CompetitorX,519.53,True
2024-06-24,P1020,CompetitorX,488.98,True
2024-07-01,P1020,CompetitorX,492.55,True
2024-07-08,P1020,CompetitorX,490.11,True
2024-07-15,P1020,CompetitorX,506.09,True
2024-07-22,P1020,CompetitorX,507.59,True
2024-07-29,P1020,CompetitorX,504.55,True
2024-08-05,P1020,CompetitorX,495.31,True
2024-08-12,P1020,CompetitorX,477.16,True
2024-08-19,P1020,CompetitorX,492.4,True
2024-08-26,P1020,CompetitorX,519.21,True
2024-09-02,P1020,CompetitorX,512.27,True
2024-09-09,P1020,CompetitorX,501.55,True
2024-09-16,P1020,CompetitorX,491.43,True
2024-09-23,P1020,CompetitorX,496.96,True
2024-09-30,P1020,CompetitorX,491.49,True
2024-10-07,P1020,CompetitorX,514.95,True
2024-10-14,P1020,CompetitorX,484.65,True
2024-10-21,P1020,CompetitorX,510.94,True
2024-10-28,P1020,CompetitorX,489.27,True
2024-11-04,P1020,CompetitorX,516.86,True
2024-11-11,P1020,CompetitorX,503.53,True
2024-11-18,P1020,CompetitorX,485.98,True
2024-11-25,P1020,CompetitorX,492.55,True
2024-12-02,P1020,CompetitorX,507.77,True
2024-12-09,P1020,CompetitorX,489.72,True
2024-12-16,P1020,CompetitorX,497.49,True
2024-12-23,P1020,CompetitorX,489.51,True
2024-12-30,P1020,CompetitorX,523.4,True
2025-01-06,P1020,CompetitorX,525.96,True
2025-01-13,P1020,CompetitorX,518.98,True
2025-01-20,P1020,CompetitorX,495.3,True
2025-01-27,P1020,CompetitorX,491.15,False
2025-02-03,P1020,CompetitorX,485.54,True
2025-02-10,P1020,CompetitorX,520.06,True
2025-02-17,P1020,CompetitorX,511.04,True
2025-02-24,P1020,CompetitorX,511.76,True
2025-03-03,P1020,CompetitorX,493.43,True
2025-03-10,P1020,CompetitorX,470.94,True
2025-03-17,P1020,CompetitorX,474.37,True
2025-03-24,P1020,CompetitorX,498.02,True
2025-03-31,P1020,CompetitorX,489.36,True
2025-04-07,P1020,CompetitorX,487.65,True
2025-04-14,P1020,CompetitorX,502.31,True
2025-04-21,P1020,CompetitorX,512.28,True
2025-04-28,P1020,CompetitorX,486.7,True
2025-05-05,P1020,CompetitorX,477.69,True
2025-05-12,P1020,CompetitorX,487.06,True
2025-05-19,P1020,CompetitorX,481.59,True
2025-05-26,P1020,CompetitorX,506.0,True
2025-06-02,P1020,CompetitorX,497.1,True
2025-06-09,P1020,CompetitorX,525.21,True
2025-06-16,P1020,CompetitorX,508.12,True
2025-06-23,P1020,CompetitorX,524.21,True
2025-06-30,P1020,CompetitorX,476.22,False
2025-07-07,P1020,CompetitorX,448.64,True
2025-07-14,P1020,CompetitorX,500.78,True
2025-07-21,P1020,CompetitorX,499.0,False
2025-07-28,P1020,CompetitorX,495.33,True
2025-08-04,P1020,CompetitorX,498.59,True
2025-08-11,P1020,CompetitorX,480.4,True
2025-08-18,P1020,CompetitorX,505.56,True
2025-08-25,P1020,CompetitorX,508.14,True
2025-09-01,P1020,CompetitorX,479.27,True
2025-09-08,P1020,CompetitorX,491.89,True
2025-09-15,P1020,CompetitorX,492.81,True
2025-09-22,P1020,CompetitorX,487.15,True
2025-09-29,P1020,CompetitorX,479.84,True
2025-10-06,P1020,CompetitorX,497.35,True
2025-10-13,P1020,CompetitorX,501.05,True
2025-10-20,P1020,CompetitorX,488.06,True
2025-10-27,P1020,CompetitorX,480.89,True
2025-11-03,P1020,CompetitorX,503.28,True
2025-11-10,P1020,CompetitorX,485.72,True
2025-11-17,P1020,CompetitorX,492.55,True
2025-11-24,P1020,CompetitorX,490.66,True
2025-12-01,P1020,CompetitorX,515.74,True
2025-12-08,P1020,CompetitorX,486.4,True
2025-12-15,P1020,CompetitorX,522.9,True
2025-12-22,P1020,CompetitorX,508.38,True
2025-12-29,P1020,CompetitorX,524.32,True
2024-03-18,P1020,MarketLeaderCo,395.38,True
2024-03-25,P1020,MarketLeaderCo,404.04,True
2024-04-01,P1020,MarketLeaderCo,381.98,False
2024-04-08,P1020,MarketLeaderCo,395.0,True
2024-04-15,P1020,MarketLeaderCo,386.59,True
2024-04-22,P1020,MarketLeaderCo,400.0,True
2024-04-29,P1020,MarketLeaderCo,386.58,True
2024-05-06,P1020,MarketLeaderCo,378.48,True
2024-05-13,P1020,MarketLeaderCo,403.62,True
2024-05-20,P1020,MarketLeaderCo,391.35,True
2024-05-27,P1020,MarketLeaderCo,379.94,True
2024-06-03,P1020,MarketLeaderCo,381.85,True
2024-06-10,P1020,MarketLeaderCo,379.86,True
2024-06-17,P1020,MarketLeaderCo,376.0,True
2024-06-24,P1020,MarketLeaderCo,382.1,True
2024-07-01,P1020,MarketLeaderCo,391.99,True
2024-07-08,P1020,MarketLeaderCo,388.4,True
2024-07-15,P1020,MarketLeaderCo,382.56,True
2024-07-22,P1020,MarketLeaderCo,405.04,True
2024-07-29,P1020,MarketLeaderCo,364.27,True
2024-08-05,P1020,MarketLeaderCo,391.21,True
2024-08-12,P1020,MarketLeaderCo,385.99,True
2024-08-19,P1020,MarketLeaderCo,376.37,True
2024-08-26,P1020,MarketLeaderCo,391.89,True
2024-09-02,P1020,MarketLeaderCo,385.1,True
2024-09-09,P1020,MarketLeaderCo,402.16,True
2024-09-16,P1020,MarketLeaderCo,397.75,True
2024-09-23,P1020,MarketLeaderCo,409.82,False
2024-09-30,P1020,MarketLeaderCo,382.03,True
2024-10-07,P1020,MarketLeaderCo,403.89,True
2024-10-14,P1020,MarketLeaderCo,374.09,True
2024-10-21,P1020,MarketLeaderCo,386.37,True
2024-10-28,P1020,MarketLeaderCo,382.24,True
2024-11-04,P1020,MarketLeaderCo,394.66,True
2024-11-11,P1020,MarketLeaderCo,394.38,True
2024-11-18,P1020,MarketLeaderCo,377.18,True
2024-11-25,P1020,MarketLeaderCo,395.31,True
2024-12-02,P1020,MarketLeaderCo,383.23,True
2024-12-09,P1020,MarketLeaderCo,378.15,True
2024-12-16,P1020,MarketLeaderCo,387.52,True
2024-12-23,P1020,MarketLeaderCo,370.48,True
2024-12-30,P1020,MarketLeaderCo,398.48,True
2025-01-06,P1020,MarketLeaderCo,387.01,True
2025-01-13,P1020,MarketLeaderCo,387.26,True
2025-01-20,P1020,MarketLeaderCo,386.64,True
2025-01-27,P1020,MarketLeaderCo,406.8,True
2025-02-03,P1020,MarketLeaderCo,405.32,True
2025-02-10,P1020,MarketLeaderCo,403.36,True
2025-02-17,P1020,MarketLeaderCo,386.66,True
2025-02-24,P1020,MarketLeaderCo,374.68,True
2025-03-03,P1020,MarketLeaderCo,387.47,True
2025-03-10,P1020,MarketLeaderCo,391.31,True
2025-03-17,P1020,MarketLeaderCo,397.1,True
2025-03-24,P1020,MarketLeaderCo,391.27,True
2025-03-31,P1020,MarketLeaderCo,375.71,True
2025-04-07,P1020,MarketLeaderCo,381.43,False
2025-04-14,P1020,MarketLeaderCo,380.37,True
2025-04-21,P1020,MarketLeaderCo,393.92,True
2025-04-28,P1020,MarketLeaderCo,394.21,True
2025-05-05,P1020,MarketLeaderCo,395.73,True
2025-05-12,P1020,MarketLeaderCo,391.15,True
2025-05-19,P1020,MarketLeaderCo,363.7,True
2025-05-26,P1020,MarketLeaderCo,367.58,True
2025-06-02,P1020,MarketLeaderCo,386.02,True
2025-06-09,P1020,MarketLeaderCo,388.79,True
2025-06-16,P1020,MarketLeaderCo,402.23,True
2025-06-23,P1020,MarketLeaderCo,388.56,True
2025-06-30,P1020,MarketLeaderCo,376.3,True
2025-07-07,P1020,MarketLeaderCo,395.35,True
2025-07-14,P1020,MarketLeaderCo,387.45,False
2025-07-21,P1020,MarketLeaderCo,382.98,True
2025-07-28,P1020,MarketLeaderCo,368.88,True
2025-08-04,P1020,MarketLeaderCo,388.64,True
2025-08-11,P1020,MarketLeaderCo,390.31,True
2025-08-18,P1020,MarketLeaderCo,376.07,True
2025-08-25,P1020,MarketLeaderCo,396.31,True
2025-09-01,P1020,MarketLeaderCo,395.27,True
2025-09-08,P1020,MarketLeaderCo,388.22,True
2025-09-15,P1020,MarketLeaderCo,387.79,True
2025-09-22,P1020,MarketLeaderCo,398.65,True
2025-09-29,P1020,MarketLeaderCo,391.93,False
2025-10-06,P1020,MarketLeaderCo,379.49,True
2025-10-13,P1020,MarketLeaderCo,385.35,True
2025-10-20,P1020,MarketLeaderCo,394.13,True
2025-10-27,P1020,MarketLeaderCo,364.02,True
2025-11-03,P1020,MarketLeaderCo,376.82,True
2025-11-10,P1020,MarketLeaderCo,395.59,True
2025-11-17,P1020,MarketLeaderCo,401.71,True
2025-11-24,P1020,MarketLeaderCo,399.53,True
2025-12-01,P1020,MarketLeaderCo,398.04,True
2025-12-08,P1020,MarketLeaderCo,389.16,True
2025-12-15,P1020,MarketLeaderCo,375.69,True
2025-12-22,P1020,MarketLeaderCo,385.37,True
2025-12-29,P1020,MarketLeaderCo,364.47,True
2024-04-08,P1021,CompetitorZ,489.33,False
2024-04-15,P1021,CompetitorZ,464.0,True
2024-04-22,P1021,CompetitorZ,457.01,True
2024-04-29,P1021,CompetitorZ,489.7,True
2024-05-06,P1021,CompetitorZ,497.65,True
2024-05-13,P1021,CompetitorZ,479.69,True
2024-05-20,P1021,CompetitorZ,476.38,True
2024-05-27,P1021,CompetitorZ,468.95,True
2024-06-03,P1021,CompetitorZ,458.29,True
2024-06-10,P1021,CompetitorZ,493.6,True
2024-06-17,P1021,CompetitorZ,470.07,True
2024-06-24,P1021,CompetitorZ,464.42,True
2024-07-01,P1021,CompetitorZ,485.29,True
2024-07-08,P1021,CompetitorZ,469.92,True
2024-07-15,P1021,CompetitorZ,484.76,True
2024-07-22,P1021,CompetitorZ,465.17,True
2024-07-29,P1021,CompetitorZ,485.33,True
2024-08-05,P1021,CompetitorZ,484.8,True
2024-08-12,P1021,CompetitorZ,489.67,True
2024-08-19,P1021,CompetitorZ,460.93,True
2024-08-26,P1021,CompetitorZ,469.78,True
2024-09-02,P1021,CompetitorZ,498.48,True
2024-09-09,P1021,CompetitorZ,467.47,True
2024-09-16,P1021,CompetitorZ,482.41,True
2024-09-23,P1021,CompetitorZ,503.32,True
2024-09-30,P1021,CompetitorZ,444.83,True
2024-10-07,P1021,CompetitorZ,467.01,True
2024-10-14,P1021,CompetitorZ,470.98,True
2024-10-21,P1021,CompetitorZ,445.54,True
2024-10-28,P1021,CompetitorZ,464.51,True
2024-11-04,P1021,CompetitorZ,457.23,True
2024-11-11,P1021,CompetitorZ,483.07,False
2024-11-18,P1021,CompetitorZ,446.48,True
2024-11-25,P1021,CompetitorZ,497.65,True
2024-12-02,P1021,CompetitorZ,480.7,True
2024-12-09,P1021,CompetitorZ,456.07,True
2024-12-16,P1021,CompetitorZ,485.46,True
2024-12-23,P1021,CompetitorZ,479.39,True
2024-12-30,P1021,CompetitorZ,470.41,True
2025-01-06,P1021,CompetitorZ,460.76,True
2025-01-13,P1021,CompetitorZ,478.69,True
2025-01-20,P1021,CompetitorZ,472.69,True
2025-01-27,P1021,CompetitorZ,461.22,True
2025-02-03,P1021,CompetitorZ,451.98,True
2025-02-10,P1021,CompetitorZ,458.94,True
2025-02-17,P1021,CompetitorZ,463.84,False
2025-02-24,P1021,CompetitorZ,487.38,True
2025-03-03,P1021,CompetitorZ,483.12,True
2025-03-10,P1021,CompetitorZ,464.6,True
2025-03-17,P1021,CompetitorZ,465.15,True
2025-03-24,P1021,CompetitorZ,484.96,True
2025-03-31,P1021,CompetitorZ,474.73,True
2025-04-07,P1021,CompetitorZ,474.54,True
2025-04-14,P1021,CompetitorZ,461.02,True
2025-04-21,P1021,CompetitorZ,469.21,True
2025-04-28,P1021,CompetitorZ,471.02,True
2025-05-05,P1021,CompetitorZ,469.67,True
2025-05-12,P1021,CompetitorZ,481.33,True
2025-05-19,P1021,CompetitorZ,481.77,True
2025-05-26,P1021,CompetitorZ,457.97,True
2025-06-02,P1021,CompetitorZ,463.89,True
2025-06-09,P1021,CompetitorZ,461.24,True
2025-06-16,P1021,CompetitorZ,490.57,True
2025-06-23,P1021,CompetitorZ,502.79,True
2025-06-30,P1021,CompetitorZ,464.41,True
2025-07-07,P1021,CompetitorZ,468.59,True
2025-07-14,P1021,CompetitorZ,482.86,True
2025-07-21,P1021,CompetitorZ,460.96,True
2025-07-28,P1021,CompetitorZ,483.18,True
2025-08-04,P1021,CompetitorZ,470.66,True
2025-08-11,P1021,CompetitorZ,446.32,True
2025-08-18,P1021,CompetitorZ,452.58,True
2025-08-25,P1021,CompetitorZ,466.18,True
2025-09-01,P1021,CompetitorZ,488.23,False
2025-09-08,P1021,CompetitorZ,458.35,True
2025-09-15,P1021,CompetitorZ,463.41,True
2025-09-22,P1021,CompetitorZ,473.94,True
2025-09-29,P1021,CompetitorZ,447.38,True
2025-10-06,P1021,CompetitorZ,475.17,True
2025-10-13,P1021,CompetitorZ,449.14,True
2025-10-20,P1021,CompetitorZ,478.97,True
2025-10-27,P1021,CompetitorZ,459.53,True
2025-11-03,P1021,CompetitorZ,457.65,True
2025-11-10,P1021,CompetitorZ,474.81,True
2025-11-17,P1021,CompetitorZ,482.17,True
2025-11-24,P1021,CompetitorZ,476.27,True
2025-12-01,P1021,CompetitorZ,473.89,True
2025-12-08,P1021,CompetitorZ,474.09,True
2025-12-15,P1021,CompetitorZ,476.36,True
2025-12-22,P1021,CompetitorZ,477.29,True
2025-12-29,P1021,CompetitorZ,465.38,True
2024-04-08,P1021,CompetitorX,471.62,True
2024-04-15,P1021,CompetitorX,475.25,True
2024-04-22,P1021,CompetitorX,462.65,True
2024-04-29,P1021,CompetitorX,481.94,True
2024-05-06,P1021,CompetitorX,465.96,True
2024-05-13,P1021,CompetitorX,461.73,True
2024-05-20,P1021,CompetitorX,455.69,True
2024-05-27,P1021,CompetitorX,451.16,True
2024-06-03,P1021,CompetitorX,465.66,True
2024-06-10,P1021,CompetitorX,461.26,True
2024-06-17,P1021,CompetitorX,463.47,False
2024-06-24,P1021,CompetitorX,466.5,True
2024-07-01,P1021,CompetitorX,463.41,True
2024-07-08,P1021,CompetitorX,487.64,True
2024-07-15,P1021,CompetitorX,452.58,True
2024-07-22,P1021,CompetitorX,465.83,True
2024-07-29,P1021,CompetitorX,456.73,True
2024-08-05,P1021,CompetitorX,425.91,True
2024-08-12,P1021,CompetitorX,457.2,True
2024-08-19,P1021,CompetitorX,446.95,True
2024-08-26,P1021,CompetitorX,458.95,True
2024-09-02,P1021,CompetitorX,459.5,True
2024-09-09,P1021,CompetitorX,465.18,True
2024-09-16,P1021,CompetitorX,452.55,True
2024-09-23,P1021,CompetitorX,454.28,True
2024-09-30,P1021,CompetitorX,469.53,True
2024-10-07,P1021,CompetitorX,448.71,True
2024-10-14,P1021,CompetitorX,434.5,True
2024-10-21,P1021,CompetitorX,462.03,True
2024-10-28,P1021,CompetitorX,474.64,True
2024-11-04,P1021,CompetitorX,469.38,True
2024-11-11,P1021,CompetitorX,462.29,True
2024-11-18,P1021,CompetitorX,477.12,True
2024-11-25,P1021,CompetitorX,474.8,True
2024-12-02,P1021,CompetitorX,455.3,True
2024-12-09,P1021,CompetitorX,463.28,True
2024-12-16,P1021,CompetitorX,463.87,True
2024-12-23,P1021,CompetitorX,458.67,True
2024-12-30,P1021,CompetitorX,475.52,True
2025-01-06,P1021,CompetitorX,457.77,True
2025-01-13,P1021,CompetitorX,452.97,True
2025-01-20,P1021,CompetitorX,424.11,True
2025-01-27,P1021,CompetitorX,448.85,True
2025-02-03,P1021,CompetitorX,441.72,True
2025-02-10,P1021,CompetitorX,459.31,True
2025-02-17,P1021,CompetitorX,442.57,True
2025-02-24,P1021,CompetitorX,468.27,True
2025-03-03,P1021,CompetitorX,475.16,True
2025-03-10,P1021,CompetitorX,459.44,True
2025-03-17,P1021,CompetitorX,446.29,True
2025-03-24,P1021,CompetitorX,463.82,True
2025-03-31,P1021,CompetitorX,485.99,True
2025-04-07,P1021,CompetitorX,481.7,True
2025-04-14,P1021,CompetitorX,440.47,True
2025-04-21,P1021,CompetitorX,439.96,True
2025-04-28,P1021,CompetitorX,436.42,True
2025-05-05,P1021,CompetitorX,444.18,True
2025-05-12,P1021,CompetitorX,463.34,True
2025-05-19,P1021,CompetitorX,452.19,True
2025-05-26,P1021,CompetitorX,448.3,True
2025-06-02,P1021,CompetitorX,474.2,True
2025-06-09,P1021,CompetitorX,467.18,True
2025-06-16,P1021,CompetitorX,436.35,True
2025-06-23,P1021,CompetitorX,473.41,True
2025-06-30,P1021,CompetitorX,466.85,True
2025-07-07,P1021,CompetitorX,467.16,True
2025-07-14,P1021,CompetitorX,452.0,True
2025-07-21,P1021,CompetitorX,457.28,True
2025-07-28,P1021,CompetitorX,432.65,True
2025-08-04,P1021,CompetitorX,471.83,True
2025-08-11,P1021,CompetitorX,446.09,True
2025-08-18,P1021,CompetitorX,447.86,True
2025-08-25,P1021,CompetitorX,447.67,True
2025-09-01,P1021,CompetitorX,484.71,True
2025-09-08,P1021,CompetitorX,450.64,True
2025-09-15,P1021,CompetitorX,472.87,True
2025-09-22,P1021,CompetitorX,459.54,True
2025-09-29,P1021,CompetitorX,448.43,True
2025-10-06,P1021,CompetitorX,445.93,True
2025-10-13,P1021,CompetitorX,451.19,True
2025-10-20,P1021,CompetitorX,458.84,True
2025-10-27,P1021,CompetitorX,468.17,True
2025-11-03,P1021,CompetitorX,453.37,True
2025-11-10,P1021,CompetitorX,452.85,True
2025-11-17,P1021,CompetitorX,447.71,True
2025-11-24,P1021,CompetitorX,443.39,True
2025-12-01,P1021,CompetitorX,442.24,True
2025-12-08,P1021,CompetitorX,473.5,False
2025-12-15,P1021,CompetitorX,452.57,True
2025-12-22,P1021,CompetitorX,453.79,True
2025-12-29,P1021,CompetitorX,450.67,True
2024-04-08,P1021,CompetitorY,430.34,True
2024-04-15,P1021,CompetitorY,429.79,True
2024-04-22,P1021,CompetitorY,438.41,True
2024-04-29,P1021,CompetitorY,443.2,False
2024-05-06,P1021,CompetitorY,442.57,True
2024-05-13,P1021,CompetitorY,409.6,True
2024-05-20,P1021,CompetitorY,439.42,True
2024-05-27,P1021,CompetitorY,440.23,True
2024-06-03,P1021,CompetitorY,425.83,True
2024-06-10,P1021,CompetitorY,456.21,True
2024-06-17,P1021,CompetitorY,448.65,True
2024-06-24,P1021,CompetitorY,432.08,True
2024-07-01,P1021,CompetitorY,426.7,True
2024-07-08,P1021,CompetitorY,455.99,True
2024-07-15,P1021,CompetitorY,434.22,True
2024-07-22,P1021,CompetitorY,435.58,True
2024-07-29,P1021,CompetitorY,435.41,True
2024-08-05,P1021,CompetitorY,464.49,True
2024-08-12,P1021,CompetitorY,431.65,True
2024-08-19,P1021,CompetitorY,434.16,True
2024-08-26,P1021,CompetitorY,423.64,True
2024-09-02,P1021,CompetitorY,429.39,True
2024-09-09,P1021,CompetitorY,421.03,True
2024-09-16,P1021,CompetitorY,423.9,True
2024-09-23,P1021,CompetitorY,410.88,True
2024-09-30,P1021,CompetitorY,445.96,True
2024-10-07,P1021,CompetitorY,436.51,True
2024-10-14,P1021,CompetitorY,437.59,False
2024-10-21,P1021,CompetitorY,433.79,False
2024-10-28,P1021,CompetitorY,435.4,True
2024-11-04,P1021,CompetitorY,455.57,True
2024-11-11,P1021,CompetitorY,424.45,True
2024-11-18,P1021,CompetitorY,438.1,False
2024-11-25,P1021,CompetitorY,438.03,True
2024-12-02,P1021,CompetitorY,449.35,True
2024-12-09,P1021,CompetitorY,440.19,True
2024-12-16,P1021,CompetitorY,440.84,True
2024-12-23,P1021,CompetitorY,418.07,True
2024-12-30,P1021,CompetitorY,423.93,True
2025-01-06,P1021,CompetitorY,419.26,True
2025-01-13,P1021,CompetitorY,402.2,True
2025-01-20,P1021,CompetitorY,439.65,True
2025-01-27,P1021,CompetitorY,431.06,True
2025-02-03,P1021,CompetitorY,439.67,True
2025-02-10,P1021,CompetitorY,434.93,True
2025-02-17,P1021,CompetitorY,437.6,True
2025-02-24,P1021,CompetitorY,451.91,True
2025-03-03,P1021,CompetitorY,434.56,False
2025-03-10,P1021,CompetitorY,443.19,True
2025-03-17,P1021,CompetitorY,430.53,True
2025-03-24,P1021,CompetitorY,445.22,True
2025-03-31,P1021,CompetitorY,418.31,True
2025-04-07,P1021,CompetitorY,410.52,True
2025-04-14,P1021,CompetitorY,461.93,True
2025-04-21,P1021,CompetitorY,458.4,True
2025-04-28,P1021,CompetitorY,409.11,True
2025-05-05,P1021,CompetitorY,434.0,True
2025-05-12,P1021,CompetitorY,436.42,True
2025-05-19,P1021,CompetitorY,443.89,True
2025-05-26,P1021,CompetitorY,457.14,True
2025-06-02,P1021,CompetitorY,420.63,True
2025-06-09,P1021,CompetitorY,421.33,True
2025-06-16,P1021,CompetitorY,434.45,True
2025-06-23,P1021,CompetitorY,421.91,True
2025-06-30,P1021,CompetitorY,399.09,True
2025-07-07,P1021,CompetitorY,431.51,True
2025-07-14,P1021,CompetitorY,445.65,True
2025-07-21,P1021,CompetitorY,434.2,True
2025-07-28,P1021,CompetitorY,442.6,True
2025-08-04,P1021,CompetitorY,440.74,True
2025-08-11,P1021,CompetitorY,421.08,True
2025-08-18,P1021,CompetitorY,435.36,True
2025-08-25,P1021,CompetitorY,414.59,True
2025-09-01,P1021,CompetitorY,427.8,True
2025-09-08,P1021,CompetitorY,435.13,True
2025-09-15,P1021,CompetitorY,434.45,True
2025-09-22,P1021,CompetitorY,417.64,False
2025-09-29,P1021,CompetitorY,420.27,True
2025-10-06,P1021,CompetitorY,438.26,True
2025-10-13,P1021,CompetitorY,445.25,True
2025-10-20,P1021,CompetitorY,431.77,True
2025-10-27,P1021,CompetitorY,431.12,True
2025-11-03,P1021,CompetitorY,446.61,True
2025-11-10,P1021,CompetitorY,424.41,True
2025-11-17,P1021,CompetitorY,456.98,True
2025-11-24,P1021,CompetitorY,416.93,True
2025-12-01,P1021,CompetitorY,448.13,True
2025-12-08,P1021,CompetitorY,441.5,True
2025-12-15,P1021,CompetitorY,465.88,True
2025-12-22,P1021,CompetitorY,419.86,True
2025-12-29,P1021,CompetitorY,404.05,True
2024-04-08,P1021,MarketLeaderCo,497.97,True
2024-04-15,P1021,MarketLeaderCo,488.01,True
2024-04-22,P1021,MarketLeaderCo,498.21,True
2024-04-29,P1021,MarketLeaderCo,490.83,True
2024-05-06,P1021,MarketLeaderCo,464.31,True
2024-05-13,P1021,MarketLeaderCo,489.42,True
2024-05-20,P1021,MarketLeaderCo,481.35,True
2024-05-27,P1021,MarketLeaderCo,512.56,True
2024-06-03,P1021,MarketLeaderCo,491.46,True
2024-06-10,P1021,MarketLeaderCo,487.44,True
2024-06-17,P1021,MarketLeaderCo,489.55,False
2024-06-24,P1021,MarketLeaderCo,486.66,True
2024-07-01,P1021,MarketLeaderCo,486.27,True
2024-07-08,P1021,MarketLeaderCo,476.07,True
2024-07-15,P1021,MarketLeaderCo,487.62,True
2024-07-22,P1021,MarketLeaderCo,493.56,True
2024-07-29,P1021,MarketLeaderCo,495.17,True
2024-08-05,P1021,MarketLeaderCo,493.43,True
2024-08-12,P1021,MarketLeaderCo,501.62,True
2024-08-19,P1021,MarketLeaderCo,496.07,True
2024-08-26,P1021,MarketLeaderCo,488.96,True
2024-09-02,P1021,MarketLeaderCo,463.44,True
2024-09-09,P1021,MarketLeaderCo,463.45,True
2024-09-16,P1021,MarketLeaderCo,476.34,True
2024-09-23,P1021,MarketLeaderCo,480.58,True
2024-09-30,P1021,MarketLeaderCo,500.04,True
2024-10-07,P1021,MarketLeaderCo,439.89,True
2024-10-14,P1021,MarketLeaderCo,465.03,True
2024-10-21,P1021,MarketLeaderCo,477.11,True
2024-10-28,P1021,MarketLeaderCo,465.56,True
2024-11-04,P1021,MarketLeaderCo,468.42,True
2024-11-11,P1021,MarketLeaderCo,472.72,True
2024-11-18,P1021,MarketLeaderCo,466.29,True
2024-11-25,P1021,MarketLeaderCo,468.79,True
2024-12-02,P1021,MarketLeaderCo,499.54,True
2024-12-09,P1021,MarketLeaderCo,488.75,True
2024-12-16,P1021,MarketLeaderCo,490.91,True
2024-12-23,P1021,MarketLeaderCo,479.42,True
2024-12-30,P1021,MarketLeaderCo,494.47,True
2025-01-06,P1021,MarketLeaderCo,492.11,True
2025-01-13,P1021,MarketLeaderCo,488.53,True
2025-01-20,P1021,MarketLeaderCo,470.49,True
2025-01-27,P1021,MarketLeaderCo,473.54,True
2025-02-03,P1021,MarketLeaderCo,495.14,True
2025-02-10,P1021,MarketLeaderCo,472.47,True
2025-02-17,P1021,MarketLeaderCo,461.36,True
2025-02-24,P1021,MarketLeaderCo,472.19,True
2025-03-03,P1021,MarketLeaderCo,502.36,True
2025-03-10,P1021,MarketLeaderCo,472.21,True
2025-03-17,P1021,MarketLeaderCo,484.63,True
2025-03-24,P1021,MarketLeaderCo,471.04,False
2025-03-31,P1021,MarketLeaderCo,490.9,True
2025-04-07,P1021,MarketLeaderCo,487.64,True
2025-04-14,P1021,MarketLeaderCo,458.44,True
2025-04-21,P1021,MarketLeaderCo,483.77,True
2025-04-28,P1021,MarketLeaderCo,455.68,True
2025-05-05,P1021,MarketLeaderCo,471.93,True
2025-05-12,P1021,MarketLeaderCo,479.74,True
2025-05-19,P1021,MarketLeaderCo,506.5,True
2025-05-26,P1021,MarketLeaderCo,484.49,True
2025-06-02,P1021,MarketLeaderCo,468.86,False
2025-06-09,P1021,MarketLeaderCo,475.34,True
2025-06-16,P1021,MarketLeaderCo,493.21,True
2025-06-23,P1021,MarketLeaderCo,469.06,True
2025-06-30,P1021,MarketLeaderCo,495.7,True
2025-07-07,P1021,MarketLeaderCo,472.38,True
2025-07-14,P1021,MarketLeaderCo,466.73,True
2025-07-21,P1021,MarketLeaderCo,472.84,True
2025-07-28,P1021,MarketLeaderCo,456.64,True
2025-08-04,P1021,MarketLeaderCo,448.63,True
2025-08-11,P1021,MarketLeaderCo,478.72,True
2025-08-18,P1021,MarketLeaderCo,478.94,True
2025-08-25,P1021,MarketLeaderCo,483.6,True
2025-09-01,P1021,MarketLeaderCo,478.65,True
2025-09-08,P1021,MarketLeaderCo,513.44,True
2025-09-15,P1021,MarketLeaderCo,482.33,True
2025-09-22,P1021,MarketLeaderCo,460.09,True
2025-09-29,P1021,MarketLeaderCo,463.78,True
2025-10-06,P1021,MarketLeaderCo,479.91,True
2025-10-13,P1021,MarketLeaderCo,473.64,True
2025-10-20,P1021,MarketLeaderCo,462.22,True
2025-10-27,P1021,MarketLeaderCo,479.06,True
2025-11-03,P1021,MarketLeaderCo,479.27,True
2025-11-10,P1021,MarketLeaderCo,502.88,True
2025-11-17,P1021,MarketLeaderCo,466.72,True
2025-11-24,P1021,MarketLeaderCo,473.89,True
2025-12-01,P1021,MarketLeaderCo,502.84,True
2025-12-08,P1021,MarketLeaderCo,484.64,True
2025-12-15,P1021,MarketLeaderCo,466.63,True
2025-12-22,P1021,MarketLeaderCo,469.62,True
2025-12-29,P1021,MarketLeaderCo,462.43,True
2024-01-15,P1022,CompetitorX,782.75,True
2024-01-22,P1022,CompetitorX,762.78,True
2024-01-29,P1022,CompetitorX,785.57,True
2024-02-05,P1022,CompetitorX,783.38,True
2024-02-12,P1022,CompetitorX,771.5,True
2024-02-19,P1022,CompetitorX,769.12,True
2024-02-26,P1022,CompetitorX,775.06,True
2024-03-04,P1022,CompetitorX,762.65,True
2024-03-11,P1022,CompetitorX,806.45,True
2024-03-18,P1022,CompetitorX,744.17,True
2024-03-25,P1022,CompetitorX,775.29,True
2024-04-01,P1022,CompetitorX,746.74,True
2024-04-08,P1022,CompetitorX,802.86,True
2024-04-15,P1022,CompetitorX,775.26,True
2024-04-22,P1022,CompetitorX,756.18,True
2024-04-29,P1022,CompetitorX,796.98,True
2024-05-06,P1022,CompetitorX,727.24,True
2024-05-13,P1022,CompetitorX,787.52,True
2024-05-20,P1022,CompetitorX,807.91,True
2024-05-27,P1022,CompetitorX,785.14,False
2024-06-03,P1022,CompetitorX,769.07,True
2024-06-10,P1022,CompetitorX,751.83,True
2024-06-17,P1022,CompetitorX,806.3,True
2024-06-24,P1022,CompetitorX,802.66,True
2024-07-01,P1022,CompetitorX,765.82,True
2024-07-08,P1022,CompetitorX,766.44,True
2024-07-15,P1022,CompetitorX,808.74,True
2024-07-22,P1022,CompetitorX,793.39,True
2024-07-29,P1022,CompetitorX,739.08,True
2024-08-05,P1022,CompetitorX,776.35,True
2024-08-12,P1022,CompetitorX,775.49,True
2024-08-19,P1022,CompetitorX,786.74,True
2024-08-26,P1022,CompetitorX,781.08,True
2024-09-02,P1022,CompetitorX,768.92,True
2024-09-09,P1022,CompetitorX,785.11,False
2024-09-16,P1022,CompetitorX,770.44,True
2024-09-23,P1022,CompetitorX,860.92,True
2024-09-30,P1022,CompetitorX,783.81,True
2024-10-07,P1022,CompetitorX,780.59,True
2024-10-14,P1022,CompetitorX,824.11,True
2024-10-21,P1022,CompetitorX,748.97,True
2024-10-28,P1022,CompetitorX,778.36,True
2024-11-04,P1022,CompetitorX,758.69,True
2024-11-11,P1022,CompetitorX,795.81,True
2024-11-18,P1022,CompetitorX,769.35,True
2024-11-25,P1022,CompetitorX,794.53,True
2024-12-02,P1022,CompetitorX,792.84,True
2024-12-09,P1022,CompetitorX,799.22,True
2024-12-16,P1022,CompetitorX,793.22,True
2024-12-23,P1022,CompetitorX,775.69,True
2024-12-30,P1022,CompetitorX,748.19,True
2025-01-06,P1022,CompetitorX,804.58,True
2025-01-13,P1022,CompetitorX,813.95,True
2025-01-20,P1022,CompetitorX,758.96,True
2025-01-27,P1022,CompetitorX,798.18,True
2025-02-03,P1022,CompetitorX,753.52,True
2025-02-10,P1022,CompetitorX,785.7,True
2025-02-17,P1022,CompetitorX,790.53,True
2025-02-24,P1022,CompetitorX,770.95,True
2025-03-03,P1022,CompetitorX,783.16,True
2025-03-10,P1022,CompetitorX,800.81,True
2025-03-17,P1022,CompetitorX,778.37,True
2025-03-24,P1022,CompetitorX,765.12,True
2025-03-31,P1022,CompetitorX,752.26,True
2025-04-07,P1022,CompetitorX,771.78,True
2025-04-14,P1022,CompetitorX,753.41,True
2025-04-21,P1022,CompetitorX,772.09,True
2025-04-28,P1022,CompetitorX,770.04,True
2025-05-05,P1022,CompetitorX,799.77,True
2025-05-12,P1022,CompetitorX,782.66,True
2025-05-19,P1022,CompetitorX,840.61,True
2025-05-26,P1022,CompetitorX,733.76,True
2025-06-02,P1022,CompetitorX,788.28,False
2025-06-09,P1022,CompetitorX,770.36,True
2025-06-16,P1022,CompetitorX,758.54,True
2025-06-23,P1022,CompetitorX,780.24,True
2025-06-30,P1022,CompetitorX,778.48,True
2025-07-07,P1022,CompetitorX,806.19,True
2025-07-14,P1022,CompetitorX,783.07,True
2025-07-21,P1022,CompetitorX,764.7,True
2025-07-28,P1022,CompetitorX,788.76,True
2025-08-04,P1022,CompetitorX,775.55,True
2025-08-11,P1022,CompetitorX,754.57,True
2025-08-18,P1022,CompetitorX,775.11,True
2025-08-25,P1022,CompetitorX,786.35,True
2025-09-01,P1022,CompetitorX,782.63,True
2025-09-08,P1022,CompetitorX,788.67,True
2025-09-15,P1022,CompetitorX,768.6,True
2025-09-22,P1022,CompetitorX,788.38,True
2025-09-29,P1022,CompetitorX,783.75,True
2025-10-06,P1022,CompetitorX,783.94,True
2025-10-13,P1022,CompetitorX,781.69,True
2025-10-20,P1022,CompetitorX,831.92,True
2025-10-27,P1022,CompetitorX,806.94,True
2025-11-03,P1022,CompetitorX,787.86,True
2025-11-10,P1022,CompetitorX,762.19,True
2025-11-17,P1022,CompetitorX,774.09,True
2025-11-24,P1022,CompetitorX,818.79,True
2025-12-01,P1022,CompetitorX,767.75,False
2025-12-08,P1022,CompetitorX,777.05,False
2025-12-15,P1022,CompetitorX,775.75,True
2025-12-22,P1022,CompetitorX,789.55,True
2025-12-29,P1022,CompetitorX,770.71,True
2024-01-15,P1022,MarketLeaderCo,637.09,True
2024-01-22,P1022,MarketLeaderCo,685.65,True
2024-01-29,P1022,MarketLeaderCo,650.59,True
2024-02-05,P1022,MarketLeaderCo,643.31,True
2024-02-12,P1022,MarketLeaderCo,645.41,False
2024-02-19,P1022,MarketLeaderCo,673.17,True
2024-02-26,P1022,MarketLeaderCo,668.65,True
2024-03-04,P1022,MarketLeaderCo,647.45,True
2024-03-11,P1022,MarketLeaderCo,657.98,True
2024-03-18,P1022,MarketLeaderCo,662.8,True
2024-03-25,P1022,MarketLeaderCo,643.46,True
2024-04-01,P1022,MarketLeaderCo,626.96,False
2024-04-08,P1022,MarketLeaderCo,667.5,True
2024-04-15,P1022,MarketLeaderCo,644.55,True
2024-04-22,P1022,MarketLeaderCo,666.03,True
2024-04-29,P1022,MarketLeaderCo,663.68,True
2024-05-06,P1022,MarketLeaderCo,658.45,True
2024-05-13,P1022,MarketLeaderCo,648.94,True
2024-05-20,P1022,MarketLeaderCo,644.84,True
2024-05-27,P1022,MarketLeaderCo,634.9,True
2024-06-03,P1022,MarketLeaderCo,645.22,True
2024-06-10,P1022,MarketLeaderCo,668.56,True
2024-06-17,P1022,MarketLeaderCo,684.91,True
2024-06-24,P1022,MarketLeaderCo,682.02,True
2024-07-01,P1022,MarketLeaderCo,660.21,True
2024-07-08,P1022,MarketLeaderCo,684.9,True
2024-07-15,P1022,MarketLeaderCo,651.29,True
2024-07-22,P1022,MarketLeaderCo,631.89,True
2024-07-29,P1022,MarketLeaderCo,695.23,True
2024-08-05,P1022,MarketLeaderCo,667.85,True
2024-08-12,P1022,MarketLeaderCo,627.08,True
2024-08-19,P1022,MarketLeaderCo,688.09,True
2024-08-26,P1022,MarketLeaderCo,642.68,False
2024-09-02,P1022,MarketLeaderCo,646.97,True
2024-09-09,P1022,MarketLeaderCo,677.49,True
2024-09-16,P1022,MarketLeaderCo,684.2,True
2024-09-23,P1022,MarketLeaderCo,637.61,True
2024-09-30,P1022,MarketLeaderCo,686.35,True
2024-10-07,P1022,MarketLeaderCo,674.59,True
2024-10-14,P1022,MarketLeaderCo,641.57,True
2024-10-21,P1022,MarketLeaderCo,652.5,True
2024-10-28,P1022,MarketLeaderCo,687.24,True
2024-11-04,P1022,MarketLeaderCo,626.57,True
2024-11-11,P1022,MarketLeaderCo,684.57,True
2024-11-18,P1022,MarketLeaderCo,674.04,True
2024-11-25,P1022,MarketLeaderCo,667.39,True
2024-12-02,P1022,MarketLeaderCo,659.94,True
2024-12-09,P1022,MarketLeaderCo,696.2,True
2024-12-16,P1022,MarketLeaderCo,699.11,True
2024-12-23,P1022,MarketLeaderCo,645.21,True
2024-12-30,P1022,MarketLeaderCo,669.42,True
2025-01-06,P1022,MarketLeaderCo,694.31,True
2025-01-13,P1022,MarketLeaderCo,641.86,True
2025-01-20,P1022,MarketLeaderCo,662.14,True
2025-01-27,P1022,MarketLeaderCo,677.14,True
2025-02-03,P1022,MarketLeaderCo,617.61,True
2025-02-10,P1022,MarketLeaderCo,673.68,True
2025-02-17,P1022,MarketLeaderCo,635.88,True
2025-02-24,P1022,MarketLeaderCo,661.14,True
2025-03-03,P1022,MarketLeaderCo,679.91,False
2025-03-10,P1022,MarketLeaderCo,610.23,True
2025-03-17,P1022,MarketLeaderCo,672.84,True
2025-03-24,P1022,MarketLeaderCo,697.54,True
2025-03-31,P1022,MarketLeaderCo,646.83,True
2025-04-07,P1022,MarketLeaderCo,668.72,True
2025-04-14,P1022,MarketLeaderCo,683.68,True
2025-04-21,P1022,MarketLeaderCo,625.93,False
2025-04-28,P1022,MarketLeaderCo,672.28,True
2025-05-05,P1022,MarketLeaderCo,677.53,True
2025-05-12,P1022,MarketLeaderCo,669.94,True
2025-05-19,P1022,MarketLeaderCo,659.05,True
2025-05-26,P1022,MarketLeaderCo,637.62,True
2025-06-02,P1022,MarketLeaderCo,684.78,True
2025-06-09,P1022,MarketLeaderCo,658.03,True
2025-06-16,P1022,MarketLeaderCo,639.52,True
2025-06-23,P1022,MarketLeaderCo,651.07,True
2025-06-30,P1022,MarketLeaderCo,664.61,True
2025-07-07,P1022,MarketLeaderCo,626.56,True
2025-07-14,P1022,MarketLeaderCo,657.7,True
2025-07-21,P1022,MarketLeaderCo,649.12,True
2025-07-28,P1022,MarketLeaderCo,683.69,True
2025-08-04,P1022,MarketLeaderCo,620.37,True
2025-08-11,P1022,MarketLeaderCo,675.86,True
2025-08-18,P1022,MarketLeaderCo,685.29,True
2025-08-25,P1022,MarketLeaderCo,621.12,True
2025-09-01,P1022,MarketLeaderCo,623.48,True
2025-09-08,P1022,MarketLeaderCo,692.56,True
2025-09-15,P1022,MarketLeaderCo,639.51,True
2025-09-22,P1022,MarketLeaderCo,718.38,True
2025-09-29,P1022,MarketLeaderCo,621.73,True
2025-10-06,P1022,MarketLeaderCo,660.7,True
2025-10-13,P1022,MarketLeaderCo,656.88,True
2025-10-20,P1022,MarketLeaderCo,653.24,True
2025-10-27,P1022,MarketLeaderCo,666.47,True
2025-11-03,P1022,MarketLeaderCo,667.61,True
2025-11-10,P1022,MarketLeaderCo,654.04,True
2025-11-17,P1022,MarketLeaderCo,637.35,True
2025-11-24,P1022,MarketLeaderCo,678.01,True
2025-12-01,P1022,MarketLeaderCo,669.73,True
2025-12-08,P1022,MarketLeaderCo,659.6,True
2025-12-15,P1022,MarketLeaderCo,669.11,True
2025-12-22,P1022,MarketLeaderCo,672.51,True
2025-12-29,P1022,MarketLeaderCo,642.32,True
2024-07-22,P1023,MarketLeaderCo,571.12,True
2024-07-29,P1023,MarketLeaderCo,566.87,True
2024-08-05,P1023,MarketLeaderCo,558.96,True
2024-08-12,P1023,MarketLeaderCo,577.99,True
2024-08-19,P1023,MarketLeaderCo,555.49,True
2024-08-26,P1023,MarketLeaderCo,563.49,True
2024-09-02,P1023,MarketLeaderCo,532.38,True
2024-09-09,P1023,MarketLeaderCo,566.81,True
2024-09-16,P1023,MarketLeaderCo,549.04,True
2024-09-23,P1023,MarketLeaderCo,570.3,True
2024-09-30,P1023,MarketLeaderCo,574.95,True
2024-10-07,P1023,MarketLeaderCo,551.39,True
2024-10-14,P1023,MarketLeaderCo,562.19,True
2024-10-21,P1023,MarketLeaderCo,564.61,True
2024-10-28,P1023,MarketLeaderCo,567.87,True
2024-11-04,P1023,MarketLeaderCo,574.98,True
2024-11-11,P1023,MarketLeaderCo,572.77,True
2024-11-18,P1023,MarketLeaderCo,555.27,False
2024-11-25,P1023,MarketLeaderCo,588.6,True
2024-12-02,P1023,MarketLeaderCo,574.34,True
2024-12-09,P1023,MarketLeaderCo,585.35,True
2024-12-16,P1023,MarketLeaderCo,567.51,True
2024-12-23,P1023,MarketLeaderCo,568.51,True
2024-12-30,P1023,MarketLeaderCo,559.69,True
2025-01-06,P1023,MarketLeaderCo,554.19,True
2025-01-13,P1023,MarketLeaderCo,578.1,True
2025-01-20,P1023,MarketLeaderCo,566.13,True
2025-01-27,P1023,MarketLeaderCo,559.45,True
2025-02-03,P1023,MarketLeaderCo,544.44,True
2025-02-10,P1023,MarketLeaderCo,587.87,True
2025-02-17,P1023,MarketLeaderCo,563.57,True
2025-02-24,P1023,MarketLeaderCo,541.0,True
2025-03-03,P1023,MarketLeaderCo,563.04,False
2025-03-10,P1023,MarketLeaderCo,558.28,True
2025-03-17,P1023,MarketLeaderCo,557.59,True
2025-03-24,P1023,MarketLeaderCo,571.38,True
2025-03-31,P1023,MarketLeaderCo,558.31,True
2025-04-07,P1023,MarketLeaderCo,556.52,True
2025-04-14,P1023,MarketLeaderCo,584.62,True
2025-04-21,P1023,MarketLeaderCo,532.36,True
2025-04-28,P1023,MarketLeaderCo,560.8,False
2025-05-05,P1023,MarketLeaderCo,577.32,True
2025-05-12,P1023,MarketLeaderCo,572.23,True
2025-05-19,P1023,MarketLeaderCo,578.86,True
2025-05-26,P1023,MarketLeaderCo,595.73,True
2025-06-02,P1023,MarketLeaderCo,590.3,True
2025-06-09,P1023,MarketLeaderCo,542.2,True
2025-06-16,P1023,MarketLeaderCo,534.53,True
2025-06-23,P1023,MarketLeaderCo,567.18,True
2025-06-30,P1023,MarketLeaderCo,538.85,True
2025-07-07,P1023,MarketLeaderCo,529.21,True
2025-07-14,P1023,MarketLeaderCo,567.0,True
2025-07-21,P1023,MarketLeaderCo,571.22,True
2025-07-28,P1023,MarketLeaderCo,590.5,True
2025-08-04,P1023,MarketLeaderCo,574.62,True
2025-08-11,P1023,MarketLeaderCo,594.01,True
2025-08-18,P1023,MarketLeaderCo,567.66,True
2025-08-25,P1023,MarketLeaderCo,542.52,True
2025-09-01,P1023,MarketLeaderCo,575.52,True
2025-09-08,P1023,MarketLeaderCo,584.15,True
2025-09-15,P1023,MarketLeaderCo,568.26,False
2025-09-22,P1023,MarketLeaderCo,586.11,True
2025-09-29,P1023,MarketLeaderCo,559.59,True
2025-10-06,P1023,MarketLeaderCo,570.87,True
2025-10-13,P1023,MarketLeaderCo,558.73,True
2025-10-20,P1023,MarketLeaderCo,601.76,True
2025-10-27,P1023,MarketLeaderCo,575.84,True
2025-11-03,P1023,MarketLeaderCo,542.85,True
2025-11-10,P1023,MarketLeaderCo,592.88,True
2025-11-17,P1023,MarketLeaderCo,549.31,True
2025-11-24,P1023,MarketLeaderCo,561.9,True
2025-12-01,P1023,MarketLeaderCo,569.56,True
2025-12-08,P1023,MarketLeaderCo,570.94,True
2025-12-15,P1023,MarketLeaderCo,569.82,True
2025-12-22,P1023,MarketLeaderCo,542.58,True
2025-12-29,P1023,MarketLeaderCo,569.87,True
2024-07-22,P1023,CompetitorX,505.11,True
2024-07-29,P1023,CompetitorX,472.25,True
2024-08-05,P1023,CompetitorX,497.97,True
2024-08-12,P1023,CompetitorX,472.74,True
2024-08-19,P1023,CompetitorX,477.62,True
2024-08-26,P1023,CompetitorX,474.93,True
2024-09-02,P1023,CompetitorX,491.0,True
2024-09-09,P1023,CompetitorX,486.09,True
2024-09-16,P1023,CompetitorX,496.43,True
2024-09-23,P1023,CompetitorX,488.69,True
2024-09-30,P1023,CompetitorX,466.69,True
2024-10-07,P1023,CompetitorX,493.01,True
2024-10-14,P1023,CompetitorX,463.11,True
2024-10-21,P1023,CompetitorX,476.0,True
2024-10-28,P1023,CompetitorX,483.62,True
2024-11-04,P1023,CompetitorX,482.61,True
2024-11-11,P1023,CompetitorX,464.79,True
2024-11-18,P1023,CompetitorX,509.07,True
2024-11-25,P1023,CompetitorX,513.13,True
2024-12-02,P1023,CompetitorX,521.98,True
2024-12-09,P1023,CompetitorX,505.79,True
2024-12-16,P1023,CompetitorX,483.16,True
2024-12-23,P1023,CompetitorX,482.91,True
2024-12-30,P1023,CompetitorX,482.1,True
2025-01-06,P1023,CompetitorX,518.09,True
2025-01-13,P1023,CompetitorX,487.27,True
2025-01-20,P1023,CompetitorX,507.58,True
2025-01-27,P1023,CompetitorX,506.44,True
2025-02-03,P1023,CompetitorX,491.74,True
2025-02-10,P1023,CompetitorX,467.67,True
2025-02-17,P1023,CompetitorX,487.58,True
2025-02-24,P1023,CompetitorX,491.12,True
2025-03-03,P1023,CompetitorX,507.71,True
2025-03-10,P1023,CompetitorX,489.25,True
2025-03-17,P1023,CompetitorX,471.23,True
2025-03-24,P1023,CompetitorX,503.45,True
2025-03-31,P1023,CompetitorX,485.62,True
2025-04-07,P1023,CompetitorX,451.62,True
2025-04-14,P1023,CompetitorX,493.73,True
2025-04-21,P1023,CompetitorX,496.31,True
2025-04-28,P1023,CompetitorX,476.6,True
2025-05-05,P1023,CompetitorX,486.14,False
2025-05-12,P1023,CompetitorX,498.61,True
2025-05-19,P1023,CompetitorX,493.83,True
2025-05-26,P1023,CompetitorX,466.04,True
2025-06-02,P1023,CompetitorX,507.35,True
2025-06-09,P1023,CompetitorX,513.99,False
2025-06-16,P1023,CompetitorX,481.48,True
2025-06-23,P1023,CompetitorX,460.94,True
2025-06-30,P1023,CompetitorX,500.27,True
2025-07-07,P1023,CompetitorX,479.09,True
2025-07-14,P1023,CompetitorX,496.81,True
2025-07-21,P1023,CompetitorX,521.26,True
2025-07-28,P1023,CompetitorX,466.28,True
2025-08-04,P1023,CompetitorX,477.27,True
2025-08-11,P1023,CompetitorX,486.11,True
2025-08-18,P1023,CompetitorX,507.91,True
2025-08-25,P1023,CompetitorX,541.12,True
2025-09-01,P1023,CompetitorX,492.58,True
2025-09-08,P1023,CompetitorX,465.02,True
2025-09-15,P1023,CompetitorX,483.89,True
2025-09-22,P1023,CompetitorX,477.59,True
2025-09-29,P1023,CompetitorX,499.55,True
2025-10-06,P1023,CompetitorX,494.49,False
2025-10-13,P1023,CompetitorX,473.68,True
2025-10-20,P1023,CompetitorX,476.73,False
2025-10-27,P1023,CompetitorX,483.68,True
2025-11-03,P1023,CompetitorX,485.45,True
2025-11-10,P1023,CompetitorX,488.34,True
2025-11-17,P1023,CompetitorX,489.68,True
2025-11-24,P1023,CompetitorX,507.07,True
2025-12-01,P1023,CompetitorX,483.15,True
2025-12-08,P1023,CompetitorX,480.99,True
2025-12-15,P1023,CompetitorX,469.32,True
2025-12-22,P1023,CompetitorX,485.68,True
2025-12-29,P1023,CompetitorX,492.72,True
2024-03-04,P1024,MarketLeaderCo,99.13,True
2024-03-11,P1024,MarketLeaderCo,109.46,True
2024-03-18,P1024,MarketLeaderCo,102.31,True
2024-03-25,P1024,MarketLeaderCo,103.62,True
2024-04-01,P1024,MarketLeaderCo,105.75,True
2024-04-08,P1024,MarketLeaderCo,106.43,False
2024-04-15,P1024,MarketLeaderCo,106.8,True
2024-04-22,P1024,MarketLeaderCo,101.75,True
2024-04-29,P1024,MarketLeaderCo,101.84,True
2024-05-06,P1024,MarketLeaderCo,103.42,True
2024-05-13,P1024,MarketLeaderCo,109.18,True
2024-05-20,P1024,MarketLeaderCo,101.4,True
2024-05-27,P1024,MarketLeaderCo,102.88,True
2024-06-03,P1024,MarketLeaderCo,106.82,True
2024-06-10,P1024,MarketLeaderCo,106.66,True
2024-06-17,P1024,MarketLeaderCo,106.28,True
2024-06-24,P1024,MarketLeaderCo,104.79,True
2024-07-01,P1024,MarketLeaderCo,101.2,True
2024-07-08,P1024,MarketLeaderCo,102.37,True
2024-07-15,P1024,MarketLeaderCo,108.07,True
2024-07-22,P1024,MarketLeaderCo,106.96,True
2024-07-29,P1024,MarketLeaderCo,100.35,False
2024-08-05,P1024,MarketLeaderCo,107.26,True
2024-08-12,P1024,MarketLeaderCo,108.64,True
2024-08-19,P1024,MarketLeaderCo,104.7,True
2024-08-26,P1024,MarketLeaderCo,105.87,True
2024-09-02,P1024,MarketLeaderCo,107.71,True
2024-09-09,P1024,MarketLeaderCo,102.35,True
2024-09-16,P1024,MarketLeaderCo,111.84,True
2024-09-23,P1024,MarketLeaderCo,108.37,True
2024-09-30,P1024,MarketLeaderCo,106.18,True
2024-10-07,P1024,MarketLeaderCo,104.43,True
2024-10-14,P1024,MarketLeaderCo,106.09,True
2024-10-21,P1024,MarketLeaderCo,99.64,True
2024-10-28,P1024,MarketLeaderCo,111.07,True
2024-11-04,P1024,MarketLeaderCo,108.08,True
2024-11-11,P1024,MarketLeaderCo,109.13,False
2024-11-18,P1024,MarketLeaderCo,104.63,True
2024-11-25,P1024,MarketLeaderCo,103.41,True
2024-12-02,P1024,MarketLeaderCo,102.42,True
2024-12-09,P1024,MarketLeaderCo,107.09,True
2024-12-16,P1024,MarketLeaderCo,102.93,True
2024-12-23,P1024,MarketLeaderCo,103.95,True
2024-12-30,P1024,MarketLeaderCo,106.25,True
2025-01-06,P1024,MarketLeaderCo,102.47,True
2025-01-13,P1024,MarketLeaderCo,107.81,False
2025-01-20,P1024,MarketLeaderCo,104.48,True
2025-01-27,P1024,MarketLeaderCo,99.81,True
2025-02-03,P1024,MarketLeaderCo,102.43,True
2025-02-10,P1024,MarketLeaderCo,108.64,True
2025-02-17,P1024,MarketLeaderCo,101.6,True
2025-02-24,P1024,MarketLeaderCo,107.34,True
2025-03-03,P1024,MarketLeaderCo,104.92,True
2025-03-10,P1024,MarketLeaderCo,104.0,True
2025-03-17,P1024,MarketLeaderCo,112.42,True
2025-03-24,P1024,MarketLeaderCo,100.51,True
2025-03-31,P1024,MarketLeaderCo,102.21,True
2025-04-07,P1024,MarketLeaderCo,104.46,True
2025-04-14,P1024,MarketLeaderCo,112.11,True
2025-04-21,P1024,MarketLeaderCo,104.47,True
2025-04-28,P1024,MarketLeaderCo,105.4,True
2025-05-05,P1024,MarketLeaderCo,103.48,True
2025-05-12,P1024,MarketLeaderCo,105.66,True
2025-05-19,P1024,MarketLeaderCo,103.68,True
2025-05-26,P1024,MarketLeaderCo,106.72,True
2025-06-02,P1024,MarketLeaderCo,106.96,True
2025-06-09,P1024,MarketLeaderCo,103.8,True
2025-06-16,P1024,MarketLeaderCo,101.01,True
2025-06-23,P1024,MarketLeaderCo,104.83,True
2025-06-30,P1024,MarketLeaderCo,108.93,True
2025-07-07,P1024,MarketLeaderCo,101.94,True
2025-07-14,P1024,MarketLeaderCo,105.58,True
2025-07-21,P1024,MarketLeaderCo,100.75,True
2025-07-28,P1024,MarketLeaderCo,101.27,True
2025-08-04,P1024,MarketLeaderCo,108.61,True
2025-08-11,P1024,MarketLeaderCo,106.7,True
2025-08-18,P1024,MarketLeaderCo,105.63,True
2025-08-25,P1024,MarketLeaderCo,97.25,True
2025-09-01,P1024,MarketLeaderCo,102.8,True
2025-09-08,P1024,MarketLeaderCo,106.44,True
2025-09-15,P1024,MarketLeaderCo,99.99,True
2025-09-22,P1024,MarketLeaderCo,103.43,True
2025-09-29,P1024,MarketLeaderCo,106.94,True
2025-10-06,P1024,MarketLeaderCo,99.8,True
2025-10-13,P1024,MarketLeaderCo,99.27,True
2025-10-20,P1024,MarketLeaderCo,99.85,True
2025-10-27,P1024,MarketLeaderCo,105.58,True
2025-11-03,P1024,MarketLeaderCo,102.79,True
2025-11-10,P1024,MarketLeaderCo,107.29,True
2025-11-17,P1024,MarketLeaderCo,104.92,True
2025-11-24,P1024,MarketLeaderCo,110.43,True
2025-12-01,P1024,MarketLeaderCo,100.65,True
2025-12-08,P1024,MarketLeaderCo,105.58,True
2025-12-15,P1024,MarketLeaderCo,102.04,True
2025-12-22,P1024,MarketLeaderCo,106.42,True
2025-12-29,P1024,MarketLeaderCo,104.91,True
2024-03-04,P1024,CompetitorY,98.28,True
2024-03-11,P1024,CompetitorY,102.95,True
2024-03-18,P1024,CompetitorY,102.92,True
2024-03-25,P1024,CompetitorY,103.21,True
2024-04-01,P1024,CompetitorY,97.07,True
2024-04-08,P1024,CompetitorY,107.52,True
2024-04-15,P1024,CompetitorY,98.63,True
2024-04-22,P1024,CompetitorY,101.18,True
2024-04-29,P1024,CompetitorY,105.95,True
2024-05-06,P1024,CompetitorY,107.18,True
2024-05-13,P1024,CompetitorY,103.75,True
2024-05-20,P1024,CompetitorY,99.76,True
2024-05-27,P1024,CompetitorY,101.69,True
2024-06-03,P1024,CompetitorY,101.8,True
2024-06-10,P1024,CompetitorY,101.91,True
2024-06-17,P1024,CompetitorY,97.56,True
2024-06-24,P1024,CompetitorY,105.13,True
2024-07-01,P1024,CompetitorY,101.71,True
2024-07-08,P1024,CompetitorY,99.1,True
2024-07-15,P1024,CompetitorY,99.78,True
2024-07-22,P1024,CompetitorY,102.12,True
2024-07-29,P1024,CompetitorY,97.03,True
2024-08-05,P1024,CompetitorY,103.97,True
2024-08-12,P1024,CompetitorY,102.01,True
2024-08-19,P1024,CompetitorY,106.06,True
2024-08-26,P1024,CompetitorY,101.53,True
2024-09-02,P1024,CompetitorY,98.0,True
2024-09-09,P1024,CompetitorY,97.66,True
2024-09-16,P1024,CompetitorY,100.11,True
2024-09-23,P1024,CompetitorY,100.43,True
2024-09-30,P1024,CompetitorY,99.57,True
2024-10-07,P1024,CompetitorY,101.69,True
2024-10-14,P1024,CompetitorY,99.5,True
2024-10-21,P1024,CompetitorY,102.07,True
2024-10-28,P1024,CompetitorY,99.72,True
2024-11-04,P1024,CompetitorY,103.22,True
2024-11-11,P1024,CompetitorY,100.35,True
2024-11-18,P1024,CompetitorY,105.08,True
2024-11-25,P1024,CompetitorY,103.28,True
2024-12-02,P1024,CompetitorY,101.89,True
2024-12-09,P1024,CompetitorY,100.67,True
2024-12-16,P1024,CompetitorY,96.68,True
2024-12-23,P1024,CompetitorY,105.59,True
2024-12-30,P1024,CompetitorY,99.23,True
2025-01-06,P1024,CompetitorY,101.57,False
2025-01-13,P1024,CompetitorY,102.34,True
2025-01-20,P1024,CompetitorY,100.74,True
2025-01-27,P1024,CompetitorY,105.41,True
2025-02-03,P1024,CompetitorY,97.59,True
2025-02-10,P1024,CompetitorY,106.57,True
2025-02-17,P1024,CompetitorY,103.34,True
2025-02-24,P1024,CompetitorY,100.55,True
2025-03-03,P1024,CompetitorY,100.58,True
2025-03-10,P1024,CompetitorY,94.56,True
2025-03-17,P1024,CompetitorY,98.72,True
2025-03-24,P1024,CompetitorY,100.22,True
2025-03-31,P1024,CompetitorY,101.83,True
2025-04-07,P1024,CompetitorY,105.13,True
2025-04-14,P1024,CompetitorY,107.49,True
2025-04-21,P1024,CompetitorY,102.12,True
2025-04-28,P1024,CompetitorY,101.92,True
2025-05-05,P1024,CompetitorY,99.81,True
2025-05-12,P1024,CompetitorY,96.09,True
2025-05-19,P1024,CompetitorY,99.46,True
2025-05-26,P1024,CompetitorY,100.67,True
2025-06-02,P1024,CompetitorY,104.26,True
2025-06-09,P1024,CompetitorY,102.88,True
2025-06-16,P1024,CompetitorY,101.97,True
2025-06-23,P1024,CompetitorY,99.53,True
2025-06-30,P1024,CompetitorY,95.27,True
2025-07-07,P1024,CompetitorY,95.46,True
2025-07-14,P1024,CompetitorY,96.24,True
2025-07-21,P1024,CompetitorY,100.41,True
2025-07-28,P1024,CompetitorY,104.32,True
2025-08-04,P1024,CompetitorY,104.24,True
2025-08-11,P1024,CompetitorY,103.71,False
2025-08-18,P1024,CompetitorY,99.73,True
2025-08-25,P1024,CompetitorY,104.77,True
2025-09-01,P1024,CompetitorY,98.47,True
2025-09-08,P1024,CompetitorY,103.89,True
2025-09-15,P1024,CompetitorY,96.21,True
2025-09-22,P1024,CompetitorY,97.72,True
2025-09-29,P1024,CompetitorY,106.32,True
2025-10-06,P1024,CompetitorY,100.68,True
2025-10-13,P1024,CompetitorY,99.23,True
2025-10-20,P1024,CompetitorY,104.65,True
2025-10-27,P1024,CompetitorY,105.0,True
2025-11-03,P1024,CompetitorY,99.98,True
2025-11-10,P1024,CompetitorY,102.14,True
2025-11-17,P1024,CompetitorY,101.71,True
2025-11-24,P1024,CompetitorY,92.71,True
2025-12-01,P1024,CompetitorY,97.06,True
2025-12-08,P1024,CompetitorY,104.16,True
2025-12-15,P1024,CompetitorY,98.77,True
2025-12-22,P1024,CompetitorY,102.91,True
2025-12-29,P1024,CompetitorY,102.1,True
2024-03-04,P1024,CompetitorX,101.58,True
2024-03-11,P1024,CompetitorX,104.71,True
2024-03-18,P1024,CompetitorX,95.96,True
2024-03-25,P1024,CompetitorX,98.11,True
2024-04-01,P1024,CompetitorX,99.11,True
2024-04-08,P1024,CompetitorX,96.07,True
2024-04-15,P1024,CompetitorX,98.39,True
2024-04-22,P1024,CompetitorX,100.68,True
2024-04-29,P1024,CompetitorX,96.39,True
2024-05-06,P1024,CompetitorX,95.94,True
2024-05-13,P1024,CompetitorX,95.74,True
2024-05-20,P1024,CompetitorX,94.05,True
2024-05-27,P1024,CompetitorX,100.51,True
2024-06-03,P1024,CompetitorX,95.93,True
2024-06-10,P1024,CompetitorX,95.62,True
2024-06-17,P1024,CompetitorX,99.56,True
2024-06-24,P1024,CompetitorX,97.97,True
2024-07-01,P1024,CompetitorX,96.46,True
2024-07-08,P1024,CompetitorX,100.39,True
2024-07-15,P1024,CompetitorX,96.34,True
2024-07-22,P1024,CompetitorX,91.6,True
2024-07-29,P1024,CompetitorX,101.92,True
2024-08-05,P1024,CompetitorX,95.57,False
2024-08-12,P1024,CompetitorX,95.89,True
2024-08-19,P1024,CompetitorX,95.9,True
2024-08-26,P1024,CompetitorX,98.18,True
2024-09-02,P1024,CompetitorX,97.2,True
2024-09-09,P1024,CompetitorX,100.91,True
2024-09-16,P1024,CompetitorX,102.84,True
2024-09-23,P1024,CompetitorX,96.01,True
2024-09-30,P1024,CompetitorX,95.25,True
2024-10-07,P1024,CompetitorX,96.47,True
2024-10-14,P1024,CompetitorX,99.29,True
2024-10-21,P1024,CompetitorX,97.66,True
2024-10-28,P1024,CompetitorX,96.53,True
2024-11-04,P1024,CompetitorX,94.19,True
2024-11-11,P1024,CompetitorX,91.51,True
2024-11-18,P1024,CompetitorX,95.05,True
2024-11-25,P1024,CompetitorX,101.72,True
2024-12-02,P1024,CompetitorX,99.29,False
2024-12-09,P1024,CompetitorX,97.44,True
2024-12-16,P1024,CompetitorX,100.15,True
2024-12-23,P1024,CompetitorX,94.22,True
2024-12-30,P1024,CompetitorX,98.17,True
2025-01-06,P1024,CompetitorX,92.75,True
2025-01-13,P1024,CompetitorX,99.02,True
2025-01-20,P1024,CompetitorX,98.77,True
2025-01-27,P1024,CompetitorX,98.84,True
2025-02-03,P1024,CompetitorX,101.44,True
2025-02-10,P1024,CompetitorX,100.29,True
2025-02-17,P1024,CompetitorX,94.45,True
2025-02-24,P1024,CompetitorX,101.48,True
2025-03-03,P1024,CompetitorX,97.39,True
2025-03-10,P1024,CompetitorX,92.21,True
2025-03-17,P1024,CompetitorX,97.68,True
2025-03-24,P1024,CompetitorX,99.91,True
2025-03-31,P1024,CompetitorX,95.02,True
2025-04-07,P1024,CompetitorX,101.92,True
2025-04-14,P1024,CompetitorX,95.29,True
2025-04-21,P1024,CompetitorX,96.59,True
2025-04-28,P1024,CompetitorX,96.05,True
2025-05-05,P1024,CompetitorX,92.98,True
2025-05-12,P1024,CompetitorX,95.08,True
2025-05-19,P1024,CompetitorX,95.91,True
2025-05-26,P1024,CompetitorX,97.62,True
2025-06-02,P1024,CompetitorX,89.18,True
2025-06-09,P1024,CompetitorX,100.11,True
2025-06-16,P1024,CompetitorX,100.08,True
2025-06-23,P1024,CompetitorX,101.48,True
2025-06-30,P1024,CompetitorX,93.62,True
2025-07-07,P1024,CompetitorX,97.14,True
2025-07-14,P1024,CompetitorX,100.77,True
2025-07-21,P1024,CompetitorX,101.03,True
2025-07-28,P1024,CompetitorX,102.35,True
2025-08-04,P1024,CompetitorX,98.31,True
2025-08-11,P1024,CompetitorX,97.84,True
2025-08-18,P1024,CompetitorX,93.42,True
2025-08-25,P1024,CompetitorX,101.13,True
2025-09-01,P1024,CompetitorX,96.65,True
2025-09-08,P1024,CompetitorX,98.1,True
2025-09-15,P1024,CompetitorX,97.91,True
2025-09-22,P1024,CompetitorX,90.96,True
2025-09-29,P1024,CompetitorX,95.62,True
2025-10-06,P1024,CompetitorX,99.34,True
2025-10-13,P1024,CompetitorX,97.86,True
2025-10-20,P1024,CompetitorX,99.36,True
2025-10-27,P1024,CompetitorX,100.31,True
2025-11-03,P1024,CompetitorX,95.58,True
2025-11-10,P1024,CompetitorX,96.49,True
2025-11-17,P1024,CompetitorX,97.59,True
2025-11-24,P1024,CompetitorX,100.28,False
2025-12-01,P1024,CompetitorX,97.32,True
2025-12-08,P1024,CompetitorX,92.77,True
2025-12-15,P1024,CompetitorX,97.42,True
2025-12-22,P1024,CompetitorX,100.16,True
2025-12-29,P1024,CompetitorX,101.99,True
2024-03-04,P1024,CompetitorZ,94.68,True
2024-03-11,P1024,CompetitorZ,90.71,True
2024-03-18,P1024,CompetitorZ,96.8,True
2024-03-25,P1024,CompetitorZ,93.22,True
2024-04-01,P1024,CompetitorZ,95.11,True
2024-04-08,P1024,CompetitorZ,97.45,True
2024-04-15,P1024,CompetitorZ,95.1,True
2024-04-22,P1024,CompetitorZ,92.22,True
2024-04-29,P1024,CompetitorZ,95.47,False
2024-05-06,P1024,CompetitorZ,92.02,True
2024-05-13,P1024,CompetitorZ,94.66,True
2024-05-20,P1024,CompetitorZ,90.36,True
2024-05-27,P1024,CompetitorZ,93.97,True
2024-06-03,P1024,CompetitorZ,97.24,True
2024-06-10,P1024,CompetitorZ,93.05,True
2024-06-17,P1024,CompetitorZ,96.97,True
2024-06-24,P1024,CompetitorZ,102.6,True
2024-07-01,P1024,CompetitorZ,93.81,False
2024-07-08,P1024,CompetitorZ,95.62,True
2024-07-15,P1024,CompetitorZ,95.23,True
2024-07-22,P1024,CompetitorZ,94.52,False
2024-07-29,P1024,CompetitorZ,96.11,True
2024-08-05,P1024,CompetitorZ,93.19,True
2024-08-12,P1024,CompetitorZ,92.02,True
2024-08-19,P1024,CompetitorZ,89.59,True
2024-08-26,P1024,CompetitorZ,92.92,True
2024-09-02,P1024,CompetitorZ,96.43,True
2024-09-09,P1024,CompetitorZ,91.24,True
2024-09-16,P1024,CompetitorZ,94.58,True
2024-09-23,P1024,CompetitorZ,93.54,True
2024-09-30,P1024,CompetitorZ,92.14,True
2024-10-07,P1024,CompetitorZ,88.67,True
2024-10-14,P1024,CompetitorZ,97.73,True
2024-10-21,P1024,CompetitorZ,95.34,True
2024-10-28,P1024,CompetitorZ,101.39,True
2024-11-04,P1024,CompetitorZ,96.93,True
2024-11-11,P1024,CompetitorZ,97.66,True
2024-11-18,P1024,CompetitorZ,88.96,True
2024-11-25,P1024,CompetitorZ,88.91,True
2024-12-02,P1024,CompetitorZ,94.01,True
2024-12-09,P1024,CompetitorZ,90.65,True
2024-12-16,P1024,CompetitorZ,91.97,False
2024-12-23,P1024,CompetitorZ,101.0,True
2024-12-30,P1024,CompetitorZ,97.24,True
2025-01-06,P1024,CompetitorZ,91.25,True
2025-01-13,P1024,CompetitorZ,87.22,True
2025-01-20,P1024,CompetitorZ,91.01,True
2025-01-27,P1024,CompetitorZ,92.32,False
2025-02-03,P1024,CompetitorZ,92.98,True
2025-02-10,P1024,CompetitorZ,90.28,True
2025-02-17,P1024,CompetitorZ,97.07,True
2025-02-24,P1024,CompetitorZ,91.88,True
2025-03-03,P1024,CompetitorZ,95.71,True
2025-03-10,P1024,CompetitorZ,94.04,True
2025-03-17,P1024,CompetitorZ,96.53,True
2025-03-24,P1024,CompetitorZ,93.22,True
2025-03-31,P1024,CompetitorZ,91.28,True
2025-04-07,P1024,CompetitorZ,92.2,True
2025-04-14,P1024,CompetitorZ,92.24,True
2025-04-21,P1024,CompetitorZ,99.7,True
2025-04-28,P1024,CompetitorZ,94.1,True
2025-05-05,P1024,CompetitorZ,93.9,False
2025-05-12,P1024,CompetitorZ,96.37,True
2025-05-19,P1024,CompetitorZ,93.89,True
2025-05-26,P1024,CompetitorZ,97.05,True
2025-06-02,P1024,CompetitorZ,92.84,True
2025-06-09,P1024,CompetitorZ,92.55,True
2025-06-16,P1024,CompetitorZ,91.13,True
2025-06-23,P1024,CompetitorZ,99.1,True
2025-06-30,P1024,CompetitorZ,93.69,True
2025-07-07,P1024,CompetitorZ,90.58,True
2025-07-14,P1024,CompetitorZ,94.44,True
2025-07-21,P1024,CompetitorZ,92.06,True
2025-07-28,P1024,CompetitorZ,92.79,True
2025-08-04,P1024,CompetitorZ,94.76,True
2025-08-11,P1024,CompetitorZ,98.17,True
2025-08-18,P1024,CompetitorZ,94.17,True
2025-08-25,P1024,CompetitorZ,91.88,True
2025-09-01,P1024,CompetitorZ,92.47,False
2025-09-08,P1024,CompetitorZ,95.74,True
2025-09-15,P1024,CompetitorZ,88.37,True
2025-09-22,P1024,CompetitorZ,90.95,True
2025-09-29,P1024,CompetitorZ,94.49,True
2025-10-06,P1024,CompetitorZ,89.08,True
2025-10-13,P1024,CompetitorZ,93.01,True
2025-10-20,P1024,CompetitorZ,92.54,True
2025-10-27,P1024,CompetitorZ,96.36,True
2025-11-03,P1024,CompetitorZ,93.18,True
2025-11-10,P1024,CompetitorZ,97.23,True
2025-11-17,P1024,CompetitorZ,94.11,True
2025-11-24,P1024,CompetitorZ,98.89,True
2025-12-01,P1024,CompetitorZ,89.98,True
2025-12-08,P1024,CompetitorZ,98.44,True
2025-12-15,P1024,CompetitorZ,92.73,True
2025-12-22,P1024,CompetitorZ,98.04,True
2025-12-29,P1024,CompetitorZ,97.23,True
2024-04-08,P1025,MarketLeaderCo,406.53,True
2024-04-15,P1025,MarketLeaderCo,427.93,True
2024-04-22,P1025,MarketLeaderCo,462.15,True
2024-04-29,P1025,MarketLeaderCo,459.99,True
2024-05-06,P1025,MarketLeaderCo,463.01,True
2024-05-13,P1025,MarketLeaderCo,426.7,True
2024-05-20,P1025,MarketLeaderCo,461.19,True
2024-05-27,P1025,MarketLeaderCo,449.69,True
2024-06-03,P1025,MarketLeaderCo,463.61,True
2024-06-10,P1025,MarketLeaderCo,451.81,True
2024-06-17,P1025,MarketLeaderCo,446.88,True
2024-06-24,P1025,MarketLeaderCo,461.37,True
2024-07-01,P1025,MarketLeaderCo,455.93,True
2024-07-08,P1025,MarketLeaderCo,459.0,True
2024-07-15,P1025,MarketLeaderCo,438.06,False
2024-07-22,P1025,MarketLeaderCo,442.27,True
2024-07-29,P1025,MarketLeaderCo,421.45,True
2024-08-05,P1025,MarketLeaderCo,437.1,False
2024-08-12,P1025,MarketLeaderCo,455.11,True
2024-08-19,P1025,MarketLeaderCo,452.09,True
2024-08-26,P1025,MarketLeaderCo,431.51,True
2024-09-02,P1025,MarketLeaderCo,461.67,True
2024-09-09,P1025,MarketLeaderCo,484.22,True
2024-09-16,P1025,MarketLeaderCo,432.53,True
2024-09-23,P1025,MarketLeaderCo,441.82,True
2024-09-30,P1025,MarketLeaderCo,436.28,True
2024-10-07,P1025,MarketLeaderCo,443.3,True
2024-10-14,P1025,MarketLeaderCo,448.22,True
2024-10-21,P1025,MarketLeaderCo,435.27,True
2024-10-28,P1025,MarketLeaderCo,440.88,True
2024-11-04,P1025,MarketLeaderCo,445.73,True
2024-11-11,P1025,MarketLeaderCo,450.86,True
2024-11-18,P1025,MarketLeaderCo,464.13,True
2024-11-25,P1025,MarketLeaderCo,444.38,True
2024-12-02,P1025,MarketLeaderCo,437.08,True
2024-12-09,P1025,MarketLeaderCo,453.86,True
2024-12-16,P1025,MarketLeaderCo,449.91,False
2024-12-23,P1025,MarketLeaderCo,442.0,True
2024-12-30,P1025,MarketLeaderCo,451.04,True
2025-01-06,P1025,MarketLeaderCo,439.46,True
2025-01-13,P1025,MarketLeaderCo,437.5,True
2025-01-20,P1025,MarketLeaderCo,419.24,True
2025-01-27,P1025,MarketLeaderCo,440.2,True
2025-02-03,P1025,MarketLeaderCo,421.06,True
2025-02-10,P1025,MarketLeaderCo,436.04,True
2025-02-17,P1025,MarketLeaderCo,452.3,True
2025-02-24,P1025,MarketLeaderCo,424.5,True
2025-03-03,P1025,MarketLeaderCo,442.04,True
2025-03-10,P1025,MarketLeaderCo,445.44,True
2025-03-17,P1025,MarketLeaderCo,441.39,True
2025-03-24,P1025,MarketLeaderCo,438.15,True
2025-03-31,P1025,MarketLeaderCo,448.91,True
2025-04-07,P1025,MarketLeaderCo,450.76,True
2025-04-14,P1025,MarketLeaderCo,444.59,True
2025-04-21,P1025,MarketLeaderCo,438.89,True
2025-04-28,P1025,MarketLeaderCo,456.1,True
2025-05-05,P1025,MarketLeaderCo,427.09,True
2025-05-12,P1025,MarketLeaderCo,453.74,True
2025-05-19,P1025,MarketLeaderCo,450.17,True
2025-05-26,P1025,MarketLeaderCo,447.22,True
2025-06-02,P1025,MarketLeaderCo,444.44,True
2025-06-09,P1025,MarketLeaderCo,419.36,True
2025-06-16,P1025,MarketLeaderCo,463.07,True
2025-06-23,P1025,MarketLeaderCo,455.76,True
2025-06-30,P1025,MarketLeaderCo,431.75,True
2025-07-07,P1025,MarketLeaderCo,454.69,True
2025-07-14,P1025,MarketLeaderCo,447.09,True
2025-07-21,P1025,MarketLeaderCo,436.79,True
2025-07-28,P1025,MarketLeaderCo,460.46,True
2025-08-04,P1025,MarketLeaderCo,438.82,True
2025-08-11,P1025,MarketLeaderCo,462.66,True
2025-08-18,P1025,MarketLeaderCo,451.7,True
2025-08-25,P1025,MarketLeaderCo,457.33,True
2025-09-01,P1025,MarketLeaderCo,452.29,True
2025-09-08,P1025,MarketLeaderCo,451.67,True
2025-09-15,P1025,MarketLeaderCo,447.44,True
2025-09-22,P1025,MarketLeaderCo,434.88,True
2025-09-29,P1025,MarketLeaderCo,445.4,True
2025-10-06,P1025,MarketLeaderCo,456.79,True
2025-10-13,P1025,MarketLeaderCo,454.16,False
2025-10-20,P1025,MarketLeaderCo,451.25,False
2025-10-27,P1025,MarketLeaderCo,416.62,True
2025-11-03,P1025,MarketLeaderCo,441.73,True
2025-11-10,P1025,MarketLeaderCo,440.32,True
2025-11-17,P1025,MarketLeaderCo,429.86,True
2025-11-24,P1025,MarketLeaderCo,456.62,True
2025-12-01,P1025,MarketLeaderCo,417.56,True
2025-12-08,P1025,MarketLeaderCo,455.73,True
2025-12-15,P1025,MarketLeaderCo,462.3,True
2025-12-22,P1025,MarketLeaderCo,441.77,True
2025-12-29,P1025,MarketLeaderCo,443.58,True
2024-04-08,P1025,CompetitorY,375.73,True
2024-04-15,P1025,CompetitorY,391.22,True
2024-04-22,P1025,CompetitorY,391.05,True
2024-04-29,P1025,CompetitorY,403.01,True
2024-05-06,P1025,CompetitorY,377.65,True
2024-05-13,P1025,CompetitorY,375.31,True
2024-05-20,P1025,CompetitorY,352.87,True
2024-05-27,P1025,CompetitorY,382.44,True
2024-06-03,P1025,CompetitorY,392.19,True
2024-06-10,P1025,CompetitorY,393.76,True
2024-06-17,P1025,CompetitorY,398.26,True
2024-06-24,P1025,CompetitorY,387.17,True
2024-07-01,P1025,CompetitorY,389.65,True
2024-07-08,P1025,CompetitorY,384.62,False
2024-07-15,P1025,CompetitorY,391.98,True
2024-07-22,P1025,CompetitorY,373.08,True
2024-07-29,P1025,CompetitorY,367.62,True
2024-08-05,P1025,CompetitorY,374.29,True
2024-08-12,P1025,CompetitorY,386.3,True
2024-08-19,P1025,CompetitorY,368.86,True
2024-08-26,P1025,CompetitorY,376.55,True
2024-09-02,P1025,CompetitorY,376.91,True
2024-09-09,P1025,CompetitorY,392.84,True
2024-09-16,P1025,CompetitorY,391.44,True
2024-09-23,P1025,CompetitorY,384.65,True
2024-09-30,P1025,CompetitorY,389.03,False
2024-10-07,P1025,CompetitorY,389.26,True
2024-10-14,P1025,CompetitorY,379.65,True
2024-10-21,P1025,CompetitorY,377.59,True
2024-10-28,P1025,CompetitorY,401.53,False
2024-11-04,P1025,CompetitorY,355.17,True
2024-11-11,P1025,CompetitorY,375.3,True
2024-11-18,P1025,CompetitorY,381.49,True
2024-11-25,P1025,CompetitorY,390.29,True
2024-12-02,P1025,CompetitorY,396.91,True
2024-12-09,P1025,CompetitorY,405.22,True
2024-12-16,P1025,CompetitorY,382.78,True
2024-12-23,P1025,CompetitorY,383.55,True
2024-12-30,P1025,CompetitorY,388.01,True
2025-01-06,P1025,CompetitorY,377.72,True
2025-01-13,P1025,CompetitorY,370.2,True
2025-01-20,P1025,CompetitorY,382.73,True
2025-01-27,P1025,CompetitorY,392.42,True
2025-02-03,P1025,CompetitorY,381.04,True
2025-02-10,P1025,CompetitorY,388.6,True
2025-02-17,P1025,CompetitorY,362.32,True
2025-02-24,P1025,CompetitorY,384.05,True
2025-03-03,P1025,CompetitorY,379.19,True
2025-03-10,P1025,CompetitorY,369.15,True
2025-03-17,P1025,CompetitorY,391.41,True
2025-03-24,P1025,CompetitorY,405.09,False
2025-03-31,P1025,CompetitorY,395.24,True
2025-04-07,P1025,CompetitorY,395.97,True
2025-04-14,P1025,CompetitorY,392.04,True
2025-04-21,P1025,CompetitorY,391.28,True
2025-04-28,P1025,CompetitorY,363.12,True
2025-05-05,P1025,CompetitorY,382.36,False
2025-05-12,P1025,CompetitorY,389.69,True
2025-05-19,P1025,CompetitorY,389.96,True
2025-05-26,P1025,CompetitorY,398.48,True
2025-06-02,P1025,CompetitorY,371.95,True
2025-06-09,P1025,CompetitorY,390.83,True
2025-06-16,P1025,CompetitorY,371.57,True
2025-06-23,P1025,CompetitorY,381.4,True
2025-06-30,P1025,CompetitorY,383.12,True
2025-07-07,P1025,CompetitorY,393.77,True
2025-07-14,P1025,CompetitorY,392.42,True
2025-07-21,P1025,CompetitorY,385.22,True
2025-07-28,P1025,CompetitorY,359.06,False
2025-08-04,P1025,CompetitorY,388.96,True
2025-08-11,P1025,CompetitorY,380.76,False
2025-08-18,P1025,CompetitorY,399.86,True
2025-08-25,P1025,CompetitorY,397.12,True
2025-09-01,P1025,CompetitorY,373.04,True
2025-09-08,P1025,CompetitorY,390.54,True
2025-09-15,P1025,CompetitorY,390.77,True
2025-09-22,P1025,CompetitorY,389.93,True
2025-09-29,P1025,CompetitorY,388.44,True
2025-10-06,P1025,CompetitorY,391.09,True
2025-10-13,P1025,CompetitorY,401.13,True
2025-10-20,P1025,CompetitorY,377.49,True
2025-10-27,P1025,CompetitorY,373.41,True
2025-11-03,P1025,CompetitorY,392.85,True
2025-11-10,P1025,CompetitorY,362.15,True
2025-11-17,P1025,CompetitorY,391.37,True
2025-11-24,P1025,CompetitorY,389.33,True
2025-12-01,P1025,CompetitorY,356.83,True
2025-12-08,P1025,CompetitorY,376.51,False
2025-12-15,P1025,CompetitorY,401.99,True
2025-12-22,P1025,CompetitorY,367.06,False
2025-12-29,P1025,CompetitorY,386.29,True
2024-04-29,P1026,CompetitorZ,437.76,True
2024-05-06,P1026,CompetitorZ,459.39,True
2024-05-13,P1026,CompetitorZ,450.29,True
2024-05-20,P1026,CompetitorZ,433.33,True
2024-05-27,P1026,CompetitorZ,458.34,True
2024-06-03,P1026,CompetitorZ,478.8,True
2024-06-10,P1026,CompetitorZ,448.12,True
2024-06-17,P1026,CompetitorZ,443.78,True
2024-06-24,P1026,CompetitorZ,448.18,True
2024-07-01,P1026,CompetitorZ,459.49,True
2024-07-08,P1026,CompetitorZ,452.88,True
2024-07-15,P1026,CompetitorZ,463.69,True
2024-07-22,P1026,CompetitorZ,450.92,True
2024-07-29,P1026,CompetitorZ,448.11,True
2024-08-05,P1026,CompetitorZ,454.47,True
2024-08-12,P1026,CompetitorZ,444.06,True
2024-08-19,P1026,CompetitorZ,474.94,True
2024-08-26,P1026,CompetitorZ,462.52,True
2024-09-02,P1026,CompetitorZ,436.48,True
2024-09-09,P1026,CompetitorZ,441.27,True
2024-09-16,P1026,CompetitorZ,459.03,True
2024-09-23,P1026,CompetitorZ,453.85,True
2024-09-30,P1026,CompetitorZ,455.47,True
2024-10-07,P1026,CompetitorZ,448.77,True
2024-10-14,P1026,CompetitorZ,457.53,True
2024-10-21,P1026,CompetitorZ,449.09,True
2024-10-28,P1026,CompetitorZ,459.0,True
2024-11-04,P1026,CompetitorZ,461.84,True
2024-11-11,P1026,CompetitorZ,473.13,True
2024-11-18,P1026,CompetitorZ,444.4,True
2024-11-25,P1026,CompetitorZ,451.22,True
2024-12-02,P1026,CompetitorZ,434.86,True
2024-12-09,P1026,CompetitorZ,476.1,True
2024-12-16,P1026,CompetitorZ,424.62,True
2024-12-23,P1026,CompetitorZ,474.16,True
2024-12-30,P1026,CompetitorZ,452.64,True
2025-01-06,P1026,CompetitorZ,457.04,True
2025-01-13,P1026,CompetitorZ,449.13,True
2025-01-20,P1026,CompetitorZ,451.79,True
2025-01-27,P1026,CompetitorZ,459.33,True
2025-02-03,P1026,CompetitorZ,429.21,False
2025-02-10,P1026,CompetitorZ,442.54,True
2025-02-17,P1026,CompetitorZ,439.93,True
2025-02-24,P1026,CompetitorZ,457.43,True
2025-03-03,P1026,CompetitorZ,451.43,False
2025-03-10,P1026,CompetitorZ,459.74,True
2025-03-17,P1026,CompetitorZ,453.6,True
2025-03-24,P1026,CompetitorZ,465.7,True
2025-03-31,P1026,CompetitorZ,441.35,True
2025-04-07,P1026,CompetitorZ,452.16,True
2025-04-14,P1026,CompetitorZ,466.39,True
2025-04-21,P1026,CompetitorZ,463.68,True
2025-04-28,P1026,CompetitorZ,431.33,True
2025-05-05,P1026,CompetitorZ,437.54,True
2025-05-12,P1026,CompetitorZ,450.26,True
2025-05-19,P1026,CompetitorZ,448.19,True
2025-05-26,P1026,CompetitorZ,450.48,False
2025-06-02,P1026,CompetitorZ,462.15,True
2025-06-09,P1026,CompetitorZ,455.29,True
2025-06-16,P1026,CompetitorZ,456.08,True
2025-06-23,P1026,CompetitorZ,460.45,True
2025-06-30,P1026,CompetitorZ,465.92,True
2025-07-07,P1026,CompetitorZ,409.99,True
2025-07-14,P1026,CompetitorZ,446.14,True
2025-07-21,P1026,CompetitorZ,439.41,True
2025-07-28,P1026,CompetitorZ,457.81,True
2025-08-04,P1026,CompetitorZ,445.11,True
2025-08-11,P1026,CompetitorZ,452.4,True
2025-08-18,P1026,CompetitorZ,462.91,True
2025-08-25,P1026,CompetitorZ,443.21,True
2025-09-01,P1026,CompetitorZ,456.28,True
2025-09-08,P1026,CompetitorZ,472.41,True
2025-09-15,P1026,CompetitorZ,462.63,True
2025-09-22,P1026,CompetitorZ,429.9,True
2025-09-29,P1026,CompetitorZ,447.42,True
2025-10-06,P1026,CompetitorZ,456.19,True
2025-10-13,P1026,CompetitorZ,458.86,True
2025-10-20,P1026,CompetitorZ,447.95,True
2025-10-27,P1026,CompetitorZ,442.71,True
2025-11-03,P1026,CompetitorZ,452.29,True
2025-11-10,P1026,CompetitorZ,436.65,True
2025-11-17,P1026,CompetitorZ,466.26,True
2025-11-24,P1026,CompetitorZ,476.67,True
2025-12-01,P1026,CompetitorZ,456.72,True
2025-12-08,P1026,CompetitorZ,448.22,True
2025-12-15,P1026,CompetitorZ,464.11,True
2025-12-22,P1026,CompetitorZ,461.82,True
2025-12-29,P1026,CompetitorZ,447.64,True
2024-04-29,P1026,CompetitorX,445.16,True
2024-05-06,P1026,CompetitorX,427.93,True
2024-05-13,P1026,CompetitorX,460.11,True
2024-05-20,P1026,CompetitorX,443.28,True
2024-05-27,P1026,CompetitorX,416.76,True
2024-06-03,P1026,CompetitorX,424.76,True
2024-06-10,P1026,CompetitorX,438.29,True
2024-06-17,P1026,CompetitorX,431.45,True
2024-06-24,P1026,CompetitorX,433.55,True
2024-07-01,P1026,CompetitorX,477.15,True
2024-07-08,P1026,CompetitorX,455.26,True
2024-07-15,P1026,CompetitorX,411.33,True
2024-07-22,P1026,CompetitorX,441.59,True
2024-07-29,P1026,CompetitorX,444.6,True
2024-08-05,P1026,CompetitorX,426.04,True
2024-08-12,P1026,CompetitorX,452.94,True
2024-08-19,P1026,CompetitorX,418.5,True
2024-08-26,P1026,CompetitorX,460.47,True
2024-09-02,P1026,CompetitorX,465.08,True
2024-09-09,P1026,CompetitorX,477.26,False
2024-09-16,P1026,CompetitorX,424.74,False
2024-09-23,P1026,CompetitorX,427.46,True
2024-09-30,P1026,CompetitorX,455.06,True
2024-10-07,P1026,CompetitorX,461.61,True
2024-10-14,P1026,CompetitorX,456.62,True
2024-10-21,P1026,CompetitorX,460.24,True
2024-10-28,P1026,CompetitorX,464.21,True
2024-11-04,P1026,CompetitorX,448.5,True
2024-11-11,P1026,CompetitorX,442.95,True
2024-11-18,P1026,CompetitorX,427.5,True
2024-11-25,P1026,CompetitorX,441.81,True
2024-12-02,P1026,CompetitorX,443.86,True
2024-12-09,P1026,CompetitorX,433.1,True
2024-12-16,P1026,CompetitorX,445.29,True
2024-12-23,P1026,CompetitorX,431.59,True
2024-12-30,P1026,CompetitorX,460.69,True
2025-01-06,P1026,CompetitorX,451.49,True
2025-01-13,P1026,CompetitorX,439.65,True
2025-01-20,P1026,CompetitorX,448.32,True
2025-01-27,P1026,CompetitorX,431.02,True
2025-02-03,P1026,CompetitorX,432.37,True
2025-02-10,P1026,CompetitorX,437.32,True
2025-02-17,P1026,CompetitorX,443.23,True
2025-02-24,P1026,CompetitorX,447.69,True
2025-03-03,P1026,CompetitorX,447.74,True
2025-03-10,P1026,CompetitorX,428.16,True
2025-03-17,P1026,CompetitorX,444.72,True
2025-03-24,P1026,CompetitorX,434.86,True
2025-03-31,P1026,CompetitorX,400.21,True
2025-04-07,P1026,CompetitorX,486.93,True
2025-04-14,P1026,CompetitorX,435.12,True
2025-04-21,P1026,CompetitorX,435.86,True
2025-04-28,P1026,CompetitorX,427.79,True
2025-05-05,P1026,CompetitorX,431.65,True
2025-05-12,P1026,CompetitorX,443.27,True
2025-05-19,P1026,CompetitorX,463.88,True
2025-05-26,P1026,CompetitorX,443.2,True
2025-06-02,P1026,CompetitorX,441.47,True
2025-06-09,P1026,CompetitorX,461.85,True
2025-06-16,P1026,CompetitorX,438.78,True
2025-06-23,P1026,CompetitorX,446.08,True
2025-06-30,P1026,CompetitorX,433.47,True
2025-07-07,P1026,CompetitorX,468.33,True
2025-07-14,P1026,CompetitorX,459.82,True
2025-07-21,P1026,CompetitorX,443.75,True
2025-07-28,P1026,CompetitorX,440.45,True
2025-08-04,P1026,CompetitorX,445.37,True
2025-08-11,P1026,CompetitorX,443.95,True
2025-08-18,P1026,CompetitorX,425.11,True
2025-08-25,P1026,CompetitorX,460.28,True
2025-09-01,P1026,CompetitorX,442.76,True
2025-09-08,P1026,CompetitorX,471.18,True
2025-09-15,P1026,CompetitorX,451.44,True
2025-09-22,P1026,CompetitorX,412.08,True
2025-09-29,P1026,CompetitorX,428.66,True
2025-10-06,P1026,CompetitorX,417.1,True
2025-10-13,P1026,CompetitorX,428.49,True
2025-10-20,P1026,CompetitorX,423.95,True
2025-10-27,P1026,CompetitorX,449.17,True
2025-11-03,P1026,CompetitorX,441.57,True
2025-11-10,P1026,CompetitorX,455.7,True
2025-11-17,P1026,CompetitorX,445.29,True
2025-11-24,P1026,CompetitorX,442.58,True
2025-12-01,P1026,CompetitorX,472.59,True
2025-12-08,P1026,CompetitorX,448.78,True
2025-12-15,P1026,CompetitorX,444.72,True
2025-12-22,P1026,CompetitorX,434.38,True
2025-12-29,P1026,CompetitorX,430.07,True
2024-04-29,P1026,MarketLeaderCo,468.03,True
2024-05-06,P1026,MarketLeaderCo,439.15,True
2024-05-13,P1026,MarketLeaderCo,463.68,True
2024-05-20,P1026,MarketLeaderCo,454.25,True
2024-05-27,P1026,MarketLeaderCo,472.96,True
2024-06-03,P1026,MarketLeaderCo,475.65,True
2024-06-10,P1026,MarketLeaderCo,468.97,True
2024-06-17,P1026,MarketLeaderCo,468.67,True
2024-06-24,P1026,MarketLeaderCo,410.45,True
2024-07-01,P1026,MarketLeaderCo,463.56,True
2024-07-08,P1026,MarketLeaderCo,469.3,True
2024-07-15,P1026,MarketLeaderCo,440.0,True
2024-07-22,P1026,MarketLeaderCo,457.58,True
2024-07-29,P1026,MarketLeaderCo,443.15,True
2024-08-05,P1026,MarketLeaderCo,471.56,True
2024-08-12,P1026,MarketLeaderCo,444.34,True
2024-08-19,P1026,MarketLeaderCo,446.58,True
2024-08-26,P1026,MarketLeaderCo,451.09,True
2024-09-02,P1026,MarketLeaderCo,488.33,True
2024-09-09,P1026,MarketLeaderCo,471.24,True
2024-09-16,P1026,MarketLeaderCo,479.59,True
2024-09-23,P1026,MarketLeaderCo,432.57,True
2024-09-30,P1026,MarketLeaderCo,440.04,True
2024-10-07,P1026,MarketLeaderCo,475.83,True
2024-10-14,P1026,MarketLeaderCo,433.3,False
2024-10-21,P1026,MarketLeaderCo,448.24,True
2024-10-28,P1026,MarketLeaderCo,485.66,True
2024-11-04,P1026,MarketLeaderCo,444.23,True
2024-11-11,P1026,MarketLeaderCo,432.47,True
2024-11-18,P1026,MarketLeaderCo,458.11,True
2024-11-25,P1026,MarketLeaderCo,433.03,True
2024-12-02,P1026,MarketLeaderCo,474.44,True
2024-12-09,P1026,MarketLeaderCo,445.18,False
2024-12-16,P1026,MarketLeaderCo,442.43,True
2024-12-23,P1026,MarketLeaderCo,457.86,True
2024-12-30,P1026,MarketLeaderCo,451.91,True
2025-01-06,P1026,MarketLeaderCo,460.92,True
2025-01-13,P1026,MarketLeaderCo,464.61,True
2025-01-20,P1026,MarketLeaderCo,454.48,True
2025-01-27,P1026,MarketLeaderCo,441.52,True
2025-02-03,P1026,MarketLeaderCo,467.48,True
2025-02-10,P1026,MarketLeaderCo,447.94,True
2025-02-17,P1026,MarketLeaderCo,445.53,True
2025-02-24,P1026,MarketLeaderCo,459.41,True
2025-03-03,P1026,MarketLeaderCo,430.99,True
2025-03-10,P1026,MarketLeaderCo,462.82,True
2025-03-17,P1026,MarketLeaderCo,460.14,True
2025-03-24,P1026,MarketLeaderCo,472.85,True
2025-03-31,P1026,MarketLeaderCo,450.59,True
2025-04-07,P1026,MarketLeaderCo,475.64,True
2025-04-14,P1026,MarketLeaderCo,464.73,True
2025-04-21,P1026,MarketLeaderCo,457.09,True
2025-04-28,P1026,MarketLeaderCo,482.39,True
2025-05-05,P1026,MarketLeaderCo,458.76,True
2025-05-12,P1026,MarketLeaderCo,450.34,True
2025-05-19,P1026,MarketLeaderCo,459.16,True
2025-05-26,P1026,MarketLeaderCo,450.06,True
2025-06-02,P1026,MarketLeaderCo,462.58,True
2025-06-09,P1026,MarketLeaderCo,475.58,True
2025-06-16,P1026,MarketLeaderCo,457.35,True
2025-06-23,P1026,MarketLeaderCo,458.69,True
2025-06-30,P1026,MarketLeaderCo,468.41,True
2025-07-07,P1026,MarketLeaderCo,473.75,True
2025-07-14,P1026,MarketLeaderCo,451.25,True
2025-07-21,P1026,MarketLeaderCo,459.82,True
2025-07-28,P1026,MarketLeaderCo,468.47,True
2025-08-04,P1026,MarketLeaderCo,461.99,False
2025-08-11,P1026,MarketLeaderCo,431.9,True
2025-08-18,P1026,MarketLeaderCo,470.94,True
2025-08-25,P1026,MarketLeaderCo,464.63,True
2025-09-01,P1026,MarketLeaderCo,465.61,True
2025-09-08,P1026,MarketLeaderCo,441.1,True
2025-09-15,P1026,MarketLeaderCo,459.55,True
2025-09-22,P1026,MarketLeaderCo,469.03,True
2025-09-29,P1026,MarketLeaderCo,445.37,True
2025-10-06,P1026,MarketLeaderCo,448.94,True
2025-10-13,P1026,MarketLeaderCo,469.27,True
2025-10-20,P1026,MarketLeaderCo,448.3,True
2025-10-27,P1026,MarketLeaderCo,454.6,True
2025-11-03,P1026,MarketLeaderCo,443.26,True
2025-11-10,P1026,MarketLeaderCo,482.43,True
2025-11-17,P1026,MarketLeaderCo,464.6,True
2025-11-24,P1026,MarketLeaderCo,453.95,True
2025-12-01,P1026,MarketLeaderCo,451.39,True
2025-12-08,P1026,MarketLeaderCo,440.6,True
2025-12-15,P1026,MarketLeaderCo,455.95,True
2025-12-22,P1026,MarketLeaderCo,466.58,True
2025-12-29,P1026,MarketLeaderCo,446.34,False
2024-04-08,P1027,CompetitorY,201.81,True
2024-04-15,P1027,CompetitorY,209.25,False
2024-04-22,P1027,CompetitorY,199.1,True
2024-04-29,P1027,CompetitorY,198.23,True
2024-05-06,P1027,CompetitorY,191.81,True
2024-05-13,P1027,CompetitorY,203.98,True
2024-05-20,P1027,CompetitorY,190.15,True
2024-05-27,P1027,CompetitorY,206.11,True
2024-06-03,P1027,CompetitorY,192.04,True
2024-06-10,P1027,CompetitorY,192.99,True
2024-06-17,P1027,CompetitorY,193.98,True
2024-06-24,P1027,CompetitorY,196.85,False
2024-07-01,P1027,CompetitorY,206.86,True
2024-07-08,P1027,CompetitorY,210.25,True
2024-07-15,P1027,CompetitorY,197.48,True
2024-07-22,P1027,CompetitorY,200.89,True
2024-07-29,P1027,CompetitorY,204.13,True
2024-08-05,P1027,CompetitorY,199.19,True
2024-08-12,P1027,CompetitorY,203.89,True
2024-08-19,P1027,CompetitorY,201.15,True
2024-08-26,P1027,CompetitorY,199.64,True
2024-09-02,P1027,CompetitorY,192.61,True
2024-09-09,P1027,CompetitorY,202.07,True
2024-09-16,P1027,CompetitorY,206.96,True
2024-09-23,P1027,CompetitorY,196.48,True
2024-09-30,P1027,CompetitorY,189.3,True
2024-10-07,P1027,CompetitorY,199.25,True
2024-10-14,P1027,CompetitorY,210.29,True
2024-10-21,P1027,CompetitorY,208.49,True
2024-10-28,P1027,CompetitorY,197.67,True
2024-11-04,P1027,CompetitorY,203.92,True
2024-11-11,P1027,CompetitorY,204.88,True
2024-11-18,P1027,CompetitorY,210.17,True
2024-11-25,P1027,CompetitorY,191.82,False
2024-12-02,P1027,CompetitorY,194.72,True
2024-12-09,P1027,CompetitorY,189.04,True
2024-12-16,P1027,CompetitorY,197.08,True
2024-12-23,P1027,CompetitorY,207.61,True
2024-12-30,P1027,CompetitorY,197.8,True
2025-01-06,P1027,CompetitorY,193.28,True
2025-01-13,P1027,CompetitorY,202.54,True
2025-01-20,P1027,CompetitorY,202.7,True
2025-01-27,P1027,CompetitorY,195.04,True
2025-02-03,P1027,CompetitorY,198.12,True
2025-02-10,P1027,CompetitorY,202.08,True
2025-02-17,P1027,CompetitorY,205.68,True
2025-02-24,P1027,CompetitorY,197.26,True
2025-03-03,P1027,CompetitorY,196.39,True
2025-03-10,P1027,CompetitorY,212.72,True
2025-03-17,P1027,CompetitorY,199.52,True
2025-03-24,P1027,CompetitorY,202.68,True
2025-03-31,P1027,CompetitorY,205.09,True
2025-04-07,P1027,CompetitorY,190.39,True
2025-04-14,P1027,CompetitorY,201.06,True
2025-04-21,P1027,CompetitorY,191.24,True
2025-04-28,P1027,CompetitorY,200.38,True
2025-05-05,P1027,CompetitorY,209.46,True
2025-05-12,P1027,CompetitorY,195.15,True
2025-05-19,P1027,CompetitorY,191.12,True
2025-05-26,P1027,CompetitorY,212.57,True
2025-06-02,P1027,CompetitorY,194.25,True
2025-06-09,P1027,CompetitorY,192.13,True
2025-06-16,P1027,CompetitorY,210.95,True
2025-06-23,P1027,CompetitorY,194.01,True
2025-06-30,P1027,CompetitorY,211.1,True
2025-07-07,P1027,CompetitorY,202.83,True
2025-07-14,P1027,CompetitorY,208.92,False
2025-07-21,P1027,CompetitorY,202.3,True
2025-07-28,P1027,CompetitorY,207.69,True
2025-08-04,P1027,CompetitorY,195.63,True
2025-08-11,P1027,CompetitorY,197.47,True
2025-08-18,P1027,CompetitorY,188.41,True
2025-08-25,P1027,CompetitorY,207.04,True
2025-09-01,P1027,CompetitorY,203.71,True
2025-09-08,P1027,CompetitorY,195.09,True
2025-09-15,P1027,CompetitorY,190.62,True
2025-09-22,P1027,CompetitorY,202.88,True
2025-09-29,P1027,CompetitorY,211.29,True
2025-10-06,P1027,CompetitorY,200.34,True
2025-10-13,P1027,CompetitorY,197.2,True
2025-10-20,P1027,CompetitorY,195.52,True
2025-10-27,P1027,CompetitorY,208.71,True
2025-11-03,P1027,CompetitorY,196.47,True
2025-11-10,P1027,CompetitorY,198.93,True
2025-11-17,P1027,CompetitorY,207.46,True
2025-11-24,P1027,CompetitorY,205.02,True
2025-12-01,P1027,CompetitorY,199.17,True
2025-12-08,P1027,CompetitorY,196.96,True
2025-12-15,P1027,CompetitorY,210.02,True
2025-12-22,P1027,CompetitorY,194.44,True
2025-12-29,P1027,CompetitorY,199.91,True
2024-04-08,P1027,MarketLeaderCo,203.94,True
2024-04-15,P1027,MarketLeaderCo,206.7,True
2024-04-22,P1027,MarketLeaderCo,197.02,True
2024-04-29,P1027,MarketLeaderCo,200.21,True
2024-05-06,P1027,MarketLeaderCo,197.37,True
2024-05-13,P1027,MarketLeaderCo,197.59,True
2024-05-20,P1027,MarketLeaderCo,206.28,True
2024-05-27,P1027,MarketLeaderCo,203.72,True
2024-06-03,P1027,MarketLeaderCo,193.33,True
2024-06-10,P1027,MarketLeaderCo,207.25,True
2024-06-17,P1027,MarketLeaderCo,200.71,True
2024-06-24,P1027,MarketLeaderCo,207.53,True
2024-07-01,P1027,MarketLeaderCo,196.66,True
2024-07-08,P1027,MarketLeaderCo,197.21,True
2024-07-15,P1027,MarketLeaderCo,204.37,True
2024-07-22,P1027,MarketLeaderCo,196.17,True
2024-07-29,P1027,MarketLeaderCo,201.17,True
2024-08-05,P1027,MarketLeaderCo,195.48,True
2024-08-12,P1027,MarketLeaderCo,200.46,True
2024-08-19,P1027,MarketLeaderCo,202.64,True
2024-08-26,P1027,MarketLeaderCo,202.93,True
2024-09-02,P1027,MarketLeaderCo,200.62,True
2024-09-09,P1027,MarketLeaderCo,204.87,True
2024-09-16,P1027,MarketLeaderCo,203.74,True
2024-09-23,P1027,MarketLeaderCo,202.29,True
2024-09-30,P1027,MarketLeaderCo,199.03,True
2024-10-07,P1027,MarketLeaderCo,209.34,True
2024-10-14,P1027,MarketLeaderCo,205.19,True
2024-10-21,P1027,MarketLeaderCo,196.53,True
2024-10-28,P1027,MarketLeaderCo,206.79,True
2024-11-04,P1027,MarketLeaderCo,208.17,True
2024-11-11,P1027,MarketLeaderCo,202.34,True
2024-11-18,P1027,MarketLeaderCo,202.75,False
2024-11-25,P1027,MarketLeaderCo,190.31,True
2024-12-02,P1027,MarketLeaderCo,197.71,True
2024-12-09,P1027,MarketLeaderCo,207.97,True
2024-12-16,P1027,MarketLeaderCo,198.08,True
2024-12-23,P1027,MarketLeaderCo,201.87,True
2024-12-30,P1027,MarketLeaderCo,197.61,True
2025-01-06,P1027,MarketLeaderCo,204.24,True
2025-01-13,P1027,MarketLeaderCo,205.23,True
2025-01-20,P1027,MarketLeaderCo,205.4,True
2025-01-27,P1027,MarketLeaderCo,195.91,True
2025-02-03,P1027,MarketLeaderCo,203.49,True
2025-02-10,P1027,MarketLeaderCo,212.43,True
2025-02-17,P1027,MarketLeaderCo,207.39,True
2025-02-24,P1027,MarketLeaderCo,203.41,False
2025-03-03,P1027,MarketLeaderCo,191.09,True
2025-03-10,P1027,MarketLeaderCo,201.32,True
2025-03-17,P1027,MarketLeaderCo,212.86,True
2025-03-24,P1027,MarketLeaderCo,210.86,True
2025-03-31,P1027,MarketLeaderCo,205.65,True
2025-04-07,P1027,MarketLeaderCo,198.46,True
2025-04-14,P1027,MarketLeaderCo,203.16,True
2025-04-21,P1027,MarketLeaderCo,207.55,True
2025-04-28,P1027,MarketLeaderCo,208.56,True
2025-05-05,P1027,MarketLeaderCo,204.74,True
2025-05-12,P1027,MarketLeaderCo,208.04,False
2025-05-19,P1027,MarketLeaderCo,202.48,True
2025-05-26,P1027,MarketLeaderCo,202.21,True
2025-06-02,P1027,MarketLeaderCo,200.05,True
2025-06-09,P1027,MarketLeaderCo,205.42,True
2025-06-16,P1027,MarketLeaderCo,208.93,True
2025-06-23,P1027,MarketLeaderCo,207.15,True
2025-06-30,P1027,MarketLeaderCo,195.43,True
2025-07-07,P1027,MarketLeaderCo,195.75,True
2025-07-14,P1027,MarketLeaderCo,209.55,True
2025-07-21,P1027,MarketLeaderCo,203.91,True
2025-07-28,P1027,MarketLeaderCo,204.15,True
2025-08-04,P1027,MarketLeaderCo,204.01,False
2025-08-11,P1027,MarketLeaderCo,213.5,True
2025-08-18,P1027,MarketLeaderCo,200.12,True
2025-08-25,P1027,MarketLeaderCo,209.63,True
2025-09-01,P1027,MarketLeaderCo,204.26,True
2025-09-08,P1027,MarketLeaderCo,193.1,True
2025-09-15,P1027,MarketLeaderCo,197.82,True
2025-09-22,P1027,MarketLeaderCo,199.14,True
2025-09-29,P1027,MarketLeaderCo,209.49,True
2025-10-06,P1027,MarketLeaderCo,210.31,True
2025-10-13,P1027,MarketLeaderCo,204.99,True
2025-10-20,P1027,MarketLeaderCo,199.66,True
2025-10-27,P1027,MarketLeaderCo,197.3,True
2025-11-03,P1027,MarketLeaderCo,209.76,True
2025-11-10,P1027,MarketLeaderCo,195.02,True
2025-11-17,P1027,MarketLeaderCo,202.21,True
2025-11-24,P1027,MarketLeaderCo,217.23,True
2025-12-01,P1027,MarketLeaderCo,199.68,True
2025-12-08,P1027,MarketLeaderCo,195.1,True
2025-12-15,P1027,MarketLeaderCo,192.1,True
2025-12-22,P1027,MarketLeaderCo,217.47,True
2025-12-29,P1027,MarketLeaderCo,204.96,True
2024-02-26,P1028,CompetitorY,194.14,True
2024-03-04,P1028,CompetitorY,208.13,True
2024-03-11,P1028,CompetitorY,194.23,True
2024-03-18,P1028,CompetitorY,199.63,True
2024-03-25,P1028,CompetitorY,197.27,True
2024-04-01,P1028,CompetitorY,200.15,False
2024-04-08,P1028,CompetitorY,199.37,True
2024-04-15,P1028,CompetitorY,215.1,False
2024-04-22,P1028,CompetitorY,208.24,True
2024-04-29,P1028,CompetitorY,189.88,True
2024-05-06,P1028,CompetitorY,193.95,True
2024-05-13,P1028,CompetitorY,194.68,True
2024-05-20,P1028,CompetitorY,191.95,True
2024-05-27,P1028,CompetitorY,191.15,False
2024-06-03,P1028,CompetitorY,198.27,True
2024-06-10,P1028,CompetitorY,194.91,True
2024-06-17,P1028,CompetitorY,194.01,True
2024-06-24,P1028,CompetitorY,211.41,True
2024-07-01,P1028,CompetitorY,195.32,True
2024-07-08,P1028,CompetitorY,196.68,True
2024-07-15,P1028,CompetitorY,203.77,True
2024-07-22,P1028,CompetitorY,196.66,True
2024-07-29,P1028,CompetitorY,192.36,True
2024-08-05,P1028,CompetitorY,197.79,True
2024-08-12,P1028,CompetitorY,211.34,True
2024-08-19,P1028,CompetitorY,196.45,True
2024-08-26,P1028,CompetitorY,193.88,True
2024-09-02,P1028,CompetitorY,201.84,True
2024-09-09,P1028,CompetitorY,197.5,True
2024-09-16,P1028,CompetitorY,215.71,True
2024-09-23,P1028,CompetitorY,194.63,True
2024-09-30,P1028,CompetitorY,209.7,True
2024-10-07,P1028,CompetitorY,206.29,True
2024-10-14,P1028,CompetitorY,197.05,True
2024-10-21,P1028,CompetitorY,199.31,True
2024-10-28,P1028,CompetitorY,193.17,True
2024-11-04,P1028,CompetitorY,196.11,True
2024-11-11,P1028,CompetitorY,197.01,False
2024-11-18,P1028,CompetitorY,200.28,True
2024-11-25,P1028,CompetitorY,190.88,True
2024-12-02,P1028,CompetitorY,201.19,True
2024-12-09,P1028,CompetitorY,198.46,True
2024-12-16,P1028,CompetitorY,201.71,True
2024-12-23,P1028,CompetitorY,202.6,True
2024-12-30,P1028,CompetitorY,197.98,False
2025-01-06,P1028,CompetitorY,202.25,False
2025-01-13,P1028,CompetitorY,198.81,True
2025-01-20,P1028,CompetitorY,203.78,True
2025-01-27,P1028,CompetitorY,201.22,True
2025-02-03,P1028,CompetitorY,200.41,True
2025-02-10,P1028,CompetitorY,198.72,True
2025-02-17,P1028,CompetitorY,207.08,True
2025-02-24,P1028,CompetitorY,201.76,True
2025-03-03,P1028,CompetitorY,191.43,True
2025-03-10,P1028,CompetitorY,196.51,True
2025-03-17,P1028,CompetitorY,197.97,True
2025-03-24,P1028,CompetitorY,199.33,True
2025-03-31,P1028,CompetitorY,200.39,True
2025-04-07,P1028,CompetitorY,193.69,True
2025-04-14,P1028,CompetitorY,198.93,True
2025-04-21,P1028,CompetitorY,197.45,True
2025-04-28,P1028,CompetitorY,205.82,True
2025-05-05,P1028,CompetitorY,193.38,True
2025-05-12,P1028,CompetitorY,199.23,True
2025-05-19,P1028,CompetitorY,195.23,True
2025-05-26,P1028,CompetitorY,210.47,False
2025-06-02,P1028,CompetitorY,206.85,True
2025-06-09,P1028,CompetitorY,189.51,True
2025-06-16,P1028,CompetitorY,194.57,True
2025-06-23,P1028,CompetitorY,204.54,True
2025-06-30,P1028,CompetitorY,202.07,True
2025-07-07,P1028,CompetitorY,201.88,True
2025-07-14,P1028,CompetitorY,200.47,True
2025-07-21,P1028,CompetitorY,205.02,True
2025-07-28,P1028,CompetitorY,204.0,True
2025-08-04,P1028,CompetitorY,197.59,True
2025-08-11,P1028,CompetitorY,192.16,True
2025-08-18,P1028,CompetitorY,189.23,True
2025-08-25,P1028,CompetitorY,198.71,True
2025-09-01,P1028,CompetitorY,188.33,True
2025-09-08,P1028,CompetitorY,200.83,True
2025-09-15,P1028,CompetitorY,197.49,True
2025-09-22,P1028,CompetitorY,210.96,True
2025-09-29,P1028,CompetitorY,201.38,True
2025-10-06,P1028,CompetitorY,199.16,True
2025-10-13,P1028,CompetitorY,189.67,True
2025-10-20,P1028,CompetitorY,191.78,True
2025-10-27,P1028,CompetitorY,203.41,True
2025-11-03,P1028,CompetitorY,197.46,True
2025-11-10,P1028,CompetitorY,214.49,True
2025-11-17,P1028,CompetitorY,198.84,True
2025-11-24,P1028,CompetitorY,200.34,True
2025-12-01,P1028,CompetitorY,191.46,True
2025-12-08,P1028,CompetitorY,205.0,True
2025-12-15,P1028,CompetitorY,193.8,True
2025-12-22,P1028,CompetitorY,202.47,True
2025-12-29,P1028,CompetitorY,204.19,True
2024-02-26,P1028,CompetitorZ,253.3,True
2024-03-04,P1028,CompetitorZ,240.78,True
2024-03-11,P1028,CompetitorZ,253.32,True
2024-03-18,P1028,CompetitorZ,233.2,True
2024-03-25,P1028,CompetitorZ,238.52,True
2024-04-01,P1028,CompetitorZ,239.17,True
2024-04-08,P1028,CompetitorZ,232.49,True
2024-04-15,P1028,CompetitorZ,223.0,True
2024-04-22,P1028,CompetitorZ,246.26,True
2024-04-29,P1028,CompetitorZ,233.3,True
2024-05-06,P1028,CompetitorZ,237.11,True
2024-05-13,P1028,CompetitorZ,251.41,True
2024-05-20,P1028,CompetitorZ,244.12,True
2024-05-27,P1028,CompetitorZ,252.53,True
2024-06-03,P1028,CompetitorZ,240.87,True
2024-06-10,P1028,CompetitorZ,244.0,True
2024-06-17,P1028,CompetitorZ,238.27,True
2024-06-24,P1028,CompetitorZ,233.89,True
2024-07-01,P1028,CompetitorZ,243.97,True
2024-07-08,P1028,CompetitorZ,236.86,True
2024-07-15,P1028,CompetitorZ,244.64,True
2024-07-22,P1028,CompetitorZ,235.89,True
2024-07-29,P1028,CompetitorZ,238.74,True
2024-08-05,P1028,CompetitorZ,239.31,True
2024-08-12,P1028,CompetitorZ,247.75,True
2024-08-19,P1028,CompetitorZ,236.94,True
2024-08-26,P1028,CompetitorZ,248.55,True
2024-09-02,P1028,CompetitorZ,233.49,True
2024-09-09,P1028,CompetitorZ,241.94,True
2024-09-16,P1028,CompetitorZ,235.05,True
2024-09-23,P1028,CompetitorZ,248.03,True
2024-09-30,P1028,CompetitorZ,234.11,True
2024-10-07,P1028,CompetitorZ,234.84,True
2024-10-14,P1028,CompetitorZ,230.95,True
2024-10-21,P1028,CompetitorZ,240.74,True
2024-10-28,P1028,CompetitorZ,244.26,True
2024-11-04,P1028,CompetitorZ,243.48,True
2024-11-11,P1028,CompetitorZ,238.96,True
2024-11-18,P1028,CompetitorZ,235.24,False
2024-11-25,P1028,CompetitorZ,237.99,True
2024-12-02,P1028,CompetitorZ,238.27,True
2024-12-09,P1028,CompetitorZ,241.82,True
2024-12-16,P1028,CompetitorZ,241.32,True
2024-12-23,P1028,CompetitorZ,252.53,True
2024-12-30,P1028,CompetitorZ,240.29,True
2025-01-06,P1028,CompetitorZ,242.6,True
2025-01-13,P1028,CompetitorZ,240.51,True
2025-01-20,P1028,CompetitorZ,237.65,True
2025-01-27,P1028,CompetitorZ,242.55,True
2025-02-03,P1028,CompetitorZ,236.97,True
2025-02-10,P1028,CompetitorZ,239.58,True
2025-02-17,P1028,CompetitorZ,248.35,True
2025-02-24,P1028,CompetitorZ,236.51,True
2025-03-03,P1028,CompetitorZ,242.79,True
2025-03-10,P1028,CompetitorZ,222.13,True
2025-03-17,P1028,CompetitorZ,238.67,True
2025-03-24,P1028,CompetitorZ,236.46,True
2025-03-31,P1028,CompetitorZ,240.87,True
2025-04-07,P1028,CompetitorZ,238.3,True
2025-04-14,P1028,CompetitorZ,241.02,True
2025-04-21,P1028,CompetitorZ,237.27,True
2025-04-28,P1028,CompetitorZ,242.78,True
2025-05-05,P1028,CompetitorZ,227.65,True
2025-05-12,P1028,CompetitorZ,240.8,True
2025-05-19,P1028,CompetitorZ,233.25,True
2025-05-26,P1028,CompetitorZ,248.41,True
2025-06-02,P1028,CompetitorZ,233.14,True
2025-06-09,P1028,CompetitorZ,247.17,True
2025-06-16,P1028,CompetitorZ,239.92,True
2025-06-23,P1028,CompetitorZ,226.83,True
2025-06-30,P1028,CompetitorZ,233.69,True
2025-07-07,P1028,CompetitorZ,246.1,False
2025-07-14,P1028,CompetitorZ,245.7,True
2025-07-21,P1028,CompetitorZ,230.64,True
2025-07-28,P1028,CompetitorZ,251.25,True
2025-08-04,P1028,CompetitorZ,239.82,True
2025-08-11,P1028,CompetitorZ,246.37,True
2025-08-18,P1028,CompetitorZ,231.27,True
2025-08-25,P1028,CompetitorZ,236.72,True
2025-09-01,P1028,CompetitorZ,242.99,True
2025-09-08,P1028,CompetitorZ,237.75,True
2025-09-15,P1028,CompetitorZ,218.97,True
2025-09-22,P1028,CompetitorZ,238.63,True
2025-09-29,P1028,CompetitorZ,225.85,True
2025-10-06,P1028,CompetitorZ,232.29,True
2025-10-13,P1028,CompetitorZ,229.9,True
2025-10-20,P1028,CompetitorZ,248.15,True
2025-10-27,P1028,CompetitorZ,250.41,True
2025-11-03,P1028,CompetitorZ,242.46,True
2025-11-10,P1028,CompetitorZ,238.34,True
2025-11-17,P1028,CompetitorZ,240.2,True
2025-11-24,P1028,CompetitorZ,248.15,True
2025-12-01,P1028,CompetitorZ,225.72,True
2025-12-08,P1028,CompetitorZ,232.26,True
2025-12-15,P1028,CompetitorZ,247.23,True
2025-12-22,P1028,CompetitorZ,248.73,True
2025-12-29,P1028,CompetitorZ,244.25,True
2024-07-01,P1029,MarketLeaderCo,37.1,True
2024-07-08,P1029,MarketLeaderCo,37.04,True
2024-07-15,P1029,MarketLeaderCo,40.33,True
2024-07-22,P1029,MarketLeaderCo,39.06,True
2024-07-29,P1029,MarketLeaderCo,38.34,True
2024-08-05,P1029,MarketLeaderCo,40.26,True
2024-08-12,P1029,MarketLeaderCo,39.48,True
2024-08-19,P1029,MarketLeaderCo,38.72,True
2024-08-26,P1029,MarketLeaderCo,36.16,True
2024-09-02,P1029,MarketLeaderCo,37.49,True
2024-09-09,P1029,MarketLeaderCo,39.54,False
2024-09-16,P1029,MarketLeaderCo,36.8,True
2024-09-23,P1029,MarketLeaderCo,37.42,True
2024-09-30,P1029,MarketLeaderCo,37.12,True
2024-10-07,P1029,MarketLeaderCo,38.76,True
2024-10-14,P1029,MarketLeaderCo,39.4,True
2024-10-21,P1029,MarketLeaderCo,39.4,True
2024-10-28,P1029,MarketLeaderCo,37.32,True
2024-11-04,P1029,MarketLeaderCo,38.74,True
2024-11-11,P1029,MarketLeaderCo,37.26,True
2024-11-18,P1029,MarketLeaderCo,38.05,True
2024-11-25,P1029,MarketLeaderCo,38.89,True
2024-12-02,P1029,MarketLeaderCo,39.52,True
2024-12-09,P1029,MarketLeaderCo,35.83,True
2024-12-16,P1029,MarketLeaderCo,38.41,True
2024-12-23,P1029,MarketLeaderCo,39.91,True
2024-12-30,P1029,MarketLeaderCo,38.56,True
2025-01-06,P1029,MarketLeaderCo,38.39,True
2025-01-13,P1029,MarketLeaderCo,37.65,True
2025-01-20,P1029,MarketLeaderCo,39.88,True
2025-01-27,P1029,MarketLeaderCo,37.7,True
2025-02-03,P1029,MarketLeaderCo,38.18,True
2025-02-10,P1029,MarketLeaderCo,37.76,True
2025-02-17,P1029,MarketLeaderCo,38.42,True
2025-02-24,P1029,MarketLeaderCo,39.93,True
2025-03-03,P1029,MarketLeaderCo,37.26,True
2025-03-10,P1029,MarketLeaderCo,38.43,True
2025-03-17,P1029,MarketLeaderCo,38.75,True
2025-03-24,P1029,MarketLeaderCo,37.36,True
2025-03-31,P1029,MarketLeaderCo,38.23,True
2025-04-07,P1029,MarketLeaderCo,40.42,True
2025-04-14,P1029,MarketLeaderCo,36.26,True
2025-04-21,P1029,MarketLeaderCo,37.81,True
2025-04-28,P1029,MarketLeaderCo,38.58,True
2025-05-05,P1029,MarketLeaderCo,37.86,True
2025-05-12,P1029,MarketLeaderCo,41.61,False
2025-05-19,P1029,MarketLeaderCo,38.93,True
2025-05-26,P1029,MarketLeaderCo,37.1,True
2025-06-02,P1029,MarketLeaderCo,35.61,True
2025-06-09,P1029,MarketLeaderCo,38.69,True
2025-06-16,P1029,MarketLeaderCo,37.43,False
2025-06-23,P1029,MarketLeaderCo,39.78,True
2025-06-30,P1029,MarketLeaderCo,37.98,True
2025-07-07,P1029,MarketLeaderCo,37.64,True
2025-07-14,P1029,MarketLeaderCo,37.62,True
2025-07-21,P1029,MarketLeaderCo,39.43,True
2025-07-28,P1029,MarketLeaderCo,38.77,True
2025-08-04,P1029,MarketLeaderCo,40.31,True
2025-08-11,P1029,MarketLeaderCo,38.05,True
2025-08-18,P1029,MarketLeaderCo,39.29,True
2025-08-25,P1029,MarketLeaderCo,39.31,True
2025-09-01,P1029,MarketLeaderCo,39.07,True
2025-09-08,P1029,MarketLeaderCo,37.71,True
2025-09-15,P1029,MarketLeaderCo,38.84,True
2025-09-22,P1029,MarketLeaderCo,38.18,True
2025-09-29,P1029,MarketLeaderCo,38.15,True
2025-10-06,P1029,MarketLeaderCo,37.37,True
2025-10-13,P1029,MarketLeaderCo,35.86,True
2025-10-20,P1029,MarketLeaderCo,39.73,True
2025-10-27,P1029,MarketLeaderCo,38.79,True
2025-11-03,P1029,MarketLeaderCo,36.75,True
2025-11-10,P1029,MarketLeaderCo,39.12,True
2025-11-17,P1029,MarketLeaderCo,39.75,True
2025-11-24,P1029,MarketLeaderCo,39.19,True
2025-12-01,P1029,MarketLeaderCo,37.27,True
2025-12-08,P1029,MarketLeaderCo,37.46,True
2025-12-15,P1029,MarketLeaderCo,37.67,True
2025-12-22,P1029,MarketLeaderCo,39.29,True
2025-12-29,P1029,MarketLeaderCo,38.85,True
2024-07-01,P1029,CompetitorZ,38.56,True
2024-07-08,P1029,CompetitorZ,41.25,True
2024-07-15,P1029,CompetitorZ,39.52,True
2024-07-22,P1029,CompetitorZ,40.86,True
2024-07-29,P1029,CompetitorZ,41.44,True
2024-08-05,P1029,CompetitorZ,43.35,True
2024-08-12,P1029,CompetitorZ,40.84,True
2024-08-19,P1029,CompetitorZ,42.67,True
2024-08-26,P1029,CompetitorZ,39.85,True
2024-09-02,P1029,CompetitorZ,40.27,False
2024-09-09,P1029,CompetitorZ,41.6,True
2024-09-16,P1029,CompetitorZ,41.12,False
2024-09-23,P1029,CompetitorZ,40.47,True
2024-09-30,P1029,CompetitorZ,40.44,True
2024-10-07,P1029,CompetitorZ,42.51,True
2024-10-14,P1029,CompetitorZ,40.52,True
2024-10-21,P1029,CompetitorZ,39.62,True
2024-10-28,P1029,CompetitorZ,39.83,True
2024-11-04,P1029,CompetitorZ,41.7,True
2024-11-11,P1029,CompetitorZ,43.64,True
2024-11-18,P1029,CompetitorZ,40.23,True
2024-11-25,P1029,CompetitorZ,43.51,True
2024-12-02,P1029,CompetitorZ,40.86,True
2024-12-09,P1029,CompetitorZ,40.53,True
2024-12-16,P1029,CompetitorZ,39.76,True
2024-12-23,P1029,CompetitorZ,40.63,True
2024-12-30,P1029,CompetitorZ,39.95,True
2025-01-06,P1029,CompetitorZ,39.85,True
2025-01-13,P1029,CompetitorZ,38.85,True
2025-01-20,P1029,CompetitorZ,43.04,True
2025-01-27,P1029,CompetitorZ,42.18,True
2025-02-03,P1029,CompetitorZ,41.21,True
2025-02-10,P1029,CompetitorZ,40.7,True
2025-02-17,P1029,CompetitorZ,40.87,True
2025-02-24,P1029,CompetitorZ,39.92,True
2025-03-03,P1029,CompetitorZ,39.49,True
2025-03-10,P1029,CompetitorZ,41.76,True
2025-03-17,P1029,CompetitorZ,40.55,True
2025-03-24,P1029,CompetitorZ,41.28,True
2025-03-31,P1029,CompetitorZ,38.84,True
2025-04-07,P1029,CompetitorZ,40.49,True
2025-04-14,P1029,CompetitorZ,39.46,True
2025-04-21,P1029,CompetitorZ,41.47,True
2025-04-28,P1029,CompetitorZ,42.1,True
2025-05-05,P1029,CompetitorZ,42.67,True
2025-05-12,P1029,CompetitorZ,40.11,True
2025-05-19,P1029,CompetitorZ,39.49,True
2025-05-26,P1029,CompetitorZ,40.36,True
2025-06-02,P1029,CompetitorZ,40.02,True
2025-06-09,P1029,CompetitorZ,41.41,True
2025-06-16,P1029,CompetitorZ,39.16,True
2025-06-23,P1029,CompetitorZ,38.73,True
2025-06-30,P1029,CompetitorZ,40.45,True
2025-07-07,P1029,CompetitorZ,41.77,True
2025-07-14,P1029,CompetitorZ,39.62,True
2025-07-21,P1029,CompetitorZ,41.92,True
2025-07-28,P1029,CompetitorZ,41.32,True
2025-08-04,P1029,CompetitorZ,42.77,True
2025-08-11,P1029,CompetitorZ,39.89,True
2025-08-18,P1029,CompetitorZ,38.91,True
2025-08-25,P1029,CompetitorZ,41.61,True
2025-09-01,P1029,CompetitorZ,41.22,True
2025-09-08,P1029,CompetitorZ,41.12,True
2025-09-15,P1029,CompetitorZ,39.59,True
2025-09-22,P1029,CompetitorZ,41.83,True
2025-09-29,P1029,CompetitorZ,40.1,True
2025-10-06,P1029,CompetitorZ,41.12,True
2025-10-13,P1029,CompetitorZ,40.31,True
2025-10-20,P1029,CompetitorZ,41.31,True
2025-10-27,P1029,CompetitorZ,39.41,True
2025-11-03,P1029,CompetitorZ,41.49,True
2025-11-10,P1029,CompetitorZ,41.68,True
2025-11-17,P1029,CompetitorZ,41.02,True
2025-11-24,P1029,CompetitorZ,42.89,True
2025-12-01,P1029,CompetitorZ,41.13,True
2025-12-08,P1029,CompetitorZ,42.0,True
2025-12-15,P1029,CompetitorZ,40.99,True
2025-12-22,P1029,CompetitorZ,41.89,True
2025-12-29,P1029,CompetitorZ,39.0,True
2024-07-01,P1029,CompetitorX,41.63,True
2024-07-08,P1029,CompetitorX,41.34,True
2024-07-15,P1029,CompetitorX,41.2,True
2024-07-22,P1029,CompetitorX,41.26,True
2024-07-29,P1029,CompetitorX,42.78,True
2024-08-05,P1029,CompetitorX,43.0,True
2024-08-12,P1029,CompetitorX,41.46,True
2024-08-19,P1029,CompetitorX,39.85,True
2024-08-26,P1029,CompetitorX,41.71,True
2024-09-02,P1029,CompetitorX,40.91,True
2024-09-09,P1029,CompetitorX,41.85,False
2024-09-16,P1029,CompetitorX,41.44,True
2024-09-23,P1029,CompetitorX,43.11,True
2024-09-30,P1029,CompetitorX,41.93,True
2024-10-07,P1029,CompetitorX,40.91,True
2024-10-14,P1029,CompetitorX,39.86,True
2024-10-21,P1029,CompetitorX,41.53,True
2024-10-28,P1029,CompetitorX,41.53,True
2024-11-04,P1029,CompetitorX,41.26,True
2024-11-11,P1029,CompetitorX,42.56,True
2024-11-18,P1029,CompetitorX,39.86,True
2024-11-25,P1029,CompetitorX,40.64,True
2024-12-02,P1029,CompetitorX,41.65,True
2024-12-09,P1029,CompetitorX,40.89,True
2024-12-16,P1029,CompetitorX,41.14,True
2024-12-23,P1029,CompetitorX,41.51,True
2024-12-30,P1029,CompetitorX,42.44,True
2025-01-06,P1029,CompetitorX,41.46,True
2025-01-13,P1029,CompetitorX,39.13,True
2025-01-20,P1029,CompetitorX,40.84,True
2025-01-27,P1029,CompetitorX,42.21,True
2025-02-03,P1029,CompetitorX,42.54,True
2025-02-10,P1029,CompetitorX,42.61,True
2025-02-17,P1029,CompetitorX,42.96,True
2025-02-24,P1029,CompetitorX,41.74,True
2025-03-03,P1029,CompetitorX,41.92,True
2025-03-10,P1029,CompetitorX,40.32,True
2025-03-17,P1029,CompetitorX,38.88,True
2025-03-24,P1029,CompetitorX,39.82,True
2025-03-31,P1029,CompetitorX,40.71,True
2025-04-07,P1029,CompetitorX,39.89,True
2025-04-14,P1029,CompetitorX,41.22,True
2025-04-21,P1029,CompetitorX,41.01,True
2025-04-28,P1029,CompetitorX,42.76,True
2025-05-05,P1029,CompetitorX,40.38,True
2025-05-12,P1029,CompetitorX,41.76,True
2025-05-19,P1029,CompetitorX,41.06,True
2025-05-26,P1029,CompetitorX,40.33,True
2025-06-02,P1029,CompetitorX,40.68,True
2025-06-09,P1029,CompetitorX,39.03,True
2025-06-16,P1029,CompetitorX,42.52,True
2025-06-23,P1029,CompetitorX,43.34,True
2025-06-30,P1029,CompetitorX,41.26,True
2025-07-07,P1029,CompetitorX,41.62,True
2025-07-14,P1029,CompetitorX,41.22,True
2025-07-21,P1029,CompetitorX,40.57,True
2025-07-28,P1029,CompetitorX,42.47,True
2025-08-04,P1029,CompetitorX,41.99,True
2025-08-11,P1029,CompetitorX,37.96,True
2025-08-18,P1029,CompetitorX,40.3,True
2025-08-25,P1029,CompetitorX,39.03,True
2025-09-01,P1029,CompetitorX,43.53,True
2025-09-08,P1029,CompetitorX,41.37,True
2025-09-15,P1029,CompetitorX,41.89,True
2025-09-22,P1029,CompetitorX,41.15,True
2025-09-29,P1029,CompetitorX,42.96,True
2025-10-06,P1029,CompetitorX,42.66,True
2025-10-13,P1029,CompetitorX,41.32,True
2025-10-20,P1029,CompetitorX,43.73,True
2025-10-27,P1029,CompetitorX,41.82,True
2025-11-03,P1029,CompetitorX,39.77,True
2025-11-10,P1029,CompetitorX,41.71,True
2025-11-17,P1029,CompetitorX,42.23,True
2025-11-24,P1029,CompetitorX,41.42,True
2025-12-01,P1029,CompetitorX,41.08,True
2025-12-08,P1029,CompetitorX,43.79,True
2025-12-15,P1029,CompetitorX,40.11,True
2025-12-22,P1029,CompetitorX,38.14,True
2025-12-29,P1029,CompetitorX,43.61,True
2024-07-01,P1029,CompetitorY,45.02,True
2024-07-08,P1029,CompetitorY,45.92,True
2024-07-15,P1029,CompetitorY,45.72,True
2024-07-22,P1029,CompetitorY,44.55,True
2024-07-29,P1029,CompetitorY,46.04,True
2024-08-05,P1029,CompetitorY,44.95,True
2024-08-12,P1029,CompetitorY,44.98,True
2024-08-19,P1029,CompetitorY,45.73,True
2024-08-26,P1029,CompetitorY,44.74,True
2024-09-02,P1029,CompetitorY,45.27,True
2024-09-09,P1029,CompetitorY,45.55,False
2024-09-16,P1029,CompetitorY,46.25,True
2024-09-23,P1029,CompetitorY,46.16,True
2024-09-30,P1029,CompetitorY,45.51,True
2024-10-07,P1029,CompetitorY,41.61,True
2024-10-14,P1029,CompetitorY,45.48,True
2024-10-21,P1029,CompetitorY,45.69,True
2024-10-28,P1029,CompetitorY,45.96,True
2024-11-04,P1029,CompetitorY,43.85,True
2024-11-11,P1029,CompetitorY,42.27,True
2024-11-18,P1029,CompetitorY,46.24,True
2024-11-25,P1029,CompetitorY,43.49,True
2024-12-02,P1029,CompetitorY,46.8,True
2024-12-09,P1029,CompetitorY,44.36,True
2024-12-16,P1029,CompetitorY,43.76,True
2024-12-23,P1029,CompetitorY,45.62,True
2024-12-30,P1029,CompetitorY,45.98,True
2025-01-06,P1029,CompetitorY,45.9,True
2025-01-13,P1029,CompetitorY,45.83,True
2025-01-20,P1029,CompetitorY,44.19,True
2025-01-27,P1029,CompetitorY,43.08,False
2025-02-03,P1029,CompetitorY,44.62,True
2025-02-10,P1029,CompetitorY,43.59,True
2025-02-17,P1029,CompetitorY,45.73,True
2025-02-24,P1029,CompetitorY,46.33,True
2025-03-03,P1029,CompetitorY,45.38,True
2025-03-10,P1029,CompetitorY,45.15,True
2025-03-17,P1029,CompetitorY,44.73,True
2025-03-24,P1029,CompetitorY,46.47,True
2025-03-31,P1029,CompetitorY,42.67,True
2025-04-07,P1029,CompetitorY,43.51,True
2025-04-14,P1029,CompetitorY,47.62,True
2025-04-21,P1029,CompetitorY,43.45,True
2025-04-28,P1029,CompetitorY,45.87,True
2025-05-05,P1029,CompetitorY,46.14,True
2025-05-12,P1029,CompetitorY,42.54,True
2025-05-19,P1029,CompetitorY,42.8,True
2025-05-26,P1029,CompetitorY,46.86,True
2025-06-02,P1029,CompetitorY,43.83,True
2025-06-09,P1029,CompetitorY,43.87,True
2025-06-16,P1029,CompetitorY,44.44,True
2025-06-23,P1029,CompetitorY,43.83,False
2025-06-30,P1029,CompetitorY,45.86,True
2025-07-07,P1029,CompetitorY,43.55,True
2025-07-14,P1029,CompetitorY,42.48,True
2025-07-21,P1029,CompetitorY,46.71,True
2025-07-28,P1029,CompetitorY,43.61,True
2025-08-04,P1029,CompetitorY,44.13,True
2025-08-11,P1029,CompetitorY,46.27,True
2025-08-18,P1029,CompetitorY,45.24,True
2025-08-25,P1029,CompetitorY,46.65,True
2025-09-01,P1029,CompetitorY,46.29,True
2025-09-08,P1029,CompetitorY,44.53,True
2025-09-15,P1029,CompetitorY,46.53,True
2025-09-22,P1029,CompetitorY,45.37,True
2025-09-29,P1029,CompetitorY,44.34,True
2025-10-06,P1029,CompetitorY,45.54,True
2025-10-13,P1029,CompetitorY,43.37,True
2025-10-20,P1029,CompetitorY,46.28,False
2025-10-27,P1029,CompetitorY,46.1,True
2025-11-03,P1029,CompetitorY,45.31,True
2025-11-10,P1029,CompetitorY,42.55,True
2025-11-17,P1029,CompetitorY,46.71,True
2025-11-24,P1029,CompetitorY,45.74,True
2025-12-01,P1029,CompetitorY,45.12,True
2025-12-08,P1029,CompetitorY,44.9,True
2025-12-15,P1029,CompetitorY,44.42,True
2025-12-22,P1029,CompetitorY,44.68,True
2025-12-29,P1029,CompetitorY,46.19,True
2024-06-17,P1030,CompetitorX,510.47,True
2024-06-24,P1030,CompetitorX,529.69,True
2024-07-01,P1030,CompetitorX,516.63,True
2024-07-08,P1030,CompetitorX,509.59,True
2024-07-15,P1030,CompetitorX,492.28,True
2024-07-22,P1030,CompetitorX,518.27,True
2024-07-29,P1030,CompetitorX,503.66,True
2024-08-05,P1030,CompetitorX,501.74,True
2024-08-12,P1030,CompetitorX,532.92,False
2024-08-19,P1030,CompetitorX,531.3,True
2024-08-26,P1030,CompetitorX,510.91,True
2024-09-02,P1030,CompetitorX,494.11,True
2024-09-09,P1030,CompetitorX,505.67,True
2024-09-16,P1030,CompetitorX,533.96,True
2024-09-23,P1030,CompetitorX,525.79,True
2024-09-30,P1030,CompetitorX,511.17,False
2024-10-07,P1030,CompetitorX,519.43,True
2024-10-14,P1030,CompetitorX,486.24,True
2024-10-21,P1030,CompetitorX,485.06,True
2024-10-28,P1030,CompetitorX,549.27,True
2024-11-04,P1030,CompetitorX,526.39,True
2024-11-11,P1030,CompetitorX,518.54,True
2024-11-18,P1030,CompetitorX,512.34,True
2024-11-25,P1030,CompetitorX,491.11,True
2024-12-02,P1030,CompetitorX,533.96,True
2024-12-09,P1030,CompetitorX,500.83,True
2024-12-16,P1030,CompetitorX,529.47,True
2024-12-23,P1030,CompetitorX,520.57,True
2024-12-30,P1030,CompetitorX,517.7,True
2025-01-06,P1030,CompetitorX,498.25,True
2025-01-13,P1030,CompetitorX,498.46,True
2025-01-20,P1030,CompetitorX,524.58,True
2025-01-27,P1030,CompetitorX,519.74,True
2025-02-03,P1030,CompetitorX,519.25,True
2025-02-10,P1030,CompetitorX,522.96,True
2025-02-17,P1030,CompetitorX,488.39,True
2025-02-24,P1030,CompetitorX,534.3,True
2025-03-03,P1030,CompetitorX,512.98,True
2025-03-10,P1030,CompetitorX,536.71,True
2025-03-17,P1030,CompetitorX,487.27,True
2025-03-24,P1030,CompetitorX,527.36,True
2025-03-31,P1030,CompetitorX,527.22,True
2025-04-07,P1030,CompetitorX,495.4,True
2025-04-14,P1030,CompetitorX,508.57,True
2025-04-21,P1030,CompetitorX,502.03,True
2025-04-28,P1030,CompetitorX,531.94,True
2025-05-05,P1030,CompetitorX,523.32,True
2025-05-12,P1030,CompetitorX,543.38,True
2025-05-19,P1030,CompetitorX,521.67,True
2025-05-26,P1030,CompetitorX,529.9,True
2025-06-02,P1030,CompetitorX,536.74,True
2025-06-09,P1030,CompetitorX,527.14,True
2025-06-16,P1030,CompetitorX,512.54,True
2025-06-23,P1030,CompetitorX,509.64,True
2025-06-30,P1030,CompetitorX,517.27,True
2025-07-07,P1030,CompetitorX,530.9,True
2025-07-14,P1030,CompetitorX,506.6,True
2025-07-21,P1030,CompetitorX,528.66,True
2025-07-28,P1030,CompetitorX,523.53,True
2025-08-04,P1030,CompetitorX,499.02,True
2025-08-11,P1030,CompetitorX,527.9,True
2025-08-18,P1030,CompetitorX,520.72,True
2025-08-25,P1030,CompetitorX,509.95,True
2025-09-01,P1030,CompetitorX,520.49,True
2025-09-08,P1030,CompetitorX,510.55,False
2025-09-15,P1030,CompetitorX,522.37,True
2025-09-22,P1030,CompetitorX,515.9,True
2025-09-29,P1030,CompetitorX,494.71,True
2025-10-06,P1030,CompetitorX,516.37,True
2025-10-13,P1030,CompetitorX,511.63,True
2025-10-20,P1030,CompetitorX,528.4,True
2025-10-27,P1030,CompetitorX,532.2,True
2025-11-03,P1030,CompetitorX,510.59,True
2025-11-10,P1030,CompetitorX,506.23,True
2025-11-17,P1030,CompetitorX,492.38,True
2025-11-24,P1030,CompetitorX,505.85,True
2025-12-01,P1030,CompetitorX,513.48,True
2025-12-08,P1030,CompetitorX,497.68,False
2025-12-15,P1030,CompetitorX,532.41,True
2025-12-22,P1030,CompetitorX,522.59,True
2025-12-29,P1030,CompetitorX,516.64,True
2024-06-17,P1030,MarketLeaderCo,649.33,True
2024-06-24,P1030,MarketLeaderCo,620.71,True
2024-07-01,P1030,MarketLeaderCo,606.3,True
2024-07-08,P1030,MarketLeaderCo,642.55,True
2024-07-15,P1030,MarketLeaderCo,632.43,True
2024-07-22,P1030,MarketLeaderCo,636.79,True
2024-07-29,P1030,MarketLeaderCo,607.28,True
2024-08-05,P1030,MarketLeaderCo,630.03,True
2024-08-12,P1030,MarketLeaderCo,646.32,True
2024-08-19,P1030,MarketLeaderCo,635.0,True
2024-08-26,P1030,MarketLeaderCo,640.22,True
2024-09-02,P1030,MarketLeaderCo,649.25,True
2024-09-09,P1030,MarketLeaderCo,631.02,True
2024-09-16,P1030,MarketLeaderCo,612.46,True
2024-09-23,P1030,MarketLeaderCo,639.42,True
2024-09-30,P1030,MarketLeaderCo,602.36,True
2024-10-07,P1030,MarketLeaderCo,618.87,True
2024-10-14,P1030,MarketLeaderCo,634.02,True
2024-10-21,P1030,MarketLeaderCo,562.89,True
2024-10-28,P1030,MarketLeaderCo,627.74,True
2024-11-04,P1030,MarketLeaderCo,628.62,True
2024-11-11,P1030,MarketLeaderCo,601.79,True
2024-11-18,P1030,MarketLeaderCo,629.11,True
2024-11-25,P1030,MarketLeaderCo,626.57,True
2024-12-02,P1030,MarketLeaderCo,623.66,False
2024-12-09,P1030,MarketLeaderCo,645.26,True
2024-12-16,P1030,MarketLeaderCo,639.45,True
2024-12-23,P1030,MarketLeaderCo,634.99,True
2024-12-30,P1030,MarketLeaderCo,603.88,True
2025-01-06,P1030,MarketLeaderCo,622.7,True
2025-01-13,P1030,MarketLeaderCo,645.16,True
2025-01-20,P1030,MarketLeaderCo,619.01,True
2025-01-27,P1030,MarketLeaderCo,652.07,True
2025-02-03,P1030,MarketLeaderCo,635.53,True
2025-02-10,P1030,MarketLeaderCo,654.98,True
2025-02-17,P1030,MarketLeaderCo,603.08,True
2025-02-24,P1030,MarketLeaderCo,620.13,True
2025-03-03,P1030,MarketLeaderCo,621.9,True
2025-03-10,P1030,MarketLeaderCo,634.35,True
2025-03-17,P1030,MarketLeaderCo,609.22,True
2025-03-24,P1030,MarketLeaderCo,592.98,True
2025-03-31,P1030,MarketLeaderCo,630.09,True
2025-04-07,P1030,MarketLeaderCo,616.17,True
2025-04-14,P1030,MarketLeaderCo,614.23,True
2025-04-21,P1030,MarketLeaderCo,610.08,True
2025-04-28,P1030,MarketLeaderCo,625.34,True
2025-05-05,P1030,MarketLeaderCo,602.9,True
2025-05-12,P1030,MarketLeaderCo,619.39,True
2025-05-19,P1030,MarketLeaderCo,607.54,True
2025-05-26,P1030,MarketLeaderCo,611.64,True
2025-06-02,P1030,MarketLeaderCo,629.64,True
2025-06-09,P1030,MarketLeaderCo,635.2,True
2025-06-16,P1030,MarketLeaderCo,617.3,True
2025-06-23,P1030,MarketLeaderCo,641.11,True
2025-06-30,P1030,MarketLeaderCo,604.84,True
2025-07-07,P1030,MarketLeaderCo,594.62,True
2025-07-14,P1030,MarketLeaderCo,598.05,True
2025-07-21,P1030,MarketLeaderCo,602.92,True
2025-07-28,P1030,MarketLeaderCo,598.49,True
2025-08-04,P1030,MarketLeaderCo,660.8,True
2025-08-11,P1030,MarketLeaderCo,594.05,True
2025-08-18,P1030,MarketLeaderCo,640.55,True
2025-08-25,P1030,MarketLeaderCo,622.55,True
2025-09-01,P1030,MarketLeaderCo,627.22,True
2025-09-08,P1030,MarketLeaderCo,606.1,True
2025-09-15,P1030,MarketLeaderCo,629.11,True
2025-09-22,P1030,MarketLeaderCo,605.94,True
2025-09-29,P1030,MarketLeaderCo,640.27,True
2025-10-06,P1030,MarketLeaderCo,641.82,True
2025-10-13,P1030,MarketLeaderCo,620.5,True
2025-10-20,P1030,MarketLeaderCo,621.73,True
2025-10-27,P1030,MarketLeaderCo,631.11,True
2025-11-03,P1030,MarketLeaderCo,630.16,True
2025-11-10,P1030,MarketLeaderCo,642.17,True
2025-11-17,P1030,MarketLeaderCo,641.64,True
2025-11-24,P1030,MarketLeaderCo,622.49,True
2025-12-01,P1030,MarketLeaderCo,614.1,True
2025-12-08,P1030,MarketLeaderCo,638.19,True
2025-12-15,P1030,MarketLeaderCo,620.1,True
2025-12-22,P1030,MarketLeaderCo,625.15,True
2025-12-29,P1030,MarketLeaderCo,632.94,True
2024-06-17,P1030,CompetitorZ,501.74,True
2024-06-24,P1030,CompetitorZ,498.75,True
2024-07-01,P1030,CompetitorZ,513.11,True
2024-07-08,P1030,CompetitorZ,463.96,True
2024-07-15,P1030,CompetitorZ,498.11,True
2024-07-22,P1030,CompetitorZ,500.46,True
2024-07-29,P1030,CompetitorZ,475.93,True
2024-08-05,P1030,CompetitorZ,482.21,True
2024-08-12,P1030,CompetitorZ,463.63,True
2024-08-19,P1030,CompetitorZ,480.15,True
2024-08-26,P1030,CompetitorZ,490.87,True
2024-09-02,P1030,CompetitorZ,510.79,True
2024-09-09,P1030,CompetitorZ,512.14,True
2024-09-16,P1030,CompetitorZ,472.42,True
2024-09-23,P1030,CompetitorZ,508.8,True
2024-09-30,P1030,CompetitorZ,458.97,True
2024-10-07,P1030,CompetitorZ,478.92,True
2024-10-14,P1030,CompetitorZ,483.06,True
2024-10-21,P1030,CompetitorZ,491.16,True
2024-10-28,P1030,CompetitorZ,489.03,True
2024-11-04,P1030,CompetitorZ,492.82,True
2024-11-11,P1030,CompetitorZ,484.8,True
2024-11-18,P1030,CompetitorZ,501.51,True
2024-11-25,P1030,CompetitorZ,497.59,True
2024-12-02,P1030,CompetitorZ,483.24,True
2024-12-09,P1030,CompetitorZ,499.8,True
2024-12-16,P1030,CompetitorZ,517.73,True
2024-12-23,P1030,CompetitorZ,477.63,True
2024-12-30,P1030,CompetitorZ,511.98,True
2025-01-06,P1030,CompetitorZ,478.94,True
2025-01-13,P1030,CompetitorZ,508.1,True
2025-01-20,P1030,CompetitorZ,479.49,True
2025-01-27,P1030,CompetitorZ,498.67,False
2025-02-03,P1030,CompetitorZ,490.1,True
2025-02-10,P1030,CompetitorZ,461.37,True
2025-02-17,P1030,CompetitorZ,515.49,True
2025-02-24,P1030,CompetitorZ,474.38,True
2025-03-03,P1030,CompetitorZ,468.91,True
2025-03-10,P1030,CompetitorZ,478.13,True
2025-03-17,P1030,CompetitorZ,524.49,True
2025-03-24,P1030,CompetitorZ,469.14,False
2025-03-31,P1030,CompetitorZ,490.08,True
2025-04-07,P1030,CompetitorZ,471.05,True
2025-04-14,P1030,CompetitorZ,473.56,True
2025-04-21,P1030,CompetitorZ,464.09,True
2025-04-28,P1030,CompetitorZ,492.09,True
2025-05-05,P1030,CompetitorZ,485.12,True
2025-05-12,P1030,CompetitorZ,470.93,True
2025-05-19,P1030,CompetitorZ,500.25,True
2025-05-26,P1030,CompetitorZ,501.79,True
2025-06-02,P1030,CompetitorZ,493.43,True
2025-06-09,P1030,CompetitorZ,504.6,True
2025-06-16,P1030,CompetitorZ,482.37,True
2025-06-23,P1030,CompetitorZ,492.19,True
2025-06-30,P1030,CompetitorZ,482.43,True
2025-07-07,P1030,CompetitorZ,465.43,True
2025-07-14,P1030,CompetitorZ,490.68,True
2025-07-21,P1030,CompetitorZ,489.8,True
2025-07-28,P1030,CompetitorZ,487.04,True
2025-08-04,P1030,CompetitorZ,492.94,True
2025-08-11,P1030,CompetitorZ,508.12,True
2025-08-18,P1030,CompetitorZ,484.49,True
2025-08-25,P1030,CompetitorZ,473.48,True
2025-09-01,P1030,CompetitorZ,483.85,True
2025-09-08,P1030,CompetitorZ,485.48,True
2025-09-15,P1030,CompetitorZ,501.86,True
2025-09-22,P1030,CompetitorZ,489.04,True
2025-09-29,P1030,CompetitorZ,470.69,True
2025-10-06,P1030,CompetitorZ,499.26,True
2025-10-13,P1030,CompetitorZ,496.91,False
2025-10-20,P1030,CompetitorZ,489.04,True
2025-10-27,P1030,CompetitorZ,501.34,True
2025-11-03,P1030,CompetitorZ,503.79,True
2025-11-10,P1030,CompetitorZ,481.96,True
2025-11-17,P1030,CompetitorZ,474.31,True
2025-11-24,P1030,CompetitorZ,487.3,True
2025-12-01,P1030,CompetitorZ,495.32,True
2025-12-08,P1030,CompetitorZ,485.94,True
2025-12-15,P1030,CompetitorZ,473.02,True
2025-12-22,P1030,CompetitorZ,489.86,True
2025-12-29,P1030,CompetitorZ,457.74,True
2024-06-17,P1030,CompetitorY,592.18,True
2024-06-24,P1030,CompetitorY,601.36,True
2024-07-01,P1030,CompetitorY,606.45,True
2024-07-08,P1030,CompetitorY,618.68,True
2024-07-15,P1030,CompetitorY,650.08,True
2024-07-22,P1030,CompetitorY,607.75,True
2024-07-29,P1030,CompetitorY,584.35,True
2024-08-05,P1030,CompetitorY,576.64,True
2024-08-12,P1030,CompetitorY,599.08,True
2024-08-19,P1030,CompetitorY,586.22,True
2024-08-26,P1030,CompetitorY,616.91,False
2024-09-02,P1030,CompetitorY,617.05,True
2024-09-09,P1030,CompetitorY,604.1,True
2024-09-16,P1030,CompetitorY,618.72,True
2024-09-23,P1030,CompetitorY,607.94,True
2024-09-30,P1030,CompetitorY,640.75,True
2024-10-07,P1030,CompetitorY,618.15,True
2024-10-14,P1030,CompetitorY,623.06,True
2024-10-21,P1030,CompetitorY,580.4,True
2024-10-28,P1030,CompetitorY,585.44,True
2024-11-04,P1030,CompetitorY,615.47,True
2024-11-11,P1030,CompetitorY,578.56,True
2024-11-18,P1030,CompetitorY,595.39,True
2024-11-25,P1030,CompetitorY,628.23,True
2024-12-02,P1030,CompetitorY,595.0,True
2024-12-09,P1030,CompetitorY,584.74,True
2024-12-16,P1030,CompetitorY,618.91,True
2024-12-23,P1030,CompetitorY,644.5,True
2024-12-30,P1030,CompetitorY,592.04,True
2025-01-06,P1030,CompetitorY,629.04,True
2025-01-13,P1030,CompetitorY,589.77,True
2025-01-20,P1030,CompetitorY,604.71,True
2025-01-27,P1030,CompetitorY,605.5,True
2025-02-03,P1030,CompetitorY,592.52,True
2025-02-10,P1030,CompetitorY,622.69,True
2025-02-17,P1030,CompetitorY,578.73,True
2025-02-24,P1030,CompetitorY,610.31,True
2025-03-03,P1030,CompetitorY,626.31,True
2025-03-10,P1030,CompetitorY,621.18,True
2025-03-17,P1030,CompetitorY,615.7,True
2025-03-24,P1030,CompetitorY,635.61,True
2025-03-31,P1030,CompetitorY,602.76,True
2025-04-07,P1030,CompetitorY,579.0,True
2025-04-14,P1030,CompetitorY,609.22,False
2025-04-21,P1030,CompetitorY,604.47,True
2025-04-28,P1030,CompetitorY,568.24,True
2025-05-05,P1030,CompetitorY,586.28,True
2025-05-12,P1030,CompetitorY,583.96,True
2025-05-19,P1030,CompetitorY,591.93,True
2025-05-26,P1030,CompetitorY,600.36,True
2025-06-02,P1030,CompetitorY,601.06,True
2025-06-09,P1030,CompetitorY,592.58,True
2025-06-16,P1030,CompetitorY,583.93,True
2025-06-23,P1030,CompetitorY,613.63,True
2025-06-30,P1030,CompetitorY,608.88,True
2025-07-07,P1030,CompetitorY,609.43,True
2025-07-14,P1030,CompetitorY,639.14,True
2025-07-21,P1030,CompetitorY,609.72,True
2025-07-28,P1030,CompetitorY,600.08,True
2025-08-04,P1030,CompetitorY,604.83,True
2025-08-11,P1030,CompetitorY,608.56,True
2025-08-18,P1030,CompetitorY,617.97,True
2025-08-25,P1030,CompetitorY,605.94,True
2025-09-01,P1030,CompetitorY,571.39,True
2025-09-08,P1030,CompetitorY,598.81,False
2025-09-15,P1030,CompetitorY,606.78,False
2025-09-22,P1030,CompetitorY,630.5,True
2025-09-29,P1030,CompetitorY,592.45,True
2025-10-06,P1030,CompetitorY,576.99,True
2025-10-13,P1030,CompetitorY,607.93,True
2025-10-20,P1030,CompetitorY,622.52,True
2025-10-27,P1030,CompetitorY,599.6,True
2025-11-03,P1030,CompetitorY,650.13,True
2025-11-10,P1030,CompetitorY,645.85,True
2025-11-17,P1030,CompetitorY,605.44,True
2025-11-24,P1030,CompetitorY,610.16,True
2025-12-01,P1030,CompetitorY,631.67,True
2025-12-08,P1030,CompetitorY,605.12,False
2025-12-15,P1030,CompetitorY,592.12,True
2025-12-22,P1030,CompetitorY,622.94,True
2025-12-29,P1030,CompetitorY,615.21,True
2024-05-20,P1031,CompetitorZ,61.11,True
2024-05-27,P1031,CompetitorZ,61.94,True
2024-06-03,P1031,CompetitorZ,62.34,True
2024-06-10,P1031,CompetitorZ,63.8,True
2024-06-17,P1031,CompetitorZ,63.24,True
2024-06-24,P1031,CompetitorZ,63.68,True
2024-07-01,P1031,CompetitorZ,62.95,True
2024-07-08,P1031,CompetitorZ,62.99,True
2024-07-15,P1031,CompetitorZ,62.98,True
2024-07-22,P1031,CompetitorZ,63.47,True
2024-07-29,P1031,CompetitorZ,63.56,True
2024-08-05,P1031,CompetitorZ,60.32,True
2024-08-12,P1031,CompetitorZ,61.5,True
2024-08-19,P1031,CompetitorZ,62.24,True
2024-08-26,P1031,CompetitorZ,63.47,True
2024-09-02,P1031,CompetitorZ,65.62,True
2024-09-09,P1031,CompetitorZ,61.09,True
2024-09-16,P1031,CompetitorZ,64.27,True
2024-09-23,P1031,CompetitorZ,61.55,True
2024-09-30,P1031,CompetitorZ,65.2,True
2024-10-07,P1031,CompetitorZ,66.22,False
2024-10-14,P1031,CompetitorZ,59.34,True
2024-10-21,P1031,CompetitorZ,62.01,True
2024-10-28,P1031,CompetitorZ,58.21,True
2024-11-04,P1031,CompetitorZ,59.45,True
2024-11-11,P1031,CompetitorZ,59.56,True
2024-11-18,P1031,CompetitorZ,63.79,True
2024-11-25,P1031,CompetitorZ,63.44,True
2024-12-02,P1031,CompetitorZ,64.13,True
2024-12-09,P1031,CompetitorZ,63.76,True
2024-12-16,P1031,CompetitorZ,63.53,True
2024-12-23,P1031,CompetitorZ,62.83,True
2024-12-30,P1031,CompetitorZ,62.38,True
2025-01-06,P1031,CompetitorZ,64.54,True
2025-01-13,P1031,CompetitorZ,62.65,True
2025-01-20,P1031,CompetitorZ,63.61,True
2025-01-27,P1031,CompetitorZ,58.24,False
2025-02-03,P1031,CompetitorZ,60.41,True
2025-02-10,P1031,CompetitorZ,64.46,True
2025-02-17,P1031,CompetitorZ,61.37,True
2025-02-24,P1031,CompetitorZ,60.0,False
2025-03-03,P1031,CompetitorZ,63.83,True
2025-03-10,P1031,CompetitorZ,62.63,True
2025-03-17,P1031,CompetitorZ,61.86,True
2025-03-24,P1031,CompetitorZ,65.46,True
2025-03-31,P1031,CompetitorZ,65.14,True
2025-04-07,P1031,CompetitorZ,62.27,True
2025-04-14,P1031,CompetitorZ,63.98,True
2025-04-21,P1031,CompetitorZ,58.42,True
2025-04-28,P1031,CompetitorZ,64.68,True
2025-05-05,P1031,CompetitorZ,60.58,True
2025-05-12,P1031,CompetitorZ,59.89,True
2025-05-19,P1031,CompetitorZ,59.27,True
2025-05-26,P1031,CompetitorZ,59.12,True
2025-06-02,P1031,CompetitorZ,64.65,True
2025-06-09,P1031,CompetitorZ,63.81,True
2025-06-16,P1031,CompetitorZ,61.18,True
2025-06-23,P1031,CompetitorZ,64.23,True
2025-06-30,P1031,CompetitorZ,61.5,True
2025-07-07,P1031,CompetitorZ,63.23,True
2025-07-14,P1031,CompetitorZ,61.72,True
2025-07-21,P1031,CompetitorZ,62.4,True
2025-07-28,P1031,CompetitorZ,60.92,True
2025-08-04,P1031,CompetitorZ,61.2,True
2025-08-11,P1031,CompetitorZ,63.64,True
2025-08-18,P1031,CompetitorZ,63.95,True
2025-08-25,P1031,CompetitorZ,61.84,True
2025-09-01,P1031,CompetitorZ,59.76,True
2025-09-08,P1031,CompetitorZ,67.27,True
2025-09-15,P1031,CompetitorZ,62.69,False
2025-09-22,P1031,CompetitorZ,63.21,True
2025-09-29,P1031,CompetitorZ,60.25,False
2025-10-06,P1031,CompetitorZ,64.91,True
2025-10-13,P1031,CompetitorZ,65.19,True
2025-10-20,P1031,CompetitorZ,59.41,True
2025-10-27,P1031,CompetitorZ,62.43,True
2025-11-03,P1031,CompetitorZ,62.28,True
2025-11-10,P1031,CompetitorZ,67.11,True
2025-11-17,P1031,CompetitorZ,65.33,True
2025-11-24,P1031,CompetitorZ,59.9,True
2025-12-01,P1031,CompetitorZ,61.25,True
2025-12-08,P1031,CompetitorZ,60.94,False
2025-12-15,P1031,CompetitorZ,63.32,True
2025-12-22,P1031,CompetitorZ,65.58,True
2025-12-29,P1031,CompetitorZ,62.83,True
2024-05-20,P1031,MarketLeaderCo,62.39,True
2024-05-27,P1031,MarketLeaderCo,62.34,True
2024-06-03,P1031,MarketLeaderCo,61.35,True
2024-06-10,P1031,MarketLeaderCo,63.24,True
2024-06-17,P1031,MarketLeaderCo,59.79,True
2024-06-24,P1031,MarketLeaderCo,60.2,True
2024-07-01,P1031,MarketLeaderCo,56.17,True
2024-07-08,P1031,MarketLeaderCo,60.74,True
2024-07-15,P1031,MarketLeaderCo,61.97,True
2024-07-22,P1031,MarketLeaderCo,61.43,True
2024-07-29,P1031,MarketLeaderCo,59.77,True
2024-08-05,P1031,MarketLeaderCo,62.45,True
2024-08-12,P1031,MarketLeaderCo,60.77,True
2024-08-19,P1031,MarketLeaderCo,62.31,True
2024-08-26,P1031,MarketLeaderCo,61.79,True
2024-09-02,P1031,MarketLeaderCo,63.51,True
2024-09-09,P1031,MarketLeaderCo,61.53,True
2024-09-16,P1031,MarketLeaderCo,62.02,True
2024-09-23,P1031,MarketLeaderCo,60.77,True
2024-09-30,P1031,MarketLeaderCo,59.99,True
2024-10-07,P1031,MarketLeaderCo,61.8,True
2024-10-14,P1031,MarketLeaderCo,63.65,True
2024-10-21,P1031,MarketLeaderCo,59.78,True
2024-10-28,P1031,MarketLeaderCo,60.45,True
2024-11-04,P1031,MarketLeaderCo,60.95,True
2024-11-11,P1031,MarketLeaderCo,62.16,True
2024-11-18,P1031,MarketLeaderCo,61.54,True
2024-11-25,P1031,MarketLeaderCo,62.57,True
2024-12-02,P1031,MarketLeaderCo,64.51,True
2024-12-09,P1031,MarketLeaderCo,59.74,True
2024-12-16,P1031,MarketLeaderCo,62.02,True
2024-12-23,P1031,MarketLeaderCo,61.49,True
2024-12-30,P1031,MarketLeaderCo,60.94,True
2025-01-06,P1031,MarketLeaderCo,62.01,True
2025-01-13,P1031,MarketLeaderCo,60.42,True
2025-01-20,P1031,MarketLeaderCo,61.5,True
2025-01-27,P1031,MarketLeaderCo,58.52,True
2025-02-03,P1031,MarketLeaderCo,59.92,True
2025-02-10,P1031,MarketLeaderCo,62.82,True
2025-02-17,P1031,MarketLeaderCo,62.75,True
2025-02-24,P1031,MarketLeaderCo,61.38,True
2025-03-03,P1031,MarketLeaderCo,60.08,True
2025-03-10,P1031,MarketLeaderCo,62.41,True
2025-03-17,P1031,MarketLeaderCo,63.17,True
2025-03-24,P1031,MarketLeaderCo,60.15,False
2025-03-31,P1031,MarketLeaderCo,58.25,True
2025-04-07,P1031,MarketLeaderCo,61.73,True
2025-04-14,P1031,MarketLeaderCo,62.58,True
2025-04-21,P1031,MarketLeaderCo,61.98,True
2025-04-28,P1031,MarketLeaderCo,63.77,True
2025-05-05,P1031,MarketLeaderCo,63.77,True
2025-05-12,P1031,MarketLeaderCo,60.35,True
2025-05-19,P1031,MarketLeaderCo,61.27,True
2025-05-26,P1031,MarketLeaderCo,60.0,True
2025-06-02,P1031,MarketLeaderCo,59.04,True
2025-06-09,P1031,MarketLeaderCo,59.15,True
2025-06-16,P1031,MarketLeaderCo,62.22,True
2025-06-23,P1031,MarketLeaderCo,61.46,True
2025-06-30,P1031,MarketLeaderCo,62.53,True
2025-07-07,P1031,MarketLeaderCo,65.53,True
2025-07-14,P1031,MarketLeaderCo,61.82,False
2025-07-21,P1031,MarketLeaderCo,59.47,True
2025-07-28,P1031,MarketLeaderCo,62.8,True
2025-08-04,P1031,MarketLeaderCo,59.43,True
2025-08-11,P1031,MarketLeaderCo,64.1,False
2025-08-18,P1031,MarketLeaderCo,57.3,True
2025-08-25,P1031,MarketLeaderCo,59.91,True
2025-09-01,P1031,MarketLeaderCo,62.04,True
2025-09-08,P1031,MarketLeaderCo,63.06,True
2025-09-15,P1031,MarketLeaderCo,59.67,False
2025-09-22,P1031,MarketLeaderCo,59.34,True
2025-09-29,P1031,MarketLeaderCo,61.18,True
2025-10-06,P1031,MarketLeaderCo,64.39,True
2025-10-13,P1031,MarketLeaderCo,58.1,True
2025-10-20,P1031,MarketLeaderCo,60.33,True
2025-10-27,P1031,MarketLeaderCo,61.38,True
2025-11-03,P1031,MarketLeaderCo,59.45,True
2025-11-10,P1031,MarketLeaderCo,59.45,True
2025-11-17,P1031,MarketLeaderCo,60.48,True
2025-11-24,P1031,MarketLeaderCo,61.44,True
2025-12-01,P1031,MarketLeaderCo,60.55,True
2025-12-08,P1031,MarketLeaderCo,63.58,True
2025-12-15,P1031,MarketLeaderCo,61.99,True
2025-12-22,P1031,MarketLeaderCo,61.61,True
2025-12-29,P1031,MarketLeaderCo,62.78,True
2024-05-20,P1031,CompetitorY,63.44,True
2024-05-27,P1031,CompetitorY,63.13,True
2024-06-03,P1031,CompetitorY,61.16,True
2024-06-10,P1031,CompetitorY,59.1,True
2024-06-17,P1031,CompetitorY,59.5,True
2024-06-24,P1031,CompetitorY,58.53,True
2024-07-01,P1031,CompetitorY,63.49,True
2024-07-08,P1031,CompetitorY,62.08,True
2024-07-15,P1031,CompetitorY,62.85,True
2024-07-22,P1031,CompetitorY,62.35,False
2024-07-29,P1031,CompetitorY,63.78,True
2024-08-05,P1031,CompetitorY,63.84,True
2024-08-12,P1031,CompetitorY,62.77,True
2024-08-19,P1031,CompetitorY,62.88,True
2024-08-26,P1031,CompetitorY,62.96,True
2024-09-02,P1031,CompetitorY,65.3,True
2024-09-09,P1031,CompetitorY,58.92,True
2024-09-16,P1031,CompetitorY,61.43,True
2024-09-23,P1031,CompetitorY,64.31,True
2024-09-30,P1031,CompetitorY,64.77,True
2024-10-07,P1031,CompetitorY,63.49,True
2024-10-14,P1031,CompetitorY,62.34,True
2024-10-21,P1031,CompetitorY,66.19,True
2024-10-28,P1031,CompetitorY,63.02,True
2024-11-04,P1031,CompetitorY,62.74,True
2024-11-11,P1031,CompetitorY,65.19,True
2024-11-18,P1031,CompetitorY,63.58,True
2024-11-25,P1031,CompetitorY,64.45,True
2024-12-02,P1031,CompetitorY,64.67,True
2024-12-09,P1031,CompetitorY,61.99,True
2024-12-16,P1031,CompetitorY,66.01,True
2024-12-23,P1031,CompetitorY,58.06,True
2024-12-30,P1031,CompetitorY,58.96,True
2025-01-06,P1031,CompetitorY,61.41,True
2025-01-13,P1031,CompetitorY,61.89,True
2025-01-20,P1031,CompetitorY,63.37,True
2025-01-27,P1031,CompetitorY,61.39,True
2025-02-03,P1031,CompetitorY,62.66,True
2025-02-10,P1031,CompetitorY,62.3,True
2025-02-17,P1031,CompetitorY,66.46,True
2025-02-24,P1031,CompetitorY,61.17,True
2025-03-03,P1031,CompetitorY,59.52,True
2025-03-10,P1031,CompetitorY,64.79,True
2025-03-17,P1031,CompetitorY,61.34,True
2025-03-24,P1031,CompetitorY,62.51,True
2025-03-31,P1031,CompetitorY,61.47,True
2025-04-07,P1031,CompetitorY,64.07,False
2025-04-14,P1031,CompetitorY,60.1,True
2025-04-21,P1031,CompetitorY,57.42,True
2025-04-28,P1031,CompetitorY,65.12,True
2025-05-05,P1031,CompetitorY,63.15,True
2025-05-12,P1031,CompetitorY,64.7,True
2025-05-19,P1031,CompetitorY,65.06,True
2025-05-26,P1031,CompetitorY,60.96,True
2025-06-02,P1031,CompetitorY,62.8,True
2025-06-09,P1031,CompetitorY,63.64,True
2025-06-16,P1031,CompetitorY,62.48,True
2025-06-23,P1031,CompetitorY,62.1,True
2025-06-30,P1031,CompetitorY,62.28,True
2025-07-07,P1031,CompetitorY,64.72,True
2025-07-14,P1031,CompetitorY,62.2,True
2025-07-21,P1031,CompetitorY,63.82,True
2025-07-28,P1031,CompetitorY,63.34,True
2025-08-04,P1031,CompetitorY,60.87,True
2025-08-11,P1031,CompetitorY,63.25,True
2025-08-18,P1031,CompetitorY,59.79,True
2025-08-25,P1031,CompetitorY,63.44,True
2025-09-01,P1031,CompetitorY,64.36,True
2025-09-08,P1031,CompetitorY,64.8,True
2025-09-15,P1031,CompetitorY,60.89,True
2025-09-22,P1031,CompetitorY,61.68,True
2025-09-29,P1031,CompetitorY,63.22,True
2025-10-06,P1031,CompetitorY,61.79,True
2025-10-13,P1031,CompetitorY,59.06,True
2025-10-20,P1031,CompetitorY,61.67,True
2025-10-27,P1031,CompetitorY,63.21,True
2025-11-03,P1031,CompetitorY,64.69,True
2025-11-10,P1031,CompetitorY,65.86,True
2025-11-17,P1031,CompetitorY,62.92,True
2025-11-24,P1031,CompetitorY,63.75,True
2025-12-01,P1031,CompetitorY,64.49,True
2025-12-08,P1031,CompetitorY,58.83,True
2025-12-15,P1031,CompetitorY,60.77,True
2025-12-22,P1031,CompetitorY,62.88,True
2025-12-29,P1031,CompetitorY,65.61,True
2024-05-20,P1031,CompetitorX,69.05,False
2024-05-27,P1031,CompetitorX,69.56,True
2024-06-03,P1031,CompetitorX,72.7,False
2024-06-10,P1031,CompetitorX,69.07,True
2024-06-17,P1031,CompetitorX,68.49,True
2024-06-24,P1031,CompetitorX,69.9,True
2024-07-01,P1031,CompetitorX,70.22,True
2024-07-08,P1031,CompetitorX,69.41,True
2024-07-15,P1031,CompetitorX,69.87,True
2024-07-22,P1031,CompetitorX,72.79,True
2024-07-29,P1031,CompetitorX,71.38,True
2024-08-05,P1031,CompetitorX,69.74,True
2024-08-12,P1031,CompetitorX,69.93,True
2024-08-19,P1031,CompetitorX,70.56,True
2024-08-26,P1031,CompetitorX,70.68,True
2024-09-02,P1031,CompetitorX,70.69,True
2024-09-09,P1031,CompetitorX,72.71,True
2024-09-16,P1031,CompetitorX,71.26,True
2024-09-23,P1031,CompetitorX,71.32,True
2024-09-30,P1031,CompetitorX,73.87,True
2024-10-07,P1031,CompetitorX,74.82,True
2024-10-14,P1031,CompetitorX,68.22,True
2024-10-21,P1031,CompetitorX,67.48,True
2024-10-28,P1031,CompetitorX,70.09,False
2024-11-04,P1031,CompetitorX,72.5,True
2024-11-11,P1031,CompetitorX,71.64,True
2024-11-18,P1031,CompetitorX,73.08,True
2024-11-25,P1031,CompetitorX,70.0,True
2024-12-02,P1031,CompetitorX,66.68,True
2024-12-09,P1031,CompetitorX,67.93,True
2024-12-16,P1031,CompetitorX,72.04,True
2024-12-23,P1031,CompetitorX,73.09,False
2024-12-30,P1031,CompetitorX,66.78,True
2025-01-06,P1031,CompetitorX,73.83,True
2025-01-13,P1031,CompetitorX,71.82,True
2025-01-20,P1031,CompetitorX,70.69,True
2025-01-27,P1031,CompetitorX,69.5,True
2025-02-03,P1031,CompetitorX,74.22,True
2025-02-10,P1031,CompetitorX,72.74,True
2025-02-17,P1031,CompetitorX,71.88,True
2025-02-24,P1031,CompetitorX,69.28,True
2025-03-03,P1031,CompetitorX,74.27,True
2025-03-10,P1031,CompetitorX,70.9,True
2025-03-17,P1031,CompetitorX,71.47,True
2025-03-24,P1031,CompetitorX,70.99,True
2025-03-31,P1031,CompetitorX,69.21,True
2025-04-07,P1031,CompetitorX,71.52,True
2025-04-14,P1031,CompetitorX,72.32,True
2025-04-21,P1031,CompetitorX,69.9,True
2025-04-28,P1031,CompetitorX,71.33,True
2025-05-05,P1031,CompetitorX,70.96,False
2025-05-12,P1031,CompetitorX,72.78,True
2025-05-19,P1031,CompetitorX,70.2,True
2025-05-26,P1031,CompetitorX,71.32,False
2025-06-02,P1031,CompetitorX,71.77,True
2025-06-09,P1031,CompetitorX,70.15,True
2025-06-16,P1031,CompetitorX,69.08,True
2025-06-23,P1031,CompetitorX,69.43,True
2025-06-30,P1031,CompetitorX,71.71,True
2025-07-07,P1031,CompetitorX,70.34,True
2025-07-14,P1031,CompetitorX,70.31,True
2025-07-21,P1031,CompetitorX,72.12,True
2025-07-28,P1031,CompetitorX,73.0,True
2025-08-04,P1031,CompetitorX,73.37,True
2025-08-11,P1031,CompetitorX,69.53,True
2025-08-18,P1031,CompetitorX,72.8,True
2025-08-25,P1031,CompetitorX,75.27,True
2025-09-01,P1031,CompetitorX,71.1,True
2025-09-08,P1031,CompetitorX,70.68,True
2025-09-15,P1031,CompetitorX,70.24,True
2025-09-22,P1031,CompetitorX,68.58,True
2025-09-29,P1031,CompetitorX,72.63,True
2025-10-06,P1031,CompetitorX,70.69,True
2025-10-13,P1031,CompetitorX,70.52,True
2025-10-20,P1031,CompetitorX,72.3,True
2025-10-27,P1031,CompetitorX,72.49,True
2025-11-03,P1031,CompetitorX,69.56,True
2025-11-10,P1031,CompetitorX,69.61,True
2025-11-17,P1031,CompetitorX,69.52,True
2025-11-24,P1031,CompetitorX,75.33,True
2025-12-01,P1031,CompetitorX,73.98,True
2025-12-08,P1031,CompetitorX,72.34,True
2025-12-15,P1031,CompetitorX,70.04,True
2025-12-22,P1031,CompetitorX,70.29,True
2025-12-29,P1031,CompetitorX,71.61,True
2024-04-29,P1032,CompetitorZ,861.23,True
2024-05-06,P1032,CompetitorZ,809.55,True
2024-05-13,P1032,CompetitorZ,850.75,True
2024-05-20,P1032,CompetitorZ,768.74,True
2024-05-27,P1032,CompetitorZ,768.42,True
2024-06-03,P1032,CompetitorZ,773.87,True
2024-06-10,P1032,CompetitorZ,816.51,False
2024-06-17,P1032,CompetitorZ,799.0,True
2024-06-24,P1032,CompetitorZ,800.92,True
2024-07-01,P1032,CompetitorZ,784.86,True
2024-07-08,P1032,CompetitorZ,848.05,True
2024-07-15,P1032,CompetitorZ,856.19,True
2024-07-22,P1032,CompetitorZ,829.48,True
2024-07-29,P1032,CompetitorZ,771.18,True
2024-08-05,P1032,CompetitorZ,795.9,False
2024-08-12,P1032,CompetitorZ,827.75,True
2024-08-19,P1032,CompetitorZ,806.59,True
2024-08-26,P1032,CompetitorZ,829.56,False
2024-09-02,P1032,CompetitorZ,837.93,True
2024-09-09,P1032,CompetitorZ,853.91,True
2024-09-16,P1032,CompetitorZ,791.83,True
2024-09-23,P1032,CompetitorZ,809.67,True
2024-09-30,P1032,CompetitorZ,797.02,True
2024-10-07,P1032,CompetitorZ,759.22,True
2024-10-14,P1032,CompetitorZ,824.7,True
2024-10-21,P1032,CompetitorZ,821.35,True
2024-10-28,P1032,CompetitorZ,794.45,True
2024-11-04,P1032,CompetitorZ,768.98,True
2024-11-11,P1032,CompetitorZ,798.39,True
2024-11-18,P1032,CompetitorZ,825.41,True
2024-11-25,P1032,CompetitorZ,840.1,True
2024-12-02,P1032,CompetitorZ,790.43,True
2024-12-09,P1032,CompetitorZ,834.54,True
2024-12-16,P1032,CompetitorZ,822.78,True
2024-12-23,P1032,CompetitorZ,817.71,False
2024-12-30,P1032,CompetitorZ,776.35,True
2025-01-06,P1032,CompetitorZ,777.41,True
2025-01-13,P1032,CompetitorZ,787.57,True
2025-01-20,P1032,CompetitorZ,799.79,False
2025-01-27,P1032,CompetitorZ,851.33,True
2025-02-03,P1032,CompetitorZ,791.65,True
2025-02-10,P1032,CompetitorZ,826.39,True
2025-02-17,P1032,CompetitorZ,796.44,True
2025-02-24,P1032,CompetitorZ,819.15,True
2025-03-03,P1032,CompetitorZ,806.17,True
2025-03-10,P1032,CompetitorZ,811.99,True
2025-03-17,P1032,CompetitorZ,816.65,True
2025-03-24,P1032,CompetitorZ,801.65,True
2025-03-31,P1032,CompetitorZ,816.77,True
2025-04-07,P1032,CompetitorZ,837.6,True
2025-04-14,P1032,CompetitorZ,789.43,True
2025-04-21,P1032,CompetitorZ,836.43,True
2025-04-28,P1032,CompetitorZ,801.27,True
2025-05-05,P1032,CompetitorZ,798.71,True
2025-05-12,P1032,CompetitorZ,824.65,True
2025-05-19,P1032,CompetitorZ,799.43,True
2025-05-26,P1032,CompetitorZ,815.43,True
2025-06-02,P1032,CompetitorZ,813.17,True
2025-06-09,P1032,CompetitorZ,757.21,True
2025-06-16,P1032,CompetitorZ,817.82,True
2025-06-23,P1032,CompetitorZ,772.78,False
2025-06-30,P1032,CompetitorZ,774.63,True
2025-07-07,P1032,CompetitorZ,816.58,True
2025-07-14,P1032,CompetitorZ,820.7,True
2025-07-21,P1032,CompetitorZ,836.9,True
2025-07-28,P1032,CompetitorZ,781.3,True
2025-08-04,P1032,CompetitorZ,789.74,True
2025-08-11,P1032,CompetitorZ,818.95,True
2025-08-18,P1032,CompetitorZ,837.36,True
2025-08-25,P1032,CompetitorZ,812.36,True
2025-09-01,P1032,CompetitorZ,786.42,False
2025-09-08,P1032,CompetitorZ,844.2,True
2025-09-15,P1032,CompetitorZ,801.34,True
2025-09-22,P1032,CompetitorZ,802.1,True
2025-09-29,P1032,CompetitorZ,772.91,True
2025-10-06,P1032,CompetitorZ,825.24,True
2025-10-13,P1032,CompetitorZ,828.36,True
2025-10-20,P1032,CompetitorZ,790.6,True
2025-10-27,P1032,CompetitorZ,850.13,True
2025-11-03,P1032,CompetitorZ,793.47,True
2025-11-10,P1032,CompetitorZ,822.85,True
2025-11-17,P1032,CompetitorZ,813.12,True
2025-11-24,P1032,CompetitorZ,758.62,True
2025-12-01,P1032,CompetitorZ,820.88,True
2025-12-08,P1032,CompetitorZ,818.7,True
2025-12-15,P1032,CompetitorZ,764.9,True
2025-12-22,P1032,CompetitorZ,844.66,True
2025-12-29,P1032,CompetitorZ,818.8,True
2024-04-29,P1032,MarketLeaderCo,729.63,True
2024-05-06,P1032,MarketLeaderCo,692.1,True
2024-05-13,P1032,MarketLeaderCo,697.05,True
2024-05-20,P1032,MarketLeaderCo,698.92,True
2024-05-27,P1032,MarketLeaderCo,690.77,True
2024-06-03,P1032,MarketLeaderCo,726.72,True
2024-06-10,P1032,MarketLeaderCo,711.38,True
2024-06-17,P1032,MarketLeaderCo,697.06,True
2024-06-24,P1032,MarketLeaderCo,676.55,True
2024-07-01,P1032,MarketLeaderCo,709.89,True
2024-07-08,P1032,MarketLeaderCo,651.76,True
2024-07-15,P1032,MarketLeaderCo,708.39,True
2024-07-22,P1032,MarketLeaderCo,731.82,True
2024-07-29,P1032,MarketLeaderCo,704.84,True
2024-08-05,P1032,MarketLeaderCo,728.93,True
2024-08-12,P1032,MarketLeaderCo,677.53,True
2024-08-19,P1032,MarketLeaderCo,746.5,True
2024-08-26,P1032,MarketLeaderCo,726.63,True
2024-09-02,P1032,MarketLeaderCo,713.52,True
2024-09-09,P1032,MarketLeaderCo,690.85,True
2024-09-16,P1032,MarketLeaderCo,687.34,False
2024-09-23,P1032,MarketLeaderCo,701.98,True
2024-09-30,P1032,MarketLeaderCo,728.86,True
2024-10-07,P1032,MarketLeaderCo,675.71,True
2024-10-14,P1032,MarketLeaderCo,703.7,True
2024-10-21,P1032,MarketLeaderCo,718.97,True
2024-10-28,P1032,MarketLeaderCo,723.09,True
2024-11-04,P1032,MarketLeaderCo,718.91,True
2024-11-11,P1032,MarketLeaderCo,673.56,True
2024-11-18,P1032,MarketLeaderCo,727.36,True
2024-11-25,P1032,MarketLeaderCo,704.89,True
2024-12-02,P1032,MarketLeaderCo,680.56,True
2024-12-09,P1032,MarketLeaderCo,702.97,True
2024-12-16,P1032,MarketLeaderCo,662.14,True
2024-12-23,P1032,MarketLeaderCo,715.68,True
2024-12-30,P1032,MarketLeaderCo,700.78,True
2025-01-06,P1032,MarketLeaderCo,676.67,True
2025-01-13,P1032,MarketLeaderCo,697.35,True
2025-01-20,P1032,MarketLeaderCo,688.55,True
2025-01-27,P1032,MarketLeaderCo,689.89,True
2025-02-03,P1032,MarketLeaderCo,655.76,True
2025-02-10,P1032,MarketLeaderCo,668.19,True
2025-02-17,P1032,MarketLeaderCo,698.63,True
2025-02-24,P1032,MarketLeaderCo,695.0,True
2025-03-03,P1032,MarketLeaderCo,724.03,True
2025-03-10,P1032,MarketLeaderCo,690.14,True
2025-03-17,P1032,MarketLeaderCo,692.35,True
2025-03-24,P1032,MarketLeaderCo,693.34,True
2025-03-31,P1032,MarketLeaderCo,699.32,True
2025-04-07,P1032,MarketLeaderCo,705.41,True
2025-04-14,P1032,MarketLeaderCo,694.9,True
2025-04-21,P1032,MarketLeaderCo,715.53,True
2025-04-28,P1032,MarketLeaderCo,752.02,True
2025-05-05,P1032,MarketLeaderCo,686.06,True
2025-05-12,P1032,MarketLeaderCo,711.74,True
2025-05-19,P1032,MarketLeaderCo,704.1,True
2025-05-26,P1032,MarketLeaderCo,725.57,True
2025-06-02,P1032,MarketLeaderCo,707.76,True
2025-06-09,P1032,MarketLeaderCo,688.14,True
2025-06-16,P1032,MarketLeaderCo,678.89,True
2025-06-23,P1032,MarketLeaderCo,716.36,True
2025-06-30,P1032,MarketLeaderCo,680.6,True
2025-07-07,P1032,MarketLeaderCo,728.46,True
2025-07-14,P1032,MarketLeaderCo,715.15,True
2025-07-21,P1032,MarketLeaderCo,705.31,True
2025-07-28,P1032,MarketLeaderCo,675.78,False
2025-08-04,P1032,MarketLeaderCo,717.73,True
2025-08-11,P1032,MarketLeaderCo,737.6,True
2025-08-18,P1032,MarketLeaderCo,694.5,True
2025-08-25,P1032,MarketLeaderCo,687.82,True
2025-09-01,P1032,MarketLeaderCo,701.53,True
2025-09-08,P1032,MarketLeaderCo,713.33,True
2025-09-15,P1032,MarketLeaderCo,692.26,True
2025-09-22,P1032,MarketLeaderCo,722.45,True
2025-09-29,P1032,MarketLeaderCo,743.8,True
2025-10-06,P1032,MarketLeaderCo,710.45,True
2025-10-13,P1032,MarketLeaderCo,696.62,True
2025-10-20,P1032,MarketLeaderCo,712.76,True
2025-10-27,P1032,MarketLeaderCo,728.32,True
2025-11-03,P1032,MarketLeaderCo,706.84,True
2025-11-10,P1032,MarketLeaderCo,713.71,True
2025-11-17,P1032,MarketLeaderCo,718.35,True
2025-11-24,P1032,MarketLeaderCo,685.0,True
2025-12-01,P1032,MarketLeaderCo,713.17,True
2025-12-08,P1032,MarketLeaderCo,675.15,True
2025-12-15,P1032,MarketLeaderCo,689.58,True
2025-12-22,P1032,MarketLeaderCo,727.65,True
2025-12-29,P1032,MarketLeaderCo,721.86,True
2024-03-11,P1033,MarketLeaderCo,203.47,True
2024-03-18,P1033,MarketLeaderCo,210.39,True
2024-03-25,P1033,MarketLeaderCo,206.82,True
2024-04-01,P1033,MarketLeaderCo,204.9,True
2024-04-08,P1033,MarketLeaderCo,216.85,True
2024-04-15,P1033,MarketLeaderCo,208.66,True
2024-04-22,P1033,MarketLeaderCo,204.59,True
2024-04-29,P1033,MarketLeaderCo,201.16,True
2024-05-06,P1033,MarketLeaderCo,198.92,True
2024-05-13,P1033,MarketLeaderCo,198.32,True
2024-05-20,P1033,MarketLeaderCo,198.92,True
2024-05-27,P1033,MarketLeaderCo,206.86,True
2024-06-03,P1033,MarketLeaderCo,205.02,True
2024-06-10,P1033,MarketLeaderCo,203.12,True
2024-06-17,P1033,MarketLeaderCo,209.66,False
2024-06-24,P1033,MarketLeaderCo,216.26,True
2024-07-01,P1033,MarketLeaderCo,200.06,True
2024-07-08,P1033,MarketLeaderCo,200.98,True
2024-07-15,P1033,MarketLeaderCo,191.49,True
2024-07-22,P1033,MarketLeaderCo,204.97,True
2024-07-29,P1033,MarketLeaderCo,204.34,True
2024-08-05,P1033,MarketLeaderCo,210.62,True
2024-08-12,P1033,MarketLeaderCo,204.6,True
2024-08-19,P1033,MarketLeaderCo,201.51,True
2024-08-26,P1033,MarketLeaderCo,206.32,True
2024-09-02,P1033,MarketLeaderCo,208.56,True
2024-09-09,P1033,MarketLeaderCo,195.17,True
2024-09-16,P1033,MarketLeaderCo,211.33,True
2024-09-23,P1033,MarketLeaderCo,213.17,True
2024-09-30,P1033,MarketLeaderCo,208.5,False
2024-10-07,P1033,MarketLeaderCo,199.38,True
2024-10-14,P1033,MarketLeaderCo,203.12,True
2024-10-21,P1033,MarketLeaderCo,212.41,True
2024-10-28,P1033,MarketLeaderCo,199.11,True
2024-11-04,P1033,MarketLeaderCo,209.0,True
2024-11-11,P1033,MarketLeaderCo,204.82,True
2024-11-18,P1033,MarketLeaderCo,206.12,True
2024-11-25,P1033,MarketLeaderCo,199.99,True
2024-12-02,P1033,MarketLeaderCo,207.16,True
2024-12-09,P1033,MarketLeaderCo,206.72,True
2024-12-16,P1033,MarketLeaderCo,195.84,True
2024-12-23,P1033,MarketLeaderCo,205.1,True
2024-12-30,P1033,MarketLeaderCo,208.91,True
2025-01-06,P1033,MarketLeaderCo,202.76,True
2025-01-13,P1033,MarketLeaderCo,190.07,True
2025-01-20,P1033,MarketLeaderCo,204.42,True
2025-01-27,P1033,MarketLeaderCo,214.15,True
2025-02-03,P1033,MarketLeaderCo,203.01,True
2025-02-10,P1033,MarketLeaderCo,213.92,True
2025-02-17,P1033,MarketLeaderCo,200.13,True
2025-02-24,P1033,MarketLeaderCo,197.99,True
2025-03-03,P1033,MarketLeaderCo,205.1,True
2025-03-10,P1033,MarketLeaderCo,200.07,True
2025-03-17,P1033,MarketLeaderCo,207.16,True
2025-03-24,P1033,MarketLeaderCo,202.84,True
2025-03-31,P1033,MarketLeaderCo,214.2,True
2025-04-07,P1033,MarketLeaderCo,202.41,True
2025-04-14,P1033,MarketLeaderCo,205.68,True
2025-04-21,P1033,MarketLeaderCo,208.8,True
2025-04-28,P1033,MarketLeaderCo,211.01,True
2025-05-05,P1033,MarketLeaderCo,214.24,True
2025-05-12,P1033,MarketLeaderCo,203.68,True
2025-05-19,P1033,MarketLeaderCo,202.67,True
2025-05-26,P1033,MarketLeaderCo,193.35,True
2025-06-02,P1033,MarketLeaderCo,217.69,True
2025-06-09,P1033,MarketLeaderCo,207.35,True
2025-06-16,P1033,MarketLeaderCo,209.76,True
2025-06-23,P1033,MarketLeaderCo,208.55,True
2025-06-30,P1033,MarketLeaderCo,205.43,True
2025-07-07,P1033,MarketLeaderCo,207.29,True
2025-07-14,P1033,MarketLeaderCo,201.69,True
2025-07-21,P1033,MarketLeaderCo,203.27,False
2025-07-28,P1033,MarketLeaderCo,199.28,True
2025-08-04,P1033,MarketLeaderCo,214.71,True
2025-08-11,P1033,MarketLeaderCo,208.58,True
2025-08-18,P1033,MarketLeaderCo,217.29,True
2025-08-25,P1033,MarketLeaderCo,219.26,True
2025-09-01,P1033,MarketLeaderCo,196.49,True
2025-09-08,P1033,MarketLeaderCo,211.19,True
2025-09-15,P1033,MarketLeaderCo,196.77,True
2025-09-22,P1033,MarketLeaderCo,206.22,True
2025-09-29,P1033,MarketLeaderCo,207.07,True
2025-10-06,P1033,MarketLeaderCo,197.21,True
2025-10-13,P1033,MarketLeaderCo,200.59,True
2025-10-20,P1033,MarketLeaderCo,207.35,True
2025-10-27,P1033,MarketLeaderCo,206.21,True
2025-11-03,P1033,MarketLeaderCo,198.86,True
2025-11-10,P1033,MarketLeaderCo,200.83,True
2025-11-17,P1033,MarketLeaderCo,195.95,True
2025-11-24,P1033,MarketLeaderCo,197.73,True
2025-12-01,P1033,MarketLeaderCo,202.84,True
2025-12-08,P1033,MarketLeaderCo,211.21,True
2025-12-15,P1033,MarketLeaderCo,211.99,True
2025-12-22,P1033,MarketLeaderCo,216.41,True
2025-12-29,P1033,MarketLeaderCo,207.74,True
2024-03-11,P1033,CompetitorY,227.22,True
2024-03-18,P1033,CompetitorY,241.89,True
2024-03-25,P1033,CompetitorY,224.14,True
2024-04-01,P1033,CompetitorY,250.11,True
2024-04-08,P1033,CompetitorY,241.98,True
2024-04-15,P1033,CompetitorY,255.56,True
2024-04-22,P1033,CompetitorY,238.58,True
2024-04-29,P1033,CompetitorY,242.33,True
2024-05-06,P1033,CompetitorY,233.86,True
2024-05-13,P1033,CompetitorY,235.51,False
2024-05-20,P1033,CompetitorY,228.38,True
2024-05-27,P1033,CompetitorY,225.58,False
2024-06-03,P1033,CompetitorY,237.16,False
2024-06-10,P1033,CompetitorY,235.47,True
2024-06-17,P1033,CompetitorY,228.21,True
2024-06-24,P1033,CompetitorY,229.46,True
2024-07-01,P1033,CompetitorY,236.05,True
2024-07-08,P1033,CompetitorY,228.09,True
2024-07-15,P1033,CompetitorY,238.34,True
2024-07-22,P1033,CompetitorY,228.31,True
2024-07-29,P1033,CompetitorY,237.63,True
2024-08-05,P1033,CompetitorY,227.68,True
2024-08-12,P1033,CompetitorY,227.71,True
2024-08-19,P1033,CompetitorY,219.11,True
2024-08-26,P1033,CompetitorY,234.69,True
2024-09-02,P1033,CompetitorY,246.11,True
2024-09-09,P1033,CompetitorY,245.71,True
2024-09-16,P1033,CompetitorY,238.11,True
2024-09-23,P1033,CompetitorY,221.66,True
2024-09-30,P1033,CompetitorY,241.79,True
2024-10-07,P1033,CompetitorY,237.42,True
2024-10-14,P1033,CompetitorY,232.94,True
2024-10-21,P1033,CompetitorY,244.36,True
2024-10-28,P1033,CompetitorY,240.17,True
2024-11-04,P1033,CompetitorY,249.7,True
2024-11-11,P1033,CompetitorY,225.88,True
2024-11-18,P1033,CompetitorY,226.43,True
2024-11-25,P1033,CompetitorY,227.62,True
2024-12-02,P1033,CompetitorY,233.8,True
2024-12-09,P1033,CompetitorY,247.06,True
2024-12-16,P1033,CompetitorY,231.41,True
2024-12-23,P1033,CompetitorY,231.56,True
2024-12-30,P1033,CompetitorY,238.77,True
2025-01-06,P1033,CompetitorY,241.79,True
2025-01-13,P1033,CompetitorY,220.0,True
2025-01-20,P1033,CompetitorY,243.18,True
2025-01-27,P1033,CompetitorY,231.19,False
2025-02-03,P1033,CompetitorY,235.1,False
2025-02-10,P1033,CompetitorY,245.85,True
2025-02-17,P1033,CompetitorY,234.29,True
2025-02-24,P1033,CompetitorY,224.98,True
2025-03-03,P1033,CompetitorY,225.39,True
2025-03-10,P1033,CompetitorY,235.61,True
2025-03-17,P1033,CompetitorY,233.46,True
2025-03-24,P1033,CompetitorY,236.24,False
2025-03-31,P1033,CompetitorY,232.98,True
2025-04-07,P1033,CompetitorY,244.6,True
2025-04-14,P1033,CompetitorY,236.0,True
2025-04-21,P1033,CompetitorY,223.35,True
2025-04-28,P1033,CompetitorY,241.6,True
2025-05-05,P1033,CompetitorY,249.31,True
2025-05-12,P1033,CompetitorY,236.92,True
2025-05-19,P1033,CompetitorY,237.47,True
2025-05-26,P1033,CompetitorY,230.3,True
2025-06-02,P1033,CompetitorY,234.11,True
2025-06-09,P1033,CompetitorY,239.38,True
2025-06-16,P1033,CompetitorY,243.83,True
2025-06-23,P1033,CompetitorY,238.98,True
2025-06-30,P1033,CompetitorY,248.68,True
2025-07-07,P1033,CompetitorY,236.52,True
2025-07-14,P1033,CompetitorY,227.89,True
2025-07-21,P1033,CompetitorY,228.09,False
2025-07-28,P1033,CompetitorY,244.55,True
2025-08-04,P1033,CompetitorY,242.95,True
2025-08-11,P1033,CompetitorY,224.19,True
2025-08-18,P1033,CompetitorY,234.34,True
2025-08-25,P1033,CompetitorY,234.6,True
2025-09-01,P1033,CompetitorY,230.5,True
2025-09-08,P1033,CompetitorY,225.84,True
2025-09-15,P1033,CompetitorY,230.35,True
2025-09-22,P1033,CompetitorY,229.08,True
2025-09-29,P1033,CompetitorY,226.01,True
2025-10-06,P1033,CompetitorY,241.69,True
2025-10-13,P1033,CompetitorY,237.82,True
2025-10-20,P1033,CompetitorY,232.54,True
2025-10-27,P1033,CompetitorY,221.17,True
2025-11-03,P1033,CompetitorY,233.7,True
2025-11-10,P1033,CompetitorY,239.51,True
2025-11-17,P1033,CompetitorY,230.61,True
2025-11-24,P1033,CompetitorY,227.69,True
2025-12-01,P1033,CompetitorY,234.95,True
2025-12-08,P1033,CompetitorY,238.19,True
2025-12-15,P1033,CompetitorY,221.67,True
2025-12-22,P1033,CompetitorY,245.4,True
2025-12-29,P1033,CompetitorY,226.98,True
2024-07-15,P1034,CompetitorX,340.43,True
2024-07-22,P1034,CompetitorX,348.11,True
2024-07-29,P1034,CompetitorX,352.59,True
2024-08-05,P1034,CompetitorX,360.49,True
2024-08-12,P1034,CompetitorX,359.34,True
2024-08-19,P1034,CompetitorX,337.61,False
2024-08-26,P1034,CompetitorX,327.53,True
2024-09-02,P1034,CompetitorX,338.26,True
2024-09-09,P1034,CompetitorX,354.91,True
2024-09-16,P1034,CompetitorX,340.77,True
2024-09-23,P1034,CompetitorX,344.55,True
2024-09-30,P1034,CompetitorX,339.04,True
2024-10-07,P1034,CompetitorX,361.16,True
2024-10-14,P1034,CompetitorX,334.31,True
2024-10-21,P1034,CompetitorX,345.49,True
2024-10-28,P1034,CompetitorX,356.26,True
2024-11-04,P1034,CompetitorX,363.85,False
2024-11-11,P1034,CompetitorX,337.61,True
2024-11-18,P1034,CompetitorX,354.74,True
2024-11-25,P1034,CompetitorX,338.26,True
2024-12-02,P1034,CompetitorX,359.05,True
2024-12-09,P1034,CompetitorX,362.69,True
2024-12-16,P1034,CompetitorX,335.6,True
2024-12-23,P1034,CompetitorX,351.56,True
2024-12-30,P1034,CompetitorX,356.32,True
2025-01-06,P1034,CompetitorX,341.76,True
2025-01-13,P1034,CompetitorX,350.47,True
2025-01-20,P1034,CompetitorX,351.01,True
2025-01-27,P1034,CompetitorX,365.59,True
2025-02-03,P1034,CompetitorX,324.41,True
2025-02-10,P1034,CompetitorX,344.22,True
2025-02-17,P1034,CompetitorX,331.87,True
2025-02-24,P1034,CompetitorX,344.94,True
2025-03-03,P1034,CompetitorX,336.7,True
2025-03-10,P1034,CompetitorX,342.16,True
2025-03-17,P1034,CompetitorX,335.76,True
2025-03-24,P1034,CompetitorX,346.41,True
2025-03-31,P1034,CompetitorX,355.91,True
2025-04-07,P1034,CompetitorX,340.95,True
2025-04-14,P1034,CompetitorX,359.6,True
2025-04-21,P1034,CompetitorX,355.6,True
2025-04-28,P1034,CompetitorX,365.84,True
2025-05-05,P1034,CompetitorX,349.06,True
2025-05-12,P1034,CompetitorX,344.16,True
2025-05-19,P1034,CompetitorX,328.4,True
2025-05-26,P1034,CompetitorX,336.72,True
2025-06-02,P1034,CompetitorX,342.65,True
2025-06-09,P1034,CompetitorX,343.88,True
2025-06-16,P1034,CompetitorX,369.1,True
2025-06-23,P1034,CompetitorX,342.66,True
2025-06-30,P1034,CompetitorX,326.51,True
2025-07-07,P1034,CompetitorX,351.68,True
2025-07-14,P1034,CompetitorX,351.07,True
2025-07-21,P1034,CompetitorX,340.05,True
2025-07-28,P1034,CompetitorX,366.81,True
2025-08-04,P1034,CompetitorX,325.18,True
2025-08-11,P1034,CompetitorX,357.73,True
2025-08-18,P1034,CompetitorX,341.79,True
2025-08-25,P1034,CompetitorX,334.97,True
2025-09-01,P1034,CompetitorX,369.63,True
2025-09-08,P1034,CompetitorX,352.42,True
2025-09-15,P1034,CompetitorX,341.71,True
2025-09-22,P1034,CompetitorX,341.5,True
2025-09-29,P1034,CompetitorX,347.65,True
2025-10-06,P1034,CompetitorX,340.02,True
2025-10-13,P1034,CompetitorX,358.24,True
2025-10-20,P1034,CompetitorX,345.71,True
2025-10-27,P1034,CompetitorX,355.33,True
2025-11-03,P1034,CompetitorX,346.95,True
2025-11-10,P1034,CompetitorX,353.8,True
2025-11-17,P1034,CompetitorX,358.72,True
2025-11-24,P1034,CompetitorX,362.19,True
2025-12-01,P1034,CompetitorX,349.88,False
2025-12-08,P1034,CompetitorX,335.84,True
2025-12-15,P1034,CompetitorX,343.02,True
2025-12-22,P1034,CompetitorX,344.53,True
2025-12-29,P1034,CompetitorX,338.87,True
2024-07-15,P1034,MarketLeaderCo,348.34,True
2024-07-22,P1034,MarketLeaderCo,346.12,True
2024-07-29,P1034,MarketLeaderCo,357.53,True
2024-08-05,P1034,MarketLeaderCo,331.04,True
2024-08-12,P1034,MarketLeaderCo,345.37,True
2024-08-19,P1034,MarketLeaderCo,347.74,True
2024-08-26,P1034,MarketLeaderCo,346.82,True
2024-09-02,P1034,MarketLeaderCo,346.72,True
2024-09-09,P1034,MarketLeaderCo,345.48,True
2024-09-16,P1034,MarketLeaderCo,358.8,True
2024-09-23,P1034,MarketLeaderCo,356.28,True
2024-09-30,P1034,MarketLeaderCo,368.54,True
2024-10-07,P1034,MarketLeaderCo,358.83,True
2024-10-14,P1034,MarketLeaderCo,339.08,True
2024-10-21,P1034,MarketLeaderCo,348.83,True
2024-10-28,P1034,MarketLeaderCo,347.72,True
2024-11-04,P1034,MarketLeaderCo,353.31,True
2024-11-11,P1034,MarketLeaderCo,362.12,False
2024-11-18,P1034,MarketLeaderCo,352.58,True
2024-11-25,P1034,MarketLeaderCo,352.6,False
2024-12-02,P1034,MarketLeaderCo,350.73,True
2024-12-09,P1034,MarketLeaderCo,359.15,True
2024-12-16,P1034,MarketLeaderCo,344.64,True
2024-12-23,P1034,MarketLeaderCo,335.3,True
2024-12-30,P1034,MarketLeaderCo,357.4,True
2025-01-06,P1034,MarketLeaderCo,354.57,True
2025-01-13,P1034,MarketLeaderCo,364.54,False
2025-01-20,P1034,MarketLeaderCo,325.08,False
2025-01-27,P1034,MarketLeaderCo,349.57,True
2025-02-03,P1034,MarketLeaderCo,351.74,True
2025-02-10,P1034,MarketLeaderCo,334.73,False
2025-02-17,P1034,MarketLeaderCo,349.71,True
2025-02-24,P1034,MarketLeaderCo,363.11,True
2025-03-03,P1034,MarketLeaderCo,372.57,True
2025-03-10,P1034,MarketLeaderCo,360.96,False
2025-03-17,P1034,MarketLeaderCo,347.21,True
2025-03-24,P1034,MarketLeaderCo,363.89,True
2025-03-31,P1034,MarketLeaderCo,360.21,True
2025-04-07,P1034,MarketLeaderCo,345.53,False
2025-04-14,P1034,MarketLeaderCo,344.5,True
2025-04-21,P1034,MarketLeaderCo,348.85,True
2025-04-28,P1034,MarketLeaderCo,339.57,True
2025-05-05,P1034,MarketLeaderCo,347.35,True
2025-05-12,P1034,MarketLeaderCo,355.74,True
2025-05-19,P1034,MarketLeaderCo,361.55,True
2025-05-26,P1034,MarketLeaderCo,346.64,True
2025-06-02,P1034,MarketLeaderCo,365.23,True
2025-06-09,P1034,MarketLeaderCo,357.46,True
2025-06-16,P1034,MarketLeaderCo,357.94,False
2025-06-23,P1034,MarketLeaderCo,340.96,True
2025-06-30,P1034,MarketLeaderCo,369.64,True
2025-07-07,P1034,MarketLeaderCo,356.44,True
2025-07-14,P1034,MarketLeaderCo,347.12,True
2025-07-21,P1034,MarketLeaderCo,345.27,True
2025-07-28,P1034,MarketLeaderCo,347.36,True
2025-08-04,P1034,MarketLeaderCo,339.91,True
2025-08-11,P1034,MarketLeaderCo,361.02,True
2025-08-18,P1034,MarketLeaderCo,340.99,True
2025-08-25,P1034,MarketLeaderCo,353.67,True
2025-09-01,P1034,MarketLeaderCo,345.89,True
2025-09-08,P1034,MarketLeaderCo,357.68,True
2025-09-15,P1034,MarketLeaderCo,359.11,True
2025-09-22,P1034,MarketLeaderCo,343.85,True
2025-09-29,P1034,MarketLeaderCo,350.27,True
2025-10-06,P1034,MarketLeaderCo,335.44,True
2025-10-13,P1034,MarketLeaderCo,368.51,True
2025-10-20,P1034,MarketLeaderCo,361.86,True
2025-10-27,P1034,MarketLeaderCo,335.94,True
2025-11-03,P1034,MarketLeaderCo,341.5,True
2025-11-10,P1034,MarketLeaderCo,349.2,False
2025-11-17,P1034,MarketLeaderCo,351.03,True
2025-11-24,P1034,MarketLeaderCo,343.41,True
2025-12-01,P1034,MarketLeaderCo,338.58,True
2025-12-08,P1034,MarketLeaderCo,354.78,False
2025-12-15,P1034,MarketLeaderCo,368.92,False
2025-12-22,P1034,MarketLeaderCo,351.2,True
2025-12-29,P1034,MarketLeaderCo,347.55,True
2024-07-15,P1034,CompetitorZ,321.3,True
2024-07-22,P1034,CompetitorZ,320.19,True
2024-07-29,P1034,CompetitorZ,312.25,True
2024-08-05,P1034,CompetitorZ,343.22,True
2024-08-12,P1034,CompetitorZ,330.99,True
2024-08-19,P1034,CompetitorZ,340.98,True
2024-08-26,P1034,CompetitorZ,329.91,True
2024-09-02,P1034,CompetitorZ,340.04,True
2024-09-09,P1034,CompetitorZ,328.75,True
2024-09-16,P1034,CompetitorZ,332.25,True
2024-09-23,P1034,CompetitorZ,304.36,True
2024-09-30,P1034,CompetitorZ,316.25,True
2024-10-07,P1034,CompetitorZ,325.53,True
2024-10-14,P1034,CompetitorZ,325.77,True
2024-10-21,P1034,CompetitorZ,324.42,True
2024-10-28,P1034,CompetitorZ,329.59,True
2024-11-04,P1034,CompetitorZ,329.99,True
2024-11-11,P1034,CompetitorZ,333.61,True
2024-11-18,P1034,CompetitorZ,331.7,True
2024-11-25,P1034,CompetitorZ,336.92,True
2024-12-02,P1034,CompetitorZ,337.0,True
2024-12-09,P1034,CompetitorZ,326.87,True
2024-12-16,P1034,CompetitorZ,345.48,True
2024-12-23,P1034,CompetitorZ,338.43,True
2024-12-30,P1034,CompetitorZ,317.3,True
2025-01-06,P1034,CompetitorZ,329.0,True
2025-01-13,P1034,CompetitorZ,307.2,True
2025-01-20,P1034,CompetitorZ,308.84,True
2025-01-27,P1034,CompetitorZ,320.3,True
2025-02-03,P1034,CompetitorZ,316.63,True
2025-02-10,P1034,CompetitorZ,320.36,True
2025-02-17,P1034,CompetitorZ,328.37,True
2025-02-24,P1034,CompetitorZ,337.12,True
2025-03-03,P1034,CompetitorZ,336.6,True
2025-03-10,P1034,CompetitorZ,329.2,True
2025-03-17,P1034,CompetitorZ,314.56,True
2025-03-24,P1034,CompetitorZ,319.73,True
2025-03-31,P1034,CompetitorZ,331.39,True
2025-04-07,P1034,CompetitorZ,317.11,True
2025-04-14,P1034,CompetitorZ,312.81,True
2025-04-21,P1034,CompetitorZ,329.97,True
2025-04-28,P1034,CompetitorZ,324.7,True
2025-05-05,P1034,CompetitorZ,323.11,True
2025-05-12,P1034,CompetitorZ,336.0,True
2025-05-19,P1034,CompetitorZ,335.79,True
2025-05-26,P1034,CompetitorZ,342.54,True
2025-06-02,P1034,CompetitorZ,318.82,True
2025-06-09,P1034,CompetitorZ,329.36,True
2025-06-16,P1034,CompetitorZ,325.36,True
2025-06-23,P1034,CompetitorZ,328.47,True
2025-06-30,P1034,CompetitorZ,314.1,True
2025-07-07,P1034,CompetitorZ,311.49,True
2025-07-14,P1034,CompetitorZ,324.78,True
2025-07-21,P1034,CompetitorZ,316.95,True
2025-07-28,P1034,CompetitorZ,334.32,True
2025-08-04,P1034,CompetitorZ,310.53,True
2025-08-11,P1034,CompetitorZ,311.34,True
2025-08-18,P1034,CompetitorZ,321.11,True
2025-08-25,P1034,CompetitorZ,310.17,True
2025-09-01,P1034,CompetitorZ,341.52,True
2025-09-08,P1034,CompetitorZ,323.39,True
2025-09-15,P1034,CompetitorZ,319.29,True
2025-09-22,P1034,CompetitorZ,329.73,True
2025-09-29,P1034,CompetitorZ,333.79,False
2025-10-06,P1034,CompetitorZ,327.19,True
2025-10-13,P1034,CompetitorZ,324.51,True
2025-10-20,P1034,CompetitorZ,315.58,True
2025-10-27,P1034,CompetitorZ,331.32,True
2025-11-03,P1034,CompetitorZ,338.99,True
2025-11-10,P1034,CompetitorZ,323.03,True
2025-11-17,P1034,CompetitorZ,316.89,True
2025-11-24,P1034,CompetitorZ,326.94,True
2025-12-01,P1034,CompetitorZ,325.2,True
2025-12-08,P1034,CompetitorZ,313.3,True
2025-12-15,P1034,CompetitorZ,320.27,True
2025-12-22,P1034,CompetitorZ,342.62,True
2025-12-29,P1034,CompetitorZ,312.02,True
2024-03-04,P1035,CompetitorX,304.07,True
2024-03-11,P1035,CompetitorX,293.29,True
2024-03-18,P1035,CompetitorX,300.69,True
2024-03-25,P1035,CompetitorX,293.2,True
2024-04-01,P1035,CompetitorX,289.67,True
2024-04-08,P1035,CompetitorX,299.19,True
2024-04-15,P1035,CompetitorX,287.03,True
2024-04-22,P1035,CompetitorX,314.17,True
2024-04-29,P1035,CompetitorX,284.46,True
2024-05-06,P1035,CompetitorX,299.81,True
2024-05-13,P1035,CompetitorX,298.62,True
2024-05-20,P1035,CompetitorX,297.83,True
2024-05-27,P1035,CompetitorX,310.51,True
2024-06-03,P1035,CompetitorX,273.32,False
2024-06-10,P1035,CompetitorX,300.95,True
2024-06-17,P1035,CompetitorX,294.84,True
2024-06-24,P1035,CompetitorX,302.49,True
2024-07-01,P1035,CompetitorX,297.77,True
2024-07-08,P1035,CompetitorX,296.61,True
2024-07-15,P1035,CompetitorX,286.51,True
2024-07-22,P1035,CompetitorX,291.28,True
2024-07-29,P1035,CompetitorX,325.21,True
2024-08-05,P1035,CompetitorX,302.57,True
2024-08-12,P1035,CompetitorX,306.67,True
2024-08-19,P1035,CompetitorX,294.14,True
2024-08-26,P1035,CompetitorX,289.65,True
2024-09-02,P1035,CompetitorX,304.21,True
2024-09-09,P1035,CompetitorX,280.3,True
2024-09-16,P1035,CompetitorX,291.48,True
2024-09-23,P1035,CompetitorX,294.12,True
2024-09-30,P1035,CompetitorX,305.71,True
2024-10-07,P1035,CompetitorX,300.97,True
2024-10-14,P1035,CompetitorX,293.06,True
2024-10-21,P1035,CompetitorX,300.57,True
2024-10-28,P1035,CompetitorX,294.58,True
2024-11-04,P1035,CompetitorX,306.82,True
2024-11-11,P1035,CompetitorX,299.39,True
2024-11-18,P1035,CompetitorX,312.77,True
2024-11-25,P1035,CompetitorX,294.8,True
2024-12-02,P1035,CompetitorX,308.21,True
2024-12-09,P1035,CompetitorX,298.09,True
2024-12-16,P1035,CompetitorX,291.06,True
2024-12-23,P1035,CompetitorX,320.48,True
2024-12-30,P1035,CompetitorX,308.96,False
2025-01-06,P1035,CompetitorX,299.37,True
2025-01-13,P1035,CompetitorX,304.11,True
2025-01-20,P1035,CompetitorX,287.63,True
2025-01-27,P1035,CompetitorX,287.94,True
2025-02-03,P1035,CompetitorX,307.22,True
2025-02-10,P1035,CompetitorX,297.32,True
2025-02-17,P1035,CompetitorX,295.89,True
2025-02-24,P1035,CompetitorX,294.71,True
2025-03-03,P1035,CompetitorX,298.64,True
2025-03-10,P1035,CompetitorX,295.01,True
2025-03-17,P1035,CompetitorX,279.16,True
2025-03-24,P1035,CompetitorX,309.91,True
2025-03-31,P1035,CompetitorX,296.29,True
2025-04-07,P1035,CompetitorX,313.62,True
2025-04-14,P1035,CompetitorX,281.56,True
2025-04-21,P1035,CompetitorX,281.53,True
2025-04-28,P1035,CompetitorX,294.82,True
2025-05-05,P1035,CompetitorX,306.0,True
2025-05-12,P1035,CompetitorX,286.4,True
2025-05-19,P1035,CompetitorX,286.06,True
2025-05-26,P1035,CompetitorX,300.6,True
2025-06-02,P1035,CompetitorX,294.49,True
2025-06-09,P1035,CompetitorX,302.13,True
2025-06-16,P1035,CompetitorX,294.65,True
2025-06-23,P1035,CompetitorX,300.72,True
2025-06-30,P1035,CompetitorX,309.46,True
2025-07-07,P1035,CompetitorX,286.42,True
2025-07-14,P1035,CompetitorX,307.85,True
2025-07-21,P1035,CompetitorX,282.08,True
2025-07-28,P1035,CompetitorX,302.72,False
2025-08-04,P1035,CompetitorX,309.94,True
2025-08-11,P1035,CompetitorX,292.61,True
2025-08-18,P1035,CompetitorX,303.03,True
2025-08-25,P1035,CompetitorX,292.94,True
2025-09-01,P1035,CompetitorX,302.5,True
2025-09-08,P1035,CompetitorX,277.14,True
2025-09-15,P1035,CompetitorX,298.73,True
2025-09-22,P1035,CompetitorX,300.81,True
2025-09-29,P1035,CompetitorX,309.27,True
2025-10-06,P1035,CompetitorX,305.53,True
2025-10-13,P1035,CompetitorX,295.84,False
2025-10-20,P1035,CompetitorX,299.67,True
2025-10-27,P1035,CompetitorX,284.38,True
2025-11-03,P1035,CompetitorX,311.94,True
2025-11-10,P1035,CompetitorX,303.44,True
2025-11-17,P1035,CompetitorX,280.68,True
2025-11-24,P1035,CompetitorX,299.47,True
2025-12-01,P1035,CompetitorX,300.16,True
2025-12-08,P1035,CompetitorX,290.38,True
2025-12-15,P1035,CompetitorX,298.14,True
2025-12-22,P1035,CompetitorX,289.48,True
2025-12-29,P1035,CompetitorX,284.75,True
2024-03-04,P1035,MarketLeaderCo,333.89,True
2024-03-11,P1035,MarketLeaderCo,326.0,True
2024-03-18,P1035,MarketLeaderCo,336.31,True
2024-03-25,P1035,MarketLeaderCo,339.1,True
2024-04-01,P1035,MarketLeaderCo,339.66,True
2024-04-08,P1035,MarketLeaderCo,343.64,True
2024-04-15,P1035,MarketLeaderCo,330.86,True
2024-04-22,P1035,MarketLeaderCo,331.48,True
2024-04-29,P1035,MarketLeaderCo,338.65,True
2024-05-06,P1035,MarketLeaderCo,342.26,True
2024-05-13,P1035,MarketLeaderCo,320.38,True
2024-05-20,P1035,MarketLeaderCo,336.52,True
2024-05-27,P1035,MarketLeaderCo,329.43,True
2024-06-03,P1035,MarketLeaderCo,334.25,True
2024-06-10,P1035,MarketLeaderCo,329.81,True
2024-06-17,P1035,MarketLeaderCo,326.15,True
2024-06-24,P1035,MarketLeaderCo,323.19,False
2024-07-01,P1035,MarketLeaderCo,331.87,True
2024-07-08,P1035,MarketLeaderCo,336.97,True
2024-07-15,P1035,MarketLeaderCo,327.35,True
2024-07-22,P1035,MarketLeaderCo,345.28,True
2024-07-29,P1035,MarketLeaderCo,357.97,True
2024-08-05,P1035,MarketLeaderCo,337.51,True
2024-08-12,P1035,MarketLeaderCo,332.97,True
2024-08-19,P1035,MarketLeaderCo,324.26,True
2024-08-26,P1035,MarketLeaderCo,337.08,True
2024-09-02,P1035,MarketLeaderCo,348.15,True
2024-09-09,P1035,MarketLeaderCo,352.87,True
2024-09-16,P1035,MarketLeaderCo,347.34,True
2024-09-23,P1035,MarketLeaderCo,341.82,True
2024-09-30,P1035,MarketLeaderCo,337.48,True
2024-10-07,P1035,MarketLeaderCo,322.89,True
2024-10-14,P1035,MarketLeaderCo,332.38,True
2024-10-21,P1035,MarketLeaderCo,331.22,True
2024-10-28,P1035,MarketLeaderCo,332.45,True
2024-11-04,P1035,MarketLeaderCo,326.19,True
2024-11-11,P1035,MarketLeaderCo,340.96,False
2024-11-18,P1035,MarketLeaderCo,330.64,False
2024-11-25,P1035,MarketLeaderCo,329.83,True
2024-12-02,P1035,MarketLeaderCo,326.22,True
2024-12-09,P1035,MarketLeaderCo,335.7,True
2024-12-16,P1035,MarketLeaderCo,348.35,True
2024-12-23,P1035,MarketLeaderCo,333.28,True
2024-12-30,P1035,MarketLeaderCo,336.2,True
2025-01-06,P1035,MarketLeaderCo,352.74,False
2025-01-13,P1035,MarketLeaderCo,345.42,True
2025-01-20,P1035,MarketLeaderCo,339.26,True
2025-01-27,P1035,MarketLeaderCo,338.84,True
2025-02-03,P1035,MarketLeaderCo,327.35,True
2025-02-10,P1035,MarketLeaderCo,326.37,True
2025-02-17,P1035,MarketLeaderCo,334.8,True
2025-02-24,P1035,MarketLeaderCo,335.05,True
2025-03-03,P1035,MarketLeaderCo,324.88,True
2025-03-10,P1035,MarketLeaderCo,340.41,True
2025-03-17,P1035,MarketLeaderCo,330.61,True
2025-03-24,P1035,MarketLeaderCo,344.66,True
2025-03-31,P1035,MarketLeaderCo,332.83,True
2025-04-07,P1035,MarketLeaderCo,331.94,True
2025-04-14,P1035,MarketLeaderCo,324.01,True
2025-04-21,P1035,MarketLeaderCo,325.1,True
2025-04-28,P1035,MarketLeaderCo,346.56,True
2025-05-05,P1035,MarketLeaderCo,336.07,True
2025-05-12,P1035,MarketLeaderCo,337.27,True
2025-05-19,P1035,MarketLeaderCo,349.39,True
2025-05-26,P1035,MarketLeaderCo,320.2,True
2025-06-02,P1035,MarketLeaderCo,340.09,True
2025-06-09,P1035,MarketLeaderCo,317.5,True
2025-06-16,P1035,MarketLeaderCo,329.0,True
2025-06-23,P1035,MarketLeaderCo,321.93,True
2025-06-30,P1035,MarketLeaderCo,341.97,True
2025-07-07,P1035,MarketLeaderCo,314.48,True
2025-07-14,P1035,MarketLeaderCo,331.08,True
2025-07-21,P1035,MarketLeaderCo,321.79,True
2025-07-28,P1035,MarketLeaderCo,324.83,True
2025-08-04,P1035,MarketLeaderCo,326.37,True
2025-08-11,P1035,MarketLeaderCo,346.57,True
2025-08-18,P1035,MarketLeaderCo,330.03,True
2025-08-25,P1035,MarketLeaderCo,350.66,True
2025-09-01,P1035,MarketLeaderCo,352.75,True
2025-09-08,P1035,MarketLeaderCo,354.52,True
2025-09-15,P1035,MarketLeaderCo,332.79,True
2025-09-22,P1035,MarketLeaderCo,335.48,True
2025-09-29,P1035,MarketLeaderCo,337.16,True
2025-10-06,P1035,MarketLeaderCo,329.71,True
2025-10-13,P1035,MarketLeaderCo,337.63,True
2025-10-20,P1035,MarketLeaderCo,324.03,True
2025-10-27,P1035,MarketLeaderCo,314.62,True
2025-11-03,P1035,MarketLeaderCo,340.52,True
2025-11-10,P1035,MarketLeaderCo,329.88,True
2025-11-17,P1035,MarketLeaderCo,323.61,True
2025-11-24,P1035,MarketLeaderCo,324.88,True
2025-12-01,P1035,MarketLeaderCo,348.53,True
2025-12-08,P1035,MarketLeaderCo,338.02,True
2025-12-15,P1035,MarketLeaderCo,318.16,True
2025-12-22,P1035,MarketLeaderCo,321.51,False
2025-12-29,P1035,MarketLeaderCo,330.46,True
2024-03-04,P1035,CompetitorY,298.52,True
2024-03-11,P1035,CompetitorY,285.66,True
2024-03-18,P1035,CompetitorY,290.13,True
2024-03-25,P1035,CompetitorY,285.43,True
2024-04-01,P1035,CompetitorY,276.64,True
2024-04-08,P1035,CompetitorY,292.46,True
2024-04-15,P1035,CompetitorY,301.0,True
2024-04-22,P1035,CompetitorY,292.71,True
2024-04-29,P1035,CompetitorY,300.08,True
2024-05-06,P1035,CompetitorY,282.42,True
2024-05-13,P1035,CompetitorY,285.41,True
2024-05-20,P1035,CompetitorY,280.68,True
2024-05-27,P1035,CompetitorY,295.23,True
2024-06-03,P1035,CompetitorY,289.24,True
2024-06-10,P1035,CompetitorY,288.91,False
2024-06-17,P1035,CompetitorY,297.88,True
2024-06-24,P1035,CompetitorY,287.87,True
2024-07-01,P1035,CompetitorY,301.48,True
2024-07-08,P1035,CompetitorY,294.08,True
2024-07-15,P1035,CompetitorY,288.81,True
2024-07-22,P1035,CompetitorY,278.43,True
2024-07-29,P1035,CompetitorY,297.83,True
2024-08-05,P1035,CompetitorY,294.5,True
2024-08-12,P1035,CompetitorY,294.92,True
2024-08-19,P1035,CompetitorY,295.2,True
2024-08-26,P1035,CompetitorY,287.38,True
2024-09-02,P1035,CompetitorY,290.69,True
2024-09-09,P1035,CompetitorY,288.0,True
2024-09-16,P1035,CompetitorY,302.97,True
2024-09-23,P1035,CompetitorY,289.61,True
2024-09-30,P1035,CompetitorY,286.59,True
2024-10-07,P1035,CompetitorY,303.57,True
2024-10-14,P1035,CompetitorY,302.62,True
2024-10-21,P1035,CompetitorY,294.09,True
2024-10-28,P1035,CompetitorY,290.88,True
2024-11-04,P1035,CompetitorY,288.69,True
2024-11-11,P1035,CompetitorY,291.63,True
2024-11-18,P1035,CompetitorY,284.36,True
2024-11-25,P1035,CompetitorY,296.25,True
2024-12-02,P1035,CompetitorY,306.49,True
2024-12-09,P1035,CompetitorY,296.95,True
2024-12-16,P1035,CompetitorY,282.35,True
2024-12-23,P1035,CompetitorY,296.01,False
2024-12-30,P1035,CompetitorY,293.72,True
2025-01-06,P1035,CompetitorY,295.93,True
2025-01-13,P1035,CompetitorY,284.84,True
2025-01-20,P1035,CompetitorY,292.05,False
2025-01-27,P1035,CompetitorY,299.75,True
2025-02-03,P1035,CompetitorY,282.64,True
2025-02-10,P1035,CompetitorY,288.08,True
2025-02-17,P1035,CompetitorY,289.5,True
2025-02-24,P1035,CompetitorY,300.76,True
2025-03-03,P1035,CompetitorY,302.07,True
2025-03-10,P1035,CompetitorY,275.24,True
2025-03-17,P1035,CompetitorY,300.76,True
2025-03-24,P1035,CompetitorY,302.35,True
2025-03-31,P1035,CompetitorY,301.78,True
2025-04-07,P1035,CompetitorY,287.38,True
2025-04-14,P1035,CompetitorY,290.0,True
2025-04-21,P1035,CompetitorY,278.29,True
2025-04-28,P1035,CompetitorY,273.67,True
2025-05-05,P1035,CompetitorY,288.85,True
2025-05-12,P1035,CompetitorY,292.69,True
2025-05-19,P1035,CompetitorY,293.57,True
2025-05-26,P1035,CompetitorY,299.21,True
2025-06-02,P1035,CompetitorY,318.84,True
2025-06-09,P1035,CompetitorY,288.55,True
2025-06-16,P1035,CompetitorY,282.77,True
2025-06-23,P1035,CompetitorY,296.8,True
2025-06-30,P1035,CompetitorY,293.97,True
2025-07-07,P1035,CompetitorY,286.99,True
2025-07-14,P1035,CompetitorY,300.0,True
2025-07-21,P1035,CompetitorY,284.91,True
2025-07-28,P1035,CompetitorY,290.89,True
2025-08-04,P1035,CompetitorY,291.4,True
2025-08-11,P1035,CompetitorY,283.72,True
2025-08-18,P1035,CompetitorY,277.04,True
2025-08-25,P1035,CompetitorY,293.94,True
2025-09-01,P1035,CompetitorY,304.01,True
2025-09-08,P1035,CompetitorY,300.44,True
2025-09-15,P1035,CompetitorY,301.02,True
2025-09-22,P1035,CompetitorY,285.02,True
2025-09-29,P1035,CompetitorY,293.89,True
2025-10-06,P1035,CompetitorY,279.54,True
2025-10-13,P1035,CompetitorY,293.5,False
2025-10-20,P1035,CompetitorY,304.18,True
2025-10-27,P1035,CompetitorY,304.46,True
2025-11-03,P1035,CompetitorY,309.81,False
2025-11-10,P1035,CompetitorY,300.68,True
2025-11-17,P1035,CompetitorY,296.19,True
2025-11-24,P1035,CompetitorY,299.68,True
2025-12-01,P1035,CompetitorY,297.98,True
2025-12-08,P1035,CompetitorY,284.95,False
2025-12-15,P1035,CompetitorY,278.74,True
2025-12-22,P1035,CompetitorY,299.75,True
2025-12-29,P1035,CompetitorY,310.36,True
2024-04-15,P1036,MarketLeaderCo,511.71,True
2024-04-22,P1036,MarketLeaderCo,502.76,True
2024-04-29,P1036,MarketLeaderCo,536.21,True
2024-05-06,P1036,MarketLeaderCo,523.05,True
2024-05-13,P1036,MarketLeaderCo,516.58,True
2024-05-20,P1036,MarketLeaderCo,528.27,True
2024-05-27,P1036,MarketLeaderCo,517.82,True
2024-06-03,P1036,MarketLeaderCo,508.83,True
2024-06-10,P1036,MarketLeaderCo,521.82,True
2024-06-17,P1036,MarketLeaderCo,519.37,True
2024-06-24,P1036,MarketLeaderCo,492.14,True
2024-07-01,P1036,MarketLeaderCo,509.99,True
2024-07-08,P1036,MarketLeaderCo,500.09,True
2024-07-15,P1036,MarketLeaderCo,494.06,True
2024-07-22,P1036,MarketLeaderCo,527.1,True
2024-07-29,P1036,MarketLeaderCo,509.38,True
2024-08-05,P1036,MarketLeaderCo,536.05,True
2024-08-12,P1036,MarketLeaderCo,491.3,True
2024-08-19,P1036,MarketLeaderCo,515.17,True
2024-08-26,P1036,MarketLeaderCo,510.21,True
2024-09-02,P1036,MarketLeaderCo,495.2,True
2024-09-09,P1036,MarketLeaderCo,519.89,True
2024-09-16,P1036,MarketLeaderCo,496.57,True
2024-09-23,P1036,MarketLeaderCo,523.28,True
2024-09-30,P1036,MarketLeaderCo,531.05,True
2024-10-07,P1036,MarketLeaderCo,523.98,True
2024-10-14,P1036,MarketLeaderCo,525.95,True
2024-10-21,P1036,MarketLeaderCo,535.89,True
2024-10-28,P1036,MarketLeaderCo,519.39,True
2024-11-04,P1036,MarketLeaderCo,506.93,True
2024-11-11,P1036,MarketLeaderCo,510.31,True
2024-11-18,P1036,MarketLeaderCo,510.65,True
2024-11-25,P1036,MarketLeaderCo,503.54,False
2024-12-02,P1036,MarketLeaderCo,532.04,True
2024-12-09,P1036,MarketLeaderCo,528.03,True
2024-12-16,P1036,MarketLeaderCo,493.85,True
2024-12-23,P1036,MarketLeaderCo,506.92,True
2024-12-30,P1036,MarketLeaderCo,502.78,True
2025-01-06,P1036,MarketLeaderCo,524.76,True
2025-01-13,P1036,MarketLeaderCo,536.6,True
2025-01-20,P1036,MarketLeaderCo,526.8,True
2025-01-27,P1036,MarketLeaderCo,508.88,True
2025-02-03,P1036,MarketLeaderCo,514.84,True
2025-02-10,P1036,MarketLeaderCo,498.09,True
2025-02-17,P1036,MarketLeaderCo,499.29,True
2025-02-24,P1036,MarketLeaderCo,533.0,True
2025-03-03,P1036,MarketLeaderCo,542.33,True
2025-03-10,P1036,MarketLeaderCo,508.66,True
2025-03-17,P1036,MarketLeaderCo,520.56,True
2025-03-24,P1036,MarketLeaderCo,531.05,True
2025-03-31,P1036,MarketLeaderCo,493.86,True
2025-04-07,P1036,MarketLeaderCo,503.46,True
2025-04-14,P1036,MarketLeaderCo,550.9,True
2025-04-21,P1036,MarketLeaderCo,504.88,True
2025-04-28,P1036,MarketLeaderCo,514.17,True
2025-05-05,P1036,MarketLeaderCo,510.41,True
2025-05-12,P1036,MarketLeaderCo,488.7,True
2025-05-19,P1036,MarketLeaderCo,521.1,True
2025-05-26,P1036,MarketLeaderCo,519.42,True
2025-06-02,P1036,MarketLeaderCo,522.63,True
2025-06-09,P1036,MarketLeaderCo,518.49,True
2025-06-16,P1036,MarketLeaderCo,512.64,True
2025-06-23,P1036,MarketLeaderCo,511.74,True
2025-06-30,P1036,MarketLeaderCo,512.01,True
2025-07-07,P1036,MarketLeaderCo,504.39,True
2025-07-14,P1036,MarketLeaderCo,506.81,True
2025-07-21,P1036,MarketLeaderCo,504.65,True
2025-07-28,P1036,MarketLeaderCo,528.75,True
2025-08-04,P1036,MarketLeaderCo,524.58,True
2025-08-11,P1036,MarketLeaderCo,520.23,True
2025-08-18,P1036,MarketLeaderCo,550.1,True
2025-08-25,P1036,MarketLeaderCo,505.38,True
2025-09-01,P1036,MarketLeaderCo,537.26,True
2025-09-08,P1036,MarketLeaderCo,515.76,True
2025-09-15,P1036,MarketLeaderCo,522.26,True
2025-09-22,P1036,MarketLeaderCo,530.28,True
2025-09-29,P1036,MarketLeaderCo,512.36,True
2025-10-06,P1036,MarketLeaderCo,503.33,True
2025-10-13,P1036,MarketLeaderCo,505.9,True
2025-10-20,P1036,MarketLeaderCo,486.96,True
2025-10-27,P1036,MarketLeaderCo,529.27,True
2025-11-03,P1036,MarketLeaderCo,528.9,True
2025-11-10,P1036,MarketLeaderCo,544.51,True
2025-11-17,P1036,MarketLeaderCo,526.28,True
2025-11-24,P1036,MarketLeaderCo,530.03,True
2025-12-01,P1036,MarketLeaderCo,518.54,True
2025-12-08,P1036,MarketLeaderCo,527.06,True
2025-12-15,P1036,MarketLeaderCo,536.8,True
2025-12-22,P1036,MarketLeaderCo,522.64,True
2025-12-29,P1036,MarketLeaderCo,511.68,True
2024-04-15,P1036,CompetitorY,530.25,True
2024-04-22,P1036,CompetitorY,507.59,True
2024-04-29,P1036,CompetitorY,523.92,True
2024-05-06,P1036,CompetitorY,485.9,True
2024-05-13,P1036,CompetitorY,534.3,True
2024-05-20,P1036,CompetitorY,530.85,True
2024-05-27,P1036,CompetitorY,508.86,True
2024-06-03,P1036,CompetitorY,520.31,True
2024-06-10,P1036,CompetitorY,527.27,True
2024-06-17,P1036,CompetitorY,497.56,True
2024-06-24,P1036,CompetitorY,511.32,True
2024-07-01,P1036,CompetitorY,493.43,True
2024-07-08,P1036,CompetitorY,531.09,True
2024-07-15,P1036,CompetitorY,526.22,True
2024-07-22,P1036,CompetitorY,509.22,True
2024-07-29,P1036,CompetitorY,507.43,True
2024-08-05,P1036,CompetitorY,511.25,True
2024-08-12,P1036,CompetitorY,499.72,True
2024-08-19,P1036,CompetitorY,510.86,True
2024-08-26,P1036,CompetitorY,497.56,True
2024-09-02,P1036,CompetitorY,527.39,True
2024-09-09,P1036,CompetitorY,531.06,True
2024-09-16,P1036,CompetitorY,528.11,True
2024-09-23,P1036,CompetitorY,495.15,True
2024-09-30,P1036,CompetitorY,510.33,True
2024-10-07,P1036,CompetitorY,522.55,True
2024-10-14,P1036,CompetitorY,525.39,True
2024-10-21,P1036,CompetitorY,485.22,True
2024-10-28,P1036,CompetitorY,524.95,True
2024-11-04,P1036,CompetitorY,494.39,True
2024-11-11,P1036,CompetitorY,511.17,True
2024-11-18,P1036,CompetitorY,532.92,True
2024-11-25,P1036,CompetitorY,530.83,True
2024-12-02,P1036,CompetitorY,533.98,True
2024-12-09,P1036,CompetitorY,497.12,True
2024-12-16,P1036,CompetitorY,500.92,False
2024-12-23,P1036,CompetitorY,504.88,True
2024-12-30,P1036,CompetitorY,511.29,True
2025-01-06,P1036,CompetitorY,516.88,True
2025-01-13,P1036,CompetitorY,533.22,True
2025-01-20,P1036,CompetitorY,499.24,True
2025-01-27,P1036,CompetitorY,503.86,True
2025-02-03,P1036,CompetitorY,535.48,True
2025-02-10,P1036,CompetitorY,495.69,True
2025-02-17,P1036,CompetitorY,524.74,True
2025-02-24,P1036,CompetitorY,512.18,True
2025-03-03,P1036,CompetitorY,519.53,True
2025-03-10,P1036,CompetitorY,501.05,True
2025-03-17,P1036,CompetitorY,524.44,True
2025-03-24,P1036,CompetitorY,503.47,True
2025-03-31,P1036,CompetitorY,491.68,True
2025-04-07,P1036,CompetitorY,520.94,True
2025-04-14,P1036,CompetitorY,474.98,False
2025-04-21,P1036,CompetitorY,504.8,True
2025-04-28,P1036,CompetitorY,518.03,True
2025-05-05,P1036,CompetitorY,525.22,True
2025-05-12,P1036,CompetitorY,532.44,True
2025-05-19,P1036,CompetitorY,540.93,True
2025-05-26,P1036,CompetitorY,536.22,True
2025-06-02,P1036,CompetitorY,516.5,True
2025-06-09,P1036,CompetitorY,530.89,True
2025-06-16,P1036,CompetitorY,516.26,False
2025-06-23,P1036,CompetitorY,524.11,False
2025-06-30,P1036,CompetitorY,504.31,True
2025-07-07,P1036,CompetitorY,520.67,True
2025-07-14,P1036,CompetitorY,506.26,True
2025-07-21,P1036,CompetitorY,510.87,True
2025-07-28,P1036,CompetitorY,520.71,True
2025-08-04,P1036,CompetitorY,545.77,True
2025-08-11,P1036,CompetitorY,519.63,False
2025-08-18,P1036,CompetitorY,513.37,True
2025-08-25,P1036,CompetitorY,500.73,True
2025-09-01,P1036,CompetitorY,527.35,True
2025-09-08,P1036,CompetitorY,508.38,True
2025-09-15,P1036,CompetitorY,519.31,True
2025-09-22,P1036,CompetitorY,524.36,True
2025-09-29,P1036,CompetitorY,533.02,True
2025-10-06,P1036,CompetitorY,526.52,True
2025-10-13,P1036,CompetitorY,494.7,True
2025-10-20,P1036,CompetitorY,487.09,True
2025-10-27,P1036,CompetitorY,524.35,True
2025-11-03,P1036,CompetitorY,514.87,True
2025-11-10,P1036,CompetitorY,519.58,True
2025-11-17,P1036,CompetitorY,540.04,True
2025-11-24,P1036,CompetitorY,504.05,True
2025-12-01,P1036,CompetitorY,533.44,True
2025-12-08,P1036,CompetitorY,504.2,True
2025-12-15,P1036,CompetitorY,537.66,True
2025-12-22,P1036,CompetitorY,525.11,True
2025-12-29,P1036,CompetitorY,490.33,True
2024-04-15,P1036,CompetitorX,518.92,True
2024-04-22,P1036,CompetitorX,464.12,True
2024-04-29,P1036,CompetitorX,500.28,True
2024-05-06,P1036,CompetitorX,496.11,True
2024-05-13,P1036,CompetitorX,480.97,True
2024-05-20,P1036,CompetitorX,496.41,True
2024-05-27,P1036,CompetitorX,487.16,True
2024-06-03,P1036,CompetitorX,491.82,True
2024-06-10,P1036,CompetitorX,495.03,True
2024-06-17,P1036,CompetitorX,499.39,False
2024-06-24,P1036,CompetitorX,486.39,True
2024-07-01,P1036,CompetitorX,510.99,True
2024-07-08,P1036,CompetitorX,481.98,True
2024-07-15,P1036,CompetitorX,512.54,True
2024-07-22,P1036,CompetitorX,468.71,True
2024-07-29,P1036,CompetitorX,470.79,False
2024-08-05,P1036,CompetitorX,471.64,True
2024-08-12,P1036,CompetitorX,499.05,True
2024-08-19,P1036,CompetitorX,473.4,True
2024-08-26,P1036,CompetitorX,506.81,True
2024-09-02,P1036,CompetitorX,477.46,True
2024-09-09,P1036,CompetitorX,490.93,True
2024-09-16,P1036,CompetitorX,494.44,True
2024-09-23,P1036,CompetitorX,470.34,True
2024-09-30,P1036,CompetitorX,464.88,True
2024-10-07,P1036,CompetitorX,489.24,True
2024-10-14,P1036,CompetitorX,481.09,True
2024-10-21,P1036,CompetitorX,492.38,True
2024-10-28,P1036,CompetitorX,465.54,True
2024-11-04,P1036,CompetitorX,479.93,True
2024-11-11,P1036,CompetitorX,482.48,True
2024-11-18,P1036,CompetitorX,449.65,True
2024-11-25,P1036,CompetitorX,499.61,True
2024-12-02,P1036,CompetitorX,474.1,True
2024-12-09,P1036,CompetitorX,506.94,True
2024-12-16,P1036,CompetitorX,475.04,True
2024-12-23,P1036,CompetitorX,477.53,True
2024-12-30,P1036,CompetitorX,467.05,True
2025-01-06,P1036,CompetitorX,501.81,True
2025-01-13,P1036,CompetitorX,491.73,True
2025-01-20,P1036,CompetitorX,505.5,True
2025-01-27,P1036,CompetitorX,482.1,True
2025-02-03,P1036,CompetitorX,484.51,True
2025-02-10,P1036,CompetitorX,460.64,True
2025-02-17,P1036,CompetitorX,476.04,True
2025-02-24,P1036,CompetitorX,487.6,True
2025-03-03,P1036,CompetitorX,490.76,True
2025-03-10,P1036,CompetitorX,511.67,True
2025-03-17,P1036,CompetitorX,458.18,True
2025-03-24,P1036,CompetitorX,488.46,True
2025-03-31,P1036,CompetitorX,479.65,True
2025-04-07,P1036,CompetitorX,486.22,True
2025-04-14,P1036,CompetitorX,486.62,True
2025-04-21,P1036,CompetitorX,482.34,True
2025-04-28,P1036,CompetitorX,468.63,True
2025-05-05,P1036,CompetitorX,465.93,True
2025-05-12,P1036,CompetitorX,481.27,True
2025-05-19,P1036,CompetitorX,464.45,True
2025-05-26,P1036,CompetitorX,483.48,True
2025-06-02,P1036,CompetitorX,481.43,True
2025-06-09,P1036,CompetitorX,449.46,False
2025-06-16,P1036,CompetitorX,513.26,True
2025-06-23,P1036,CompetitorX,486.25,True
2025-06-30,P1036,CompetitorX,449.65,True
2025-07-07,P1036,CompetitorX,488.72,True
2025-07-14,P1036,CompetitorX,482.16,True
2025-07-21,P1036,CompetitorX,465.94,True
2025-07-28,P1036,CompetitorX,489.62,True
2025-08-04,P1036,CompetitorX,471.41,True
2025-08-11,P1036,CompetitorX,487.93,True
2025-08-18,P1036,CompetitorX,474.91,False
2025-08-25,P1036,CompetitorX,471.94,True
2025-09-01,P1036,CompetitorX,484.9,True
2025-09-08,P1036,CompetitorX,461.51,True
2025-09-15,P1036,CompetitorX,483.92,True
2025-09-22,P1036,CompetitorX,494.69,True
2025-09-29,P1036,CompetitorX,503.61,True
2025-10-06,P1036,CompetitorX,500.96,True
2025-10-13,P1036,CompetitorX,504.82,False
2025-10-20,P1036,CompetitorX,478.5,True
2025-10-27,P1036,CompetitorX,470.21,True
2025-11-03,P1036,CompetitorX,496.99,True
2025-11-10,P1036,CompetitorX,477.6,True
2025-11-17,P1036,CompetitorX,485.21,True
2025-11-24,P1036,CompetitorX,495.99,True
2025-12-01,P1036,CompetitorX,514.54,True
2025-12-08,P1036,CompetitorX,492.82,True
2025-12-15,P1036,CompetitorX,488.11,True
2025-12-22,P1036,CompetitorX,468.81,True
2025-12-29,P1036,CompetitorX,502.14,True
2024-04-15,P1036,CompetitorZ,419.12,True
2024-04-22,P1036,CompetitorZ,428.31,True
2024-04-29,P1036,CompetitorZ,417.85,True
2024-05-06,P1036,CompetitorZ,417.0,True
2024-05-13,P1036,CompetitorZ,409.81,True
2024-05-20,P1036,CompetitorZ,423.69,True
2024-05-27,P1036,CompetitorZ,425.48,True
2024-06-03,P1036,CompetitorZ,428.82,True
2024-06-10,P1036,CompetitorZ,414.53,True
2024-06-17,P1036,CompetitorZ,428.08,True
2024-06-24,P1036,CompetitorZ,410.16,True
2024-07-01,P1036,CompetitorZ,420.59,True
2024-07-08,P1036,CompetitorZ,427.2,True
2024-07-15,P1036,CompetitorZ,420.09,True
2024-07-22,P1036,CompetitorZ,403.54,True
2024-07-29,P1036,CompetitorZ,405.05,True
2024-08-05,P1036,CompetitorZ,426.18,True
2024-08-12,P1036,CompetitorZ,430.74,True
2024-08-19,P1036,CompetitorZ,427.68,False
2024-08-26,P1036,CompetitorZ,431.04,True
2024-09-02,P1036,CompetitorZ,419.81,True
2024-09-09,P1036,CompetitorZ,432.75,True
2024-09-16,P1036,CompetitorZ,427.64,True
2024-09-23,P1036,CompetitorZ,415.25,True
2024-09-30,P1036,CompetitorZ,429.91,True
2024-10-07,P1036,CompetitorZ,427.13,True
2024-10-14,P1036,CompetitorZ,444.62,True
2024-10-21,P1036,CompetitorZ,440.89,True
2024-10-28,P1036,CompetitorZ,422.2,True
2024-11-04,P1036,CompetitorZ,418.07,True
2024-11-11,P1036,CompetitorZ,443.18,True
2024-11-18,P1036,CompetitorZ,430.38,True
2024-11-25,P1036,CompetitorZ,421.16,True
2024-12-02,P1036,CompetitorZ,398.11,True
2024-12-09,P1036,CompetitorZ,413.78,True
2024-12-16,P1036,CompetitorZ,412.89,True
2024-12-23,P1036,CompetitorZ,421.51,True
2024-12-30,P1036,CompetitorZ,431.23,True
2025-01-06,P1036,CompetitorZ,433.17,True
2025-01-13,P1036,CompetitorZ,442.43,True
2025-01-20,P1036,CompetitorZ,435.2,True
2025-01-27,P1036,CompetitorZ,406.86,True
2025-02-03,P1036,CompetitorZ,436.46,True
2025-02-10,P1036,CompetitorZ,445.39,True
2025-02-17,P1036,CompetitorZ,444.76,True
2025-02-24,P1036,CompetitorZ,407.97,True
2025-03-03,P1036,CompetitorZ,420.95,True
2025-03-10,P1036,CompetitorZ,435.58,True
2025-03-17,P1036,CompetitorZ,408.66,True
2025-03-24,P1036,CompetitorZ,401.46,True
2025-03-31,P1036,CompetitorZ,427.36,True
2025-04-07,P1036,CompetitorZ,414.79,True
2025-04-14,P1036,CompetitorZ,402.65,True
2025-04-21,P1036,CompetitorZ,438.99,True
2025-04-28,P1036,CompetitorZ,425.46,True
2025-05-05,P1036,CompetitorZ,416.76,True
2025-05-12,P1036,CompetitorZ,411.13,True
2025-05-19,P1036,CompetitorZ,425.59,True
2025-05-26,P1036,CompetitorZ,429.92,False
2025-06-02,P1036,CompetitorZ,427.51,True
2025-06-09,P1036,CompetitorZ,404.08,False
2025-06-16,P1036,CompetitorZ,429.43,True
2025-06-23,P1036,CompetitorZ,432.19,True
2025-06-30,P1036,CompetitorZ,419.01,True
2025-07-07,P1036,CompetitorZ,436.58,False
2025-07-14,P1036,CompetitorZ,412.55,True
2025-07-21,P1036,CompetitorZ,439.77,True
2025-07-28,P1036,CompetitorZ,425.05,True
2025-08-04,P1036,CompetitorZ,417.07,True
2025-08-11,P1036,CompetitorZ,419.33,True
2025-08-18,P1036,CompetitorZ,436.07,True
2025-08-25,P1036,CompetitorZ,426.39,True
2025-09-01,P1036,CompetitorZ,431.57,True
2025-09-08,P1036,CompetitorZ,437.02,True
2025-09-15,P1036,CompetitorZ,416.69,True
2025-09-22,P1036,CompetitorZ,424.99,True
2025-09-29,P1036,CompetitorZ,420.52,True
2025-10-06,P1036,CompetitorZ,436.29,True
2025-10-13,P1036,CompetitorZ,418.52,True
2025-10-20,P1036,CompetitorZ,423.98,True
2025-10-27,P1036,CompetitorZ,452.53,True
2025-11-03,P1036,CompetitorZ,439.7,True
2025-11-10,P1036,CompetitorZ,410.22,True
2025-11-17,P1036,CompetitorZ,434.83,True
2025-11-24,P1036,CompetitorZ,432.12,True
2025-12-01,P1036,CompetitorZ,409.39,True
2025-12-08,P1036,CompetitorZ,421.98,True
2025-12-15,P1036,CompetitorZ,411.34,True
2025-12-22,P1036,CompetitorZ,392.98,True
2025-12-29,P1036,CompetitorZ,421.52,True
2024-01-22,P1037,CompetitorZ,242.04,True
2024-01-29,P1037,CompetitorZ,243.17,True
2024-02-05,P1037,CompetitorZ,267.88,False
2024-02-12,P1037,CompetitorZ,252.29,True
2024-02-19,P1037,CompetitorZ,249.43,True
2024-02-26,P1037,CompetitorZ,257.41,False
2024-03-04,P1037,CompetitorZ,261.03,True
2024-03-11,P1037,CompetitorZ,269.32,True
2024-03-18,P1037,CompetitorZ,265.27,True
2024-03-25,P1037,CompetitorZ,255.65,True
2024-04-01,P1037,CompetitorZ,240.75,True
2024-04-08,P1037,CompetitorZ,244.77,True
2024-04-15,P1037,CompetitorZ,249.31,True
2024-04-22,P1037,CompetitorZ,256.19,True
2024-04-29,P1037,CompetitorZ,253.07,True
2024-05-06,P1037,CompetitorZ,241.21,False
2024-05-13,P1037,CompetitorZ,239.85,True
2024-05-20,P1037,CompetitorZ,254.32,True
2024-05-27,P1037,CompetitorZ,253.27,True
2024-06-03,P1037,CompetitorZ,250.77,True
2024-06-10,P1037,CompetitorZ,256.01,True
2024-06-17,P1037,CompetitorZ,261.8,True
2024-06-24,P1037,CompetitorZ,254.7,True
2024-07-01,P1037,CompetitorZ,245.23,True
2024-07-08,P1037,CompetitorZ,266.86,True
2024-07-15,P1037,CompetitorZ,251.02,True
2024-07-22,P1037,CompetitorZ,252.74,True
2024-07-29,P1037,CompetitorZ,247.41,True
2024-08-05,P1037,CompetitorZ,244.22,True
2024-08-12,P1037,CompetitorZ,244.84,True
2024-08-19,P1037,CompetitorZ,243.18,True
2024-08-26,P1037,CompetitorZ,229.57,True
2024-09-02,P1037,CompetitorZ,251.17,True
2024-09-09,P1037,CompetitorZ,260.7,True
2024-09-16,P1037,CompetitorZ,244.91,True
2024-09-23,P1037,CompetitorZ,271.73,True
2024-09-30,P1037,CompetitorZ,262.85,True
2024-10-07,P1037,CompetitorZ,252.22,True
2024-10-14,P1037,CompetitorZ,243.95,True
2024-10-21,P1037,CompetitorZ,240.27,True
2024-10-28,P1037,CompetitorZ,251.5,True
2024-11-04,P1037,CompetitorZ,252.87,True
2024-11-11,P1037,CompetitorZ,250.81,True
2024-11-18,P1037,CompetitorZ,260.45,True
2024-11-25,P1037,CompetitorZ,263.69,True
2024-12-02,P1037,CompetitorZ,255.94,True
2024-12-09,P1037,CompetitorZ,256.34,True
2024-12-16,P1037,CompetitorZ,249.97,True
2024-12-23,P1037,CompetitorZ,252.32,True
2024-12-30,P1037,CompetitorZ,255.47,True
2025-01-06,P1037,CompetitorZ,249.96,True
2025-01-13,P1037,CompetitorZ,257.36,True
2025-01-20,P1037,CompetitorZ,244.36,True
2025-01-27,P1037,CompetitorZ,246.81,True
2025-02-03,P1037,CompetitorZ,244.43,True
2025-02-10,P1037,CompetitorZ,247.3,True
2025-02-17,P1037,CompetitorZ,250.18,True
2025-02-24,P1037,CompetitorZ,260.15,True
2025-03-03,P1037,CompetitorZ,252.67,True
2025-03-10,P1037,CompetitorZ,242.63,True
2025-03-17,P1037,CompetitorZ,241.74,True
2025-03-24,P1037,CompetitorZ,249.21,True
2025-03-31,P1037,CompetitorZ,258.67,True
2025-04-07,P1037,CompetitorZ,262.98,True
2025-04-14,P1037,CompetitorZ,240.31,True
2025-04-21,P1037,CompetitorZ,255.18,True
2025-04-28,P1037,CompetitorZ,249.31,True
2025-05-05,P1037,CompetitorZ,249.9,True
2025-05-12,P1037,CompetitorZ,244.3,True
2025-05-19,P1037,CompetitorZ,250.69,True
2025-05-26,P1037,CompetitorZ,243.96,True
2025-06-02,P1037,CompetitorZ,250.34,True
2025-06-09,P1037,CompetitorZ,261.05,True
2025-06-16,P1037,CompetitorZ,257.14,True
2025-06-23,P1037,CompetitorZ,266.85,False
2025-06-30,P1037,CompetitorZ,256.34,True
2025-07-07,P1037,CompetitorZ,253.68,True
2025-07-14,P1037,CompetitorZ,256.54,True
2025-07-21,P1037,CompetitorZ,246.48,True
2025-07-28,P1037,CompetitorZ,236.56,True
2025-08-04,P1037,CompetitorZ,258.38,True
2025-08-11,P1037,CompetitorZ,238.77,False
2025-08-18,P1037,CompetitorZ,260.85,True
2025-08-25,P1037,CompetitorZ,258.04,True
2025-09-01,P1037,CompetitorZ,245.93,True
2025-09-08,P1037,CompetitorZ,249.06,True
2025-09-15,P1037,CompetitorZ,252.27,True
2025-09-22,P1037,CompetitorZ,245.38,True
2025-09-29,P1037,CompetitorZ,256.45,True
2025-10-06,P1037,CompetitorZ,257.12,True
2025-10-13,P1037,CompetitorZ,241.43,True
2025-10-20,P1037,CompetitorZ,246.13,True
2025-10-27,P1037,CompetitorZ,252.08,True
2025-11-03,P1037,CompetitorZ,260.99,True
2025-11-10,P1037,CompetitorZ,257.3,True
2025-11-17,P1037,CompetitorZ,234.71,True
2025-11-24,P1037,CompetitorZ,250.15,True
2025-12-01,P1037,CompetitorZ,255.94,True
2025-12-08,P1037,CompetitorZ,246.3,True
2025-12-15,P1037,CompetitorZ,245.71,False
2025-12-22,P1037,CompetitorZ,246.7,True
2025-12-29,P1037,CompetitorZ,250.03,True
2024-01-22,P1037,CompetitorY,285.01,True
2024-01-29,P1037,CompetitorY,284.01,True
2024-02-05,P1037,CompetitorY,299.88,True
2024-02-12,P1037,CompetitorY,284.49,True
2024-02-19,P1037,CompetitorY,302.2,True
2024-02-26,P1037,CompetitorY,288.6,True
2024-03-04,P1037,CompetitorY,280.24,True
2024-03-11,P1037,CompetitorY,295.21,True
2024-03-18,P1037,CompetitorY,298.86,True
2024-03-25,P1037,CompetitorY,283.62,True
2024-04-01,P1037,CompetitorY,291.67,True
2024-04-08,P1037,CompetitorY,293.9,True
2024-04-15,P1037,CompetitorY,291.95,True
2024-04-22,P1037,CompetitorY,287.11,True
2024-04-29,P1037,CompetitorY,298.81,True
2024-05-06,P1037,CompetitorY,288.92,True
2024-05-13,P1037,CompetitorY,285.83,True
2024-05-20,P1037,CompetitorY,275.7,True
2024-05-27,P1037,CompetitorY,275.78,True
2024-06-03,P1037,CompetitorY,293.0,True
2024-06-10,P1037,CompetitorY,290.44,True
2024-06-17,P1037,CompetitorY,298.87,True
2024-06-24,P1037,CompetitorY,300.99,True
2024-07-01,P1037,CompetitorY,288.97,True
2024-07-08,P1037,CompetitorY,299.4,True
2024-07-15,P1037,CompetitorY,286.21,True
2024-07-22,P1037,CompetitorY,289.81,True
2024-07-29,P1037,CompetitorY,289.56,True
2024-08-05,P1037,CompetitorY,304.91,True
2024-08-12,P1037,CompetitorY,279.95,True
2024-08-19,P1037,CompetitorY,291.63,True
2024-08-26,P1037,CompetitorY,285.04,True
2024-09-02,P1037,CompetitorY,288.5,True
2024-09-09,P1037,CompetitorY,288.13,True
2024-09-16,P1037,CompetitorY,291.74,True
2024-09-23,P1037,CompetitorY,302.88,True
2024-09-30,P1037,CompetitorY,307.73,True
2024-10-07,P1037,CompetitorY,296.85,True
2024-10-14,P1037,CompetitorY,282.56,True
2024-10-21,P1037,CompetitorY,289.59,True
2024-10-28,P1037,CompetitorY,293.39,True
2024-11-04,P1037,CompetitorY,287.56,True
2024-11-11,P1037,CompetitorY,288.69,True
2024-11-18,P1037,CompetitorY,290.49,True
2024-11-25,P1037,CompetitorY,297.86,True
2024-12-02,P1037,CompetitorY,295.75,True
2024-12-09,P1037,CompetitorY,285.79,True
2024-12-16,P1037,CompetitorY,296.29,True
2024-12-23,P1037,CompetitorY,306.17,True
2024-12-30,P1037,CompetitorY,277.9,True
2025-01-06,P1037,CompetitorY,287.3,True
2025-01-13,P1037,CompetitorY,286.63,True
2025-01-20,P1037,CompetitorY,291.81,True
2025-01-27,P1037,CompetitorY,275.19,True
2025-02-03,P1037,CompetitorY,303.0,True
2025-02-10,P1037,CompetitorY,291.52,True
2025-02-17,P1037,CompetitorY,293.72,False
2025-02-24,P1037,CompetitorY,292.71,True
2025-03-03,P1037,CompetitorY,286.6,True
2025-03-10,P1037,CompetitorY,297.22,True
2025-03-17,P1037,CompetitorY,291.16,True
2025-03-24,P1037,CompetitorY,272.91,False
2025-03-31,P1037,CompetitorY,290.17,True
2025-04-07,P1037,CompetitorY,288.69,False
2025-04-14,P1037,CompetitorY,297.2,True
2025-04-21,P1037,CompetitorY,314.71,True
2025-04-28,P1037,CompetitorY,294.41,True
2025-05-05,P1037,CompetitorY,309.63,True
2025-05-12,P1037,CompetitorY,285.12,True
2025-05-19,P1037,CompetitorY,285.68,True
2025-05-26,P1037,CompetitorY,288.96,True
2025-06-02,P1037,CompetitorY,294.83,True
2025-06-09,P1037,CompetitorY,285.52,True
2025-06-16,P1037,CompetitorY,277.04,True
2025-06-23,P1037,CompetitorY,291.32,True
2025-06-30,P1037,CompetitorY,281.13,True
2025-07-07,P1037,CompetitorY,300.86,True
2025-07-14,P1037,CompetitorY,296.74,True
2025-07-21,P1037,CompetitorY,284.48,True
2025-07-28,P1037,CompetitorY,295.1,True
2025-08-04,P1037,CompetitorY,286.33,True
2025-08-11,P1037,CompetitorY,290.66,True
2025-08-18,P1037,CompetitorY,290.75,True
2025-08-25,P1037,CompetitorY,288.18,True
2025-09-01,P1037,CompetitorY,298.37,True
2025-09-08,P1037,CompetitorY,281.34,True
2025-09-15,P1037,CompetitorY,295.8,True
2025-09-22,P1037,CompetitorY,293.77,True
2025-09-29,P1037,CompetitorY,278.85,True
2025-10-06,P1037,CompetitorY,284.18,True
2025-10-13,P1037,CompetitorY,281.56,True
2025-10-20,P1037,CompetitorY,287.91,True
2025-10-27,P1037,CompetitorY,291.54,True
2025-11-03,P1037,CompetitorY,283.01,True
2025-11-10,P1037,CompetitorY,299.58,True
2025-11-17,P1037,CompetitorY,300.35,True
2025-11-24,P1037,CompetitorY,301.9,True
2025-12-01,P1037,CompetitorY,267.38,True
2025-12-08,P1037,CompetitorY,308.13,True
2025-12-15,P1037,CompetitorY,292.56,True
2025-12-22,P1037,CompetitorY,291.53,True
2025-12-29,P1037,CompetitorY,290.23,False
2024-01-22,P1037,MarketLeaderCo,282.93,True
2024-01-29,P1037,MarketLeaderCo,274.08,False
2024-02-05,P1037,MarketLeaderCo,276.02,True
2024-02-12,P1037,MarketLeaderCo,292.38,True
2024-02-19,P1037,MarketLeaderCo,287.67,True
2024-02-26,P1037,MarketLeaderCo,280.94,True
2024-03-04,P1037,MarketLeaderCo,280.39,True
2024-03-11,P1037,MarketLeaderCo,280.94,True
2024-03-18,P1037,MarketLeaderCo,292.9,True
2024-03-25,P1037,MarketLeaderCo,275.72,True
2024-04-01,P1037,MarketLeaderCo,272.13,True
2024-04-08,P1037,MarketLeaderCo,297.8,True
2024-04-15,P1037,MarketLeaderCo,282.62,True
2024-04-22,P1037,MarketLeaderCo,281.74,True
2024-04-29,P1037,MarketLeaderCo,288.09,True
2024-05-06,P1037,MarketLeaderCo,274.03,True
2024-05-13,P1037,MarketLeaderCo,288.77,False
2024-05-20,P1037,MarketLeaderCo,279.16,True
2024-05-27,P1037,MarketLeaderCo,291.94,True
2024-06-03,P1037,MarketLeaderCo,269.41,True
2024-06-10,P1037,MarketLeaderCo,286.23,True
2024-06-17,P1037,MarketLeaderCo,280.45,True
2024-06-24,P1037,MarketLeaderCo,276.44,True
2024-07-01,P1037,MarketLeaderCo,288.94,True
2024-07-08,P1037,MarketLeaderCo,281.15,True
2024-07-15,P1037,MarketLeaderCo,286.36,True
2024-07-22,P1037,MarketLeaderCo,293.13,True
2024-07-29,P1037,MarketLeaderCo,289.11,True
2024-08-05,P1037,MarketLeaderCo,273.25,True
2024-08-12,P1037,MarketLeaderCo,277.82,True
2024-08-19,P1037,MarketLeaderCo,286.3,True
2024-08-26,P1037,MarketLeaderCo,289.13,True
2024-09-02,P1037,MarketLeaderCo,279.09,True
2024-09-09,P1037,MarketLeaderCo,284.08,True
2024-09-16,P1037,MarketLeaderCo,284.03,True
2024-09-23,P1037,MarketLeaderCo,285.21,True
2024-09-30,P1037,MarketLeaderCo,272.42,True
2024-10-07,P1037,MarketLeaderCo,270.42,True
2024-10-14,P1037,MarketLeaderCo,263.27,True
2024-10-21,P1037,MarketLeaderCo,283.3,True
2024-10-28,P1037,MarketLeaderCo,270.85,True
2024-11-04,P1037,MarketLeaderCo,300.51,True
2024-11-11,P1037,MarketLeaderCo,287.95,True
2024-11-18,P1037,MarketLeaderCo,272.39,True
2024-11-25,P1037,MarketLeaderCo,292.02,True
2024-12-02,P1037,MarketLeaderCo,292.04,True
2024-12-09,P1037,MarketLeaderCo,292.73,True
2024-12-16,P1037,MarketLeaderCo,275.56,True
2024-12-23,P1037,MarketLeaderCo,288.47,True
2024-12-30,P1037,MarketLeaderCo,292.88,True
2025-01-06,P1037,MarketLeaderCo,295.72,True
2025-01-13,P1037,MarketLeaderCo,269.5,True
2025-01-20,P1037,MarketLeaderCo,280.56,True
2025-01-27,P1037,MarketLeaderCo,275.26,True
2025-02-03,P1037,MarketLeaderCo,298.2,True
2025-02-10,P1037,MarketLeaderCo,286.57,True
2025-02-17,P1037,MarketLeaderCo,289.96,True
2025-02-24,P1037,MarketLeaderCo,286.44,True
2025-03-03,P1037,MarketLeaderCo,285.59,True
2025-03-10,P1037,MarketLeaderCo,275.09,True
2025-03-17,P1037,MarketLeaderCo,278.62,True
2025-03-24,P1037,MarketLeaderCo,283.01,True
2025-03-31,P1037,MarketLeaderCo,276.91,True
2025-04-07,P1037,MarketLeaderCo,275.35,True
2025-04-14,P1037,MarketLeaderCo,280.66,True
2025-04-21,P1037,MarketLeaderCo,277.28,True
2025-04-28,P1037,MarketLeaderCo,282.83,True
2025-05-05,P1037,MarketLeaderCo,278.66,True
2025-05-12,P1037,MarketLeaderCo,276.6,True
2025-05-19,P1037,MarketLeaderCo,274.55,True
2025-05-26,P1037,MarketLeaderCo,282.46,True
2025-06-02,P1037,MarketLeaderCo,289.93,True
2025-06-09,P1037,MarketLeaderCo,287.92,True
2025-06-16,P1037,MarketLeaderCo,269.47,True
2025-06-23,P1037,MarketLeaderCo,289.69,True
2025-06-30,P1037,MarketLeaderCo,287.86,True
2025-07-07,P1037,MarketLeaderCo,289.92,True
2025-07-14,P1037,MarketLeaderCo,291.59,True
2025-07-21,P1037,MarketLeaderCo,276.24,True
2025-07-28,P1037,MarketLeaderCo,279.87,True
2025-08-04,P1037,MarketLeaderCo,297.58,True
2025-08-11,P1037,MarketLeaderCo,297.07,True
2025-08-18,P1037,MarketLeaderCo,281.76,True
2025-08-25,P1037,MarketLeaderCo,287.52,False
2025-09-01,P1037,MarketLeaderCo,288.26,True
2025-09-08,P1037,MarketLeaderCo,297.3,True
2025-09-15,P1037,MarketLeaderCo,285.33,True
2025-09-22,P1037,MarketLeaderCo,272.14,True
2025-09-29,P1037,MarketLeaderCo,278.37,True
2025-10-06,P1037,MarketLeaderCo,308.96,True
2025-10-13,P1037,MarketLeaderCo,271.74,True
2025-10-20,P1037,MarketLeaderCo,282.83,True
2025-10-27,P1037,MarketLeaderCo,302.01,True
2025-11-03,P1037,MarketLeaderCo,275.63,True
2025-11-10,P1037,MarketLeaderCo,259.3,True
2025-11-17,P1037,MarketLeaderCo,260.86,True
2025-11-24,P1037,MarketLeaderCo,275.68,True
2025-12-01,P1037,MarketLeaderCo,267.47,True
2025-12-08,P1037,MarketLeaderCo,291.19,True
2025-12-15,P1037,MarketLeaderCo,284.68,True
2025-12-22,P1037,MarketLeaderCo,264.33,True
2025-12-29,P1037,MarketLeaderCo,268.89,True
2024-07-08,P1038,CompetitorY,139.64,False
2024-07-15,P1038,CompetitorY,139.82,False
2024-07-22,P1038,CompetitorY,139.02,True
2024-07-29,P1038,CompetitorY,134.4,True
2024-08-05,P1038,CompetitorY,142.82,True
2024-08-12,P1038,CompetitorY,142.61,True
2024-08-19,P1038,CompetitorY,134.25,True
2024-08-26,P1038,CompetitorY,132.88,True
2024-09-02,P1038,CompetitorY,132.08,True
2024-09-09,P1038,CompetitorY,138.77,True
2024-09-16,P1038,CompetitorY,138.03,True
2024-09-23,P1038,CompetitorY,136.34,True
2024-09-30,P1038,CompetitorY,146.44,True
2024-10-07,P1038,CompetitorY,135.93,True
2024-10-14,P1038,CompetitorY,138.61,True
2024-10-21,P1038,CompetitorY,137.03,True
2024-10-28,P1038,CompetitorY,145.95,True
2024-11-04,P1038,CompetitorY,129.61,True
2024-11-11,P1038,CompetitorY,136.55,True
2024-11-18,P1038,CompetitorY,140.37,True
2024-11-25,P1038,CompetitorY,136.91,True
2024-12-02,P1038,CompetitorY,132.44,True
2024-12-09,P1038,CompetitorY,138.56,True
2024-12-16,P1038,CompetitorY,131.13,False
2024-12-23,P1038,CompetitorY,140.61,True
2024-12-30,P1038,CompetitorY,136.13,True
2025-01-06,P1038,CompetitorY,135.43,True
2025-01-13,P1038,CompetitorY,142.16,True
2025-01-20,P1038,CompetitorY,133.69,True
2025-01-27,P1038,CompetitorY,131.46,True
2025-02-03,P1038,CompetitorY,134.07,True
2025-02-10,P1038,CompetitorY,146.3,True
2025-02-17,P1038,CompetitorY,133.68,True
2025-02-24,P1038,CompetitorY,139.35,True
2025-03-03,P1038,CompetitorY,141.32,False
2025-03-10,P1038,CompetitorY,133.95,True
2025-03-17,P1038,CompetitorY,133.95,True
2025-03-24,P1038,CompetitorY,138.58,True
2025-03-31,P1038,CompetitorY,138.77,True
2025-04-07,P1038,CompetitorY,143.41,True
2025-04-14,P1038,CompetitorY,134.65,True
2025-04-21,P1038,CompetitorY,136.27,True
2025-04-28,P1038,CompetitorY,149.57,True
2025-05-05,P1038,CompetitorY,130.42,True
2025-05-12,P1038,CompetitorY,129.57,True
2025-05-19,P1038,CompetitorY,132.11,True
2025-05-26,P1038,CompetitorY,142.39,True
2025-06-02,P1038,CompetitorY,136.02,True
2025-06-09,P1038,CompetitorY,136.02,False
2025-06-16,P1038,CompetitorY,133.84,True
2025-06-23,P1038,CompetitorY,141.63,True
2025-06-30,P1038,CompetitorY,132.18,True
2025-07-07,P1038,CompetitorY,135.43,True
2025-07-14,P1038,CompetitorY,134.01,True
2025-07-21,P1038,CompetitorY,126.78,True
2025-07-28,P1038,CompetitorY,135.86,True
2025-08-04,P1038,CompetitorY,137.59,True
2025-08-11,P1038,CompetitorY,134.63,True
2025-08-18,P1038,CompetitorY,136.72,True
2025-08-25,P1038,CompetitorY,136.83,True
2025-09-01,P1038,CompetitorY,137.28,True
2025-09-08,P1038,CompetitorY,133.48,True
2025-09-15,P1038,CompetitorY,133.24,True
2025-09-22,P1038,CompetitorY,138.03,True
2025-09-29,P1038,CompetitorY,131.73,True
2025-10-06,P1038,CompetitorY,136.95,True
2025-10-13,P1038,CompetitorY,144.6,True
2025-10-20,P1038,CompetitorY,137.67,True
2025-10-27,P1038,CompetitorY,130.28,True
2025-11-03,P1038,CompetitorY,138.58,True
2025-11-10,P1038,CompetitorY,141.22,True
2025-11-17,P1038,CompetitorY,134.55,True
2025-11-24,P1038,CompetitorY,136.6,True
2025-12-01,P1038,CompetitorY,134.2,True
2025-12-08,P1038,CompetitorY,135.92,True
2025-12-15,P1038,CompetitorY,135.08,True
2025-12-22,P1038,CompetitorY,139.64,True
2025-12-29,P1038,CompetitorY,144.69,True
2024-07-08,P1038,CompetitorX,137.49,True
2024-07-15,P1038,CompetitorX,131.46,True
2024-07-22,P1038,CompetitorX,123.22,True
2024-07-29,P1038,CompetitorX,126.13,True
2024-08-05,P1038,CompetitorX,125.51,True
2024-08-12,P1038,CompetitorX,127.37,False
2024-08-19,P1038,CompetitorX,124.04,True
2024-08-26,P1038,CompetitorX,124.62,True
2024-09-02,P1038,CompetitorX,122.88,True
2024-09-09,P1038,CompetitorX,129.76,True
2024-09-16,P1038,CompetitorX,126.81,True
2024-09-23,P1038,CompetitorX,126.84,True
2024-09-30,P1038,CompetitorX,130.23,True
2024-10-07,P1038,CompetitorX,130.28,True
2024-10-14,P1038,CompetitorX,129.57,True
2024-10-21,P1038,CompetitorX,130.17,True
2024-10-28,P1038,CompetitorX,131.52,True
2024-11-04,P1038,CompetitorX,121.99,True
2024-11-11,P1038,CompetitorX,124.51,True
2024-11-18,P1038,CompetitorX,128.31,True
2024-11-25,P1038,CompetitorX,122.3,True
2024-12-02,P1038,CompetitorX,124.27,True
2024-12-09,P1038,CompetitorX,126.37,True
2024-12-16,P1038,CompetitorX,124.77,True
2024-12-23,P1038,CompetitorX,125.88,True
2024-12-30,P1038,CompetitorX,121.32,True
2025-01-06,P1038,CompetitorX,125.49,True
2025-01-13,P1038,CompetitorX,126.14,False
2025-01-20,P1038,CompetitorX,131.72,True
2025-01-27,P1038,CompetitorX,124.62,True
2025-02-03,P1038,CompetitorX,123.18,True
2025-02-10,P1038,CompetitorX,128.32,True
2025-02-17,P1038,CompetitorX,113.67,True
2025-02-24,P1038,CompetitorX,124.44,True
2025-03-03,P1038,CompetitorX,123.7,True
2025-03-10,P1038,CompetitorX,126.62,True
2025-03-17,P1038,CompetitorX,130.33,True
2025-03-24,P1038,CompetitorX,131.48,True
2025-03-31,P1038,CompetitorX,126.57,True
2025-04-07,P1038,CompetitorX,119.79,True
2025-04-14,P1038,CompetitorX,123.7,True
2025-04-21,P1038,CompetitorX,124.11,True
2025-04-28,P1038,CompetitorX,127.02,True
2025-05-05,P1038,CompetitorX,125.85,True
2025-05-12,P1038,CompetitorX,123.04,True
2025-05-19,P1038,CompetitorX,120.92,True
2025-05-26,P1038,CompetitorX,122.36,True
2025-06-02,P1038,CompetitorX,122.22,True
2025-06-09,P1038,CompetitorX,131.75,True
2025-06-16,P1038,CompetitorX,122.73,True
2025-06-23,P1038,CompetitorX,125.86,True
2025-06-30,P1038,CompetitorX,129.28,True
2025-07-07,P1038,CompetitorX,126.37,True
2025-07-14,P1038,CompetitorX,121.54,True
2025-07-21,P1038,CompetitorX,129.35,True
2025-07-28,P1038,CompetitorX,126.97,True
2025-08-04,P1038,CompetitorX,117.4,True
2025-08-11,P1038,CompetitorX,130.33,True
2025-08-18,P1038,CompetitorX,128.93,True
2025-08-25,P1038,CompetitorX,126.91,False
2025-09-01,P1038,CompetitorX,131.8,True
2025-09-08,P1038,CompetitorX,128.84,True
2025-09-15,P1038,CompetitorX,129.89,True
2025-09-22,P1038,CompetitorX,129.54,True
2025-09-29,P1038,CompetitorX,128.49,True
2025-10-06,P1038,CompetitorX,118.88,True
2025-10-13,P1038,CompetitorX,119.33,True
2025-10-20,P1038,CompetitorX,128.84,True
2025-10-27,P1038,CompetitorX,130.28,True
2025-11-03,P1038,CompetitorX,122.98,True
2025-11-10,P1038,CompetitorX,121.44,True
2025-11-17,P1038,CompetitorX,126.62,True
2025-11-24,P1038,CompetitorX,120.16,True
2025-12-01,P1038,CompetitorX,125.0,True
2025-12-08,P1038,CompetitorX,124.3,True
2025-12-15,P1038,CompetitorX,124.79,True
2025-12-22,P1038,CompetitorX,132.74,True
2025-12-29,P1038,CompetitorX,123.25,True
2024-02-26,P1039,CompetitorZ,684.49,True
2024-03-04,P1039,CompetitorZ,755.66,True
2024-03-11,P1039,CompetitorZ,741.14,True
2024-03-18,P1039,CompetitorZ,766.09,True
2024-03-25,P1039,CompetitorZ,758.39,True
2024-04-01,P1039,CompetitorZ,745.95,True
2024-04-08,P1039,CompetitorZ,721.09,True
2024-04-15,P1039,CompetitorZ,722.3,True
2024-04-22,P1039,CompetitorZ,730.53,True
2024-04-29,P1039,CompetitorZ,764.36,True
2024-05-06,P1039,CompetitorZ,784.48,True
2024-05-13,P1039,CompetitorZ,752.32,True
2024-05-20,P1039,CompetitorZ,731.78,True
2024-05-27,P1039,CompetitorZ,734.11,True
2024-06-03,P1039,CompetitorZ,735.14,True
2024-06-10,P1039,CompetitorZ,768.19,True
2024-06-17,P1039,CompetitorZ,734.7,True
2024-06-24,P1039,CompetitorZ,743.97,True
2024-07-01,P1039,CompetitorZ,775.0,True
2024-07-08,P1039,CompetitorZ,732.27,True
2024-07-15,P1039,CompetitorZ,757.4,True
2024-07-22,P1039,CompetitorZ,765.07,False
2024-07-29,P1039,CompetitorZ,746.37,True
2024-08-05,P1039,CompetitorZ,788.62,True
2024-08-12,P1039,CompetitorZ,782.17,True
2024-08-19,P1039,CompetitorZ,750.83,True
2024-08-26,P1039,CompetitorZ,726.98,True
2024-09-02,P1039,CompetitorZ,728.04,True
2024-09-09,P1039,CompetitorZ,749.7,False
2024-09-16,P1039,CompetitorZ,720.59,True
2024-09-23,P1039,CompetitorZ,750.96,True
2024-09-30,P1039,CompetitorZ,782.67,True
2024-10-07,P1039,CompetitorZ,746.34,True
2024-10-14,P1039,CompetitorZ,744.52,True
2024-10-21,P1039,CompetitorZ,764.02,True
2024-10-28,P1039,CompetitorZ,756.68,True
2024-11-04,P1039,CompetitorZ,719.29,True
2024-11-11,P1039,CompetitorZ,734.77,True
2024-11-18,P1039,CompetitorZ,787.28,True
2024-11-25,P1039,CompetitorZ,752.22,True
2024-12-02,P1039,CompetitorZ,722.46,True
2024-12-09,P1039,CompetitorZ,740.66,True
2024-12-16,P1039,CompetitorZ,705.11,True
2024-12-23,P1039,CompetitorZ,703.44,True
2024-12-30,P1039,CompetitorZ,766.9,True
2025-01-06,P1039,CompetitorZ,744.85,True
2025-01-13,P1039,CompetitorZ,756.54,True
2025-01-20,P1039,CompetitorZ,770.83,True
2025-01-27,P1039,CompetitorZ,752.53,True
2025-02-03,P1039,CompetitorZ,761.33,True
2025-02-10,P1039,CompetitorZ,750.7,True
2025-02-17,P1039,CompetitorZ,773.7,True
2025-02-24,P1039,CompetitorZ,784.58,True
2025-03-03,P1039,CompetitorZ,749.41,True
2025-03-10,P1039,CompetitorZ,748.47,True
2025-03-17,P1039,CompetitorZ,752.1,True
2025-03-24,P1039,CompetitorZ,742.59,True
2025-03-31,P1039,CompetitorZ,736.0,True
2025-04-07,P1039,CompetitorZ,768.38,True
2025-04-14,P1039,CompetitorZ,736.03,True
2025-04-21,P1039,CompetitorZ,734.74,True
2025-04-28,P1039,CompetitorZ,765.03,True
2025-05-05,P1039,CompetitorZ,766.74,True
2025-05-12,P1039,CompetitorZ,797.1,True
2025-05-19,P1039,CompetitorZ,772.21,True
2025-05-26,P1039,CompetitorZ,763.43,True
2025-06-02,P1039,CompetitorZ,766.66,True
2025-06-09,P1039,CompetitorZ,741.64,True
2025-06-16,P1039,CompetitorZ,757.51,True
2025-06-23,P1039,CompetitorZ,758.57,True
2025-06-30,P1039,CompetitorZ,732.83,True
2025-07-07,P1039,CompetitorZ,743.85,True
2025-07-14,P1039,CompetitorZ,766.23,True
2025-07-21,P1039,CompetitorZ,744.53,True
2025-07-28,P1039,CompetitorZ,758.62,True
2025-08-04,P1039,CompetitorZ,764.99,True
2025-08-11,P1039,CompetitorZ,763.95,True
2025-08-18,P1039,CompetitorZ,783.63,True
2025-08-25,P1039,CompetitorZ,731.96,True
2025-09-01,P1039,CompetitorZ,781.66,False
2025-09-08,P1039,CompetitorZ,755.55,True
2025-09-15,P1039,CompetitorZ,763.59,True
2025-09-22,P1039,CompetitorZ,760.52,True
2025-09-29,P1039,CompetitorZ,759.39,True
2025-10-06,P1039,CompetitorZ,730.7,True
2025-10-13,P1039,CompetitorZ,762.77,True
2025-10-20,P1039,CompetitorZ,712.79,True
2025-10-27,P1039,CompetitorZ,791.77,True
2025-11-03,P1039,CompetitorZ,753.48,True
2025-11-10,P1039,CompetitorZ,770.87,False
2025-11-17,P1039,CompetitorZ,760.19,True
2025-11-24,P1039,CompetitorZ,745.77,True
2025-12-01,P1039,CompetitorZ,732.86,True
2025-12-08,P1039,CompetitorZ,728.63,True
2025-12-15,P1039,CompetitorZ,762.37,True
2025-12-22,P1039,CompetitorZ,761.2,True
2025-12-29,P1039,CompetitorZ,757.43,True
2024-02-26,P1039,CompetitorY,912.7,True
2024-03-04,P1039,CompetitorY,901.53,True
2024-03-11,P1039,CompetitorY,943.93,True
2024-03-18,P1039,CompetitorY,919.16,True
2024-03-25,P1039,CompetitorY,911.37,True
2024-04-01,P1039,CompetitorY,901.95,True
2024-04-08,P1039,CompetitorY,832.23,True
2024-04-15,P1039,CompetitorY,930.77,True
2024-04-22,P1039,CompetitorY,887.03,True
2024-04-29,P1039,CompetitorY,876.97,True
2024-05-06,P1039,CompetitorY,922.75,True
2024-05-13,P1039,CompetitorY,944.23,True
2024-05-20,P1039,CompetitorY,869.31,True
2024-05-27,P1039,CompetitorY,943.51,True
2024-06-03,P1039,CompetitorY,891.12,True
2024-06-10,P1039,CompetitorY,933.77,True
2024-06-17,P1039,CompetitorY,931.85,True
2024-06-24,P1039,CompetitorY,910.26,True
2024-07-01,P1039,CompetitorY,916.76,True
2024-07-08,P1039,CompetitorY,905.05,True
2024-07-15,P1039,CompetitorY,923.18,True
2024-07-22,P1039,CompetitorY,922.94,True
2024-07-29,P1039,CompetitorY,890.55,True
2024-08-05,P1039,CompetitorY,878.63,True
2024-08-12,P1039,CompetitorY,943.65,True
2024-08-19,P1039,CompetitorY,921.55,True
2024-08-26,P1039,CompetitorY,939.84,True
2024-09-02,P1039,CompetitorY,897.52,False
2024-09-09,P1039,CompetitorY,893.29,True
2024-09-16,P1039,CompetitorY,888.14,True
2024-09-23,P1039,CompetitorY,910.97,True
2024-09-30,P1039,CompetitorY,922.33,True
2024-10-07,P1039,CompetitorY,901.0,True
2024-10-14,P1039,CompetitorY,958.94,True
2024-10-21,P1039,CompetitorY,898.29,True
2024-10-28,P1039,CompetitorY,922.78,True
2024-11-04,P1039,CompetitorY,891.67,True
2024-11-11,P1039,CompetitorY,897.44,False
2024-11-18,P1039,CompetitorY,913.57,True
2024-11-25,P1039,CompetitorY,893.06,True
2024-12-02,P1039,CompetitorY,918.4,True
2024-12-09,P1039,CompetitorY,928.04,True
2024-12-16,P1039,CompetitorY,945.98,True
2024-12-23,P1039,CompetitorY,886.27,True
2024-12-30,P1039,CompetitorY,920.55,True
2025-01-06,P1039,CompetitorY,914.24,True
2025-01-13,P1039,CompetitorY,865.15,True
2025-01-20,P1039,CompetitorY,884.92,True
2025-01-27,P1039,CompetitorY,928.99,True
2025-02-03,P1039,CompetitorY,878.77,True
2025-02-10,P1039,CompetitorY,913.92,True
2025-02-17,P1039,CompetitorY,857.62,True
2025-02-24,P1039,CompetitorY,913.11,True
2025-03-03,P1039,CompetitorY,859.51,True
2025-03-10,P1039,CompetitorY,899.33,True
2025-03-17,P1039,CompetitorY,903.91,True
2025-03-24,P1039,CompetitorY,919.32,True
2025-03-31,P1039,CompetitorY,909.0,False
2025-04-07,P1039,CompetitorY,881.98,True
2025-04-14,P1039,CompetitorY,882.49,False
2025-04-21,P1039,CompetitorY,871.59,True
2025-04-28,P1039,CompetitorY,921.61,True
2025-05-05,P1039,CompetitorY,920.4,True
2025-05-12,P1039,CompetitorY,934.33,True
2025-05-19,P1039,CompetitorY,902.2,True
2025-05-26,P1039,CompetitorY,868.28,True
2025-06-02,P1039,CompetitorY,907.26,True
2025-06-09,P1039,CompetitorY,916.24,True
2025-06-16,P1039,CompetitorY,883.93,True
2025-06-23,P1039,CompetitorY,886.54,True
2025-06-30,P1039,CompetitorY,928.33,True
2025-07-07,P1039,CompetitorY,918.7,True
2025-07-14,P1039,CompetitorY,947.07,True
2025-07-21,P1039,CompetitorY,963.26,True
2025-07-28,P1039,CompetitorY,874.64,True
2025-08-04,P1039,CompetitorY,904.43,True
2025-08-11,P1039,CompetitorY,919.34,True
2025-08-18,P1039,CompetitorY,925.93,True
2025-08-25,P1039,CompetitorY,943.85,True
2025-09-01,P1039,CompetitorY,935.96,True
2025-09-08,P1039,CompetitorY,947.22,True
2025-09-15,P1039,CompetitorY,917.63,True
2025-09-22,P1039,CompetitorY,898.67,True
2025-09-29,P1039,CompetitorY,969.52,True
2025-10-06,P1039,CompetitorY,920.15,True
2025-10-13,P1039,CompetitorY,909.29,True
2025-10-20,P1039,CompetitorY,886.48,True
2025-10-27,P1039,CompetitorY,920.32,True
2025-11-03,P1039,CompetitorY,943.54,True
2025-11-10,P1039,CompetitorY,902.19,True
2025-11-17,P1039,CompetitorY,912.27,True
2025-11-24,P1039,CompetitorY,922.79,True
2025-12-01,P1039,CompetitorY,928.91,True
2025-12-08,P1039,CompetitorY,908.8,True
2025-12-15,P1039,CompetitorY,905.12,True
2025-12-22,P1039,CompetitorY,901.9,True
2025-12-29,P1039,CompetitorY,885.53,True
2024-02-26,P1039,MarketLeaderCo,772.78,True
2024-03-04,P1039,MarketLeaderCo,727.0,True
2024-03-11,P1039,MarketLeaderCo,784.64,True
2024-03-18,P1039,MarketLeaderCo,731.6,True
2024-03-25,P1039,MarketLeaderCo,761.84,True
2024-04-01,P1039,MarketLeaderCo,769.46,True
2024-04-08,P1039,MarketLeaderCo,777.19,True
2024-04-15,P1039,MarketLeaderCo,777.19,True
2024-04-22,P1039,MarketLeaderCo,756.51,True
2024-04-29,P1039,MarketLeaderCo,754.52,True
2024-05-06,P1039,MarketLeaderCo,772.0,True
2024-05-13,P1039,MarketLeaderCo,764.75,True
2024-05-20,P1039,MarketLeaderCo,750.56,True
2024-05-27,P1039,MarketLeaderCo,766.87,True
2024-06-03,P1039,MarketLeaderCo,754.62,True
2024-06-10,P1039,MarketLeaderCo,744.76,True
2024-06-17,P1039,MarketLeaderCo,749.82,True
2024-06-24,P1039,MarketLeaderCo,769.49,True
2024-07-01,P1039,MarketLeaderCo,737.31,True
2024-07-08,P1039,MarketLeaderCo,783.6,True
2024-07-15,P1039,MarketLeaderCo,745.75,True
2024-07-22,P1039,MarketLeaderCo,707.01,True
2024-07-29,P1039,MarketLeaderCo,771.0,True
2024-08-05,P1039,MarketLeaderCo,696.96,True
2024-08-12,P1039,MarketLeaderCo,735.4,True
2024-08-19,P1039,MarketLeaderCo,813.54,True
2024-08-26,P1039,MarketLeaderCo,782.54,True
2024-09-02,P1039,MarketLeaderCo,780.66,True
2024-09-09,P1039,MarketLeaderCo,732.97,True
2024-09-16,P1039,MarketLeaderCo,754.18,True
2024-09-23,P1039,MarketLeaderCo,786.67,True
2024-09-30,P1039,MarketLeaderCo,772.98,True
2024-10-07,P1039,MarketLeaderCo,784.27,True
2024-10-14,P1039,MarketLeaderCo,798.96,True
2024-10-21,P1039,MarketLeaderCo,773.44,True
2024-10-28,P1039,MarketLeaderCo,730.42,True
2024-11-04,P1039,MarketLeaderCo,772.04,True
2024-11-11,P1039,MarketLeaderCo,753.07,True
2024-11-18,P1039,MarketLeaderCo,729.05,True
2024-11-25,P1039,MarketLeaderCo,778.78,True
2024-12-02,P1039,MarketLeaderCo,785.78,True
2024-12-09,P1039,MarketLeaderCo,756.29,True
2024-12-16,P1039,MarketLeaderCo,765.72,True
2024-12-23,P1039,MarketLeaderCo,711.27,True
2024-12-30,P1039,MarketLeaderCo,783.99,False
2025-01-06,P1039,MarketLeaderCo,776.47,True
2025-01-13,P1039,MarketLeaderCo,764.12,True
2025-01-20,P1039,MarketLeaderCo,729.93,True
2025-01-27,P1039,MarketLeaderCo,721.01,True
2025-02-03,P1039,MarketLeaderCo,804.54,True
2025-02-10,P1039,MarketLeaderCo,735.68,True
2025-02-17,P1039,MarketLeaderCo,761.48,True
2025-02-24,P1039,MarketLeaderCo,736.39,True
2025-03-03,P1039,MarketLeaderCo,706.35,True
2025-03-10,P1039,MarketLeaderCo,768.62,True
2025-03-17,P1039,MarketLeaderCo,772.17,True
2025-03-24,P1039,MarketLeaderCo,720.46,True
2025-03-31,P1039,MarketLeaderCo,783.64,True
2025-04-07,P1039,MarketLeaderCo,746.44,True
2025-04-14,P1039,MarketLeaderCo,733.79,True
2025-04-21,P1039,MarketLeaderCo,732.3,True
2025-04-28,P1039,MarketLeaderCo,778.25,True
2025-05-05,P1039,MarketLeaderCo,714.66,True
2025-05-12,P1039,MarketLeaderCo,730.16,True
2025-05-19,P1039,MarketLeaderCo,768.25,True
2025-05-26,P1039,MarketLeaderCo,765.22,True
2025-06-02,P1039,MarketLeaderCo,735.17,True
2025-06-09,P1039,MarketLeaderCo,787.69,True
2025-06-16,P1039,MarketLeaderCo,733.1,True
2025-06-23,P1039,MarketLeaderCo,753.68,True
2025-06-30,P1039,MarketLeaderCo,750.67,True
2025-07-07,P1039,MarketLeaderCo,750.76,True
2025-07-14,P1039,MarketLeaderCo,753.98,True
2025-07-21,P1039,MarketLeaderCo,753.3,True
2025-07-28,P1039,MarketLeaderCo,753.02,True
2025-08-04,P1039,MarketLeaderCo,754.29,True
2025-08-11,P1039,MarketLeaderCo,783.12,True
2025-08-18,P1039,MarketLeaderCo,753.14,True
2025-08-25,P1039,MarketLeaderCo,774.17,True
2025-09-01,P1039,MarketLeaderCo,761.81,True
2025-09-08,P1039,MarketLeaderCo,766.76,True
2025-09-15,P1039,MarketLeaderCo,776.13,True
2025-09-22,P1039,MarketLeaderCo,732.48,True
2025-09-29,P1039,MarketLeaderCo,772.7,False
2025-10-06,P1039,MarketLeaderCo,753.6,True
2025-10-13,P1039,MarketLeaderCo,736.56,True
2025-10-20,P1039,MarketLeaderCo,776.08,True
2025-10-27,P1039,MarketLeaderCo,748.75,True
2025-11-03,P1039,MarketLeaderCo,767.01,True
2025-11-10,P1039,MarketLeaderCo,696.71,True
2025-11-17,P1039,MarketLeaderCo,774.95,True
2025-11-24,P1039,MarketLeaderCo,817.36,True
2025-12-01,P1039,MarketLeaderCo,758.25,True
2025-12-08,P1039,MarketLeaderCo,752.43,True
2025-12-15,P1039,MarketLeaderCo,747.93,True
2025-12-22,P1039,MarketLeaderCo,771.07,True
2025-12-29,P1039,MarketLeaderCo,751.51,True
2024-06-17,P1040,CompetitorZ,580.51,True
2024-06-24,P1040,CompetitorZ,555.12,True
2024-07-01,P1040,CompetitorZ,576.6,True
2024-07-08,P1040,CompetitorZ,536.88,True
2024-07-15,P1040,CompetitorZ,558.95,True
2024-07-22,P1040,CompetitorZ,571.65,False
2024-07-29,P1040,CompetitorZ,562.9,True
2024-08-05,P1040,CompetitorZ,552.66,True
2024-08-12,P1040,CompetitorZ,559.31,True
2024-08-19,P1040,CompetitorZ,583.4,True
2024-08-26,P1040,CompetitorZ,600.73,True
2024-09-02,P1040,CompetitorZ,571.83,False
2024-09-09,P1040,CompetitorZ,535.48,True
2024-09-16,P1040,CompetitorZ,579.15,True
2024-09-23,P1040,CompetitorZ,562.68,True
2024-09-30,P1040,CompetitorZ,550.73,True
2024-10-07,P1040,CompetitorZ,555.78,True
2024-10-14,P1040,CompetitorZ,556.5,False
2024-10-21,P1040,CompetitorZ,545.35,True
2024-10-28,P1040,CompetitorZ,568.37,True
2024-11-04,P1040,CompetitorZ,600.68,True
2024-11-11,P1040,CompetitorZ,550.67,True
2024-11-18,P1040,CompetitorZ,600.15,True
2024-11-25,P1040,CompetitorZ,573.0,True
2024-12-02,P1040,CompetitorZ,567.86,True
2024-12-09,P1040,CompetitorZ,563.95,True
2024-12-16,P1040,CompetitorZ,555.68,True
2024-12-23,P1040,CompetitorZ,574.43,True
2024-12-30,P1040,CompetitorZ,578.37,True
2025-01-06,P1040,CompetitorZ,528.02,True
2025-01-13,P1040,CompetitorZ,612.89,True
2025-01-20,P1040,CompetitorZ,538.51,True
2025-01-27,P1040,CompetitorZ,560.52,True
2025-02-03,P1040,CompetitorZ,525.74,True
2025-02-10,P1040,CompetitorZ,564.87,True
2025-02-17,P1040,CompetitorZ,561.56,True
2025-02-24,P1040,CompetitorZ,560.71,True
2025-03-03,P1040,CompetitorZ,574.65,True
2025-03-10,P1040,CompetitorZ,565.28,True
2025-03-17,P1040,CompetitorZ,578.65,True
2025-03-24,P1040,CompetitorZ,548.31,True
2025-03-31,P1040,CompetitorZ,570.77,True
2025-04-07,P1040,CompetitorZ,558.66,False
2025-04-14,P1040,CompetitorZ,563.12,True
2025-04-21,P1040,CompetitorZ,574.07,True
2025-04-28,P1040,CompetitorZ,560.83,True
2025-05-05,P1040,CompetitorZ,567.65,True
2025-05-12,P1040,CompetitorZ,549.73,True
2025-05-19,P1040,CompetitorZ,588.16,True
2025-05-26,P1040,CompetitorZ,581.89,True
2025-06-02,P1040,CompetitorZ,571.16,True
2025-06-09,P1040,CompetitorZ,565.3,True
2025-06-16,P1040,CompetitorZ,567.66,True
2025-06-23,P1040,CompetitorZ,587.8,True
2025-06-30,P1040,CompetitorZ,580.68,True
2025-07-07,P1040,CompetitorZ,588.08,True
2025-07-14,P1040,CompetitorZ,563.61,True
2025-07-21,P1040,CompetitorZ,577.71,True
2025-07-28,P1040,CompetitorZ,589.75,True
2025-08-04,P1040,CompetitorZ,553.63,True
2025-08-11,P1040,CompetitorZ,552.55,True
2025-08-18,P1040,CompetitorZ,574.15,True
2025-08-25,P1040,CompetitorZ,548.35,True
2025-09-01,P1040,CompetitorZ,538.43,False
2025-09-08,P1040,CompetitorZ,589.52,True
2025-09-15,P1040,CompetitorZ,592.49,True
2025-09-22,P1040,CompetitorZ,549.29,True
2025-09-29,P1040,CompetitorZ,544.98,True
2025-10-06,P1040,CompetitorZ,558.29,True
2025-10-13,P1040,CompetitorZ,590.85,True
2025-10-20,P1040,CompetitorZ,562.43,True
2025-10-27,P1040,CompetitorZ,571.07,True
2025-11-03,P1040,CompetitorZ,575.0,False
2025-11-10,P1040,CompetitorZ,572.42,True
2025-11-17,P1040,CompetitorZ,594.97,True
2025-11-24,P1040,CompetitorZ,557.15,True
2025-12-01,P1040,CompetitorZ,567.7,True
2025-12-08,P1040,CompetitorZ,573.42,True
2025-12-15,P1040,CompetitorZ,568.61,True
2025-12-22,P1040,CompetitorZ,548.62,True
2025-12-29,P1040,CompetitorZ,544.29,True
2024-06-17,P1040,CompetitorY,589.03,False
2024-06-24,P1040,CompetitorY,554.42,True
2024-07-01,P1040,CompetitorY,614.31,True
2024-07-08,P1040,CompetitorY,598.9,True
2024-07-15,P1040,CompetitorY,553.27,True
2024-07-22,P1040,CompetitorY,576.94,True
2024-07-29,P1040,CompetitorY,589.89,False
2024-08-05,P1040,CompetitorY,562.11,True
2024-08-12,P1040,CompetitorY,549.35,True
2024-08-19,P1040,CompetitorY,574.58,True
2024-08-26,P1040,CompetitorY,570.09,True
2024-09-02,P1040,CompetitorY,557.12,True
2024-09-09,P1040,CompetitorY,594.07,True
2024-09-16,P1040,CompetitorY,550.68,True
2024-09-23,P1040,CompetitorY,570.97,True
2024-09-30,P1040,CompetitorY,575.95,True
2024-10-07,P1040,CompetitorY,578.14,True
2024-10-14,P1040,CompetitorY,592.26,True
2024-10-21,P1040,CompetitorY,568.7,True
2024-10-28,P1040,CompetitorY,528.09,True
2024-11-04,P1040,CompetitorY,566.18,True
2024-11-11,P1040,CompetitorY,585.3,True
2024-11-18,P1040,CompetitorY,570.35,True
2024-11-25,P1040,CompetitorY,570.48,True
2024-12-02,P1040,CompetitorY,581.87,True
2024-12-09,P1040,CompetitorY,584.14,False
2024-12-16,P1040,CompetitorY,542.13,True
2024-12-23,P1040,CompetitorY,572.51,False
2024-12-30,P1040,CompetitorY,569.47,True
2025-01-06,P1040,CompetitorY,574.12,True
2025-01-13,P1040,CompetitorY,538.98,True
2025-01-20,P1040,CompetitorY,595.57,True
2025-01-27,P1040,CompetitorY,572.94,True
2025-02-03,P1040,CompetitorY,580.13,True
2025-02-10,P1040,CompetitorY,603.18,True
2025-02-17,P1040,CompetitorY,580.3,True
2025-02-24,P1040,CompetitorY,546.37,True
2025-03-03,P1040,CompetitorY,571.34,True
2025-03-10,P1040,CompetitorY,584.43,True
2025-03-17,P1040,CompetitorY,573.8,True
2025-03-24,P1040,CompetitorY,602.16,True
2025-03-31,P1040,CompetitorY,558.12,True
2025-04-07,P1040,CompetitorY,594.23,True
2025-04-14,P1040,CompetitorY,587.25,True
2025-04-21,P1040,CompetitorY,574.35,True
2025-04-28,P1040,CompetitorY,578.52,True
2025-05-05,P1040,CompetitorY,556.03,True
2025-05-12,P1040,CompetitorY,567.55,True
2025-05-19,P1040,CompetitorY,582.75,True
2025-05-26,P1040,CompetitorY,570.27,True
2025-06-02,P1040,CompetitorY,573.86,True
2025-06-09,P1040,CompetitorY,589.88,True
2025-06-16,P1040,CompetitorY,540.05,False
2025-06-23,P1040,CompetitorY,579.18,True
2025-06-30,P1040,CompetitorY,603.36,True
2025-07-07,P1040,CompetitorY,566.35,True
2025-07-14,P1040,CompetitorY,551.45,True
2025-07-21,P1040,CompetitorY,566.14,True
2025-07-28,P1040,CompetitorY,546.76,True
2025-08-04,P1040,CompetitorY,576.71,True
2025-08-11,P1040,CompetitorY,571.56,False
2025-08-18,P1040,CompetitorY,578.31,True
2025-08-25,P1040,CompetitorY,570.57,True
2025-09-01,P1040,CompetitorY,576.19,True
2025-09-08,P1040,CompetitorY,580.57,False
2025-09-15,P1040,CompetitorY,552.25,True
2025-09-22,P1040,CompetitorY,578.78,True
2025-09-29,P1040,CompetitorY,597.72,True
2025-10-06,P1040,CompetitorY,556.3,True
2025-10-13,P1040,CompetitorY,578.13,True
2025-10-20,P1040,CompetitorY,595.08,True
2025-10-27,P1040,CompetitorY,552.98,True
2025-11-03,P1040,CompetitorY,586.54,True
2025-11-10,P1040,CompetitorY,569.01,True
2025-11-17,P1040,CompetitorY,590.21,True
2025-11-24,P1040,CompetitorY,558.66,True
2025-12-01,P1040,CompetitorY,572.67,True
2025-12-08,P1040,CompetitorY,546.73,True
2025-12-15,P1040,CompetitorY,580.34,True
2025-12-22,P1040,CompetitorY,580.54,True
2025-12-29,P1040,CompetitorY,582.12,True
2024-06-17,P1040,MarketLeaderCo,519.67,True
2024-06-24,P1040,MarketLeaderCo,477.27,True
2024-07-01,P1040,MarketLeaderCo,471.15,True
2024-07-08,P1040,MarketLeaderCo,507.06,True
2024-07-15,P1040,MarketLeaderCo,521.85,True
2024-07-22,P1040,MarketLeaderCo,510.81,True
2024-07-29,P1040,MarketLeaderCo,523.58,True
2024-08-05,P1040,MarketLeaderCo,493.66,True
2024-08-12,P1040,MarketLeaderCo,525.68,True
2024-08-19,P1040,MarketLeaderCo,537.14,True
2024-08-26,P1040,MarketLeaderCo,501.42,True
2024-09-02,P1040,MarketLeaderCo,523.97,True
2024-09-09,P1040,MarketLeaderCo,512.47,True
2024-09-16,P1040,MarketLeaderCo,518.91,True
2024-09-23,P1040,MarketLeaderCo,537.11,True
2024-09-30,P1040,MarketLeaderCo,517.15,True
2024-10-07,P1040,MarketLeaderCo,523.86,True
2024-10-14,P1040,MarketLeaderCo,492.72,True
2024-10-21,P1040,MarketLeaderCo,523.39,True
2024-10-28,P1040,MarketLeaderCo,536.86,True
2024-11-04,P1040,MarketLeaderCo,497.93,True
2024-11-11,P1040,MarketLeaderCo,507.16,True
2024-11-18,P1040,MarketLeaderCo,522.66,True
2024-11-25,P1040,MarketLeaderCo,519.0,True
2024-12-02,P1040,MarketLeaderCo,491.23,True
2024-12-09,P1040,MarketLeaderCo,514.65,True
2024-12-16,P1040,MarketLeaderCo,507.01,True
2024-12-23,P1040,MarketLeaderCo,497.24,True
2024-12-30,P1040,MarketLeaderCo,532.96,True
2025-01-06,P1040,MarketLeaderCo,512.2,True
2025-01-13,P1040,MarketLeaderCo,527.22,True
2025-01-20,P1040,MarketLeaderCo,494.09,True
2025-01-27,P1040,MarketLeaderCo,521.17,True
2025-02-03,P1040,MarketLeaderCo,528.43,True
2025-02-10,P1040,MarketLeaderCo,508.4,True
2025-02-17,P1040,MarketLeaderCo,504.48,True
2025-02-24,P1040,MarketLeaderCo,492.08,True
2025-03-03,P1040,MarketLeaderCo,498.78,True
2025-03-10,P1040,MarketLeaderCo,505.17,True
2025-03-17,P1040,MarketLeaderCo,497.13,True
2025-03-24,P1040,MarketLeaderCo,500.32,True
2025-03-31,P1040,MarketLeaderCo,514.55,True
2025-04-07,P1040,MarketLeaderCo,516.39,True
2025-04-14,P1040,MarketLeaderCo,528.88,True
2025-04-21,P1040,MarketLeaderCo,500.42,True
2025-04-28,P1040,MarketLeaderCo,512.48,True
2025-05-05,P1040,MarketLeaderCo,505.7,True
2025-05-12,P1040,MarketLeaderCo,504.62,True
2025-05-19,P1040,MarketLeaderCo,507.26,True
2025-05-26,P1040,MarketLeaderCo,509.11,True
2025-06-02,P1040,MarketLeaderCo,515.97,True
2025-06-09,P1040,MarketLeaderCo,507.04,True
2025-06-16,P1040,MarketLeaderCo,530.98,True
2025-06-23,P1040,MarketLeaderCo,485.93,True
2025-06-30,P1040,MarketLeaderCo,528.31,True
2025-07-07,P1040,MarketLeaderCo,506.46,True
2025-07-14,P1040,MarketLeaderCo,509.22,True
2025-07-21,P1040,MarketLeaderCo,511.97,True
2025-07-28,P1040,MarketLeaderCo,522.96,True
2025-08-04,P1040,MarketLeaderCo,498.6,True
2025-08-11,P1040,MarketLeaderCo,502.03,True
2025-08-18,P1040,MarketLeaderCo,519.81,True
2025-08-25,P1040,MarketLeaderCo,486.03,True
2025-09-01,P1040,MarketLeaderCo,511.6,True
2025-09-08,P1040,MarketLeaderCo,499.86,True
2025-09-15,P1040,MarketLeaderCo,496.63,True
2025-09-22,P1040,MarketLeaderCo,486.95,True
2025-09-29,P1040,MarketLeaderCo,523.99,True
2025-10-06,P1040,MarketLeaderCo,514.56,True
2025-10-13,P1040,MarketLeaderCo,501.79,True
2025-10-20,P1040,MarketLeaderCo,509.59,False
2025-10-27,P1040,MarketLeaderCo,495.33,True
2025-11-03,P1040,MarketLeaderCo,503.88,True
2025-11-10,P1040,MarketLeaderCo,509.07,True
2025-11-17,P1040,MarketLeaderCo,513.1,True
2025-11-24,P1040,MarketLeaderCo,518.14,True
2025-12-01,P1040,MarketLeaderCo,484.38,True
2025-12-08,P1040,MarketLeaderCo,518.19,True
2025-12-15,P1040,MarketLeaderCo,485.61,True
2025-12-22,P1040,MarketLeaderCo,518.75,True
2025-12-29,P1040,MarketLeaderCo,508.84,False
2024-02-12,P1041,CompetitorY,10.24,True
2024-02-19,P1041,CompetitorY,10.7,True
2024-02-26,P1041,CompetitorY,10.08,True
2024-03-04,P1041,CompetitorY,10.83,True
2024-03-11,P1041,CompetitorY,11.1,True
2024-03-18,P1041,CompetitorY,10.49,True
2024-03-25,P1041,CompetitorY,10.95,True
2024-04-01,P1041,CompetitorY,11.03,True
2024-04-08,P1041,CompetitorY,10.36,True
2024-04-15,P1041,CompetitorY,10.47,True
2024-04-22,P1041,CompetitorY,10.2,True
2024-04-29,P1041,CompetitorY,10.22,True
2024-05-06,P1041,CompetitorY,10.53,True
2024-05-13,P1041,CompetitorY,9.95,True
2024-05-20,P1041,CompetitorY,10.72,True
2024-05-27,P1041,CompetitorY,10.51,True
2024-06-03,P1041,CompetitorY,10.67,True
2024-06-10,P1041,CompetitorY,10.4,True
2024-06-17,P1041,CompetitorY,10.67,True
2024-06-24,P1041,CompetitorY,10.54,True
2024-07-01,P1041,CompetitorY,10.62,True
2024-07-08,P1041,CompetitorY,10.74,True
2024-07-15,P1041,CompetitorY,10.06,True
2024-07-22,P1041,CompetitorY,10.24,True
2024-07-29,P1041,CompetitorY,11.18,True
2024-08-05,P1041,CompetitorY,10.52,True
2024-08-12,P1041,CompetitorY,9.92,True
2024-08-19,P1041,CompetitorY,9.92,True
2024-08-26,P1041,CompetitorY,10.43,True
2024-09-02,P1041,CompetitorY,10.29,True
2024-09-09,P1041,CompetitorY,10.21,True
2024-09-16,P1041,CompetitorY,11.02,True
2024-09-23,P1041,CompetitorY,10.34,True
2024-09-30,P1041,CompetitorY,10.72,True
2024-10-07,P1041,CompetitorY,10.54,True
2024-10-14,P1041,CompetitorY,10.37,True
2024-10-21,P1041,CompetitorY,10.1,True
2024-10-28,P1041,CompetitorY,10.7,True
2024-11-04,P1041,CompetitorY,9.72,True
2024-11-11,P1041,CompetitorY,10.73,True
2024-11-18,P1041,CompetitorY,10.51,True
2024-11-25,P1041,CompetitorY,10.65,False
2024-12-02,P1041,CompetitorY,10.46,False
2024-12-09,P1041,CompetitorY,10.07,True
2024-12-16,P1041,CompetitorY,10.58,True
2024-12-23,P1041,CompetitorY,10.72,True
2024-12-30,P1041,CompetitorY,10.31,True
2025-01-06,P1041,CompetitorY,10.66,True
2025-01-13,P1041,CompetitorY,10.55,True
2025-01-20,P1041,CompetitorY,10.6,True
2025-01-27,P1041,CompetitorY,10.19,True
2025-02-03,P1041,CompetitorY,10.86,True
2025-02-10,P1041,CompetitorY,10.55,True
2025-02-17,P1041,CompetitorY,10.72,True
2025-02-24,P1041,CompetitorY,10.34,True
2025-03-03,P1041,CompetitorY,10.77,False
2025-03-10,P1041,CompetitorY,10.33,True
2025-03-17,P1041,CompetitorY,10.18,True
2025-03-24,P1041,CompetitorY,11.01,True
2025-03-31,P1041,CompetitorY,9.71,True
2025-04-07,P1041,CompetitorY,11.4,True
2025-04-14,P1041,CompetitorY,10.68,True
2025-04-21,P1041,CompetitorY,10.36,True
2025-04-28,P1041,CompetitorY,10.56,True
2025-05-05,P1041,CompetitorY,10.68,True
2025-05-12,P1041,CompetitorY,10.35,True
2025-05-19,P1041,CompetitorY,11.1,True
2025-05-26,P1041,CompetitorY,10.92,True
2025-06-02,P1041,CompetitorY,11.31,True
2025-06-09,P1041,CompetitorY,10.08,True
2025-06-16,P1041,CompetitorY,10.53,True
2025-06-23,P1041,CompetitorY,10.02,True
2025-06-30,P1041,CompetitorY,10.12,True
2025-07-07,P1041,CompetitorY,10.36,True
2025-07-14,P1041,CompetitorY,10.36,True
2025-07-21,P1041,CompetitorY,10.57,True
2025-07-28,P1041,CompetitorY,10.42,True
2025-08-04,P1041,CompetitorY,10.71,True
2025-08-11,P1041,CompetitorY,10.56,True
2025-08-18,P1041,CompetitorY,10.98,True
2025-08-25,P1041,CompetitorY,10.72,True
2025-09-01,P1041,CompetitorY,10.09,True
2025-09-08,P1041,CompetitorY,10.41,True
2025-09-15,P1041,CompetitorY,10.43,True
2025-09-22,P1041,CompetitorY,10.6,True
2025-09-29,P1041,CompetitorY,10.8,True
2025-10-06,P1041,CompetitorY,10.55,True
2025-10-13,P1041,CompetitorY,10.64,True
2025-10-20,P1041,CompetitorY,10.1,True
2025-10-27,P1041,CompetitorY,10.31,True
2025-11-03,P1041,CompetitorY,9.86,True
2025-11-10,P1041,CompetitorY,10.6,True
2025-11-17,P1041,CompetitorY,10.72,True
2025-11-24,P1041,CompetitorY,10.04,True
2025-12-01,P1041,CompetitorY,10.51,True
2025-12-08,P1041,CompetitorY,10.43,True
2025-12-15,P1041,CompetitorY,10.99,True
2025-12-22,P1041,CompetitorY,10.18,True
2025-12-29,P1041,CompetitorY,10.75,True
2024-02-12,P1041,CompetitorZ,12.62,True
2024-02-19,P1041,CompetitorZ,12.13,True
2024-02-26,P1041,CompetitorZ,12.15,True
2024-03-04,P1041,CompetitorZ,12.41,True
2024-03-11,P1041,CompetitorZ,11.85,True
2024-03-18,P1041,CompetitorZ,12.18,True
2024-03-25,P1041,CompetitorZ,11.93,True
2024-04-01,P1041,CompetitorZ,12.63,True
2024-04-08,P1041,CompetitorZ,12.46,True
2024-04-15,P1041,CompetitorZ,12.98,True
2024-04-22,P1041,CompetitorZ,11.92,True
2024-04-29,P1041,CompetitorZ,11.96,True
2024-05-06,P1041,CompetitorZ,12.22,False
2024-05-13,P1041,CompetitorZ,11.93,True
2024-05-20,P1041,CompetitorZ,12.39,True
2024-05-27,P1041,CompetitorZ,12.18,True
2024-06-03,P1041,CompetitorZ,12.02,True
2024-06-10,P1041,CompetitorZ,12.6,True
2024-06-17,P1041,CompetitorZ,11.52,True
2024-06-24,P1041,CompetitorZ,12.4,True
2024-07-01,P1041,CompetitorZ,12.0,True
2024-07-08,P1041,CompetitorZ,12.5,True
2024-07-15,P1041,CompetitorZ,12.58,True
2024-07-22,P1041,CompetitorZ,11.36,True
2024-07-29,P1041,CompetitorZ,12.12,True
2024-08-05,P1041,CompetitorZ,12.22,True
2024-08-12,P1041,CompetitorZ,11.33,True
2024-08-19,P1041,CompetitorZ,12.28,True
2024-08-26,P1041,CompetitorZ,12.0,True
2024-09-02,P1041,CompetitorZ,11.76,True
2024-09-09,P1041,CompetitorZ,11.96,True
2024-09-16,P1041,CompetitorZ,11.9,True
2024-09-23,P1041,CompetitorZ,11.99,True
2024-09-30,P1041,CompetitorZ,12.26,True
2024-10-07,P1041,CompetitorZ,12.56,False
2024-10-14,P1041,CompetitorZ,12.17,True
2024-10-21,P1041,CompetitorZ,12.6,True
2024-10-28,P1041,CompetitorZ,11.81,True
2024-11-04,P1041,CompetitorZ,12.25,True
2024-11-11,P1041,CompetitorZ,12.97,True
2024-11-18,P1041,CompetitorZ,11.62,True
2024-11-25,P1041,CompetitorZ,11.6,True
2024-12-02,P1041,CompetitorZ,12.67,True
2024-12-09,P1041,CompetitorZ,12.28,True
2024-12-16,P1041,CompetitorZ,11.98,True
2024-12-23,P1041,CompetitorZ,11.78,True
2024-12-30,P1041,CompetitorZ,12.18,True
2025-01-06,P1041,CompetitorZ,12.25,True
2025-01-13,P1041,CompetitorZ,12.25,True
2025-01-20,P1041,CompetitorZ,11.78,True
2025-01-27,P1041,CompetitorZ,12.07,True
2025-02-03,P1041,CompetitorZ,11.99,True
2025-02-10,P1041,CompetitorZ,12.43,True
2025-02-17,P1041,CompetitorZ,11.8,True
2025-02-24,P1041,CompetitorZ,12.23,True
2025-03-03,P1041,CompetitorZ,13.16,True
2025-03-10,P1041,CompetitorZ,11.78,True
2025-03-17,P1041,CompetitorZ,11.92,True
2025-03-24,P1041,CompetitorZ,12.16,True
2025-03-31,P1041,CompetitorZ,11.12,True
2025-04-07,P1041,CompetitorZ,11.68,True
2025-04-14,P1041,CompetitorZ,12.31,True
2025-04-21,P1041,CompetitorZ,12.13,True
2025-04-28,P1041,CompetitorZ,12.58,True
2025-05-05,P1041,CompetitorZ,12.11,True
2025-05-12,P1041,CompetitorZ,12.08,True
2025-05-19,P1041,CompetitorZ,11.94,True
2025-05-26,P1041,CompetitorZ,12.07,True
2025-06-02,P1041,CompetitorZ,11.75,True
2025-06-09,P1041,CompetitorZ,12.14,True
2025-06-16,P1041,CompetitorZ,11.84,True
2025-06-23,P1041,CompetitorZ,11.75,True
2025-06-30,P1041,CompetitorZ,11.96,True
2025-07-07,P1041,CompetitorZ,12.36,False
2025-07-14,P1041,CompetitorZ,12.25,True
2025-07-21,P1041,CompetitorZ,12.44,True
2025-07-28,P1041,CompetitorZ,11.86,True
2025-08-04,P1041,CompetitorZ,12.19,True
2025-08-11,P1041,CompetitorZ,12.82,True
2025-08-18,P1041,CompetitorZ,12.71,True
2025-08-25,P1041,CompetitorZ,11.73,True
2025-09-01,P1041,CompetitorZ,11.83,True
2025-09-08,P1041,CompetitorZ,12.82,True
2025-09-15,P1041,CompetitorZ,12.36,True
2025-09-22,P1041,CompetitorZ,12.13,True
2025-09-29,P1041,CompetitorZ,12.09,True
2025-10-06,P1041,CompetitorZ,12.28,True
2025-10-13,P1041,CompetitorZ,12.29,True
2025-10-20,P1041,CompetitorZ,12.0,True
2025-10-27,P1041,CompetitorZ,12.14,True
2025-11-03,P1041,CompetitorZ,11.99,True
2025-11-10,P1041,CompetitorZ,12.26,True
2025-11-17,P1041,CompetitorZ,11.93,True
2025-11-24,P1041,CompetitorZ,11.73,True
2025-12-01,P1041,CompetitorZ,12.74,True
2025-12-08,P1041,CompetitorZ,12.17,True
2025-12-15,P1041,CompetitorZ,12.82,True
2025-12-22,P1041,CompetitorZ,11.49,True
2025-12-29,P1041,CompetitorZ,11.67,True
2024-02-05,P1042,MarketLeaderCo,640.36,True
2024-02-12,P1042,MarketLeaderCo,602.81,True
2024-02-19,P1042,MarketLeaderCo,604.4,True
2024-02-26,P1042,MarketLeaderCo,612.59,True
2024-03-04,P1042,MarketLeaderCo,649.98,True
2024-03-11,P1042,MarketLeaderCo,616.38,True
2024-03-18,P1042,MarketLeaderCo,637.07,True
2024-03-25,P1042,MarketLeaderCo,613.52,True
2024-04-01,P1042,MarketLeaderCo,590.02,True
2024-04-08,P1042,MarketLeaderCo,597.28,True
2024-04-15,P1042,MarketLeaderCo,619.31,True
2024-04-22,P1042,MarketLeaderCo,621.38,True
2024-04-29,P1042,MarketLeaderCo,629.47,True
2024-05-06,P1042,MarketLeaderCo,629.48,True
2024-05-13,P1042,MarketLeaderCo,636.11,True
2024-05-20,P1042,MarketLeaderCo,605.09,True
2024-05-27,P1042,MarketLeaderCo,653.34,True
2024-06-03,P1042,MarketLeaderCo,655.04,True
2024-06-10,P1042,MarketLeaderCo,609.71,True
2024-06-17,P1042,MarketLeaderCo,604.63,True
2024-06-24,P1042,MarketLeaderCo,586.22,True
2024-07-01,P1042,MarketLeaderCo,622.56,False
2024-07-08,P1042,MarketLeaderCo,627.79,True
2024-07-15,P1042,MarketLeaderCo,608.62,True
2024-07-22,P1042,MarketLeaderCo,624.64,True
2024-07-29,P1042,MarketLeaderCo,593.6,True
2024-08-05,P1042,MarketLeaderCo,637.37,True
2024-08-12,P1042,MarketLeaderCo,609.52,True
2024-08-19,P1042,MarketLeaderCo,624.75,True
2024-08-26,P1042,MarketLeaderCo,623.29,True
2024-09-02,P1042,MarketLeaderCo,582.96,True
2024-09-09,P1042,MarketLeaderCo,634.88,True
2024-09-16,P1042,MarketLeaderCo,604.81,True
2024-09-23,P1042,MarketLeaderCo,623.15,True
2024-09-30,P1042,MarketLeaderCo,593.19,True
2024-10-07,P1042,MarketLeaderCo,610.48,True
2024-10-14,P1042,MarketLeaderCo,626.13,True
2024-10-21,P1042,MarketLeaderCo,599.33,True
2024-10-28,P1042,MarketLeaderCo,600.35,True
2024-11-04,P1042,MarketLeaderCo,621.71,True
2024-11-11,P1042,MarketLeaderCo,616.27,True
2024-11-18,P1042,MarketLeaderCo,625.87,True
2024-11-25,P1042,MarketLeaderCo,612.55,True
2024-12-02,P1042,MarketLeaderCo,631.3,True
2024-12-09,P1042,MarketLeaderCo,608.85,True
2024-12-16,P1042,MarketLeaderCo,630.48,True
2024-12-23,P1042,MarketLeaderCo,602.53,True
2024-12-30,P1042,MarketLeaderCo,608.03,True
2025-01-06,P1042,MarketLeaderCo,632.96,True
2025-01-13,P1042,MarketLeaderCo,609.83,True
2025-01-20,P1042,MarketLeaderCo,597.62,True
2025-01-27,P1042,MarketLeaderCo,651.53,True
2025-02-03,P1042,MarketLeaderCo,618.73,True
2025-02-10,P1042,MarketLeaderCo,628.14,True
2025-02-17,P1042,MarketLeaderCo,577.35,True
2025-02-24,P1042,MarketLeaderCo,644.13,True
2025-03-03,P1042,MarketLeaderCo,668.56,True
2025-03-10,P1042,MarketLeaderCo,642.47,True
2025-03-17,P1042,MarketLeaderCo,645.11,True
2025-03-24,P1042,MarketLeaderCo,611.79,True
2025-03-31,P1042,MarketLeaderCo,624.06,True
2025-04-07,P1042,MarketLeaderCo,628.45,True
2025-04-14,P1042,MarketLeaderCo,606.42,True
2025-04-21,P1042,MarketLeaderCo,617.08,True
2025-04-28,P1042,MarketLeaderCo,600.78,True
2025-05-05,P1042,MarketLeaderCo,612.04,True
2025-05-12,P1042,MarketLeaderCo,635.01,True
2025-05-19,P1042,MarketLeaderCo,586.57,True
2025-05-26,P1042,MarketLeaderCo,637.09,False
2025-06-02,P1042,MarketLeaderCo,590.07,True
2025-06-09,P1042,MarketLeaderCo,620.36,True
2025-06-16,P1042,MarketLeaderCo,622.05,True
2025-06-23,P1042,MarketLeaderCo,630.03,True
2025-06-30,P1042,MarketLeaderCo,616.03,True
2025-07-07,P1042,MarketLeaderCo,599.97,True
2025-07-14,P1042,MarketLeaderCo,622.81,True
2025-07-21,P1042,MarketLeaderCo,659.75,True
2025-07-28,P1042,MarketLeaderCo,619.12,True
2025-08-04,P1042,MarketLeaderCo,603.01,True
2025-08-11,P1042,MarketLeaderCo,610.7,True
2025-08-18,P1042,MarketLeaderCo,622.18,True
2025-08-25,P1042,MarketLeaderCo,614.39,False
2025-09-01,P1042,MarketLeaderCo,611.81,True
2025-09-08,P1042,MarketLeaderCo,644.05,True
2025-09-15,P1042,MarketLeaderCo,629.0,True
2025-09-22,P1042,MarketLeaderCo,617.18,True
2025-09-29,P1042,MarketLeaderCo,617.32,True
2025-10-06,P1042,MarketLeaderCo,622.6,True
2025-10-13,P1042,MarketLeaderCo,629.8,True
2025-10-20,P1042,MarketLeaderCo,643.21,True
2025-10-27,P1042,MarketLeaderCo,611.73,True
2025-11-03,P1042,MarketLeaderCo,600.91,True
2025-11-10,P1042,MarketLeaderCo,609.05,True
2025-11-17,P1042,MarketLeaderCo,603.11,True
2025-11-24,P1042,MarketLeaderCo,591.03,True
2025-12-01,P1042,MarketLeaderCo,645.6,True
2025-12-08,P1042,MarketLeaderCo,635.26,True
2025-12-15,P1042,MarketLeaderCo,576.95,True
2025-12-22,P1042,MarketLeaderCo,623.43,True
2025-12-29,P1042,MarketLeaderCo,612.38,True
2024-02-05,P1042,CompetitorX,622.69,True
2024-02-12,P1042,CompetitorX,613.95,True
2024-02-19,P1042,CompetitorX,637.65,True
2024-02-26,P1042,CompetitorX,589.77,True
2024-03-04,P1042,CompetitorX,630.27,True
2024-03-11,P1042,CompetitorX,609.94,True
2024-03-18,P1042,CompetitorX,605.91,True
2024-03-25,P1042,CompetitorX,625.56,True
2024-04-01,P1042,CompetitorX,606.7,True
2024-04-08,P1042,CompetitorX,617.65,True
2024-04-15,P1042,CompetitorX,612.46,True
2024-04-22,P1042,CompetitorX,619.94,True
2024-04-29,P1042,CompetitorX,604.95,True
2024-05-06,P1042,CompetitorX,631.38,True
2024-05-13,P1042,CompetitorX,576.63,True
2024-05-20,P1042,CompetitorX,626.11,True
2024-05-27,P1042,CompetitorX,579.44,True
2024-06-03,P1042,CompetitorX,600.41,True
2024-06-10,P1042,CompetitorX,623.92,True
2024-06-17,P1042,CompetitorX,577.19,True
2024-06-24,P1042,CompetitorX,617.37,True
2024-07-01,P1042,CompetitorX,589.02,True
2024-07-08,P1042,CompetitorX,596.44,True
2024-07-15,P1042,CompetitorX,595.59,True
2024-07-22,P1042,CompetitorX,589.54,True
2024-07-29,P1042,CompetitorX,582.42,True
2024-08-05,P1042,CompetitorX,652.47,True
2024-08-12,P1042,CompetitorX,610.93,True
2024-08-19,P1042,CompetitorX,591.49,True
2024-08-26,P1042,CompetitorX,603.94,True
2024-09-02,P1042,CompetitorX,614.97,True
2024-09-09,P1042,CompetitorX,607.32,True
2024-09-16,P1042,CompetitorX,590.95,True
2024-09-23,P1042,CompetitorX,597.73,True
2024-09-30,P1042,CompetitorX,636.15,True
2024-10-07,P1042,CompetitorX,588.45,True
2024-10-14,P1042,CompetitorX,577.5,True
2024-10-21,P1042,CompetitorX,607.15,True
2024-10-28,P1042,CompetitorX,578.7,True
2024-11-04,P1042,CompetitorX,597.53,True
2024-11-11,P1042,CompetitorX,591.23,True
2024-11-18,P1042,CompetitorX,591.39,True
2024-11-25,P1042,CompetitorX,615.58,True
2024-12-02,P1042,CompetitorX,619.03,True
2024-12-09,P1042,CompetitorX,599.45,True
2024-12-16,P1042,CompetitorX,612.56,True
2024-12-23,P1042,CompetitorX,598.53,True
2024-12-30,P1042,CompetitorX,621.68,True
2025-01-06,P1042,CompetitorX,587.07,True
2025-01-13,P1042,CompetitorX,617.34,True
2025-01-20,P1042,CompetitorX,618.74,True
2025-01-27,P1042,CompetitorX,657.35,True
2025-02-03,P1042,CompetitorX,581.96,True
2025-02-10,P1042,CompetitorX,663.24,True
2025-02-17,P1042,CompetitorX,628.24,True
2025-02-24,P1042,CompetitorX,647.97,True
2025-03-03,P1042,CompetitorX,630.98,True
2025-03-10,P1042,CompetitorX,596.91,True
2025-03-17,P1042,CompetitorX,626.42,True
2025-03-24,P1042,CompetitorX,602.03,True
2025-03-31,P1042,CompetitorX,612.67,True
2025-04-07,P1042,CompetitorX,592.65,True
2025-04-14,P1042,CompetitorX,601.79,True
2025-04-21,P1042,CompetitorX,630.83,True
2025-04-28,P1042,CompetitorX,622.37,True
2025-05-05,P1042,CompetitorX,633.17,True
2025-05-12,P1042,CompetitorX,588.54,True
2025-05-19,P1042,CompetitorX,579.83,True
2025-05-26,P1042,CompetitorX,634.6,True
2025-06-02,P1042,CompetitorX,633.24,True
2025-06-09,P1042,CompetitorX,618.2,True
2025-06-16,P1042,CompetitorX,622.02,True
2025-06-23,P1042,CompetitorX,630.24,True
2025-06-30,P1042,CompetitorX,617.64,True
2025-07-07,P1042,CompetitorX,624.19,True
2025-07-14,P1042,CompetitorX,629.31,True
2025-07-21,P1042,CompetitorX,612.57,True
2025-07-28,P1042,CompetitorX,607.93,True
2025-08-04,P1042,CompetitorX,621.34,True
2025-08-11,P1042,CompetitorX,656.03,True
2025-08-18,P1042,CompetitorX,598.68,True
2025-08-25,P1042,CompetitorX,606.36,True
2025-09-01,P1042,CompetitorX,581.93,True
2025-09-08,P1042,CompetitorX,622.31,True
2025-09-15,P1042,CompetitorX,604.53,True
2025-09-22,P1042,CompetitorX,588.49,True
2025-09-29,P1042,CompetitorX,613.13,True
2025-10-06,P1042,CompetitorX,641.84,True
2025-10-13,P1042,CompetitorX,607.81,True
2025-10-20,P1042,CompetitorX,609.5,True
2025-10-27,P1042,CompetitorX,641.12,True
2025-11-03,P1042,CompetitorX,614.2,True
2025-11-10,P1042,CompetitorX,592.04,True
2025-11-17,P1042,CompetitorX,626.99,False
2025-11-24,P1042,CompetitorX,635.02,True
2025-12-01,P1042,CompetitorX,610.6,True
2025-12-08,P1042,CompetitorX,616.7,True
2025-12-15,P1042,CompetitorX,590.13,True
2025-12-22,P1042,CompetitorX,598.25,True
2025-12-29,P1042,CompetitorX,608.16,True
2024-02-05,P1042,CompetitorY,547.19,True
2024-02-12,P1042,CompetitorY,554.14,True
2024-02-19,P1042,CompetitorY,548.61,True
2024-02-26,P1042,CompetitorY,540.91,True
2024-03-04,P1042,CompetitorY,551.58,True
2024-03-11,P1042,CompetitorY,544.97,True
2024-03-18,P1042,CompetitorY,547.48,True
2024-03-25,P1042,CompetitorY,538.8,True
2024-04-01,P1042,CompetitorY,562.33,True
2024-04-08,P1042,CompetitorY,573.95,True
2024-04-15,P1042,CompetitorY,538.92,True
2024-04-22,P1042,CompetitorY,551.48,True
2024-04-29,P1042,CompetitorY,535.23,True
2024-05-06,P1042,CompetitorY,559.86,False
2024-05-13,P1042,CompetitorY,557.14,True
2024-05-20,P1042,CompetitorY,543.81,True
2024-05-27,P1042,CompetitorY,552.04,True
2024-06-03,P1042,CompetitorY,567.78,True
2024-06-10,P1042,CompetitorY,526.73,True
2024-06-17,P1042,CompetitorY,531.97,True
2024-06-24,P1042,CompetitorY,563.08,True
2024-07-01,P1042,CompetitorY,554.32,True
2024-07-08,P1042,CompetitorY,552.25,True
2024-07-15,P1042,CompetitorY,569.07,True
2024-07-22,P1042,CompetitorY,565.11,True
2024-07-29,P1042,CompetitorY,581.89,True
2024-08-05,P1042,CompetitorY,568.28,False
2024-08-12,P1042,CompetitorY,562.15,True
2024-08-19,P1042,CompetitorY,552.52,True
2024-08-26,P1042,CompetitorY,551.02,True
2024-09-02,P1042,CompetitorY,553.36,True
2024-09-09,P1042,CompetitorY,557.12,False
2024-09-16,P1042,CompetitorY,533.38,True
2024-09-23,P1042,CompetitorY,557.79,True
2024-09-30,P1042,CompetitorY,549.38,True
2024-10-07,P1042,CompetitorY,559.35,False
2024-10-14,P1042,CompetitorY,543.83,True
2024-10-21,P1042,CompetitorY,542.47,True
2024-10-28,P1042,CompetitorY,557.25,True
2024-11-04,P1042,CompetitorY,561.34,True
2024-11-11,P1042,CompetitorY,543.39,True
2024-11-18,P1042,CompetitorY,575.32,True
2024-11-25,P1042,CompetitorY,575.21,True
2024-12-02,P1042,CompetitorY,527.15,True
2024-12-09,P1042,CompetitorY,540.52,True
2024-12-16,P1042,CompetitorY,555.35,True
2024-12-23,P1042,CompetitorY,559.57,True
2024-12-30,P1042,CompetitorY,588.82,True
2025-01-06,P1042,CompetitorY,555.76,True
2025-01-13,P1042,CompetitorY,551.49,True
2025-01-20,P1042,CompetitorY,534.52,True
2025-01-27,P1042,CompetitorY,527.1,True
2025-02-03,P1042,CompetitorY,551.2,True
2025-02-10,P1042,CompetitorY,587.58,True
2025-02-17,P1042,CompetitorY,549.9,True
2025-02-24,P1042,CompetitorY,540.59,True
2025-03-03,P1042,CompetitorY,560.92,True
2025-03-10,P1042,CompetitorY,520.12,True
2025-03-17,P1042,CompetitorY,554.73,False
2025-03-24,P1042,CompetitorY,567.1,True
2025-03-31,P1042,CompetitorY,537.69,True
2025-04-07,P1042,CompetitorY,576.14,True
2025-04-14,P1042,CompetitorY,564.37,True
2025-04-21,P1042,CompetitorY,576.29,True
2025-04-28,P1042,CompetitorY,530.57,True
2025-05-05,P1042,CompetitorY,550.42,True
2025-05-12,P1042,CompetitorY,568.73,True
2025-05-19,P1042,CompetitorY,528.55,True
2025-05-26,P1042,CompetitorY,569.14,True
2025-06-02,P1042,CompetitorY,550.43,True
2025-06-09,P1042,CompetitorY,569.02,True
2025-06-16,P1042,CompetitorY,557.03,True
2025-06-23,P1042,CompetitorY,576.84,True
2025-06-30,P1042,CompetitorY,531.97,False
2025-07-07,P1042,CompetitorY,558.88,True
2025-07-14,P1042,CompetitorY,528.32,True
2025-07-21,P1042,CompetitorY,560.38,True
2025-07-28,P1042,CompetitorY,558.86,False
2025-08-04,P1042,CompetitorY,548.68,True
2025-08-11,P1042,CompetitorY,540.4,True
2025-08-18,P1042,CompetitorY,548.02,False
2025-08-25,P1042,CompetitorY,555.04,True
2025-09-01,P1042,CompetitorY,558.14,True
2025-09-08,P1042,CompetitorY,585.5,True
2025-09-15,P1042,CompetitorY,567.92,False
2025-09-22,P1042,CompetitorY,543.67,True
2025-09-29,P1042,CompetitorY,563.04,True
2025-10-06,P1042,CompetitorY,568.05,True
2025-10-13,P1042,CompetitorY,542.53,True
2025-10-20,P1042,CompetitorY,565.08,True
2025-10-27,P1042,CompetitorY,528.73,True
2025-11-03,P1042,CompetitorY,541.92,True
2025-11-10,P1042,CompetitorY,529.77,True
2025-11-17,P1042,CompetitorY,549.91,True
2025-11-24,P1042,CompetitorY,545.55,True
2025-12-01,P1042,CompetitorY,546.83,True
2025-12-08,P1042,CompetitorY,566.96,True
2025-12-15,P1042,CompetitorY,554.92,True
2025-12-22,P1042,CompetitorY,566.71,True
2025-12-29,P1042,CompetitorY,580.42,True
2024-02-05,P1042,CompetitorZ,607.82,False
2024-02-12,P1042,CompetitorZ,657.19,True
2024-02-19,P1042,CompetitorZ,631.68,True
2024-02-26,P1042,CompetitorZ,634.34,True
2024-03-04,P1042,CompetitorZ,614.11,True
2024-03-11,P1042,CompetitorZ,644.47,True
2024-03-18,P1042,CompetitorZ,622.48,False
2024-03-25,P1042,CompetitorZ,607.72,False
2024-04-01,P1042,CompetitorZ,656.88,False
2024-04-08,P1042,CompetitorZ,622.11,True
2024-04-15,P1042,CompetitorZ,594.28,True
2024-04-22,P1042,CompetitorZ,624.32,True
2024-04-29,P1042,CompetitorZ,644.65,True
2024-05-06,P1042,CompetitorZ,641.63,True
2024-05-13,P1042,CompetitorZ,617.29,True
2024-05-20,P1042,CompetitorZ,610.94,True
2024-05-27,P1042,CompetitorZ,603.6,True
2024-06-03,P1042,CompetitorZ,628.96,True
2024-06-10,P1042,CompetitorZ,632.24,True
2024-06-17,P1042,CompetitorZ,642.78,True
2024-06-24,P1042,CompetitorZ,626.58,True
2024-07-01,P1042,CompetitorZ,626.02,True
2024-07-08,P1042,CompetitorZ,624.13,True
2024-07-15,P1042,CompetitorZ,632.27,True
2024-07-22,P1042,CompetitorZ,626.87,True
2024-07-29,P1042,CompetitorZ,647.12,True
2024-08-05,P1042,CompetitorZ,635.26,True
2024-08-12,P1042,CompetitorZ,631.43,True
2024-08-19,P1042,CompetitorZ,628.6,True
2024-08-26,P1042,CompetitorZ,611.61,False
2024-09-02,P1042,CompetitorZ,629.38,True
2024-09-09,P1042,CompetitorZ,617.18,True
2024-09-16,P1042,CompetitorZ,635.94,True
2024-09-23,P1042,CompetitorZ,625.45,True
2024-09-30,P1042,CompetitorZ,660.82,True
2024-10-07,P1042,CompetitorZ,605.56,True
2024-10-14,P1042,CompetitorZ,570.85,True
2024-10-21,P1042,CompetitorZ,634.45,True
2024-10-28,P1042,CompetitorZ,617.25,True
2024-11-04,P1042,CompetitorZ,632.43,True
2024-11-11,P1042,CompetitorZ,606.06,True
2024-11-18,P1042,CompetitorZ,665.44,True
2024-11-25,P1042,CompetitorZ,622.09,True
2024-12-02,P1042,CompetitorZ,616.02,True
2024-12-09,P1042,CompetitorZ,665.09,True
2024-12-16,P1042,CompetitorZ,645.26,True
2024-12-23,P1042,CompetitorZ,655.63,True
2024-12-30,P1042,CompetitorZ,626.14,True
2025-01-06,P1042,CompetitorZ,630.28,True
2025-01-13,P1042,CompetitorZ,618.12,True
2025-01-20,P1042,CompetitorZ,615.92,True
2025-01-27,P1042,CompetitorZ,636.91,True
2025-02-03,P1042,CompetitorZ,622.43,True
2025-02-10,P1042,CompetitorZ,671.32,True
2025-02-17,P1042,CompetitorZ,645.3,True
2025-02-24,P1042,CompetitorZ,664.95,True
2025-03-03,P1042,CompetitorZ,587.31,True
2025-03-10,P1042,CompetitorZ,665.18,True
2025-03-17,P1042,CompetitorZ,584.36,True
2025-03-24,P1042,CompetitorZ,605.58,True
2025-03-31,P1042,CompetitorZ,596.3,True
2025-04-07,P1042,CompetitorZ,633.98,True
2025-04-14,P1042,CompetitorZ,629.05,True
2025-04-21,P1042,CompetitorZ,644.4,True
2025-04-28,P1042,CompetitorZ,627.72,True
2025-05-05,P1042,CompetitorZ,652.52,True
2025-05-12,P1042,CompetitorZ,611.78,True
2025-05-19,P1042,CompetitorZ,652.96,True
2025-05-26,P1042,CompetitorZ,628.81,True
2025-06-02,P1042,CompetitorZ,673.87,True
2025-06-09,P1042,CompetitorZ,645.85,True
2025-06-16,P1042,CompetitorZ,623.66,False
2025-06-23,P1042,CompetitorZ,628.75,True
2025-06-30,P1042,CompetitorZ,610.34,True
2025-07-07,P1042,CompetitorZ,636.18,True
2025-07-14,P1042,CompetitorZ,623.65,True
2025-07-21,P1042,CompetitorZ,643.07,False
2025-07-28,P1042,CompetitorZ,604.13,True
2025-08-04,P1042,CompetitorZ,623.17,True
2025-08-11,P1042,CompetitorZ,607.5,True
2025-08-18,P1042,CompetitorZ,608.67,True
2025-08-25,P1042,CompetitorZ,640.83,True
2025-09-01,P1042,CompetitorZ,650.62,True
2025-09-08,P1042,CompetitorZ,585.35,True
2025-09-15,P1042,CompetitorZ,664.55,True
2025-09-22,P1042,CompetitorZ,655.9,True
2025-09-29,P1042,CompetitorZ,603.96,True
2025-10-06,P1042,CompetitorZ,645.0,True
2025-10-13,P1042,CompetitorZ,620.7,True
2025-10-20,P1042,CompetitorZ,627.54,True
2025-10-27,P1042,CompetitorZ,640.76,True
2025-11-03,P1042,CompetitorZ,638.45,True
2025-11-10,P1042,CompetitorZ,618.57,True
2025-11-17,P1042,CompetitorZ,618.49,True
2025-11-24,P1042,CompetitorZ,619.61,True
2025-12-01,P1042,CompetitorZ,650.97,True
2025-12-08,P1042,CompetitorZ,594.24,True
2025-12-15,P1042,CompetitorZ,626.33,True
2025-12-22,P1042,CompetitorZ,659.08,True
2025-12-29,P1042,CompetitorZ,642.68,True
2024-05-20,P1043,CompetitorX,635.4,True
2024-05-27,P1043,CompetitorX,654.96,True
2024-06-03,P1043,CompetitorX,641.07,True
2024-06-10,P1043,CompetitorX,615.27,True
2024-06-17,P1043,CompetitorX,648.35,True
2024-06-24,P1043,CompetitorX,633.27,True
2024-07-01,P1043,CompetitorX,606.19,True
2024-07-08,P1043,CompetitorX,602.99,True
2024-07-15,P1043,CompetitorX,641.76,True
2024-07-22,P1043,CompetitorX,675.23,True
2024-07-29,P1043,CompetitorX,613.98,True
2024-08-05,P1043,CompetitorX,616.25,True
2024-08-12,P1043,CompetitorX,642.04,True
2024-08-19,P1043,CompetitorX,609.46,True
2024-08-26,P1043,CompetitorX,679.28,True
2024-09-02,P1043,CompetitorX,617.99,True
2024-09-09,P1043,CompetitorX,624.97,True
2024-09-16,P1043,CompetitorX,619.16,True
2024-09-23,P1043,CompetitorX,652.26,True
2024-09-30,P1043,CompetitorX,675.63,True
2024-10-07,P1043,CompetitorX,621.08,True
2024-10-14,P1043,CompetitorX,650.96,False
2024-10-21,P1043,CompetitorX,609.61,True
2024-10-28,P1043,CompetitorX,652.73,True
2024-11-04,P1043,CompetitorX,667.94,True
2024-11-11,P1043,CompetitorX,662.11,True
2024-11-18,P1043,CompetitorX,637.0,True
2024-11-25,P1043,CompetitorX,614.81,True
2024-12-02,P1043,CompetitorX,634.48,True
2024-12-09,P1043,CompetitorX,628.55,True
2024-12-16,P1043,CompetitorX,625.97,True
2024-12-23,P1043,CompetitorX,638.4,True
2024-12-30,P1043,CompetitorX,633.2,True
2025-01-06,P1043,CompetitorX,647.94,True
2025-01-13,P1043,CompetitorX,648.07,True
2025-01-20,P1043,CompetitorX,633.27,True
2025-01-27,P1043,CompetitorX,642.7,True
2025-02-03,P1043,CompetitorX,659.62,True
2025-02-10,P1043,CompetitorX,624.35,True
2025-02-17,P1043,CompetitorX,634.77,True
2025-02-24,P1043,CompetitorX,614.9,True
2025-03-03,P1043,CompetitorX,643.6,True
2025-03-10,P1043,CompetitorX,638.25,True
2025-03-17,P1043,CompetitorX,643.24,True
2025-03-24,P1043,CompetitorX,615.65,True
2025-03-31,P1043,CompetitorX,649.04,True
2025-04-07,P1043,CompetitorX,636.41,True
2025-04-14,P1043,CompetitorX,654.06,True
2025-04-21,P1043,CompetitorX,626.14,True
2025-04-28,P1043,CompetitorX,647.46,True
2025-05-05,P1043,CompetitorX,642.94,True
2025-05-12,P1043,CompetitorX,663.49,True
2025-05-19,P1043,CompetitorX,632.26,True
2025-05-26,P1043,CompetitorX,623.91,True
2025-06-02,P1043,CompetitorX,625.07,False
2025-06-09,P1043,CompetitorX,613.37,True
2025-06-16,P1043,CompetitorX,624.89,True
2025-06-23,P1043,CompetitorX,589.92,True
2025-06-30,P1043,CompetitorX,660.52,True
2025-07-07,P1043,CompetitorX,671.28,True
2025-07-14,P1043,CompetitorX,631.66,True
2025-07-21,P1043,CompetitorX,642.81,True
2025-07-28,P1043,CompetitorX,637.59,True
2025-08-04,P1043,CompetitorX,609.48,True
2025-08-11,P1043,CompetitorX,654.0,True
2025-08-18,P1043,CompetitorX,656.84,True
2025-08-25,P1043,CompetitorX,614.66,True
2025-09-01,P1043,CompetitorX,640.75,True
2025-09-08,P1043,CompetitorX,629.47,True
2025-09-15,P1043,CompetitorX,657.12,True
2025-09-22,P1043,CompetitorX,632.89,True
2025-09-29,P1043,CompetitorX,633.41,True
2025-10-06,P1043,CompetitorX,669.13,True
2025-10-13,P1043,CompetitorX,610.0,True
2025-10-20,P1043,CompetitorX,639.19,True
2025-10-27,P1043,CompetitorX,636.16,True
2025-11-03,P1043,CompetitorX,622.98,True
2025-11-10,P1043,CompetitorX,673.3,True
2025-11-17,P1043,CompetitorX,640.88,True
2025-11-24,P1043,CompetitorX,647.26,True
2025-12-01,P1043,CompetitorX,649.97,True
2025-12-08,P1043,CompetitorX,628.36,True
2025-12-15,P1043,CompetitorX,658.11,True
2025-12-22,P1043,CompetitorX,654.27,True
2025-12-29,P1043,CompetitorX,632.15,True
2024-05-20,P1043,CompetitorY,690.34,False
2024-05-27,P1043,CompetitorY,665.22,True
2024-06-03,P1043,CompetitorY,704.5,True
2024-06-10,P1043,CompetitorY,673.1,True
2024-06-17,P1043,CompetitorY,668.91,True
2024-06-24,P1043,CompetitorY,666.35,True
2024-07-01,P1043,CompetitorY,685.13,True
2024-07-08,P1043,CompetitorY,666.83,True
2024-07-15,P1043,CompetitorY,664.56,True
2024-07-22,P1043,CompetitorY,684.8,True
2024-07-29,P1043,CompetitorY,673.32,True
2024-08-05,P1043,CompetitorY,651.11,True
2024-08-12,P1043,CompetitorY,672.09,True
2024-08-19,P1043,CompetitorY,699.53,True
2024-08-26,P1043,CompetitorY,686.86,True
2024-09-02,P1043,CompetitorY,702.02,True
2024-09-09,P1043,CompetitorY,656.71,True
2024-09-16,P1043,CompetitorY,693.0,True
2024-09-23,P1043,CompetitorY,658.38,True
2024-09-30,P1043,CompetitorY,646.62,True
2024-10-07,P1043,CompetitorY,655.27,True
2024-10-14,P1043,CompetitorY,674.09,True
2024-10-21,P1043,CompetitorY,692.15,True
2024-10-28,P1043,CompetitorY,677.7,True
2024-11-04,P1043,CompetitorY,668.36,True
2024-11-11,P1043,CompetitorY,650.65,True
2024-11-18,P1043,CompetitorY,685.65,True
2024-11-25,P1043,CompetitorY,690.85,True
2024-12-02,P1043,CompetitorY,677.45,True
2024-12-09,P1043,CompetitorY,650.25,True
2024-12-16,P1043,CompetitorY,687.73,True
2024-12-23,P1043,CompetitorY,696.16,True
2024-12-30,P1043,CompetitorY,702.32,True
2025-01-06,P1043,CompetitorY,662.63,True
2025-01-13,P1043,CompetitorY,680.23,True
2025-01-20,P1043,CompetitorY,660.68,True
2025-01-27,P1043,CompetitorY,652.86,True
2025-02-03,P1043,CompetitorY,703.34,True
2025-02-10,P1043,CompetitorY,682.82,True
2025-02-17,P1043,CompetitorY,697.48,True
2025-02-24,P1043,CompetitorY,646.77,True
2025-03-03,P1043,CompetitorY,677.25,True
2025-03-10,P1043,CompetitorY,681.68,True
2025-03-17,P1043,CompetitorY,654.68,True
2025-03-24,P1043,CompetitorY,701.41,True
2025-03-31,P1043,CompetitorY,666.5,True
2025-04-07,P1043,CompetitorY,680.58,True
2025-04-14,P1043,CompetitorY,660.36,True
2025-04-21,P1043,CompetitorY,647.38,True
2025-04-28,P1043,CompetitorY,689.84,True
2025-05-05,P1043,CompetitorY,679.08,True
2025-05-12,P1043,CompetitorY,676.22,True
2025-05-19,P1043,CompetitorY,665.84,True
2025-05-26,P1043,CompetitorY,678.53,True
2025-06-02,P1043,CompetitorY,696.95,True
2025-06-09,P1043,CompetitorY,657.67,True
2025-06-16,P1043,CompetitorY,682.73,True
2025-06-23,P1043,CompetitorY,675.52,True
2025-06-30,P1043,CompetitorY,667.73,True
2025-07-07,P1043,CompetitorY,638.3,True
2025-07-14,P1043,CompetitorY,671.2,True
2025-07-21,P1043,CompetitorY,684.99,True
2025-07-28,P1043,CompetitorY,677.97,True
2025-08-04,P1043,CompetitorY,642.46,True
2025-08-11,P1043,CompetitorY,696.56,True
2025-08-18,P1043,CompetitorY,704.64,True
2025-08-25,P1043,CompetitorY,669.24,True
2025-09-01,P1043,CompetitorY,718.0,True
2025-09-08,P1043,CompetitorY,654.73,True
2025-09-15,P1043,CompetitorY,645.82,True
2025-09-22,P1043,CompetitorY,651.0,True
2025-09-29,P1043,CompetitorY,676.38,True
2025-10-06,P1043,CompetitorY,635.62,True
2025-10-13,P1043,CompetitorY,665.18,True
2025-10-20,P1043,CompetitorY,730.56,True
2025-10-27,P1043,CompetitorY,641.15,True
2025-11-03,P1043,CompetitorY,660.42,True
2025-11-10,P1043,CompetitorY,650.57,True
2025-11-17,P1043,CompetitorY,665.71,True
2025-11-24,P1043,CompetitorY,664.43,True
2025-12-01,P1043,CompetitorY,657.96,True
2025-12-08,P1043,CompetitorY,668.3,True
2025-12-15,P1043,CompetitorY,684.2,True
2025-12-22,P1043,CompetitorY,699.35,True
2025-12-29,P1043,CompetitorY,665.71,True
2024-05-20,P1043,CompetitorZ,561.6,True
2024-05-27,P1043,CompetitorZ,572.19,False
2024-06-03,P1043,CompetitorZ,570.02,True
2024-06-10,P1043,CompetitorZ,590.29,False
2024-06-17,P1043,CompetitorZ,577.85,True
2024-06-24,P1043,CompetitorZ,566.14,True
2024-07-01,P1043,CompetitorZ,558.02,True
2024-07-08,P1043,CompetitorZ,541.66,True
2024-07-15,P1043,CompetitorZ,553.32,True
2024-07-22,P1043,CompetitorZ,595.36,True
2024-07-29,P1043,CompetitorZ,586.89,True
2024-08-05,P1043,CompetitorZ,577.01,True
2024-08-12,P1043,CompetitorZ,563.57,True
2024-08-19,P1043,CompetitorZ,593.35,True
2024-08-26,P1043,CompetitorZ,554.7,True
2024-09-02,P1043,CompetitorZ,554.89,True
2024-09-09,P1043,CompetitorZ,570.45,False
2024-09-16,P1043,CompetitorZ,534.58,True
2024-09-23,P1043,CompetitorZ,554.21,True
2024-09-30,P1043,CompetitorZ,568.0,True
2024-10-07,P1043,CompetitorZ,564.13,True
2024-10-14,P1043,CompetitorZ,555.09,True
2024-10-21,P1043,CompetitorZ,606.98,True
2024-10-28,P1043,CompetitorZ,595.45,True
2024-11-04,P1043,CompetitorZ,601.47,True
2024-11-11,P1043,CompetitorZ,570.35,True
2024-11-18,P1043,CompetitorZ,563.66,True
2024-11-25,P1043,CompetitorZ,599.54,True
2024-12-02,P1043,CompetitorZ,573.51,True
2024-12-09,P1043,CompetitorZ,553.85,True
2024-12-16,P1043,CompetitorZ,555.04,True
2024-12-23,P1043,CompetitorZ,566.48,True
2024-12-30,P1043,CompetitorZ,571.67,True
2025-01-06,P1043,CompetitorZ,573.45,True
2025-01-13,P1043,CompetitorZ,568.9,True
2025-01-20,P1043,CompetitorZ,612.2,True
2025-01-27,P1043,CompetitorZ,548.83,True
2025-02-03,P1043,CompetitorZ,583.59,True
2025-02-10,P1043,CompetitorZ,563.86,True
2025-02-17,P1043,CompetitorZ,571.38,True
2025-02-24,P1043,CompetitorZ,588.19,True
2025-03-03,P1043,CompetitorZ,541.45,True
2025-03-10,P1043,CompetitorZ,555.82,True
2025-03-17,P1043,CompetitorZ,569.76,True
2025-03-24,P1043,CompetitorZ,597.38,True
2025-03-31,P1043,CompetitorZ,597.29,True
2025-04-07,P1043,CompetitorZ,593.97,True
2025-04-14,P1043,CompetitorZ,534.41,True
2025-04-21,P1043,CompetitorZ,554.03,True
2025-04-28,P1043,CompetitorZ,554.74,True
2025-05-05,P1043,CompetitorZ,571.1,True
2025-05-12,P1043,CompetitorZ,540.25,True
2025-05-19,P1043,CompetitorZ,590.89,True
2025-05-26,P1043,CompetitorZ,537.82,True
2025-06-02,P1043,CompetitorZ,589.77,True
2025-06-09,P1043,CompetitorZ,586.99,True
2025-06-16,P1043,CompetitorZ,553.27,True
2025-06-23,P1043,CompetitorZ,593.71,True
2025-06-30,P1043,CompetitorZ,566.33,True
2025-07-07,P1043,CompetitorZ,561.88,True
2025-07-14,P1043,CompetitorZ,564.82,True
2025-07-21,P1043,CompetitorZ,566.29,True
2025-07-28,P1043,CompetitorZ,567.87,True
2025-08-04,P1043,CompetitorZ,568.26,True
2025-08-11,P1043,CompetitorZ,556.77,True
2025-08-18,P1043,CompetitorZ,560.75,True
2025-08-25,P1043,CompetitorZ,562.24,True
2025-09-01,P1043,CompetitorZ,600.76,True
2025-09-08,P1043,CompetitorZ,562.25,True
2025-09-15,P1043,CompetitorZ,561.15,True
2025-09-22,P1043,CompetitorZ,598.07,True
2025-09-29,P1043,CompetitorZ,566.52,True
2025-10-06,P1043,CompetitorZ,556.77,True
2025-10-13,P1043,CompetitorZ,553.05,True
2025-10-20,P1043,CompetitorZ,547.68,True
2025-10-27,P1043,CompetitorZ,581.34,True
2025-11-03,P1043,CompetitorZ,541.08,True
2025-11-10,P1043,CompetitorZ,595.15,True
2025-11-17,P1043,CompetitorZ,570.48,True
2025-11-24,P1043,CompetitorZ,564.55,False
2025-12-01,P1043,CompetitorZ,568.13,True
2025-12-08,P1043,CompetitorZ,580.0,True
2025-12-15,P1043,CompetitorZ,563.99,True
2025-12-22,P1043,CompetitorZ,568.76,True
2025-12-29,P1043,CompetitorZ,590.12,True
2024-07-15,P1044,CompetitorY,421.13,True
2024-07-22,P1044,CompetitorY,422.23,True
2024-07-29,P1044,CompetitorY,436.64,True
2024-08-05,P1044,CompetitorY,404.07,True
2024-08-12,P1044,CompetitorY,407.93,True
2024-08-19,P1044,CompetitorY,419.09,True
2024-08-26,P1044,CompetitorY,439.54,True
2024-09-02,P1044,CompetitorY,406.86,True
2024-09-09,P1044,CompetitorY,417.28,True
2024-09-16,P1044,CompetitorY,433.32,True
2024-09-23,P1044,CompetitorY,417.42,True
2024-09-30,P1044,CompetitorY,429.55,True
2024-10-07,P1044,CompetitorY,441.27,True
2024-10-14,P1044,CompetitorY,420.49,True
2024-10-21,P1044,CompetitorY,422.53,True
2024-10-28,P1044,CompetitorY,426.09,True
2024-11-04,P1044,CompetitorY,405.49,True
2024-11-11,P1044,CompetitorY,398.27,True
2024-11-18,P1044,CompetitorY,418.78,True
2024-11-25,P1044,CompetitorY,408.98,True
2024-12-02,P1044,CompetitorY,429.96,True
2024-12-09,P1044,CompetitorY,420.73,True
2024-12-16,P1044,CompetitorY,429.75,True
2024-12-23,P1044,CompetitorY,401.77,True
2024-12-30,P1044,CompetitorY,429.32,True
2025-01-06,P1044,CompetitorY,388.05,True
2025-01-13,P1044,CompetitorY,402.8,True
2025-01-20,P1044,CompetitorY,424.7,True
2025-01-27,P1044,CompetitorY,410.51,True
2025-02-03,P1044,CompetitorY,411.72,True
2025-02-10,P1044,CompetitorY,418.14,True
2025-02-17,P1044,CompetitorY,434.58,True
2025-02-24,P1044,CompetitorY,392.77,True
2025-03-03,P1044,CompetitorY,432.41,True
2025-03-10,P1044,CompetitorY,433.15,True
2025-03-17,P1044,CompetitorY,410.49,True
2025-03-24,P1044,CompetitorY,408.11,True
2025-03-31,P1044,CompetitorY,415.32,True
2025-04-07,P1044,CompetitorY,407.84,True
2025-04-14,P1044,CompetitorY,421.11,True
2025-04-21,P1044,CompetitorY,422.74,True
2025-04-28,P1044,CompetitorY,397.37,True
2025-05-05,P1044,CompetitorY,405.29,True
2025-05-12,P1044,CompetitorY,401.98,True
2025-05-19,P1044,CompetitorY,419.48,True
2025-05-26,P1044,CompetitorY,427.7,True
2025-06-02,P1044,CompetitorY,403.37,True
2025-06-09,P1044,CompetitorY,427.62,True
2025-06-16,P1044,CompetitorY,405.23,True
2025-06-23,P1044,CompetitorY,425.78,True
2025-06-30,P1044,CompetitorY,413.25,True
2025-07-07,P1044,CompetitorY,411.27,True
2025-07-14,P1044,CompetitorY,431.08,True
2025-07-21,P1044,CompetitorY,439.15,False
2025-07-28,P1044,CompetitorY,392.52,True
2025-08-04,P1044,CompetitorY,424.29,True
2025-08-11,P1044,CompetitorY,419.01,True
2025-08-18,P1044,CompetitorY,425.02,True
2025-08-25,P1044,CompetitorY,398.81,True
2025-09-01,P1044,CompetitorY,403.24,True
2025-09-08,P1044,CompetitorY,408.4,True
2025-09-15,P1044,CompetitorY,419.46,True
2025-09-22,P1044,CompetitorY,407.64,True
2025-09-29,P1044,CompetitorY,412.76,True
2025-10-06,P1044,CompetitorY,427.18,True
2025-10-13,P1044,CompetitorY,442.42,False
2025-10-20,P1044,CompetitorY,426.29,True
2025-10-27,P1044,CompetitorY,427.54,True
2025-11-03,P1044,CompetitorY,414.52,True
2025-11-10,P1044,CompetitorY,405.66,True
2025-11-17,P1044,CompetitorY,412.72,True
2025-11-24,P1044,CompetitorY,416.07,True
2025-12-01,P1044,CompetitorY,402.29,True
2025-12-08,P1044,CompetitorY,426.99,True
2025-12-15,P1044,CompetitorY,435.8,True
2025-12-22,P1044,CompetitorY,418.33,True
2025-12-29,P1044,CompetitorY,430.35,True
2024-07-15,P1044,CompetitorX,407.07,True
2024-07-22,P1044,CompetitorX,435.83,True
2024-07-29,P1044,CompetitorX,404.15,True
2024-08-05,P1044,CompetitorX,407.89,True
2024-08-12,P1044,CompetitorX,444.11,True
2024-08-19,P1044,CompetitorX,422.72,True
2024-08-26,P1044,CompetitorX,401.54,True
2024-09-02,P1044,CompetitorX,415.93,True
2024-09-09,P1044,CompetitorX,398.6,True
2024-09-16,P1044,CompetitorX,416.94,True
2024-09-23,P1044,CompetitorX,403.76,True
2024-09-30,P1044,CompetitorX,436.89,True
2024-10-07,P1044,CompetitorX,418.97,True
2024-10-14,P1044,CompetitorX,420.29,True
2024-10-21,P1044,CompetitorX,425.53,True
2024-10-28,P1044,CompetitorX,426.92,True
2024-11-04,P1044,CompetitorX,405.19,True
2024-11-11,P1044,CompetitorX,414.92,True
2024-11-18,P1044,CompetitorX,408.21,True
2024-11-25,P1044,CompetitorX,439.74,True
2024-12-02,P1044,CompetitorX,385.38,False
2024-12-09,P1044,CompetitorX,406.61,True
2024-12-16,P1044,CompetitorX,412.75,True
2024-12-23,P1044,CompetitorX,415.44,True
2024-12-30,P1044,CompetitorX,415.19,True
2025-01-06,P1044,CompetitorX,413.17,True
2025-01-13,P1044,CompetitorX,411.73,True
2025-01-20,P1044,CompetitorX,416.74,True
2025-01-27,P1044,CompetitorX,419.47,True
2025-02-03,P1044,CompetitorX,435.97,True
2025-02-10,P1044,CompetitorX,435.86,True
2025-02-17,P1044,CompetitorX,417.48,True
2025-02-24,P1044,CompetitorX,407.6,True
2025-03-03,P1044,CompetitorX,408.46,True
2025-03-10,P1044,CompetitorX,397.43,True
2025-03-17,P1044,CompetitorX,425.58,True
2025-03-24,P1044,CompetitorX,413.19,True
2025-03-31,P1044,CompetitorX,419.17,True
2025-04-07,P1044,CompetitorX,417.89,True
2025-04-14,P1044,CompetitorX,405.08,True
2025-04-21,P1044,CompetitorX,403.55,True
2025-04-28,P1044,CompetitorX,408.12,True
2025-05-05,P1044,CompetitorX,419.77,True
2025-05-12,P1044,CompetitorX,412.74,True
2025-05-19,P1044,CompetitorX,391.83,True
2025-05-26,P1044,CompetitorX,401.03,True
2025-06-02,P1044,CompetitorX,410.42,True
2025-06-09,P1044,CompetitorX,413.37,True
2025-06-16,P1044,CompetitorX,420.14,True
2025-06-23,P1044,CompetitorX,414.23,True
2025-06-30,P1044,CompetitorX,409.24,True
2025-07-07,P1044,CompetitorX,408.81,False
2025-07-14,P1044,CompetitorX,416.24,True
2025-07-21,P1044,CompetitorX,418.93,False
2025-07-28,P1044,CompetitorX,409.65,True
2025-08-04,P1044,CompetitorX,400.37,True
2025-08-11,P1044,CompetitorX,412.52,True
2025-08-18,P1044,CompetitorX,405.68,True
2025-08-25,P1044,CompetitorX,417.31,True
2025-09-01,P1044,CompetitorX,432.12,True
2025-09-08,P1044,CompetitorX,396.97,True
2025-09-15,P1044,CompetitorX,428.03,True
2025-09-22,P1044,CompetitorX,419.57,True
2025-09-29,P1044,CompetitorX,427.43,True
2025-10-06,P1044,CompetitorX,408.33,True
2025-10-13,P1044,CompetitorX,395.8,True
2025-10-20,P1044,CompetitorX,415.97,True
2025-10-27,P1044,CompetitorX,431.12,True
2025-11-03,P1044,CompetitorX,400.58,True
2025-11-10,P1044,CompetitorX,402.44,True
2025-11-17,P1044,CompetitorX,421.03,True
2025-11-24,P1044,CompetitorX,407.39,True
2025-12-01,P1044,CompetitorX,434.42,True
2025-12-08,P1044,CompetitorX,421.84,True
2025-12-15,P1044,CompetitorX,404.82,True
2025-12-22,P1044,CompetitorX,406.74,True
2025-12-29,P1044,CompetitorX,407.23,True
2024-04-15,P1045,CompetitorX,774.2,True
2024-04-22,P1045,CompetitorX,783.29,True
2024-04-29,P1045,CompetitorX,791.89,True
2024-05-06,P1045,CompetitorX,761.36,True
2024-05-13,P1045,CompetitorX,766.68,True
2024-05-20,P1045,CompetitorX,801.01,True
2024-05-27,P1045,CompetitorX,766.07,True
2024-06-03,P1045,CompetitorX,768.9,True
2024-06-10,P1045,CompetitorX,773.14,True
2024-06-17,P1045,CompetitorX,790.67,True
2024-06-24,P1045,CompetitorX,782.02,True
2024-07-01,P1045,CompetitorX,780.3,True
2024-07-08,P1045,CompetitorX,810.5,True
2024-07-15,P1045,CompetitorX,765.67,True
2024-07-22,P1045,CompetitorX,753.09,True
2024-07-29,P1045,CompetitorX,798.97,True
2024-08-05,P1045,CompetitorX,780.57,True
2024-08-12,P1045,CompetitorX,761.49,True
2024-08-19,P1045,CompetitorX,766.83,True
2024-08-26,P1045,CompetitorX,745.57,True
2024-09-02,P1045,CompetitorX,780.58,True
2024-09-09,P1045,CompetitorX,741.21,True
2024-09-16,P1045,CompetitorX,791.06,True
2024-09-23,P1045,CompetitorX,763.05,True
2024-09-30,P1045,CompetitorX,742.78,True
2024-10-07,P1045,CompetitorX,800.71,True
2024-10-14,P1045,CompetitorX,827.67,True
2024-10-21,P1045,CompetitorX,785.37,True
2024-10-28,P1045,CompetitorX,768.56,True
2024-11-04,P1045,CompetitorX,752.87,True
2024-11-11,P1045,CompetitorX,781.29,True
2024-11-18,P1045,CompetitorX,790.0,True
2024-11-25,P1045,CompetitorX,775.36,True
2024-12-02,P1045,CompetitorX,796.02,True
2024-12-09,P1045,CompetitorX,810.4,True
2024-12-16,P1045,CompetitorX,745.9,True
2024-12-23,P1045,CompetitorX,782.03,True
2024-12-30,P1045,CompetitorX,730.93,True
2025-01-06,P1045,CompetitorX,756.27,True
2025-01-13,P1045,CompetitorX,791.94,True
2025-01-20,P1045,CompetitorX,774.11,True
2025-01-27,P1045,CompetitorX,737.73,True
2025-02-03,P1045,CompetitorX,799.61,True
2025-02-10,P1045,CompetitorX,762.56,True
2025-02-17,P1045,CompetitorX,794.98,True
2025-02-24,P1045,CompetitorX,787.12,False
2025-03-03,P1045,CompetitorX,755.82,True
2025-03-10,P1045,CompetitorX,795.4,True
2025-03-17,P1045,CompetitorX,782.61,True
2025-03-24,P1045,CompetitorX,779.27,True
2025-03-31,P1045,CompetitorX,764.31,True
2025-04-07,P1045,CompetitorX,749.55,True
2025-04-14,P1045,CompetitorX,765.46,True
2025-04-21,P1045,CompetitorX,764.95,True
2025-04-28,P1045,CompetitorX,795.0,True
2025-05-05,P1045,CompetitorX,736.85,False
2025-05-12,P1045,CompetitorX,809.4,True
2025-05-19,P1045,CompetitorX,810.68,True
2025-05-26,P1045,CompetitorX,760.29,True
2025-06-02,P1045,CompetitorX,807.79,True
2025-06-09,P1045,CompetitorX,751.81,True
2025-06-16,P1045,CompetitorX,801.41,True
2025-06-23,P1045,CompetitorX,756.13,True
2025-06-30,P1045,CompetitorX,799.23,True
2025-07-07,P1045,CompetitorX,741.77,False
2025-07-14,P1045,CompetitorX,800.38,True
2025-07-21,P1045,CompetitorX,805.16,True
2025-07-28,P1045,CompetitorX,741.02,True
2025-08-04,P1045,CompetitorX,816.06,True
2025-08-11,P1045,CompetitorX,798.88,True
2025-08-18,P1045,CompetitorX,728.73,True
2025-08-25,P1045,CompetitorX,763.8,True
2025-09-01,P1045,CompetitorX,799.33,True
2025-09-08,P1045,CompetitorX,792.01,True
2025-09-15,P1045,CompetitorX,777.8,True
2025-09-22,P1045,CompetitorX,796.78,True
2025-09-29,P1045,CompetitorX,754.87,True
2025-10-06,P1045,CompetitorX,776.3,True
2025-10-13,P1045,CompetitorX,755.53,True
2025-10-20,P1045,CompetitorX,778.33,True
2025-10-27,P1045,CompetitorX,798.48,True
2025-11-03,P1045,CompetitorX,793.37,True
2025-11-10,P1045,CompetitorX,780.38,True
2025-11-17,P1045,CompetitorX,798.21,True
2025-11-24,P1045,CompetitorX,800.5,True
2025-12-01,P1045,CompetitorX,816.99,False
2025-12-08,P1045,CompetitorX,802.35,True
2025-12-15,P1045,CompetitorX,790.46,True
2025-12-22,P1045,CompetitorX,796.92,True
2025-12-29,P1045,CompetitorX,780.86,True
2024-04-15,P1045,CompetitorY,757.81,False
2024-04-22,P1045,CompetitorY,747.41,True
2024-04-29,P1045,CompetitorY,781.15,True
2024-05-06,P1045,CompetitorY,782.59,True
2024-05-13,P1045,CompetitorY,736.49,True
2024-05-20,P1045,CompetitorY,736.69,True
2024-05-27,P1045,CompetitorY,789.87,True
2024-06-03,P1045,CompetitorY,744.63,True
2024-06-10,P1045,CompetitorY,799.49,True
2024-06-17,P1045,CompetitorY,757.84,False
2024-06-24,P1045,CompetitorY,773.06,True
2024-07-01,P1045,CompetitorY,771.94,True
2024-07-08,P1045,CompetitorY,747.85,True
2024-07-15,P1045,CompetitorY,796.11,True
2024-07-22,P1045,CompetitorY,757.86,True
2024-07-29,P1045,CompetitorY,765.58,True
2024-08-05,P1045,CompetitorY,718.79,True
2024-08-12,P1045,CompetitorY,733.59,True
2024-08-19,P1045,CompetitorY,790.07,True
2024-08-26,P1045,CompetitorY,764.11,True
2024-09-02,P1045,CompetitorY,750.81,True
2024-09-09,P1045,CompetitorY,751.18,True
2024-09-16,P1045,CompetitorY,776.81,True
2024-09-23,P1045,CompetitorY,793.13,True
2024-09-30,P1045,CompetitorY,751.35,True
2024-10-07,P1045,CompetitorY,789.36,True
2024-10-14,P1045,CompetitorY,760.56,True
2024-10-21,P1045,CompetitorY,775.71,True
2024-10-28,P1045,CompetitorY,723.54,True
2024-11-04,P1045,CompetitorY,727.47,True
2024-11-11,P1045,CompetitorY,783.03,True
2024-11-18,P1045,CompetitorY,770.54,True
2024-11-25,P1045,CompetitorY,773.49,True
2024-12-02,P1045,CompetitorY,739.5,True
2024-12-09,P1045,CompetitorY,754.55,True
2024-12-16,P1045,CompetitorY,725.89,True
2024-12-23,P1045,CompetitorY,744.8,True
2024-12-30,P1045,CompetitorY,763.71,True
2025-01-06,P1045,CompetitorY,771.75,True
2025-01-13,P1045,CompetitorY,747.89,True
2025-01-20,P1045,CompetitorY,776.89,True
2025-01-27,P1045,CompetitorY,763.35,True
2025-02-03,P1045,CompetitorY,759.05,True
2025-02-10,P1045,CompetitorY,766.15,True
2025-02-17,P1045,CompetitorY,812.37,True
2025-02-24,P1045,CompetitorY,760.54,True
2025-03-03,P1045,CompetitorY,786.06,True
2025-03-10,P1045,CompetitorY,776.76,True
2025-03-17,P1045,CompetitorY,758.54,True
2025-03-24,P1045,CompetitorY,728.69,True
2025-03-31,P1045,CompetitorY,749.85,True
2025-04-07,P1045,CompetitorY,765.98,True
2025-04-14,P1045,CompetitorY,761.83,True
2025-04-21,P1045,CompetitorY,793.96,True
2025-04-28,P1045,CompetitorY,747.42,True
2025-05-05,P1045,CompetitorY,760.87,True
2025-05-12,P1045,CompetitorY,776.53,True
2025-05-19,P1045,CompetitorY,757.86,True
2025-05-26,P1045,CompetitorY,786.56,True
2025-06-02,P1045,CompetitorY,739.3,True
2025-06-09,P1045,CompetitorY,729.39,True
2025-06-16,P1045,CompetitorY,757.67,True
2025-06-23,P1045,CompetitorY,762.6,True
2025-06-30,P1045,CompetitorY,769.23,True
2025-07-07,P1045,CompetitorY,767.41,True
2025-07-14,P1045,CompetitorY,754.87,True
2025-07-21,P1045,CompetitorY,729.66,True
2025-07-28,P1045,CompetitorY,761.51,True
2025-08-04,P1045,CompetitorY,740.41,True
2025-08-11,P1045,CompetitorY,765.85,True
2025-08-18,P1045,CompetitorY,738.83,True
2025-08-25,P1045,CompetitorY,772.93,False
2025-09-01,P1045,CompetitorY,802.47,True
2025-09-08,P1045,CompetitorY,747.59,True
2025-09-15,P1045,CompetitorY,735.23,True
2025-09-22,P1045,CompetitorY,790.47,True
2025-09-29,P1045,CompetitorY,804.74,True
2025-10-06,P1045,CompetitorY,735.68,True
2025-10-13,P1045,CompetitorY,762.13,True
2025-10-20,P1045,CompetitorY,775.39,True
2025-10-27,P1045,CompetitorY,758.27,True
2025-11-03,P1045,CompetitorY,724.07,True
2025-11-10,P1045,CompetitorY,732.76,True
2025-11-17,P1045,CompetitorY,735.17,True
2025-11-24,P1045,CompetitorY,740.39,True
2025-12-01,P1045,CompetitorY,766.22,True
2025-12-08,P1045,CompetitorY,789.4,True
2025-12-15,P1045,CompetitorY,733.11,True
2025-12-22,P1045,CompetitorY,746.21,True
2025-12-29,P1045,CompetitorY,738.78,True
2024-04-15,P1045,CompetitorZ,673.64,True
2024-04-22,P1045,CompetitorZ,684.09,True
2024-04-29,P1045,CompetitorZ,636.82,True
2024-05-06,P1045,CompetitorZ,670.0,True
2024-05-13,P1045,CompetitorZ,620.99,True
2024-05-20,P1045,CompetitorZ,675.47,True
2024-05-27,P1045,CompetitorZ,670.37,True
2024-06-03,P1045,CompetitorZ,657.63,True
2024-06-10,P1045,CompetitorZ,696.48,True
2024-06-17,P1045,CompetitorZ,615.31,True
2024-06-24,P1045,CompetitorZ,667.5,True
2024-07-01,P1045,CompetitorZ,691.86,True
2024-07-08,P1045,CompetitorZ,670.44,True
2024-07-15,P1045,CompetitorZ,695.23,True
2024-07-22,P1045,CompetitorZ,658.84,True
2024-07-29,P1045,CompetitorZ,664.51,True
2024-08-05,P1045,CompetitorZ,692.57,True
2024-08-12,P1045,CompetitorZ,685.79,True
2024-08-19,P1045,CompetitorZ,715.93,True
2024-08-26,P1045,CompetitorZ,669.92,True
2024-09-02,P1045,CompetitorZ,671.88,True
2024-09-09,P1045,CompetitorZ,658.62,True
2024-09-16,P1045,CompetitorZ,663.77,True
2024-09-23,P1045,CompetitorZ,689.46,True
2024-09-30,P1045,CompetitorZ,667.86,True
2024-10-07,P1045,CompetitorZ,651.69,True
2024-10-14,P1045,CompetitorZ,660.33,True
2024-10-21,P1045,CompetitorZ,666.05,True
2024-10-28,P1045,CompetitorZ,652.99,True
2024-11-04,P1045,CompetitorZ,658.69,True
2024-11-11,P1045,CompetitorZ,647.83,True
2024-11-18,P1045,CompetitorZ,659.4,True
2024-11-25,P1045,CompetitorZ,691.23,True
2024-12-02,P1045,CompetitorZ,668.83,True
2024-12-09,P1045,CompetitorZ,717.18,True
2024-12-16,P1045,CompetitorZ,652.56,True
2024-12-23,P1045,CompetitorZ,677.59,True
2024-12-30,P1045,CompetitorZ,672.32,True
2025-01-06,P1045,CompetitorZ,680.9,True
2025-01-13,P1045,CompetitorZ,655.72,True
2025-01-20,P1045,CompetitorZ,660.48,True
2025-01-27,P1045,CompetitorZ,676.02,True
2025-02-03,P1045,CompetitorZ,657.75,True
2025-02-10,P1045,CompetitorZ,632.33,True
2025-02-17,P1045,CompetitorZ,694.12,True
2025-02-24,P1045,CompetitorZ,685.66,True
2025-03-03,P1045,CompetitorZ,659.51,True
2025-03-10,P1045,CompetitorZ,672.24,True
2025-03-17,P1045,CompetitorZ,688.04,True
2025-03-24,P1045,CompetitorZ,694.8,True
2025-03-31,P1045,CompetitorZ,669.95,True
2025-04-07,P1045,CompetitorZ,656.13,True
2025-04-14,P1045,CompetitorZ,697.2,True
2025-04-21,P1045,CompetitorZ,669.76,True
2025-04-28,P1045,CompetitorZ,664.91,False
2025-05-05,P1045,CompetitorZ,673.14,True
2025-05-12,P1045,CompetitorZ,691.0,True
2025-05-19,P1045,CompetitorZ,667.09,True
2025-05-26,P1045,CompetitorZ,687.62,True
2025-06-02,P1045,CompetitorZ,663.68,True
2025-06-09,P1045,CompetitorZ,680.07,True
2025-06-16,P1045,CompetitorZ,648.87,True
2025-06-23,P1045,CompetitorZ,689.29,True
2025-06-30,P1045,CompetitorZ,654.32,True
2025-07-07,P1045,CompetitorZ,677.07,True
2025-07-14,P1045,CompetitorZ,638.08,True
2025-07-21,P1045,CompetitorZ,668.36,True
2025-07-28,P1045,CompetitorZ,671.63,True
2025-08-04,P1045,CompetitorZ,654.21,True
2025-08-11,P1045,CompetitorZ,665.66,True
2025-08-18,P1045,CompetitorZ,673.11,True
2025-08-25,P1045,CompetitorZ,679.15,True
2025-09-01,P1045,CompetitorZ,669.87,True
2025-09-08,P1045,CompetitorZ,694.56,True
2025-09-15,P1045,CompetitorZ,691.07,True
2025-09-22,P1045,CompetitorZ,667.25,True
2025-09-29,P1045,CompetitorZ,641.21,True
2025-10-06,P1045,CompetitorZ,658.1,True
2025-10-13,P1045,CompetitorZ,623.2,True
2025-10-20,P1045,CompetitorZ,664.19,True
2025-10-27,P1045,CompetitorZ,695.95,True
2025-11-03,P1045,CompetitorZ,683.71,True
2025-11-10,P1045,CompetitorZ,669.54,True
2025-11-17,P1045,CompetitorZ,653.29,True
2025-11-24,P1045,CompetitorZ,670.31,True
2025-12-01,P1045,CompetitorZ,710.56,True
2025-12-08,P1045,CompetitorZ,697.67,True
2025-12-15,P1045,CompetitorZ,664.85,True
2025-12-22,P1045,CompetitorZ,638.17,True
2025-12-29,P1045,CompetitorZ,712.1,True
2024-04-15,P1045,MarketLeaderCo,655.84,True
2024-04-22,P1045,MarketLeaderCo,640.53,True
2024-04-29,P1045,MarketLeaderCo,679.96,True
2024-05-06,P1045,MarketLeaderCo,649.74,True
2024-05-13,P1045,MarketLeaderCo,667.55,True
2024-05-20,P1045,MarketLeaderCo,669.24,True
2024-05-27,P1045,MarketLeaderCo,667.25,True
2024-06-03,P1045,MarketLeaderCo,657.49,True
2024-06-10,P1045,MarketLeaderCo,638.99,True
2024-06-17,P1045,MarketLeaderCo,671.04,True
2024-06-24,P1045,MarketLeaderCo,681.72,True
2024-07-01,P1045,MarketLeaderCo,684.16,True
2024-07-08,P1045,MarketLeaderCo,672.15,True
2024-07-15,P1045,MarketLeaderCo,675.68,True
2024-07-22,P1045,MarketLeaderCo,654.99,True
2024-07-29,P1045,MarketLeaderCo,679.54,True
2024-08-05,P1045,MarketLeaderCo,678.8,True
2024-08-12,P1045,MarketLeaderCo,664.51,True
2024-08-19,P1045,MarketLeaderCo,671.47,True
2024-08-26,P1045,MarketLeaderCo,669.96,True
2024-09-02,P1045,MarketLeaderCo,679.68,True
2024-09-09,P1045,MarketLeaderCo,639.45,True
2024-09-16,P1045,MarketLeaderCo,639.05,True
2024-09-23,P1045,MarketLeaderCo,640.09,True
2024-09-30,P1045,MarketLeaderCo,661.55,True
2024-10-07,P1045,MarketLeaderCo,679.66,True
2024-10-14,P1045,MarketLeaderCo,625.32,True
2024-10-21,P1045,MarketLeaderCo,672.39,True
2024-10-28,P1045,MarketLeaderCo,694.51,True
2024-11-04,P1045,MarketLeaderCo,676.0,True
2024-11-11,P1045,MarketLeaderCo,629.89,True
2024-11-18,P1045,MarketLeaderCo,680.98,True
2024-11-25,P1045,MarketLeaderCo,675.37,True
2024-12-02,P1045,MarketLeaderCo,663.61,True
2024-12-09,P1045,MarketLeaderCo,674.16,True
2024-12-16,P1045,MarketLeaderCo,642.42,False
2024-12-23,P1045,MarketLeaderCo,671.53,True
2024-12-30,P1045,MarketLeaderCo,680.13,True
2025-01-06,P1045,MarketLeaderCo,656.56,True
2025-01-13,P1045,MarketLeaderCo,661.03,True
2025-01-20,P1045,MarketLeaderCo,659.08,True
2025-01-27,P1045,MarketLeaderCo,660.94,True
2025-02-03,P1045,MarketLeaderCo,653.8,True
2025-02-10,P1045,MarketLeaderCo,655.0,True
2025-02-17,P1045,MarketLeaderCo,680.88,True
2025-02-24,P1045,MarketLeaderCo,635.45,True
2025-03-03,P1045,MarketLeaderCo,674.18,True
2025-03-10,P1045,MarketLeaderCo,680.84,True
2025-03-17,P1045,MarketLeaderCo,643.29,True
2025-03-24,P1045,MarketLeaderCo,668.96,True
2025-03-31,P1045,MarketLeaderCo,652.07,True
2025-04-07,P1045,MarketLeaderCo,693.36,True
2025-04-14,P1045,MarketLeaderCo,666.37,True
2025-04-21,P1045,MarketLeaderCo,700.13,True
2025-04-28,P1045,MarketLeaderCo,697.1,True
2025-05-05,P1045,MarketLeaderCo,676.68,True
2025-05-12,P1045,MarketLeaderCo,713.6,True
2025-05-19,P1045,MarketLeaderCo,638.83,True
2025-05-26,P1045,MarketLeaderCo,699.58,True
2025-06-02,P1045,MarketLeaderCo,665.11,True
2025-06-09,P1045,MarketLeaderCo,667.95,True
2025-06-16,P1045,MarketLeaderCo,661.22,True
2025-06-23,P1045,MarketLeaderCo,641.33,True
2025-06-30,P1045,MarketLeaderCo,681.96,True
2025-07-07,P1045,MarketLeaderCo,645.54,True
2025-07-14,P1045,MarketLeaderCo,658.61,True
2025-07-21,P1045,MarketLeaderCo,659.5,True
2025-07-28,P1045,MarketLeaderCo,690.53,True
2025-08-04,P1045,MarketLeaderCo,669.02,True
2025-08-11,P1045,MarketLeaderCo,621.35,True
2025-08-18,P1045,MarketLeaderCo,652.42,True
2025-08-25,P1045,MarketLeaderCo,639.08,True
2025-09-01,P1045,MarketLeaderCo,680.61,True
2025-09-08,P1045,MarketLeaderCo,646.71,True
2025-09-15,P1045,MarketLeaderCo,658.32,False
2025-09-22,P1045,MarketLeaderCo,705.71,True
2025-09-29,P1045,MarketLeaderCo,683.31,True
2025-10-06,P1045,MarketLeaderCo,647.08,True
2025-10-13,P1045,MarketLeaderCo,687.1,True
2025-10-20,P1045,MarketLeaderCo,656.06,True
2025-10-27,P1045,MarketLeaderCo,687.05,True
2025-11-03,P1045,MarketLeaderCo,662.21,True
2025-11-10,P1045,MarketLeaderCo,651.19,True
2025-11-17,P1045,MarketLeaderCo,649.31,True
2025-11-24,P1045,MarketLeaderCo,676.29,True
2025-12-01,P1045,MarketLeaderCo,688.87,True
2025-12-08,P1045,MarketLeaderCo,677.99,True
2025-12-15,P1045,MarketLeaderCo,661.8,True
2025-12-22,P1045,MarketLeaderCo,634.35,True
2025-12-29,P1045,MarketLeaderCo,657.64,True
2024-02-26,P1046,CompetitorY,256.62,True
2024-03-04,P1046,CompetitorY,265.81,True
2024-03-11,P1046,CompetitorY,271.08,True
2024-03-18,P1046,CompetitorY,263.02,True
2024-03-25,P1046,CompetitorY,269.55,True
2024-04-01,P1046,CompetitorY,269.27,True
2024-04-08,P1046,CompetitorY,268.92,True
2024-04-15,P1046,CompetitorY,270.85,False
2024-04-22,P1046,CompetitorY,268.89,True
2024-04-29,P1046,CompetitorY,265.91,True
2024-05-06,P1046,CompetitorY,256.48,True
2024-05-13,P1046,CompetitorY,277.49,True
2024-05-20,P1046,CompetitorY,280.19,True
2024-05-27,P1046,CompetitorY,263.76,True
2024-06-03,P1046,CompetitorY,270.28,True
2024-06-10,P1046,CompetitorY,262.25,True
2024-06-17,P1046,CompetitorY,260.87,True
2024-06-24,P1046,CompetitorY,267.07,True
2024-07-01,P1046,CompetitorY,289.09,True
2024-07-08,P1046,CompetitorY,279.39,True
2024-07-15,P1046,CompetitorY,278.19,True
2024-07-22,P1046,CompetitorY,270.78,True
2024-07-29,P1046,CompetitorY,259.29,True
2024-08-05,P1046,CompetitorY,274.92,False
2024-08-12,P1046,CompetitorY,243.9,True
2024-08-19,P1046,CompetitorY,269.76,True
2024-08-26,P1046,CompetitorY,275.41,True
2024-09-02,P1046,CompetitorY,267.84,True
2024-09-09,P1046,CompetitorY,279.9,True
2024-09-16,P1046,CompetitorY,255.23,True
2024-09-23,P1046,CompetitorY,279.44,True
2024-09-30,P1046,CompetitorY,265.37,True
2024-10-07,P1046,CompetitorY,278.24,True
2024-10-14,P1046,CompetitorY,274.79,False
2024-10-21,P1046,CompetitorY,278.74,True
2024-10-28,P1046,CompetitorY,274.43,True
2024-11-04,P1046,CompetitorY,272.17,True
2024-11-11,P1046,CompetitorY,277.56,False
2024-11-18,P1046,CompetitorY,267.08,True
2024-11-25,P1046,CompetitorY,271.45,True
2024-12-02,P1046,CompetitorY,266.6,True
2024-12-09,P1046,CompetitorY,261.15,True
2024-12-16,P1046,CompetitorY,270.85,True
2024-12-23,P1046,CompetitorY,268.21,True
2024-12-30,P1046,CompetitorY,276.69,True
2025-01-06,P1046,CompetitorY,265.09,True
2025-01-13,P1046,CompetitorY,260.55,True
2025-01-20,P1046,CompetitorY,276.57,True
2025-01-27,P1046,CompetitorY,267.14,True
2025-02-03,P1046,CompetitorY,260.3,True
2025-02-10,P1046,CompetitorY,277.74,True
2025-02-17,P1046,CompetitorY,274.04,True
2025-02-24,P1046,CompetitorY,281.42,True
2025-03-03,P1046,CompetitorY,263.9,True
2025-03-10,P1046,CompetitorY,262.79,True
2025-03-17,P1046,CompetitorY,257.94,True
2025-03-24,P1046,CompetitorY,262.1,True
2025-03-31,P1046,CompetitorY,263.54,True
2025-04-07,P1046,CompetitorY,272.09,True
2025-04-14,P1046,CompetitorY,259.2,True
2025-04-21,P1046,CompetitorY,261.33,True
2025-04-28,P1046,CompetitorY,280.2,True
2025-05-05,P1046,CompetitorY,243.19,True
2025-05-12,P1046,CompetitorY,270.47,True
2025-05-19,P1046,CompetitorY,256.31,True
2025-05-26,P1046,CompetitorY,260.19,True
2025-06-02,P1046,CompetitorY,278.02,True
2025-06-09,P1046,CompetitorY,267.2,False
2025-06-16,P1046,CompetitorY,287.89,False
2025-06-23,P1046,CompetitorY,271.65,True
2025-06-30,P1046,CompetitorY,259.99,True
2025-07-07,P1046,CompetitorY,271.09,True
2025-07-14,P1046,CompetitorY,275.67,True
2025-07-21,P1046,CompetitorY,270.81,True
2025-07-28,P1046,CompetitorY,264.91,True
2025-08-04,P1046,CompetitorY,253.1,True
2025-08-11,P1046,CompetitorY,264.05,True
2025-08-18,P1046,CompetitorY,279.97,True
2025-08-25,P1046,CompetitorY,260.26,True
2025-09-01,P1046,CompetitorY,263.34,True
2025-09-08,P1046,CompetitorY,274.58,True
2025-09-15,P1046,CompetitorY,271.59,True
2025-09-22,P1046,CompetitorY,256.15,True
2025-09-29,P1046,CompetitorY,265.76,True
2025-10-06,P1046,CompetitorY,277.89,True
2025-10-13,P1046,CompetitorY,266.84,True
2025-10-20,P1046,CompetitorY,278.08,False
2025-10-27,P1046,CompetitorY,278.53,True
2025-11-03,P1046,CompetitorY,259.21,True
2025-11-10,P1046,CompetitorY,264.27,False
2025-11-17,P1046,CompetitorY,271.89,True
2025-11-24,P1046,CompetitorY,254.33,True
2025-12-01,P1046,CompetitorY,264.85,True
2025-12-08,P1046,CompetitorY,271.0,True
2025-12-15,P1046,CompetitorY,261.65,True
2025-12-22,P1046,CompetitorY,271.34,True
2025-12-29,P1046,CompetitorY,261.83,True
2024-02-26,P1046,CompetitorX,298.85,True
2024-03-04,P1046,CompetitorX,311.86,True
2024-03-11,P1046,CompetitorX,302.82,True
2024-03-18,P1046,CompetitorX,303.27,True
2024-03-25,P1046,CompetitorX,294.72,True
2024-04-01,P1046,CompetitorX,288.69,True
2024-04-08,P1046,CompetitorX,300.22,False
2024-04-15,P1046,CompetitorX,316.11,True
2024-04-22,P1046,CompetitorX,296.74,True
2024-04-29,P1046,CompetitorX,295.31,True
2024-05-06,P1046,CompetitorX,299.33,True
2024-05-13,P1046,CompetitorX,316.84,True
2024-05-20,P1046,CompetitorX,307.99,True
2024-05-27,P1046,CompetitorX,311.84,True
2024-06-03,P1046,CompetitorX,283.01,True
2024-06-10,P1046,CompetitorX,293.44,True
2024-06-17,P1046,CompetitorX,293.75,True
2024-06-24,P1046,CompetitorX,311.14,True
2024-07-01,P1046,CompetitorX,306.84,True
2024-07-08,P1046,CompetitorX,310.41,True
2024-07-15,P1046,CompetitorX,283.95,True
2024-07-22,P1046,CompetitorX,310.91,True
2024-07-29,P1046,CompetitorX,306.84,True
2024-08-05,P1046,CompetitorX,292.54,True
2024-08-12,P1046,CompetitorX,299.11,True
2024-08-19,P1046,CompetitorX,292.82,True
2024-08-26,P1046,CompetitorX,300.01,True
2024-09-02,P1046,CompetitorX,304.94,True
2024-09-09,P1046,CompetitorX,313.56,True
2024-09-16,P1046,CompetitorX,292.4,True
2024-09-23,P1046,CompetitorX,296.65,True
2024-09-30,P1046,CompetitorX,290.93,True
2024-10-07,P1046,CompetitorX,307.8,True
2024-10-14,P1046,CompetitorX,286.66,True
2024-10-21,P1046,CompetitorX,302.48,True
2024-10-28,P1046,CompetitorX,289.82,True
2024-11-04,P1046,CompetitorX,301.3,True
2024-11-11,P1046,CompetitorX,311.32,True
2024-11-18,P1046,CompetitorX,296.27,True
2024-11-25,P1046,CompetitorX,302.88,True
2024-12-02,P1046,CompetitorX,292.82,True
2024-12-09,P1046,CompetitorX,299.87,False
2024-12-16,P1046,CompetitorX,286.82,True
2024-12-23,P1046,CompetitorX,307.27,True
2024-12-30,P1046,CompetitorX,297.13,True
2025-01-06,P1046,CompetitorX,299.0,True
2025-01-13,P1046,CompetitorX,301.51,True
2025-01-20,P1046,CompetitorX,283.13,True
2025-01-27,P1046,CompetitorX,294.64,True
2025-02-03,P1046,CompetitorX,302.1,True
2025-02-10,P1046,CompetitorX,299.44,True
2025-02-17,P1046,CompetitorX,320.54,True
2025-02-24,P1046,CompetitorX,312.25,True
2025-03-03,P1046,CompetitorX,302.14,True
2025-03-10,P1046,CompetitorX,291.65,True
2025-03-17,P1046,CompetitorX,296.42,True
2025-03-24,P1046,CompetitorX,306.82,True
2025-03-31,P1046,CompetitorX,301.58,True
2025-04-07,P1046,CompetitorX,312.4,True
2025-04-14,P1046,CompetitorX,301.5,True
2025-04-21,P1046,CompetitorX,301.93,True
2025-04-28,P1046,CompetitorX,315.54,False
2025-05-05,P1046,CompetitorX,290.99,True
2025-05-12,P1046,CompetitorX,316.53,True
2025-05-19,P1046,CompetitorX,307.83,True
2025-05-26,P1046,CompetitorX,330.09,True
2025-06-02,P1046,CompetitorX,294.55,True
2025-06-09,P1046,CompetitorX,315.59,True
2025-06-16,P1046,CompetitorX,302.09,True
2025-06-23,P1046,CompetitorX,299.21,True
2025-06-30,P1046,CompetitorX,303.64,True
2025-07-07,P1046,CompetitorX,302.01,True
2025-07-14,P1046,CompetitorX,293.85,True
2025-07-21,P1046,CompetitorX,299.7,True
2025-07-28,P1046,CompetitorX,303.66,False
2025-08-04,P1046,CompetitorX,297.05,True
2025-08-11,P1046,CompetitorX,305.76,True
2025-08-18,P1046,CompetitorX,298.21,True
2025-08-25,P1046,CompetitorX,305.02,True
2025-09-01,P1046,CompetitorX,303.93,True
2025-09-08,P1046,CompetitorX,304.96,False
2025-09-15,P1046,CompetitorX,288.71,True
2025-09-22,P1046,CompetitorX,310.79,True
2025-09-29,P1046,CompetitorX,293.07,True
2025-10-06,P1046,CompetitorX,299.21,True
2025-10-13,P1046,CompetitorX,295.05,True
2025-10-20,P1046,CompetitorX,301.53,True
2025-10-27,P1046,CompetitorX,299.88,True
2025-11-03,P1046,CompetitorX,306.76,True
2025-11-10,P1046,CompetitorX,301.28,True
2025-11-17,P1046,CompetitorX,297.35,False
2025-11-24,P1046,CompetitorX,284.66,True
2025-12-01,P1046,CompetitorX,308.87,True
2025-12-08,P1046,CompetitorX,305.56,True
2025-12-15,P1046,CompetitorX,309.23,True
2025-12-22,P1046,CompetitorX,299.21,True
2025-12-29,P1046,CompetitorX,304.11,True
2024-02-26,P1046,CompetitorZ,288.31,True
2024-03-04,P1046,CompetitorZ,291.98,True
2024-03-11,P1046,CompetitorZ,286.72,True
2024-03-18,P1046,CompetitorZ,302.06,True
2024-03-25,P1046,CompetitorZ,291.85,True
2024-04-01,P1046,CompetitorZ,310.16,True
2024-04-08,P1046,CompetitorZ,294.79,True
2024-04-15,P1046,CompetitorZ,294.72,True
2024-04-22,P1046,CompetitorZ,288.9,True
2024-04-29,P1046,CompetitorZ,292.77,True
2024-05-06,P1046,CompetitorZ,291.66,True
2024-05-13,P1046,CompetitorZ,305.82,True
2024-05-20,P1046,CompetitorZ,296.62,True
2024-05-27,P1046,CompetitorZ,300.29,True
2024-06-03,P1046,CompetitorZ,294.94,True
2024-06-10,P1046,CompetitorZ,290.44,False
2024-06-17,P1046,CompetitorZ,297.34,True
2024-06-24,P1046,CompetitorZ,308.1,True
2024-07-01,P1046,CompetitorZ,284.82,True
2024-07-08,P1046,CompetitorZ,297.77,True
2024-07-15,P1046,CompetitorZ,307.27,True
2024-07-22,P1046,CompetitorZ,286.88,True
2024-07-29,P1046,CompetitorZ,302.2,True
2024-08-05,P1046,CompetitorZ,302.21,True
2024-08-12,P1046,CompetitorZ,282.65,True
2024-08-19,P1046,CompetitorZ,303.87,True
2024-08-26,P1046,CompetitorZ,288.83,True
2024-09-02,P1046,CompetitorZ,297.24,True
2024-09-09,P1046,CompetitorZ,303.1,True
2024-09-16,P1046,CompetitorZ,304.66,True
2024-09-23,P1046,CompetitorZ,280.52,True
2024-09-30,P1046,CompetitorZ,309.85,True
2024-10-07,P1046,CompetitorZ,306.58,True
2024-10-14,P1046,CompetitorZ,303.35,True
2024-10-21,P1046,CompetitorZ,297.26,True
2024-10-28,P1046,CompetitorZ,290.23,True
2024-11-04,P1046,CompetitorZ,284.51,True
2024-11-11,P1046,CompetitorZ,279.74,True
2024-11-18,P1046,CompetitorZ,299.76,True
2024-11-25,P1046,CompetitorZ,303.35,True
2024-12-02,P1046,CompetitorZ,293.32,True
2024-12-09,P1046,CompetitorZ,290.0,True
2024-12-16,P1046,CompetitorZ,294.69,True
2024-12-23,P1046,CompetitorZ,288.42,True
2024-12-30,P1046,CompetitorZ,294.26,True
2025-01-06,P1046,CompetitorZ,287.91,True
2025-01-13,P1046,CompetitorZ,299.47,True
2025-01-20,P1046,CompetitorZ,305.04,True
2025-01-27,P1046,CompetitorZ,298.56,True
2025-02-03,P1046,CompetitorZ,293.36,True
2025-02-10,P1046,CompetitorZ,302.8,True
2025-02-17,P1046,CompetitorZ,294.24,True
2025-02-24,P1046,CompetitorZ,302.52,True
2025-03-03,P1046,CompetitorZ,288.46,True
2025-03-10,P1046,CompetitorZ,289.6,False
2025-03-17,P1046,CompetitorZ,285.35,True
2025-03-24,P1046,CompetitorZ,289.96,True
2025-03-31,P1046,CompetitorZ,302.73,True
2025-04-07,P1046,CompetitorZ,286.38,True
2025-04-14,P1046,CompetitorZ,273.74,True
2025-04-21,P1046,CompetitorZ,290.41,True
2025-04-28,P1046,CompetitorZ,283.71,True
2025-05-05,P1046,CompetitorZ,289.62,True
2025-05-12,P1046,CompetitorZ,312.66,True
2025-05-19,P1046,CompetitorZ,286.23,True
2025-05-26,P1046,CompetitorZ,299.66,True
2025-06-02,P1046,CompetitorZ,293.36,True
2025-06-09,P1046,CompetitorZ,297.36,True
2025-06-16,P1046,CompetitorZ,289.58,True
2025-06-23,P1046,CompetitorZ,304.32,True
2025-06-30,P1046,CompetitorZ,297.84,True
2025-07-07,P1046,CompetitorZ,298.08,True
2025-07-14,P1046,CompetitorZ,294.94,True
2025-07-21,P1046,CompetitorZ,305.15,True
2025-07-28,P1046,CompetitorZ,299.01,True
2025-08-04,P1046,CompetitorZ,297.34,True
2025-08-11,P1046,CompetitorZ,299.83,True
2025-08-18,P1046,CompetitorZ,278.54,True
2025-08-25,P1046,CompetitorZ,295.73,True
2025-09-01,P1046,CompetitorZ,293.5,True
2025-09-08,P1046,CompetitorZ,304.38,True
2025-09-15,P1046,CompetitorZ,287.89,True
2025-09-22,P1046,CompetitorZ,295.84,True
2025-09-29,P1046,CompetitorZ,311.04,True
2025-10-06,P1046,CompetitorZ,293.84,True
2025-10-13,P1046,CompetitorZ,282.33,True
2025-10-20,P1046,CompetitorZ,313.25,True
2025-10-27,P1046,CompetitorZ,287.76,True
2025-11-03,P1046,CompetitorZ,284.9,True
2025-11-10,P1046,CompetitorZ,285.24,True
2025-11-17,P1046,CompetitorZ,300.49,True
2025-11-24,P1046,CompetitorZ,305.52,True
2025-12-01,P1046,CompetitorZ,309.6,True
2025-12-08,P1046,CompetitorZ,294.2,True
2025-12-15,P1046,CompetitorZ,285.36,True
2025-12-22,P1046,CompetitorZ,289.04,True
2025-12-29,P1046,CompetitorZ,294.37,False
2024-05-13,P1047,CompetitorY,505.89,False
2024-05-20,P1047,CompetitorY,539.94,True
2024-05-27,P1047,CompetitorY,554.54,True
2024-06-03,P1047,CompetitorY,534.45,True
2024-06-10,P1047,CompetitorY,533.75,True
2024-06-17,P1047,CompetitorY,534.54,True
2024-06-24,P1047,CompetitorY,550.04,True
2024-07-01,P1047,CompetitorY,520.78,True
2024-07-08,P1047,CompetitorY,532.04,True
2024-07-15,P1047,CompetitorY,557.93,True
2024-07-22,P1047,CompetitorY,533.25,True
2024-07-29,P1047,CompetitorY,532.28,True
2024-08-05,P1047,CompetitorY,518.81,True
2024-08-12,P1047,CompetitorY,551.64,True
2024-08-19,P1047,CompetitorY,548.06,True
2024-08-26,P1047,CompetitorY,556.94,True
2024-09-02,P1047,CompetitorY,539.32,True
2024-09-09,P1047,CompetitorY,546.28,True
2024-09-16,P1047,CompetitorY,546.15,True
2024-09-23,P1047,CompetitorY,518.02,True
2024-09-30,P1047,CompetitorY,579.37,True
2024-10-07,P1047,CompetitorY,557.04,True
2024-10-14,P1047,CompetitorY,542.44,True
2024-10-21,P1047,CompetitorY,537.52,True
2024-10-28,P1047,CompetitorY,562.65,True
2024-11-04,P1047,CompetitorY,542.72,True
2024-11-11,P1047,CompetitorY,555.99,True
2024-11-18,P1047,CompetitorY,531.77,True
2024-11-25,P1047,CompetitorY,526.95,True
2024-12-02,P1047,CompetitorY,538.53,True
2024-12-09,P1047,CompetitorY,541.33,True
2024-12-16,P1047,CompetitorY,548.03,False
2024-12-23,P1047,CompetitorY,564.97,True
2024-12-30,P1047,CompetitorY,559.21,True
2025-01-06,P1047,CompetitorY,562.56,True
2025-01-13,P1047,CompetitorY,529.26,True
2025-01-20,P1047,CompetitorY,536.37,True
2025-01-27,P1047,CompetitorY,556.87,True
2025-02-03,P1047,CompetitorY,560.88,True
2025-02-10,P1047,CompetitorY,553.2,True
2025-02-17,P1047,CompetitorY,532.02,True
2025-02-24,P1047,CompetitorY,524.25,True
2025-03-03,P1047,CompetitorY,544.94,True
2025-03-10,P1047,CompetitorY,526.68,True
2025-03-17,P1047,CompetitorY,548.64,True
2025-03-24,P1047,CompetitorY,561.46,True
2025-03-31,P1047,CompetitorY,544.23,True
2025-04-07,P1047,CompetitorY,519.96,True
2025-04-14,P1047,CompetitorY,532.89,True
2025-04-21,P1047,CompetitorY,555.2,True
2025-04-28,P1047,CompetitorY,548.85,True
2025-05-05,P1047,CompetitorY,550.15,True
2025-05-12,P1047,CompetitorY,569.88,True
2025-05-19,P1047,CompetitorY,546.82,True
2025-05-26,P1047,CompetitorY,546.31,True
2025-06-02,P1047,CompetitorY,555.07,True
2025-06-09,P1047,CompetitorY,522.11,True
2025-06-16,P1047,CompetitorY,533.93,True
2025-06-23,P1047,CompetitorY,529.17,True
2025-06-30,P1047,CompetitorY,551.79,True
2025-07-07,P1047,CompetitorY,526.24,True
2025-07-14,P1047,CompetitorY,550.31,True
2025-07-21,P1047,CompetitorY,537.64,True
2025-07-28,P1047,CompetitorY,535.38,True
2025-08-04,P1047,CompetitorY,555.96,True
2025-08-11,P1047,CompetitorY,519.53,True
2025-08-18,P1047,CompetitorY,533.22,True
2025-08-25,P1047,CompetitorY,588.72,True
2025-09-01,P1047,CompetitorY,571.2,False
2025-09-08,P1047,CompetitorY,511.7,True
2025-09-15,P1047,CompetitorY,532.92,True
2025-09-22,P1047,CompetitorY,542.18,True
2025-09-29,P1047,CompetitorY,518.25,True
2025-10-06,P1047,CompetitorY,573.92,True
2025-10-13,P1047,CompetitorY,541.64,True
2025-10-20,P1047,CompetitorY,538.14,True
2025-10-27,P1047,CompetitorY,547.34,True
2025-11-03,P1047,CompetitorY,547.09,False
2025-11-10,P1047,CompetitorY,527.29,True
2025-11-17,P1047,CompetitorY,562.51,True
2025-11-24,P1047,CompetitorY,543.79,True
2025-12-01,P1047,CompetitorY,562.41,True
2025-12-08,P1047,CompetitorY,531.81,True
2025-12-15,P1047,CompetitorY,512.0,False
2025-12-22,P1047,CompetitorY,564.49,True
2025-12-29,P1047,CompetitorY,553.18,True
2024-05-13,P1047,CompetitorX,541.45,True
2024-05-20,P1047,CompetitorX,522.46,False
2024-05-27,P1047,CompetitorX,494.45,True
2024-06-03,P1047,CompetitorX,511.31,True
2024-06-10,P1047,CompetitorX,542.83,True
2024-06-17,P1047,CompetitorX,523.16,True
2024-06-24,P1047,CompetitorX,554.87,True
2024-07-01,P1047,CompetitorX,514.91,True
2024-07-08,P1047,CompetitorX,556.97,True
2024-07-15,P1047,CompetitorX,520.81,True
2024-07-22,P1047,CompetitorX,514.27,True
2024-07-29,P1047,CompetitorX,509.71,True
2024-08-05,P1047,CompetitorX,531.14,True
2024-08-12,P1047,CompetitorX,498.75,True
2024-08-19,P1047,CompetitorX,512.24,True
2024-08-26,P1047,CompetitorX,520.01,True
2024-09-02,P1047,CompetitorX,485.55,True
2024-09-09,P1047,CompetitorX,519.31,True
2024-09-16,P1047,CompetitorX,547.71,True
2024-09-23,P1047,CompetitorX,527.58,True
2024-09-30,P1047,CompetitorX,510.55,True
2024-10-07,P1047,CompetitorX,513.36,True
2024-10-14,P1047,CompetitorX,526.1,False
2024-10-21,P1047,CompetitorX,512.85,True
2024-10-28,P1047,CompetitorX,528.15,True
2024-11-04,P1047,CompetitorX,512.41,True
2024-11-11,P1047,CompetitorX,504.83,True
2024-11-18,P1047,CompetitorX,539.28,True
2024-11-25,P1047,CompetitorX,531.91,False
2024-12-02,P1047,CompetitorX,491.32,True
2024-12-09,P1047,CompetitorX,515.57,True
2024-12-16,P1047,CompetitorX,537.13,True
2024-12-23,P1047,CompetitorX,518.23,True
2024-12-30,P1047,CompetitorX,511.76,True
2025-01-06,P1047,CompetitorX,516.88,True
2025-01-13,P1047,CompetitorX,522.56,True
2025-01-20,P1047,CompetitorX,518.02,True
2025-01-27,P1047,CompetitorX,519.54,True
2025-02-03,P1047,CompetitorX,518.49,True
2025-02-10,P1047,CompetitorX,505.62,True
2025-02-17,P1047,CompetitorX,504.81,True
2025-02-24,P1047,CompetitorX,503.8,True
2025-03-03,P1047,CompetitorX,522.26,True
2025-03-10,P1047,CompetitorX,529.94,True
2025-03-17,P1047,CompetitorX,506.12,True
2025-03-24,P1047,CompetitorX,497.39,True
2025-03-31,P1047,CompetitorX,507.22,True
2025-04-07,P1047,CompetitorX,542.74,True
2025-04-14,P1047,CompetitorX,515.94,True
2025-04-21,P1047,CompetitorX,517.49,True
2025-04-28,P1047,CompetitorX,508.37,True
2025-05-05,P1047,CompetitorX,529.76,True
2025-05-12,P1047,CompetitorX,518.9,True
2025-05-19,P1047,CompetitorX,509.48,True
2025-05-26,P1047,CompetitorX,504.72,True
2025-06-02,P1047,CompetitorX,526.73,True
2025-06-09,P1047,CompetitorX,524.96,True
2025-06-16,P1047,CompetitorX,501.48,True
2025-06-23,P1047,CompetitorX,540.01,True
2025-06-30,P1047,CompetitorX,510.8,True
2025-07-07,P1047,CompetitorX,486.07,True
2025-07-14,P1047,CompetitorX,544.72,True
2025-07-21,P1047,CompetitorX,519.23,True
2025-07-28,P1047,CompetitorX,527.62,True
2025-08-04,P1047,CompetitorX,546.96,False
2025-08-11,P1047,CompetitorX,505.17,False
2025-08-18,P1047,CompetitorX,528.32,True
2025-08-25,P1047,CompetitorX,539.2,False
2025-09-01,P1047,CompetitorX,506.23,True
2025-09-08,P1047,CompetitorX,543.65,False
2025-09-15,P1047,CompetitorX,498.81,True
2025-09-22,P1047,CompetitorX,519.34,True
2025-09-29,P1047,CompetitorX,504.03,True
2025-10-06,P1047,CompetitorX,531.7,True
2025-10-13,P1047,CompetitorX,505.75,True
2025-10-20,P1047,CompetitorX,511.19,True
2025-10-27,P1047,CompetitorX,507.1,True
2025-11-03,P1047,CompetitorX,502.05,True
2025-11-10,P1047,CompetitorX,508.85,True
2025-11-17,P1047,CompetitorX,520.12,True
2025-11-24,P1047,CompetitorX,519.27,True
2025-12-01,P1047,CompetitorX,517.45,True
2025-12-08,P1047,CompetitorX,510.42,False
2025-12-15,P1047,CompetitorX,515.27,True
2025-12-22,P1047,CompetitorX,496.06,True
2025-12-29,P1047,CompetitorX,509.91,True
2024-05-13,P1047,MarketLeaderCo,425.56,True
2024-05-20,P1047,MarketLeaderCo,426.48,True
2024-05-27,P1047,MarketLeaderCo,459.84,True
2024-06-03,P1047,MarketLeaderCo,442.22,True
2024-06-10,P1047,MarketLeaderCo,430.68,True
2024-06-17,P1047,MarketLeaderCo,438.07,True
2024-06-24,P1047,MarketLeaderCo,444.18,True
2024-07-01,P1047,MarketLeaderCo,435.98,True
2024-07-08,P1047,MarketLeaderCo,418.84,True
2024-07-15,P1047,MarketLeaderCo,430.47,True
2024-07-22,P1047,MarketLeaderCo,419.59,True
2024-07-29,P1047,MarketLeaderCo,427.98,True
2024-08-05,P1047,MarketLeaderCo,430.19,True
2024-08-12,P1047,MarketLeaderCo,445.89,True
2024-08-19,P1047,MarketLeaderCo,421.95,True
2024-08-26,P1047,MarketLeaderCo,420.91,True
2024-09-02,P1047,MarketLeaderCo,422.95,False
2024-09-09,P1047,MarketLeaderCo,424.35,True
2024-09-16,P1047,MarketLeaderCo,428.12,True
2024-09-23,P1047,MarketLeaderCo,436.52,True
2024-09-30,P1047,MarketLeaderCo,422.06,True
2024-10-07,P1047,MarketLeaderCo,433.74,True
2024-10-14,P1047,MarketLeaderCo,433.9,True
2024-10-21,P1047,MarketLeaderCo,439.43,False
2024-10-28,P1047,MarketLeaderCo,429.51,True
2024-11-04,P1047,MarketLeaderCo,443.04,True
2024-11-11,P1047,MarketLeaderCo,437.03,True
2024-11-18,P1047,MarketLeaderCo,436.45,False
2024-11-25,P1047,MarketLeaderCo,425.1,True
2024-12-02,P1047,MarketLeaderCo,435.81,True
2024-12-09,P1047,MarketLeaderCo,436.81,True
2024-12-16,P1047,MarketLeaderCo,424.5,True
2024-12-23,P1047,MarketLeaderCo,447.73,True
2024-12-30,P1047,MarketLeaderCo,466.27,True
2025-01-06,P1047,MarketLeaderCo,423.72,True
2025-01-13,P1047,MarketLeaderCo,426.15,True
2025-01-20,P1047,MarketLeaderCo,426.47,True
2025-01-27,P1047,MarketLeaderCo,415.26,True
2025-02-03,P1047,MarketLeaderCo,420.88,True
2025-02-10,P1047,MarketLeaderCo,443.36,True
2025-02-17,P1047,MarketLeaderCo,431.18,True
2025-02-24,P1047,MarketLeaderCo,457.13,True
2025-03-03,P1047,MarketLeaderCo,428.5,False
2025-03-10,P1047,MarketLeaderCo,437.64,True
2025-03-17,P1047,MarketLeaderCo,420.52,True
2025-03-24,P1047,MarketLeaderCo,430.82,True
2025-03-31,P1047,MarketLeaderCo,433.38,True
2025-04-07,P1047,MarketLeaderCo,404.96,True
2025-04-14,P1047,MarketLeaderCo,421.55,True
2025-04-21,P1047,MarketLeaderCo,440.49,True
2025-04-28,P1047,MarketLeaderCo,439.8,True
2025-05-05,P1047,MarketLeaderCo,416.06,True
2025-05-12,P1047,MarketLeaderCo,427.56,True
2025-05-19,P1047,MarketLeaderCo,401.52,True
2025-05-26,P1047,MarketLeaderCo,432.2,True
2025-06-02,P1047,MarketLeaderCo,448.59,True
2025-06-09,P1047,MarketLeaderCo,449.15,True
2025-06-16,P1047,MarketLeaderCo,448.69,True
2025-06-23,P1047,MarketLeaderCo,439.08,True
2025-06-30,P1047,MarketLeaderCo,447.26,True
2025-07-07,P1047,MarketLeaderCo,429.79,True
2025-07-14,P1047,MarketLeaderCo,425.48,True
2025-07-21,P1047,MarketLeaderCo,447.04,True
2025-07-28,P1047,MarketLeaderCo,435.99,True
2025-08-04,P1047,MarketLeaderCo,408.97,True
2025-08-11,P1047,MarketLeaderCo,448.02,True
2025-08-18,P1047,MarketLeaderCo,429.39,True
2025-08-25,P1047,MarketLeaderCo,423.59,True
2025-09-01,P1047,MarketLeaderCo,444.94,True
2025-09-08,P1047,MarketLeaderCo,443.19,True
2025-09-15,P1047,MarketLeaderCo,419.84,True
2025-09-22,P1047,MarketLeaderCo,430.21,True
2025-09-29,P1047,MarketLeaderCo,420.47,True
2025-10-06,P1047,MarketLeaderCo,420.81,True
2025-10-13,P1047,MarketLeaderCo,393.44,True
2025-10-20,P1047,MarketLeaderCo,419.1,True
2025-10-27,P1047,MarketLeaderCo,430.03,True
2025-11-03,P1047,MarketLeaderCo,395.51,True
2025-11-10,P1047,MarketLeaderCo,414.46,True
2025-11-17,P1047,MarketLeaderCo,440.12,True
2025-11-24,P1047,MarketLeaderCo,413.93,True
2025-12-01,P1047,MarketLeaderCo,430.21,True
2025-12-08,P1047,MarketLeaderCo,410.81,True
2025-12-15,P1047,MarketLeaderCo,437.55,True
2025-12-22,P1047,MarketLeaderCo,428.02,True
2025-12-29,P1047,MarketLeaderCo,420.35,True
2024-07-15,P1048,CompetitorY,802.96,True
2024-07-22,P1048,CompetitorY,753.4,True
2024-07-29,P1048,CompetitorY,727.89,True
2024-08-05,P1048,CompetitorY,782.28,True
2024-08-12,P1048,CompetitorY,783.14,True
2024-08-19,P1048,CompetitorY,757.88,True
2024-08-26,P1048,CompetitorY,800.06,True
2024-09-02,P1048,CompetitorY,747.82,True
2024-09-09,P1048,CompetitorY,768.85,True
2024-09-16,P1048,CompetitorY,776.54,True
2024-09-23,P1048,CompetitorY,799.55,True
2024-09-30,P1048,CompetitorY,720.23,True
2024-10-07,P1048,CompetitorY,817.4,True
2024-10-14,P1048,CompetitorY,791.75,True
2024-10-21,P1048,CompetitorY,775.13,True
2024-10-28,P1048,CompetitorY,746.47,True
2024-11-04,P1048,CompetitorY,744.54,True
2024-11-11,P1048,CompetitorY,771.42,True
2024-11-18,P1048,CompetitorY,776.15,True
2024-11-25,P1048,CompetitorY,773.19,True
2024-12-02,P1048,CompetitorY,768.48,True
2024-12-09,P1048,CompetitorY,774.73,True
2024-12-16,P1048,CompetitorY,714.67,True
2024-12-23,P1048,CompetitorY,758.71,True
2024-12-30,P1048,CompetitorY,733.08,True
2025-01-06,P1048,CompetitorY,763.88,True
2025-01-13,P1048,CompetitorY,794.79,True
2025-01-20,P1048,CompetitorY,743.97,True
2025-01-27,P1048,CompetitorY,748.54,True
2025-02-03,P1048,CompetitorY,745.32,True
2025-02-10,P1048,CompetitorY,748.39,True
2025-02-17,P1048,CompetitorY,777.53,False
2025-02-24,P1048,CompetitorY,782.88,True
2025-03-03,P1048,CompetitorY,798.53,True
2025-03-10,P1048,CompetitorY,741.75,True
2025-03-17,P1048,CompetitorY,780.51,True
2025-03-24,P1048,CompetitorY,784.33,True
2025-03-31,P1048,CompetitorY,802.75,True
2025-04-07,P1048,CompetitorY,743.47,True
2025-04-14,P1048,CompetitorY,718.84,True
2025-04-21,P1048,CompetitorY,758.45,True
2025-04-28,P1048,CompetitorY,829.26,True
2025-05-05,P1048,CompetitorY,739.68,True
2025-05-12,P1048,CompetitorY,775.99,True
2025-05-19,P1048,CompetitorY,713.96,False
2025-05-26,P1048,CompetitorY,806.46,False
2025-06-02,P1048,CompetitorY,721.72,True
2025-06-09,P1048,CompetitorY,709.95,True
2025-06-16,P1048,CompetitorY,767.08,True
2025-06-23,P1048,CompetitorY,767.53,True
2025-06-30,P1048,CompetitorY,797.38,True
2025-07-07,P1048,CompetitorY,784.31,True
2025-07-14,P1048,CompetitorY,718.91,True
2025-07-21,P1048,CompetitorY,761.33,True
2025-07-28,P1048,CompetitorY,748.82,True
2025-08-04,P1048,CompetitorY,734.18,True
2025-08-11,P1048,CompetitorY,774.77,True
2025-08-18,P1048,CompetitorY,788.75,True
2025-08-25,P1048,CompetitorY,746.34,True
2025-09-01,P1048,CompetitorY,757.18,True
2025-09-08,P1048,CompetitorY,758.71,True
2025-09-15,P1048,CompetitorY,749.65,True
2025-09-22,P1048,CompetitorY,755.01,True
2025-09-29,P1048,CompetitorY,749.63,False
2025-10-06,P1048,CompetitorY,767.67,True
2025-10-13,P1048,CompetitorY,751.36,False
2025-10-20,P1048,CompetitorY,774.61,True
2025-10-27,P1048,CompetitorY,751.28,False
2025-11-03,P1048,CompetitorY,779.65,True
2025-11-10,P1048,CompetitorY,750.78,True
2025-11-17,P1048,CompetitorY,778.71,True
2025-11-24,P1048,CompetitorY,745.34,True
2025-12-01,P1048,CompetitorY,785.13,True
2025-12-08,P1048,CompetitorY,724.02,True
2025-12-15,P1048,CompetitorY,764.68,True
2025-12-22,P1048,CompetitorY,751.8,True
2025-12-29,P1048,CompetitorY,763.76,True
2024-07-15,P1048,CompetitorZ,669.28,True
2024-07-22,P1048,CompetitorZ,673.95,False
2024-07-29,P1048,CompetitorZ,690.73,False
2024-08-05,P1048,CompetitorZ,703.67,True
2024-08-12,P1048,CompetitorZ,665.4,True
2024-08-19,P1048,CompetitorZ,693.06,True
2024-08-26,P1048,CompetitorZ,702.47,True
2024-09-02,P1048,CompetitorZ,702.38,True
2024-09-09,P1048,CompetitorZ,733.91,True
2024-09-16,P1048,CompetitorZ,678.47,True
2024-09-23,P1048,CompetitorZ,693.91,True
2024-09-30,P1048,CompetitorZ,730.36,True
2024-10-07,P1048,CompetitorZ,665.38,True
2024-10-14,P1048,CompetitorZ,646.14,True
2024-10-21,P1048,CompetitorZ,705.12,True
2024-10-28,P1048,CompetitorZ,715.69,False
2024-11-04,P1048,CompetitorZ,650.04,True
2024-11-11,P1048,CompetitorZ,687.31,True
2024-11-18,P1048,CompetitorZ,672.78,True
2024-11-25,P1048,CompetitorZ,700.42,True
2024-12-02,P1048,CompetitorZ,693.26,True
2024-12-09,P1048,CompetitorZ,721.22,False
2024-12-16,P1048,CompetitorZ,665.97,True
2024-12-23,P1048,CompetitorZ,702.01,True
2024-12-30,P1048,CompetitorZ,706.91,True
2025-01-06,P1048,CompetitorZ,695.02,True
2025-01-13,P1048,CompetitorZ,652.19,True
2025-01-20,P1048,CompetitorZ,702.62,True
2025-01-27,P1048,CompetitorZ,678.76,True
2025-02-03,P1048,CompetitorZ,657.68,True
2025-02-10,P1048,CompetitorZ,701.66,True
2025-02-17,P1048,CompetitorZ,709.94,True
2025-02-24,P1048,CompetitorZ,681.16,True
2025-03-03,P1048,CompetitorZ,711.33,False
2025-03-10,P1048,CompetitorZ,711.54,True
2025-03-17,P1048,CompetitorZ,693.61,True
2025-03-24,P1048,CompetitorZ,706.38,True
2025-03-31,P1048,CompetitorZ,714.3,True
2025-04-07,P1048,CompetitorZ,704.9,True
2025-04-14,P1048,CompetitorZ,646.36,True
2025-04-21,P1048,CompetitorZ,641.5,True
2025-04-28,P1048,CompetitorZ,716.16,True
2025-05-05,P1048,CompetitorZ,679.64,True
2025-05-12,P1048,CompetitorZ,683.64,True
2025-05-19,P1048,CompetitorZ,733.32,True
2025-05-26,P1048,CompetitorZ,678.69,True
2025-06-02,P1048,CompetitorZ,691.09,True
2025-06-09,P1048,CompetitorZ,694.23,False
2025-06-16,P1048,CompetitorZ,689.54,True
2025-06-23,P1048,CompetitorZ,721.95,True
2025-06-30,P1048,CompetitorZ,686.17,True
2025-07-07,P1048,CompetitorZ,708.95,True
2025-07-14,P1048,CompetitorZ,695.43,False
2025-07-21,P1048,CompetitorZ,714.1,True
2025-07-28,P1048,CompetitorZ,665.41,True
2025-08-04,P1048,CompetitorZ,647.05,True
2025-08-11,P1048,CompetitorZ,694.59,True
2025-08-18,P1048,CompetitorZ,676.33,True
2025-08-25,P1048,CompetitorZ,724.47,True
2025-09-01,P1048,CompetitorZ,692.24,True
2025-09-08,P1048,CompetitorZ,698.54,True
2025-09-15,P1048,CompetitorZ,687.57,True
2025-09-22,P1048,CompetitorZ,680.41,True
2025-09-29,P1048,CompetitorZ,695.17,True
2025-10-06,P1048,CompetitorZ,715.09,True
2025-10-13,P1048,CompetitorZ,687.46,True
2025-10-20,P1048,CompetitorZ,686.0,True
2025-10-27,P1048,CompetitorZ,710.72,True
2025-11-03,P1048,CompetitorZ,658.9,True
2025-11-10,P1048,CompetitorZ,718.71,False
2025-11-17,P1048,CompetitorZ,677.18,True
2025-11-24,P1048,CompetitorZ,713.63,True
2025-12-01,P1048,CompetitorZ,700.09,True
2025-12-08,P1048,CompetitorZ,650.58,True
2025-12-15,P1048,CompetitorZ,694.22,True
2025-12-22,P1048,CompetitorZ,721.33,True
2025-12-29,P1048,CompetitorZ,687.65,True
2024-07-15,P1048,CompetitorX,667.45,True
2024-07-22,P1048,CompetitorX,678.63,True
2024-07-29,P1048,CompetitorX,690.23,True
2024-08-05,P1048,CompetitorX,709.09,True
2024-08-12,P1048,CompetitorX,689.44,True
2024-08-19,P1048,CompetitorX,729.09,True
2024-08-26,P1048,CompetitorX,685.3,True
2024-09-02,P1048,CompetitorX,684.91,True
2024-09-09,P1048,CompetitorX,689.77,True
2024-09-16,P1048,CompetitorX,690.61,True
2024-09-23,P1048,CompetitorX,690.32,True
2024-09-30,P1048,CompetitorX,657.6,True
2024-10-07,P1048,CompetitorX,700.3,True
2024-10-14,P1048,CompetitorX,734.18,True
2024-10-21,P1048,CompetitorX,664.76,True
2024-10-28,P1048,CompetitorX,682.0,True
2024-11-04,P1048,CompetitorX,654.72,True
2024-11-11,P1048,CompetitorX,698.25,True
2024-11-18,P1048,CompetitorX,698.23,True
2024-11-25,P1048,CompetitorX,652.04,True
2024-12-02,P1048,CompetitorX,655.96,True
2024-12-09,P1048,CompetitorX,640.2,True
2024-12-16,P1048,CompetitorX,715.02,True
2024-12-23,P1048,CompetitorX,665.67,True
2024-12-30,P1048,CompetitorX,680.1,True
2025-01-06,P1048,CompetitorX,675.34,True
2025-01-13,P1048,CompetitorX,703.1,False
2025-01-20,P1048,CompetitorX,696.37,True
2025-01-27,P1048,CompetitorX,695.28,True
2025-02-03,P1048,CompetitorX,666.21,True
2025-02-10,P1048,CompetitorX,696.8,True
2025-02-17,P1048,CompetitorX,701.87,True
2025-02-24,P1048,CompetitorX,696.2,False
2025-03-03,P1048,CompetitorX,656.44,True
2025-03-10,P1048,CompetitorX,659.7,True
2025-03-17,P1048,CompetitorX,718.43,True
2025-03-24,P1048,CompetitorX,722.67,True
2025-03-31,P1048,CompetitorX,681.41,True
2025-04-07,P1048,CompetitorX,681.39,True
2025-04-14,P1048,CompetitorX,686.07,True
2025-04-21,P1048,CompetitorX,694.71,True
2025-04-28,P1048,CompetitorX,653.3,True
2025-05-05,P1048,CompetitorX,687.57,True
2025-05-12,P1048,CompetitorX,661.73,True
2025-05-19,P1048,CompetitorX,682.43,True
2025-05-26,P1048,CompetitorX,664.74,True
2025-06-02,P1048,CompetitorX,669.57,True
2025-06-09,P1048,CompetitorX,686.57,True
2025-06-16,P1048,CompetitorX,670.2,True
2025-06-23,P1048,CompetitorX,660.34,True
2025-06-30,P1048,CompetitorX,712.62,True
2025-07-07,P1048,CompetitorX,660.63,True
2025-07-14,P1048,CompetitorX,635.52,True
2025-07-21,P1048,CompetitorX,694.5,True
2025-07-28,P1048,CompetitorX,676.91,True
2025-08-04,P1048,CompetitorX,682.25,True
2025-08-11,P1048,CompetitorX,686.09,True
2025-08-18,P1048,CompetitorX,708.88,True
2025-08-25,P1048,CompetitorX,721.03,True
2025-09-01,P1048,CompetitorX,688.04,True
2025-09-08,P1048,CompetitorX,658.76,True
2025-09-15,P1048,CompetitorX,685.84,True
2025-09-22,P1048,CompetitorX,694.92,True
2025-09-29,P1048,CompetitorX,703.41,True
2025-10-06,P1048,CompetitorX,685.66,False
2025-10-13,P1048,CompetitorX,671.36,True
2025-10-20,P1048,CompetitorX,664.27,True
2025-10-27,P1048,CompetitorX,680.46,True
2025-11-03,P1048,CompetitorX,652.1,True
2025-11-10,P1048,CompetitorX,690.93,True
2025-11-17,P1048,CompetitorX,686.48,True
2025-11-24,P1048,CompetitorX,686.38,True
2025-12-01,P1048,CompetitorX,697.55,True
2025-12-08,P1048,CompetitorX,712.57,True
2025-12-15,P1048,CompetitorX,681.4,True
2025-12-22,P1048,CompetitorX,684.42,True
2025-12-29,P1048,CompetitorX,675.27,True
2024-07-15,P1048,MarketLeaderCo,859.18,True
2024-07-22,P1048,MarketLeaderCo,910.53,True
2024-07-29,P1048,MarketLeaderCo,843.57,True
2024-08-05,P1048,MarketLeaderCo,873.62,True
2024-08-12,P1048,MarketLeaderCo,832.85,True
2024-08-19,P1048,MarketLeaderCo,854.69,False
2024-08-26,P1048,MarketLeaderCo,853.75,True
2024-09-02,P1048,MarketLeaderCo,858.58,True
2024-09-09,P1048,MarketLeaderCo,823.69,True
2024-09-16,P1048,MarketLeaderCo,855.07,True
2024-09-23,P1048,MarketLeaderCo,832.95,True
2024-09-30,P1048,MarketLeaderCo,865.97,True
2024-10-07,P1048,MarketLeaderCo,822.92,True
2024-10-14,P1048,MarketLeaderCo,852.95,True
2024-10-21,P1048,MarketLeaderCo,844.47,True
2024-10-28,P1048,MarketLeaderCo,892.23,True
2024-11-04,P1048,MarketLeaderCo,873.54,True
2024-11-11,P1048,MarketLeaderCo,879.99,True
2024-11-18,P1048,MarketLeaderCo,825.63,True
2024-11-25,P1048,MarketLeaderCo,835.47,True
2024-12-02,P1048,MarketLeaderCo,845.09,True
2024-12-09,P1048,MarketLeaderCo,874.21,True
2024-12-16,P1048,MarketLeaderCo,854.73,True
2024-12-23,P1048,MarketLeaderCo,826.2,True
2024-12-30,P1048,MarketLeaderCo,827.27,True
2025-01-06,P1048,MarketLeaderCo,875.43,True
2025-01-13,P1048,MarketLeaderCo,855.55,True
2025-01-20,P1048,MarketLeaderCo,846.52,True
2025-01-27,P1048,MarketLeaderCo,844.42,True
2025-02-03,P1048,MarketLeaderCo,867.9,True
2025-02-10,P1048,MarketLeaderCo,818.46,True
2025-02-17,P1048,MarketLeaderCo,846.51,True
2025-02-24,P1048,MarketLeaderCo,848.02,True
2025-03-03,P1048,MarketLeaderCo,813.6,True
2025-03-10,P1048,MarketLeaderCo,839.93,True
2025-03-17,P1048,MarketLeaderCo,903.17,True
2025-03-24,P1048,MarketLeaderCo,824.02,True
2025-03-31,P1048,MarketLeaderCo,848.39,True
2025-04-07,P1048,MarketLeaderCo,792.53,True
2025-04-14,P1048,MarketLeaderCo,841.67,True
2025-04-21,P1048,MarketLeaderCo,817.95,True
2025-04-28,P1048,MarketLeaderCo,836.27,True
2025-05-05,P1048,MarketLeaderCo,856.0,True
2025-05-12,P1048,MarketLeaderCo,816.65,True
2025-05-19,P1048,MarketLeaderCo,851.3,True
2025-05-26,P1048,MarketLeaderCo,825.42,True
2025-06-02,P1048,MarketLeaderCo,811.33,True
2025-06-09,P1048,MarketLeaderCo,870.11,True
2025-06-16,P1048,MarketLeaderCo,820.82,True
2025-06-23,P1048,MarketLeaderCo,834.45,True
2025-06-30,P1048,MarketLeaderCo,830.72,True
2025-07-07,P1048,MarketLeaderCo,850.69,True
2025-07-14,P1048,MarketLeaderCo,846.01,True
2025-07-21,P1048,MarketLeaderCo,841.0,True
2025-07-28,P1048,MarketLeaderCo,827.22,True
2025-08-04,P1048,MarketLeaderCo,838.47,True
2025-08-11,P1048,MarketLeaderCo,852.64,True
2025-08-18,P1048,MarketLeaderCo,848.18,True
2025-08-25,P1048,MarketLeaderCo,873.64,True
2025-09-01,P1048,MarketLeaderCo,864.54,True
2025-09-08,P1048,MarketLeaderCo,873.25,True
2025-09-15,P1048,MarketLeaderCo,879.51,True
2025-09-22,P1048,MarketLeaderCo,849.94,True
2025-09-29,P1048,MarketLeaderCo,866.84,True
2025-10-06,P1048,MarketLeaderCo,853.7,True
2025-10-13,P1048,MarketLeaderCo,878.83,True
2025-10-20,P1048,MarketLeaderCo,800.7,True
2025-10-27,P1048,MarketLeaderCo,837.19,True
2025-11-03,P1048,MarketLeaderCo,855.59,True
2025-11-10,P1048,MarketLeaderCo,859.64,True
2025-11-17,P1048,MarketLeaderCo,844.75,True
2025-11-24,P1048,MarketLeaderCo,803.04,True
2025-12-01,P1048,MarketLeaderCo,840.69,True
2025-12-08,P1048,MarketLeaderCo,865.89,True
2025-12-15,P1048,MarketLeaderCo,837.19,True
2025-12-22,P1048,MarketLeaderCo,847.54,True
2025-12-29,P1048,MarketLeaderCo,893.79,True
2024-01-29,P1049,MarketLeaderCo,645.3,True
2024-02-05,P1049,MarketLeaderCo,665.09,True
2024-02-12,P1049,MarketLeaderCo,630.59,True
2024-02-19,P1049,MarketLeaderCo,679.78,True
2024-02-26,P1049,MarketLeaderCo,640.77,True
2024-03-04,P1049,MarketLeaderCo,616.67,True
2024-03-11,P1049,MarketLeaderCo,633.4,True
2024-03-18,P1049,MarketLeaderCo,618.38,True
2024-03-25,P1049,MarketLeaderCo,636.53,True
2024-04-01,P1049,MarketLeaderCo,648.73,True
2024-04-08,P1049,MarketLeaderCo,644.88,True
2024-04-15,P1049,MarketLeaderCo,618.05,True
2024-04-22,P1049,MarketLeaderCo,615.66,True
2024-04-29,P1049,MarketLeaderCo,647.78,True
2024-05-06,P1049,MarketLeaderCo,652.1,True
2024-05-13,P1049,MarketLeaderCo,630.35,True
2024-05-20,P1049,MarketLeaderCo,591.03,True
2024-05-27,P1049,MarketLeaderCo,617.5,True
2024-06-03,P1049,MarketLeaderCo,658.66,True
2024-06-10,P1049,MarketLeaderCo,625.56,True
2024-06-17,P1049,MarketLeaderCo,633.07,True
2024-06-24,P1049,MarketLeaderCo,650.36,True
2024-07-01,P1049,MarketLeaderCo,633.86,True
2024-07-08,P1049,MarketLeaderCo,666.55,True
2024-07-15,P1049,MarketLeaderCo,632.57,True
2024-07-22,P1049,MarketLeaderCo,623.22,True
2024-07-29,P1049,MarketLeaderCo,662.43,False
2024-08-05,P1049,MarketLeaderCo,640.65,True
2024-08-12,P1049,MarketLeaderCo,619.04,True
2024-08-19,P1049,MarketLeaderCo,648.79,True
2024-08-26,P1049,MarketLeaderCo,634.09,True
2024-09-02,P1049,MarketLeaderCo,617.74,True
2024-09-09,P1049,MarketLeaderCo,641.56,True
2024-09-16,P1049,MarketLeaderCo,636.7,True
2024-09-23,P1049,MarketLeaderCo,607.35,False
2024-09-30,P1049,MarketLeaderCo,619.4,True
2024-10-07,P1049,MarketLeaderCo,675.54,True
2024-10-14,P1049,MarketLeaderCo,641.3,True
2024-10-21,P1049,MarketLeaderCo,665.58,True
2024-10-28,P1049,MarketLeaderCo,645.66,True
2024-11-04,P1049,MarketLeaderCo,663.48,True
2024-11-11,P1049,MarketLeaderCo,650.4,True
2024-11-18,P1049,MarketLeaderCo,621.57,True
2024-11-25,P1049,MarketLeaderCo,651.38,True
2024-12-02,P1049,MarketLeaderCo,621.45,True
2024-12-09,P1049,MarketLeaderCo,657.57,True
2024-12-16,P1049,MarketLeaderCo,643.91,True
2024-12-23,P1049,MarketLeaderCo,640.1,True
2024-12-30,P1049,MarketLeaderCo,631.32,False
2025-01-06,P1049,MarketLeaderCo,655.06,True
2025-01-13,P1049,MarketLeaderCo,636.71,True
2025-01-20,P1049,MarketLeaderCo,603.08,True
2025-01-27,P1049,MarketLeaderCo,606.84,True
2025-02-03,P1049,MarketLeaderCo,615.38,True
2025-02-10,P1049,MarketLeaderCo,654.79,True
2025-02-17,P1049,MarketLeaderCo,656.25,False
2025-02-24,P1049,MarketLeaderCo,645.97,True
2025-03-03,P1049,MarketLeaderCo,645.77,True
2025-03-10,P1049,MarketLeaderCo,667.49,True
2025-03-17,P1049,MarketLeaderCo,646.32,True
2025-03-24,P1049,MarketLeaderCo,651.98,True
2025-03-31,P1049,MarketLeaderCo,639.53,True
2025-04-07,P1049,MarketLeaderCo,630.89,True
2025-04-14,P1049,MarketLeaderCo,634.36,True
2025-04-21,P1049,MarketLeaderCo,679.09,True
2025-04-28,P1049,MarketLeaderCo,618.88,True
2025-05-05,P1049,MarketLeaderCo,645.77,True
2025-05-12,P1049,MarketLeaderCo,610.65,True
2025-05-19,P1049,MarketLeaderCo,628.02,True
2025-05-26,P1049,MarketLeaderCo,654.59,False
2025-06-02,P1049,MarketLeaderCo,605.0,True
2025-06-09,P1049,MarketLeaderCo,657.1,True
2025-06-16,P1049,MarketLeaderCo,679.03,True
2025-06-23,P1049,MarketLeaderCo,646.74,True
2025-06-30,P1049,MarketLeaderCo,663.95,True
2025-07-07,P1049,MarketLeaderCo,644.5,True
2025-07-14,P1049,MarketLeaderCo,653.38,True
2025-07-21,P1049,MarketLeaderCo,648.44,True
2025-07-28,P1049,MarketLeaderCo,629.95,True
2025-08-04,P1049,MarketLeaderCo,628.23,True
2025-08-11,P1049,MarketLeaderCo,662.41,True
2025-08-18,P1049,MarketLeaderCo,638.93,True
2025-08-25,P1049,MarketLeaderCo,637.01,True
2025-09-01,P1049,MarketLeaderCo,636.62,False
2025-09-08,P1049,MarketLeaderCo,645.62,True
2025-09-15,P1049,MarketLeaderCo,616.98,True
2025-09-22,P1049,MarketLeaderCo,636.24,True
2025-09-29,P1049,MarketLeaderCo,645.7,True
2025-10-06,P1049,MarketLeaderCo,615.19,True
2025-10-13,P1049,MarketLeaderCo,643.75,True
2025-10-20,P1049,MarketLeaderCo,622.51,False
2025-10-27,P1049,MarketLeaderCo,645.73,True
2025-11-03,P1049,MarketLeaderCo,681.16,True
2025-11-10,P1049,MarketLeaderCo,637.42,True
2025-11-17,P1049,MarketLeaderCo,619.03,True
2025-11-24,P1049,MarketLeaderCo,644.29,True
2025-12-01,P1049,MarketLeaderCo,648.84,True
2025-12-08,P1049,MarketLeaderCo,621.75,True
2025-12-15,P1049,MarketLeaderCo,606.75,True
2025-12-22,P1049,MarketLeaderCo,621.81,True
2025-12-29,P1049,MarketLeaderCo,638.81,True
2024-01-29,P1049,CompetitorZ,719.78,True
2024-02-05,P1049,CompetitorZ,716.93,True
2024-02-12,P1049,CompetitorZ,747.15,True
2024-02-19,P1049,CompetitorZ,776.0,True
2024-02-26,P1049,CompetitorZ,733.63,True
2024-03-04,P1049,CompetitorZ,692.33,True
2024-03-11,P1049,CompetitorZ,738.3,True
2024-03-18,P1049,CompetitorZ,718.26,True
2024-03-25,P1049,CompetitorZ,740.18,True
2024-04-01,P1049,CompetitorZ,699.99,True
2024-04-08,P1049,CompetitorZ,697.44,True
2024-04-15,P1049,CompetitorZ,723.25,True
2024-04-22,P1049,CompetitorZ,765.92,True
2024-04-29,P1049,CompetitorZ,699.72,False
2024-05-06,P1049,CompetitorZ,722.74,True
2024-05-13,P1049,CompetitorZ,697.71,True
2024-05-20,P1049,CompetitorZ,736.1,False
2024-05-27,P1049,CompetitorZ,734.6,True
2024-06-03,P1049,CompetitorZ,698.58,True
2024-06-10,P1049,CompetitorZ,757.94,True
2024-06-17,P1049,CompetitorZ,687.67,True
2024-06-24,P1049,CompetitorZ,764.27,True
2024-07-01,P1049,CompetitorZ,759.84,True
2024-07-08,P1049,CompetitorZ,736.45,True
2024-07-15,P1049,CompetitorZ,749.37,True
2024-07-22,P1049,CompetitorZ,725.85,True
2024-07-29,P1049,CompetitorZ,696.03,True
2024-08-05,P1049,CompetitorZ,734.93,True
2024-08-12,P1049,CompetitorZ,695.36,True
2024-08-19,P1049,CompetitorZ,729.51,True
2024-08-26,P1049,CompetitorZ,702.68,True
2024-09-02,P1049,CompetitorZ,751.11,False
2024-09-09,P1049,CompetitorZ,738.08,True
2024-09-16,P1049,CompetitorZ,744.6,False
2024-09-23,P1049,CompetitorZ,737.2,True
2024-09-30,P1049,CompetitorZ,770.93,True
2024-10-07,P1049,CompetitorZ,752.14,True
2024-10-14,P1049,CompetitorZ,767.05,True
2024-10-21,P1049,CompetitorZ,710.05,True
2024-10-28,P1049,CompetitorZ,717.87,True
2024-11-04,P1049,CompetitorZ,676.7,True
2024-11-11,P1049,CompetitorZ,721.16,True
2024-11-18,P1049,CompetitorZ,728.97,True
2024-11-25,P1049,CompetitorZ,739.26,True
2024-12-02,P1049,CompetitorZ,718.13,True
2024-12-09,P1049,CompetitorZ,745.87,True
2024-12-16,P1049,CompetitorZ,744.34,True
2024-12-23,P1049,CompetitorZ,719.39,True
2024-12-30,P1049,CompetitorZ,708.77,True
2025-01-06,P1049,CompetitorZ,731.2,True
2025-01-13,P1049,CompetitorZ,731.93,True
2025-01-20,P1049,CompetitorZ,716.45,True
2025-01-27,P1049,CompetitorZ,724.08,True
2025-02-03,P1049,CompetitorZ,698.71,True
2025-02-10,P1049,CompetitorZ,744.61,True
2025-02-17,P1049,CompetitorZ,744.96,True
2025-02-24,P1049,CompetitorZ,730.83,True
2025-03-03,P1049,CompetitorZ,746.51,True
2025-03-10,P1049,CompetitorZ,732.62,True
2025-03-17,P1049,CompetitorZ,765.14,True
2025-03-24,P1049,CompetitorZ,701.37,True
2025-03-31,P1049,CompetitorZ,734.17,False
2025-04-07,P1049,CompetitorZ,749.53,True
2025-04-14,P1049,CompetitorZ,762.42,True
2025-04-21,P1049,CompetitorZ,747.1,True
2025-04-28,P1049,CompetitorZ,707.03,True
2025-05-05,P1049,CompetitorZ,693.52,True
2025-05-12,P1049,CompetitorZ,726.03,True
2025-05-19,P1049,CompetitorZ,737.67,True
2025-05-26,P1049,CompetitorZ,750.44,True
2025-06-02,P1049,CompetitorZ,705.77,True
2025-06-09,P1049,CompetitorZ,743.12,True
2025-06-16,P1049,CompetitorZ,671.13,True
2025-06-23,P1049,CompetitorZ,713.56,True
2025-06-30,P1049,CompetitorZ,748.59,True
2025-07-07,P1049,CompetitorZ,703.67,True
2025-07-14,P1049,CompetitorZ,705.59,True
2025-07-21,P1049,CompetitorZ,718.25,True
2025-07-28,P1049,CompetitorZ,733.63,True
2025-08-04,P1049,CompetitorZ,705.34,True
2025-08-11,P1049,CompetitorZ,729.05,True
2025-08-18,P1049,CompetitorZ,720.29,True
2025-08-25,P1049,CompetitorZ,755.1,True
2025-09-01,P1049,CompetitorZ,719.16,True
2025-09-08,P1049,CompetitorZ,730.37,True
2025-09-15,P1049,CompetitorZ,733.39,True
2025-09-22,P1049,CompetitorZ,720.56,True
2025-09-29,P1049,CompetitorZ,746.6,True
2025-10-06,P1049,CompetitorZ,751.16,True
2025-10-13,P1049,CompetitorZ,719.05,True
2025-10-20,P1049,CompetitorZ,736.17,True
2025-10-27,P1049,CompetitorZ,709.45,True
2025-11-03,P1049,CompetitorZ,742.1,True
2025-11-10,P1049,CompetitorZ,734.85,True
2025-11-17,P1049,CompetitorZ,721.79,True
2025-11-24,P1049,CompetitorZ,736.98,True
2025-12-01,P1049,CompetitorZ,742.73,False
2025-12-08,P1049,CompetitorZ,756.69,True
2025-12-15,P1049,CompetitorZ,738.45,True
2025-12-22,P1049,CompetitorZ,749.2,True
2025-12-29,P1049,CompetitorZ,771.46,True
2024-01-29,P1049,CompetitorY,751.47,True
2024-02-05,P1049,CompetitorY,734.84,True
2024-02-12,P1049,CompetitorY,732.17,True
2024-02-19,P1049,CompetitorY,723.68,True
2024-02-26,P1049,CompetitorY,668.77,True
2024-03-04,P1049,CompetitorY,721.16,True
2024-03-11,P1049,CompetitorY,735.95,True
2024-03-18,P1049,CompetitorY,732.99,True
2024-03-25,P1049,CompetitorY,749.92,True
2024-04-01,P1049,CompetitorY,721.94,True
2024-04-08,P1049,CompetitorY,722.92,True
2024-04-15,P1049,CompetitorY,692.88,True
2024-04-22,P1049,CompetitorY,750.25,True
2024-04-29,P1049,CompetitorY,720.08,True
2024-05-06,P1049,CompetitorY,723.9,True
2024-05-13,P1049,CompetitorY,752.32,True
2024-05-20,P1049,CompetitorY,720.2,True
2024-05-27,P1049,CompetitorY,748.23,False
2024-06-03,P1049,CompetitorY,713.01,True
2024-06-10,P1049,CompetitorY,739.32,True
2024-06-17,P1049,CompetitorY,726.26,True
2024-06-24,P1049,CompetitorY,733.88,True
2024-07-01,P1049,CompetitorY,773.34,True
2024-07-08,P1049,CompetitorY,703.41,True
2024-07-15,P1049,CompetitorY,771.36,True
2024-07-22,P1049,CompetitorY,719.4,False
2024-07-29,P1049,CompetitorY,759.08,True
2024-08-05,P1049,CompetitorY,763.48,True
2024-08-12,P1049,CompetitorY,749.34,True
2024-08-19,P1049,CompetitorY,712.75,True
2024-08-26,P1049,CompetitorY,745.83,True
2024-09-02,P1049,CompetitorY,796.59,True
2024-09-09,P1049,CompetitorY,740.04,True
2024-09-16,P1049,CompetitorY,737.55,True
2024-09-23,P1049,CompetitorY,735.41,True
2024-09-30,P1049,CompetitorY,751.23,True
2024-10-07,P1049,CompetitorY,737.85,True
2024-10-14,P1049,CompetitorY,746.1,True
2024-10-21,P1049,CompetitorY,733.3,True
2024-10-28,P1049,CompetitorY,716.79,True
2024-11-04,P1049,CompetitorY,791.32,True
2024-11-11,P1049,CompetitorY,737.64,True
2024-11-18,P1049,CompetitorY,810.77,True
2024-11-25,P1049,CompetitorY,749.22,True
2024-12-02,P1049,CompetitorY,753.1,True
2024-12-09,P1049,CompetitorY,732.92,True
2024-12-16,P1049,CompetitorY,726.63,True
2024-12-23,P1049,CompetitorY,733.43,True
2024-12-30,P1049,CompetitorY,721.32,True
2025-01-06,P1049,CompetitorY,719.27,True
2025-01-13,P1049,CompetitorY,779.39,True
2025-01-20,P1049,CompetitorY,757.54,True
2025-01-27,P1049,CompetitorY,773.04,True
2025-02-03,P1049,CompetitorY,764.75,True
2025-02-10,P1049,CompetitorY,726.44,True
2025-02-17,P1049,CompetitorY,705.62,True
2025-02-24,P1049,CompetitorY,729.58,True
2025-03-03,P1049,CompetitorY,741.83,True
2025-03-10,P1049,CompetitorY,765.18,True
2025-03-17,P1049,CompetitorY,738.58,True
2025-03-24,P1049,CompetitorY,805.62,False
2025-03-31,P1049,CompetitorY,730.18,True
2025-04-07,P1049,CompetitorY,752.91,True
2025-04-14,P1049,CompetitorY,726.5,True
2025-04-21,P1049,CompetitorY,748.8,True
2025-04-28,P1049,CompetitorY,737.0,True
2025-05-05,P1049,CompetitorY,734.27,True
2025-05-12,P1049,CompetitorY,726.05,False
2025-05-19,P1049,CompetitorY,743.06,True
2025-05-26,P1049,CompetitorY,758.35,True
2025-06-02,P1049,CompetitorY,718.15,True
2025-06-09,P1049,CompetitorY,738.71,True
2025-06-16,P1049,CompetitorY,750.73,True
2025-06-23,P1049,CompetitorY,754.94,True
2025-06-30,P1049,CompetitorY,781.14,True
2025-07-07,P1049,CompetitorY,752.63,True
2025-07-14,P1049,CompetitorY,730.91,True
2025-07-21,P1049,CompetitorY,727.18,True
2025-07-28,P1049,CompetitorY,726.91,True
2025-08-04,P1049,CompetitorY,725.67,True
2025-08-11,P1049,CompetitorY,744.58,True
2025-08-18,P1049,CompetitorY,749.12,True
2025-08-25,P1049,CompetitorY,758.09,True
2025-09-01,P1049,CompetitorY,754.55,True
2025-09-08,P1049,CompetitorY,767.44,True
2025-09-15,P1049,CompetitorY,724.94,True
2025-09-22,P1049,CompetitorY,776.11,True
2025-09-29,P1049,CompetitorY,725.81,True
2025-10-06,P1049,CompetitorY,747.51,True
2025-10-13,P1049,CompetitorY,735.47,True
2025-10-20,P1049,CompetitorY,739.26,True
2025-10-27,P1049,CompetitorY,754.71,True
2025-11-03,P1049,CompetitorY,707.86,True
2025-11-10,P1049,CompetitorY,721.35,True
2025-11-17,P1049,CompetitorY,756.42,True
2025-11-24,P1049,CompetitorY,739.74,True
2025-12-01,P1049,CompetitorY,734.09,True
2025-12-08,P1049,CompetitorY,714.91,True
2025-12-15,P1049,CompetitorY,734.25,True
2025-12-22,P1049,CompetitorY,754.9,True
2025-12-29,P1049,CompetitorY,727.28,True
2024-01-29,P1049,CompetitorX,790.32,True
2024-02-05,P1049,CompetitorX,758.1,True
2024-02-12,P1049,CompetitorX,764.16,True
2024-02-19,P1049,CompetitorX,758.3,False
2024-02-26,P1049,CompetitorX,766.18,False
2024-03-04,P1049,CompetitorX,715.41,True
2024-03-11,P1049,CompetitorX,756.07,True
2024-03-18,P1049,CompetitorX,757.41,True
2024-03-25,P1049,CompetitorX,714.0,True
2024-04-01,P1049,CompetitorX,773.88,True
2024-04-08,P1049,CompetitorX,738.49,True
2024-04-15,P1049,CompetitorX,780.71,True
2024-04-22,P1049,CompetitorX,761.2,True
2024-04-29,P1049,CompetitorX,746.16,True
2024-05-06,P1049,CompetitorX,782.13,True
2024-05-13,P1049,CompetitorX,797.1,True
2024-05-20,P1049,CompetitorX,760.12,False
2024-05-27,P1049,CompetitorX,790.56,True
2024-06-03,P1049,CompetitorX,755.23,True
2024-06-10,P1049,CompetitorX,781.16,True
2024-06-17,P1049,CompetitorX,750.88,True
2024-06-24,P1049,CompetitorX,800.83,True
2024-07-01,P1049,CompetitorX,783.78,True
2024-07-08,P1049,CompetitorX,769.96,True
2024-07-15,P1049,CompetitorX,701.53,True
2024-07-22,P1049,CompetitorX,769.47,True
2024-07-29,P1049,CompetitorX,731.12,True
2024-08-05,P1049,CompetitorX,767.29,True
2024-08-12,P1049,CompetitorX,788.34,True
2024-08-19,P1049,CompetitorX,774.94,True
2024-08-26,P1049,CompetitorX,778.8,True
2024-09-02,P1049,CompetitorX,750.75,True
2024-09-09,P1049,CompetitorX,724.52,True
2024-09-16,P1049,CompetitorX,741.67,True
2024-09-23,P1049,CompetitorX,751.73,True
2024-09-30,P1049,CompetitorX,758.93,True
2024-10-07,P1049,CompetitorX,788.15,True
2024-10-14,P1049,CompetitorX,775.89,True
2024-10-21,P1049,CompetitorX,809.8,True
2024-10-28,P1049,CompetitorX,736.44,True
2024-11-04,P1049,CompetitorX,785.76,True
2024-11-11,P1049,CompetitorX,779.18,True
2024-11-18,P1049,CompetitorX,756.59,True
2024-11-25,P1049,CompetitorX,737.36,True
2024-12-02,P1049,CompetitorX,745.23,True
2024-12-09,P1049,CompetitorX,744.13,False
2024-12-16,P1049,CompetitorX,798.21,True
2024-12-23,P1049,CompetitorX,778.11,True
2024-12-30,P1049,CompetitorX,778.96,True
2025-01-06,P1049,CompetitorX,761.24,True
2025-01-13,P1049,CompetitorX,754.03,True
2025-01-20,P1049,CompetitorX,766.93,True
2025-01-27,P1049,CompetitorX,761.58,True
2025-02-03,P1049,CompetitorX,757.06,True
2025-02-10,P1049,CompetitorX,767.6,True
2025-02-17,P1049,CompetitorX,734.97,True
2025-02-24,P1049,CompetitorX,765.33,True
2025-03-03,P1049,CompetitorX,756.72,True
2025-03-10,P1049,CompetitorX,742.97,True
2025-03-17,P1049,CompetitorX,773.84,True
2025-03-24,P1049,CompetitorX,800.13,True
2025-03-31,P1049,CompetitorX,788.36,True
2025-04-07,P1049,CompetitorX,752.81,True
2025-04-14,P1049,CompetitorX,774.38,True
2025-04-21,P1049,CompetitorX,778.46,True
2025-04-28,P1049,CompetitorX,761.96,True
2025-05-05,P1049,CompetitorX,758.7,True
2025-05-12,P1049,CompetitorX,767.08,True
2025-05-19,P1049,CompetitorX,816.48,True
2025-05-26,P1049,CompetitorX,765.11,True
2025-06-02,P1049,CompetitorX,730.38,True
2025-06-09,P1049,CompetitorX,735.41,True
2025-06-16,P1049,CompetitorX,755.35,True
2025-06-23,P1049,CompetitorX,730.84,True
2025-06-30,P1049,CompetitorX,756.23,True
2025-07-07,P1049,CompetitorX,809.93,True
2025-07-14,P1049,CompetitorX,747.6,True
2025-07-21,P1049,CompetitorX,734.48,True
2025-07-28,P1049,CompetitorX,754.52,True
2025-08-04,P1049,CompetitorX,756.88,True
2025-08-11,P1049,CompetitorX,736.72,True
2025-08-18,P1049,CompetitorX,731.04,True
2025-08-25,P1049,CompetitorX,790.14,True
2025-09-01,P1049,CompetitorX,770.65,True
2025-09-08,P1049,CompetitorX,748.25,True
2025-09-15,P1049,CompetitorX,732.93,True
2025-09-22,P1049,CompetitorX,747.46,True
2025-09-29,P1049,CompetitorX,731.32,True
2025-10-06,P1049,CompetitorX,746.05,True
2025-10-13,P1049,CompetitorX,806.32,True
2025-10-20,P1049,CompetitorX,764.69,True
2025-10-27,P1049,CompetitorX,745.17,True
2025-11-03,P1049,CompetitorX,774.72,True
2025-11-10,P1049,CompetitorX,738.06,True
2025-11-17,P1049,CompetitorX,750.01,True
2025-11-24,P1049,CompetitorX,717.01,True
2025-12-01,P1049,CompetitorX,788.27,True
2025-12-08,P1049,CompetitorX,754.65,True
2025-12-15,P1049,CompetitorX,740.6,True
2025-12-22,P1049,CompetitorX,774.04,True
2025-12-29,P1049,CompetitorX,735.38,True
2024-06-10,P1050,CompetitorY,211.64,False
2024-06-17,P1050,CompetitorY,208.15,True
2024-06-24,P1050,CompetitorY,218.57,True
2024-07-01,P1050,CompetitorY,210.19,True
2024-07-08,P1050,CompetitorY,207.15,True
2024-07-15,P1050,CompetitorY,219.94,True
2024-07-22,P1050,CompetitorY,212.16,True
2024-07-29,P1050,CompetitorY,219.64,True
2024-08-05,P1050,CompetitorY,214.14,True
2024-08-12,P1050,CompetitorY,215.06,False
2024-08-19,P1050,CompetitorY,217.85,True
2024-08-26,P1050,CompetitorY,210.15,True
2024-09-02,P1050,CompetitorY,209.03,False
2024-09-09,P1050,CompetitorY,221.96,True
2024-09-16,P1050,CompetitorY,217.95,True
2024-09-23,P1050,CompetitorY,213.8,True
2024-09-30,P1050,CompetitorY,219.35,True
2024-10-07,P1050,CompetitorY,217.71,True
2024-10-14,P1050,CompetitorY,220.3,True
2024-10-21,P1050,CompetitorY,206.89,True
2024-10-28,P1050,CompetitorY,213.82,True
2024-11-04,P1050,CompetitorY,221.49,True
2024-11-11,P1050,CompetitorY,225.01,True
2024-11-18,P1050,CompetitorY,210.79,True
2024-11-25,P1050,CompetitorY,215.26,True
2024-12-02,P1050,CompetitorY,214.36,True
2024-12-09,P1050,CompetitorY,206.24,True
2024-12-16,P1050,CompetitorY,212.39,True
2024-12-23,P1050,CompetitorY,204.09,True
2024-12-30,P1050,CompetitorY,213.16,True
2025-01-06,P1050,CompetitorY,207.56,True
2025-01-13,P1050,CompetitorY,215.33,True
2025-01-20,P1050,CompetitorY,212.24,True
2025-01-27,P1050,CompetitorY,212.14,True
2025-02-03,P1050,CompetitorY,224.22,True
2025-02-10,P1050,CompetitorY,214.69,False
2025-02-17,P1050,CompetitorY,226.3,True
2025-02-24,P1050,CompetitorY,217.1,True
2025-03-03,P1050,CompetitorY,219.48,True
2025-03-10,P1050,CompetitorY,208.65,True
2025-03-17,P1050,CompetitorY,209.78,True
2025-03-24,P1050,CompetitorY,214.34,True
2025-03-31,P1050,CompetitorY,222.03,True
2025-04-07,P1050,CompetitorY,211.9,True
2025-04-14,P1050,CompetitorY,205.03,True
2025-04-21,P1050,CompetitorY,216.79,True
2025-04-28,P1050,CompetitorY,214.64,True
2025-05-05,P1050,CompetitorY,210.69,True
2025-05-12,P1050,CompetitorY,211.84,True
2025-05-19,P1050,CompetitorY,208.64,True
2025-05-26,P1050,CompetitorY,220.17,True
2025-06-02,P1050,CompetitorY,214.38,True
2025-06-09,P1050,CompetitorY,215.78,True
2025-06-16,P1050,CompetitorY,210.4,True
2025-06-23,P1050,CompetitorY,222.82,True
2025-06-30,P1050,CompetitorY,215.65,True
2025-07-07,P1050,CompetitorY,200.47,True
2025-07-14,P1050,CompetitorY,217.19,True
2025-07-21,P1050,CompetitorY,212.53,True
2025-07-28,P1050,CompetitorY,213.18,True
2025-08-04,P1050,CompetitorY,220.62,True
2025-08-11,P1050,CompetitorY,214.8,True
2025-08-18,P1050,CompetitorY,225.24,True
2025-08-25,P1050,CompetitorY,214.91,True
2025-09-01,P1050,CompetitorY,211.23,True
2025-09-08,P1050,CompetitorY,202.58,True
2025-09-15,P1050,CompetitorY,209.62,True
2025-09-22,P1050,CompetitorY,212.16,True
2025-09-29,P1050,CompetitorY,223.66,True
2025-10-06,P1050,CompetitorY,211.27,True
2025-10-13,P1050,CompetitorY,224.79,True
2025-10-20,P1050,CompetitorY,206.85,True
2025-10-27,P1050,CompetitorY,209.27,True
2025-11-03,P1050,CompetitorY,221.48,False
2025-11-10,P1050,CompetitorY,210.41,True
2025-11-17,P1050,CompetitorY,221.3,True
2025-11-24,P1050,CompetitorY,208.92,True
2025-12-01,P1050,CompetitorY,209.57,False
2025-12-08,P1050,CompetitorY,218.36,True
2025-12-15,P1050,CompetitorY,209.01,True
2025-12-22,P1050,CompetitorY,212.47,True
2025-12-29,P1050,CompetitorY,216.77,True
2024-06-10,P1050,CompetitorX,203.68,True
2024-06-17,P1050,CompetitorX,189.56,True
2024-06-24,P1050,CompetitorX,201.88,True
2024-07-01,P1050,CompetitorX,184.71,True
2024-07-08,P1050,CompetitorX,193.86,True
2024-07-15,P1050,CompetitorX,206.14,True
2024-07-22,P1050,CompetitorX,198.99,True
2024-07-29,P1050,CompetitorX,194.44,True
2024-08-05,P1050,CompetitorX,202.62,True
2024-08-12,P1050,CompetitorX,200.73,True
2024-08-19,P1050,CompetitorX,200.49,True
2024-08-26,P1050,CompetitorX,196.01,True
2024-09-02,P1050,CompetitorX,202.88,False
2024-09-09,P1050,CompetitorX,193.4,True
2024-09-16,P1050,CompetitorX,193.12,True
2024-09-23,P1050,CompetitorX,208.29,True
2024-09-30,P1050,CompetitorX,194.25,True
2024-10-07,P1050,CompetitorX,185.18,True
2024-10-14,P1050,CompetitorX,203.49,True
2024-10-21,P1050,CompetitorX,205.26,True
2024-10-28,P1050,CompetitorX,195.81,True
2024-11-04,P1050,CompetitorX,184.81,True
2024-11-11,P1050,CompetitorX,196.88,True
2024-11-18,P1050,CompetitorX,209.47,True
2024-11-25,P1050,CompetitorX,198.4,True
2024-12-02,P1050,CompetitorX,201.76,True
2024-12-09,P1050,CompetitorX,202.1,True
2024-12-16,P1050,CompetitorX,202.95,True
2024-12-23,P1050,CompetitorX,208.22,True
2024-12-30,P1050,CompetitorX,203.6,True
2025-01-06,P1050,CompetitorX,196.73,True
2025-01-13,P1050,CompetitorX,190.6,False
2025-01-20,P1050,CompetitorX,199.75,True
2025-01-27,P1050,CompetitorX,196.06,True
2025-02-03,P1050,CompetitorX,201.45,True
2025-02-10,P1050,CompetitorX,192.1,True
2025-02-17,P1050,CompetitorX,195.43,True
2025-02-24,P1050,CompetitorX,197.27,True
2025-03-03,P1050,CompetitorX,191.65,True
2025-03-10,P1050,CompetitorX,197.44,True
2025-03-17,P1050,CompetitorX,201.86,True
2025-03-24,P1050,CompetitorX,208.51,True
2025-03-31,P1050,CompetitorX,192.86,True
2025-04-07,P1050,CompetitorX,202.56,True
2025-04-14,P1050,CompetitorX,185.5,True
2025-04-21,P1050,CompetitorX,197.16,True
2025-04-28,P1050,CompetitorX,197.62,True
2025-05-05,P1050,CompetitorX,202.02,True
2025-05-12,P1050,CompetitorX,194.13,True
2025-05-19,P1050,CompetitorX,198.65,True
2025-05-26,P1050,CompetitorX,203.76,True
2025-06-02,P1050,CompetitorX,190.54,True
2025-06-09,P1050,CompetitorX,185.62,True
2025-06-16,P1050,CompetitorX,203.59,False
2025-06-23,P1050,CompetitorX,191.3,True
2025-06-30,P1050,CompetitorX,199.91,True
2025-07-07,P1050,CompetitorX,208.74,True
2025-07-14,P1050,CompetitorX,202.15,True
2025-07-21,P1050,CompetitorX,191.46,True
2025-07-28,P1050,CompetitorX,188.55,True
2025-08-04,P1050,CompetitorX,192.6,True
2025-08-11,P1050,CompetitorX,198.23,True
2025-08-18,P1050,CompetitorX,195.73,True
2025-08-25,P1050,CompetitorX,205.26,True
2025-09-01,P1050,CompetitorX,201.15,True
2025-09-08,P1050,CompetitorX,192.88,True
2025-09-15,P1050,CompetitorX,202.21,True
2025-09-22,P1050,CompetitorX,206.12,True
2025-09-29,P1050,CompetitorX,195.34,True
2025-10-06,P1050,CompetitorX,200.04,False
2025-10-13,P1050,CompetitorX,192.03,True
2025-10-20,P1050,CompetitorX,196.37,True
2025-10-27,P1050,CompetitorX,191.93,True
2025-11-03,P1050,CompetitorX,204.54,True
2025-11-10,P1050,CompetitorX,194.24,True
2025-11-17,P1050,CompetitorX,199.81,False
2025-11-24,P1050,CompetitorX,200.96,True
2025-12-01,P1050,CompetitorX,215.6,True
2025-12-08,P1050,CompetitorX,195.63,True
2025-12-15,P1050,CompetitorX,192.61,True
2025-12-22,P1050,CompetitorX,196.78,True
2025-12-29,P1050,CompetitorX,192.17,True
2024-06-03,P1051,MarketLeaderCo,315.61,True
2024-06-10,P1051,MarketLeaderCo,300.12,True
2024-06-17,P1051,MarketLeaderCo,312.38,True
2024-06-24,P1051,MarketLeaderCo,298.1,True
2024-07-01,P1051,MarketLeaderCo,305.01,True
2024-07-08,P1051,MarketLeaderCo,312.75,True
2024-07-15,P1051,MarketLeaderCo,307.43,True
2024-07-22,P1051,MarketLeaderCo,316.0,True
2024-07-29,P1051,MarketLeaderCo,313.47,True
2024-08-05,P1051,MarketLeaderCo,304.47,True
2024-08-12,P1051,MarketLeaderCo,319.27,True
2024-08-19,P1051,MarketLeaderCo,311.34,True
2024-08-26,P1051,MarketLeaderCo,305.07,True
2024-09-02,P1051,MarketLeaderCo,308.66,False
2024-09-09,P1051,MarketLeaderCo,308.15,True
2024-09-16,P1051,MarketLeaderCo,309.17,True
2024-09-23,P1051,MarketLeaderCo,306.01,True
2024-09-30,P1051,MarketLeaderCo,310.75,True
2024-10-07,P1051,MarketLeaderCo,314.6,True
2024-10-14,P1051,MarketLeaderCo,311.24,True
2024-10-21,P1051,MarketLeaderCo,310.93,True
2024-10-28,P1051,MarketLeaderCo,306.39,True
2024-11-04,P1051,MarketLeaderCo,299.15,True
2024-11-11,P1051,MarketLeaderCo,296.9,True
2024-11-18,P1051,MarketLeaderCo,300.79,True
2024-11-25,P1051,MarketLeaderCo,303.46,True
2024-12-02,P1051,MarketLeaderCo,322.73,True
2024-12-09,P1051,MarketLeaderCo,318.86,True
2024-12-16,P1051,MarketLeaderCo,301.85,True
2024-12-23,P1051,MarketLeaderCo,311.46,True
2024-12-30,P1051,MarketLeaderCo,306.69,True
2025-01-06,P1051,MarketLeaderCo,309.49,True
2025-01-13,P1051,MarketLeaderCo,302.26,True
2025-01-20,P1051,MarketLeaderCo,327.98,True
2025-01-27,P1051,MarketLeaderCo,324.51,True
2025-02-03,P1051,MarketLeaderCo,304.62,True
2025-02-10,P1051,MarketLeaderCo,301.82,True
2025-02-17,P1051,MarketLeaderCo,315.85,True
2025-02-24,P1051,MarketLeaderCo,296.16,True
2025-03-03,P1051,MarketLeaderCo,315.12,True
2025-03-10,P1051,MarketLeaderCo,308.47,True
2025-03-17,P1051,MarketLeaderCo,294.09,True
2025-03-24,P1051,MarketLeaderCo,305.92,True
2025-03-31,P1051,MarketLeaderCo,301.27,True
2025-04-07,P1051,MarketLeaderCo,308.81,True
2025-04-14,P1051,MarketLeaderCo,307.85,True
2025-04-21,P1051,MarketLeaderCo,294.89,True
2025-04-28,P1051,MarketLeaderCo,304.24,True
2025-05-05,P1051,MarketLeaderCo,312.61,True
2025-05-12,P1051,MarketLeaderCo,314.2,True
2025-05-19,P1051,MarketLeaderCo,303.97,True
2025-05-26,P1051,MarketLeaderCo,311.54,True
2025-06-02,P1051,MarketLeaderCo,309.77,True
2025-06-09,P1051,MarketLeaderCo,306.83,True
2025-06-16,P1051,MarketLeaderCo,311.59,True
2025-06-23,P1051,MarketLeaderCo,298.79,True
2025-06-30,P1051,MarketLeaderCo,307.33,True
2025-07-07,P1051,MarketLeaderCo,292.53,True
2025-07-14,P1051,MarketLeaderCo,306.82,False
2025-07-21,P1051,MarketLeaderCo,320.45,True
2025-07-28,P1051,MarketLeaderCo,304.37,True
2025-08-04,P1051,MarketLeaderCo,319.53,True
2025-08-11,P1051,MarketLeaderCo,304.52,True
2025-08-18,P1051,MarketLeaderCo,297.32,True
2025-08-25,P1051,MarketLeaderCo,313.45,True
2025-09-01,P1051,MarketLeaderCo,311.59,True
2025-09-08,P1051,MarketLeaderCo,328.7,True
2025-09-15,P1051,MarketLeaderCo,298.29,True
2025-09-22,P1051,MarketLeaderCo,310.6,True
2025-09-29,P1051,MarketLeaderCo,310.93,True
2025-10-06,P1051,MarketLeaderCo,317.07,True
2025-10-13,P1051,MarketLeaderCo,312.2,False
2025-10-20,P1051,MarketLeaderCo,304.66,True
2025-10-27,P1051,MarketLeaderCo,297.44,True
2025-11-03,P1051,MarketLeaderCo,310.51,True
2025-11-10,P1051,MarketLeaderCo,310.77,True
2025-11-17,P1051,MarketLeaderCo,313.14,True
2025-11-24,P1051,MarketLeaderCo,304.65,True
2025-12-01,P1051,MarketLeaderCo,309.88,True
2025-12-08,P1051,MarketLeaderCo,293.08,True
2025-12-15,P1051,MarketLeaderCo,297.83,True
2025-12-22,P1051,MarketLeaderCo,315.94,True
2025-12-29,P1051,MarketLeaderCo,308.97,True
2024-06-03,P1051,CompetitorX,249.55,True
2024-06-10,P1051,CompetitorX,244.01,True
2024-06-17,P1051,CompetitorX,243.64,True
2024-06-24,P1051,CompetitorX,252.1,True
2024-07-01,P1051,CompetitorX,239.34,True
2024-07-08,P1051,CompetitorX,244.2,True
2024-07-15,P1051,CompetitorX,240.97,True
2024-07-22,P1051,CompetitorX,246.91,True
2024-07-29,P1051,CompetitorX,252.34,True
2024-08-05,P1051,CompetitorX,248.62,True
2024-08-12,P1051,CompetitorX,244.41,False
2024-08-19,P1051,CompetitorX,252.98,True
2024-08-26,P1051,CompetitorX,252.56,True
2024-09-02,P1051,CompetitorX,246.33,False
2024-09-09,P1051,CompetitorX,257.8,True
2024-09-16,P1051,CompetitorX,249.14,True
2024-09-23,P1051,CompetitorX,248.94,True
2024-09-30,P1051,CompetitorX,237.16,True
2024-10-07,P1051,CompetitorX,233.61,False
2024-10-14,P1051,CompetitorX,246.51,True
2024-10-21,P1051,CompetitorX,253.4,True
2024-10-28,P1051,CompetitorX,248.47,True
2024-11-04,P1051,CompetitorX,253.06,True
2024-11-11,P1051,CompetitorX,242.99,True
2024-11-18,P1051,CompetitorX,246.65,True
2024-11-25,P1051,CompetitorX,246.16,True
2024-12-02,P1051,CompetitorX,232.74,True
2024-12-09,P1051,CompetitorX,259.25,True
2024-12-16,P1051,CompetitorX,254.88,True
2024-12-23,P1051,CompetitorX,252.89,True
2024-12-30,P1051,CompetitorX,255.53,True
2025-01-06,P1051,CompetitorX,242.59,True
2025-01-13,P1051,CompetitorX,251.92,True
2025-01-20,P1051,CompetitorX,242.58,True
2025-01-27,P1051,CompetitorX,247.13,True
2025-02-03,P1051,CompetitorX,233.18,True
2025-02-10,P1051,CompetitorX,244.94,True
2025-02-17,P1051,CompetitorX,234.75,False
2025-02-24,P1051,CompetitorX,236.78,True
2025-03-03,P1051,CompetitorX,245.64,True
2025-03-10,P1051,CompetitorX,240.82,True
2025-03-17,P1051,CompetitorX,248.54,True
2025-03-24,P1051,CompetitorX,258.4,True
2025-03-31,P1051,CompetitorX,241.45,True
2025-04-07,P1051,CompetitorX,244.09,True
2025-04-14,P1051,CompetitorX,250.95,True
2025-04-21,P1051,CompetitorX,241.1,True
2025-04-28,P1051,CompetitorX,240.76,True
2025-05-05,P1051,CompetitorX,242.76,True
2025-05-12,P1051,CompetitorX,252.54,True
2025-05-19,P1051,CompetitorX,232.99,True
2025-05-26,P1051,CompetitorX,239.79,True
2025-06-02,P1051,CompetitorX,257.34,True
2025-06-09,P1051,CompetitorX,223.17,False
2025-06-16,P1051,CompetitorX,245.1,True
2025-06-23,P1051,CompetitorX,257.33,True
2025-06-30,P1051,CompetitorX,260.14,True
2025-07-07,P1051,CompetitorX,251.94,True
2025-07-14,P1051,CompetitorX,254.69,True
2025-07-21,P1051,CompetitorX,239.04,True
2025-07-28,P1051,CompetitorX,239.65,True
2025-08-04,P1051,CompetitorX,258.69,True
2025-08-11,P1051,CompetitorX,244.09,True
2025-08-18,P1051,CompetitorX,232.19,True
2025-08-25,P1051,CompetitorX,249.13,True
2025-09-01,P1051,CompetitorX,244.63,True
2025-09-08,P1051,CompetitorX,246.64,True
2025-09-15,P1051,CompetitorX,228.46,True
2025-09-22,P1051,CompetitorX,226.49,True
2025-09-29,P1051,CompetitorX,248.27,False
2025-10-06,P1051,CompetitorX,243.8,True
2025-10-13,P1051,CompetitorX,242.67,True
2025-10-20,P1051,CompetitorX,248.92,True
2025-10-27,P1051,CompetitorX,240.29,True
2025-11-03,P1051,CompetitorX,244.08,True
2025-11-10,P1051,CompetitorX,242.73,True
2025-11-17,P1051,CompetitorX,252.58,True
2025-11-24,P1051,CompetitorX,232.17,True
2025-12-01,P1051,CompetitorX,241.26,True
2025-12-08,P1051,CompetitorX,254.09,True
2025-12-15,P1051,CompetitorX,239.86,True
2025-12-22,P1051,CompetitorX,246.93,True
2025-12-29,P1051,CompetitorX,258.36,True
2024-06-03,P1051,CompetitorY,288.79,True
2024-06-10,P1051,CompetitorY,293.15,True
2024-06-17,P1051,CompetitorY,291.56,True
2024-06-24,P1051,CompetitorY,287.5,True
2024-07-01,P1051,CompetitorY,295.86,True
2024-07-08,P1051,CompetitorY,294.75,True
2024-07-15,P1051,CompetitorY,292.32,True
2024-07-22,P1051,CompetitorY,290.46,True
2024-07-29,P1051,CompetitorY,298.6,True
2024-08-05,P1051,CompetitorY,288.18,False
2024-08-12,P1051,CompetitorY,289.5,True
2024-08-19,P1051,CompetitorY,297.23,False
2024-08-26,P1051,CompetitorY,301.94,True
2024-09-02,P1051,CompetitorY,301.14,True
2024-09-09,P1051,CompetitorY,290.77,True
2024-09-16,P1051,CompetitorY,281.93,True
2024-09-23,P1051,CompetitorY,290.5,True
2024-09-30,P1051,CompetitorY,293.7,True
2024-10-07,P1051,CompetitorY,283.25,True
2024-10-14,P1051,CompetitorY,290.34,True
2024-10-21,P1051,CompetitorY,303.66,True
2024-10-28,P1051,CompetitorY,294.35,True
2024-11-04,P1051,CompetitorY,288.3,True
2024-11-11,P1051,CompetitorY,293.3,True
2024-11-18,P1051,CompetitorY,293.79,True
2024-11-25,P1051,CompetitorY,289.77,True
2024-12-02,P1051,CompetitorY,299.84,True
2024-12-09,P1051,CompetitorY,276.97,True
2024-12-16,P1051,CompetitorY,297.2,True
2024-12-23,P1051,CompetitorY,288.01,True
2024-12-30,P1051,CompetitorY,302.24,True
2025-01-06,P1051,CompetitorY,281.84,True
2025-01-13,P1051,CompetitorY,301.3,True
2025-01-20,P1051,CompetitorY,286.11,True
2025-01-27,P1051,CompetitorY,295.88,True
2025-02-03,P1051,CompetitorY,288.96,True
2025-02-10,P1051,CompetitorY,302.96,True
2025-02-17,P1051,CompetitorY,291.37,True
2025-02-24,P1051,CompetitorY,286.69,True
2025-03-03,P1051,CompetitorY,305.35,True
2025-03-10,P1051,CompetitorY,290.59,True
2025-03-17,P1051,CompetitorY,297.64,True
2025-03-24,P1051,CompetitorY,301.3,True
2025-03-31,P1051,CompetitorY,285.32,True
2025-04-07,P1051,CompetitorY,296.76,True
2025-04-14,P1051,CompetitorY,297.95,True
2025-04-21,P1051,CompetitorY,279.44,True
2025-04-28,P1051,CompetitorY,295.89,True
2025-05-05,P1051,CompetitorY,289.94,True
2025-05-12,P1051,CompetitorY,307.29,True
2025-05-19,P1051,CompetitorY,300.66,True
2025-05-26,P1051,CompetitorY,296.91,True
2025-06-02,P1051,CompetitorY,275.1,True
2025-06-09,P1051,CompetitorY,296.96,True
2025-06-16,P1051,CompetitorY,286.36,True
2025-06-23,P1051,CompetitorY,300.73,False
2025-06-30,P1051,CompetitorY,291.64,True
2025-07-07,P1051,CompetitorY,288.49,True
2025-07-14,P1051,CompetitorY,289.21,True
2025-07-21,P1051,CompetitorY,289.79,True
2025-07-28,P1051,CompetitorY,281.2,True
2025-08-04,P1051,CompetitorY,282.36,True
2025-08-11,P1051,CompetitorY,290.1,True
2025-08-18,P1051,CompetitorY,306.72,True
2025-08-25,P1051,CompetitorY,299.33,True
2025-09-01,P1051,CompetitorY,300.12,True
2025-09-08,P1051,CompetitorY,303.57,True
2025-09-15,P1051,CompetitorY,295.52,True
2025-09-22,P1051,CompetitorY,289.03,False
2025-09-29,P1051,CompetitorY,289.44,True
2025-10-06,P1051,CompetitorY,285.79,True
2025-10-13,P1051,CompetitorY,300.18,True
2025-10-20,P1051,CompetitorY,284.82,True
2025-10-27,P1051,CompetitorY,311.43,True
2025-11-03,P1051,CompetitorY,285.11,False
2025-11-10,P1051,CompetitorY,303.8,True
2025-11-17,P1051,CompetitorY,303.85,True
2025-11-24,P1051,CompetitorY,298.54,True
2025-12-01,P1051,CompetitorY,307.3,True
2025-12-08,P1051,CompetitorY,291.32,True
2025-12-15,P1051,CompetitorY,294.18,True
2025-12-22,P1051,CompetitorY,295.02,True
2025-12-29,P1051,CompetitorY,298.24,True
2024-04-08,P1052,CompetitorZ,96.12,True
2024-04-15,P1052,CompetitorZ,107.46,True
2024-04-22,P1052,CompetitorZ,100.04,True
2024-04-29,P1052,CompetitorZ,98.49,True
2024-05-06,P1052,CompetitorZ,101.38,True
2024-05-13,P1052,CompetitorZ,99.08,True
2024-05-20,P1052,CompetitorZ,102.4,True
2024-05-27,P1052,CompetitorZ,101.89,True
2024-06-03,P1052,CompetitorZ,105.18,True
2024-06-10,P1052,CompetitorZ,100.28,True
2024-06-17,P1052,CompetitorZ,102.68,True
2024-06-24,P1052,CompetitorZ,102.23,True
2024-07-01,P1052,CompetitorZ,104.21,True
2024-07-08,P1052,CompetitorZ,98.22,True
2024-07-15,P1052,CompetitorZ,98.93,False
2024-07-22,P1052,CompetitorZ,99.9,False
2024-07-29,P1052,CompetitorZ,98.36,True
2024-08-05,P1052,CompetitorZ,103.53,True
2024-08-12,P1052,CompetitorZ,103.56,True
2024-08-19,P1052,CompetitorZ,105.0,True
2024-08-26,P1052,CompetitorZ,101.22,True
2024-09-02,P1052,CompetitorZ,100.26,True
2024-09-09,P1052,CompetitorZ,98.78,True
2024-09-16,P1052,CompetitorZ,105.64,True
2024-09-23,P1052,CompetitorZ,100.99,True
2024-09-30,P1052,CompetitorZ,99.45,True
2024-10-07,P1052,CompetitorZ,103.96,True
2024-10-14,P1052,CompetitorZ,100.63,False
2024-10-21,P1052,CompetitorZ,98.41,True
2024-10-28,P1052,CompetitorZ,99.02,True
2024-11-04,P1052,CompetitorZ,101.94,True
2024-11-11,P1052,CompetitorZ,98.4,True
2024-11-18,P1052,CompetitorZ,101.41,True
2024-11-25,P1052,CompetitorZ,99.03,True
2024-12-02,P1052,CompetitorZ,98.78,True
2024-12-09,P1052,CompetitorZ,100.18,True
2024-12-16,P1052,CompetitorZ,102.15,True
2024-12-23,P1052,CompetitorZ,102.64,True
2024-12-30,P1052,CompetitorZ,104.49,True
2025-01-06,P1052,CompetitorZ,99.28,True
2025-01-13,P1052,CompetitorZ,105.91,True
2025-01-20,P1052,CompetitorZ,109.97,False
2025-01-27,P1052,CompetitorZ,100.39,True
2025-02-03,P1052,CompetitorZ,96.28,True
2025-02-10,P1052,CompetitorZ,96.35,True
2025-02-17,P1052,CompetitorZ,100.15,True
2025-02-24,P1052,CompetitorZ,99.55,True
2025-03-03,P1052,CompetitorZ,101.68,True
2025-03-10,P1052,CompetitorZ,103.22,True
2025-03-17,P1052,CompetitorZ,97.74,True
2025-03-24,P1052,CompetitorZ,101.14,True
2025-03-31,P1052,CompetitorZ,100.12,True
2025-04-07,P1052,CompetitorZ,107.87,True
2025-04-14,P1052,CompetitorZ,97.45,True
2025-04-21,P1052,CompetitorZ,99.35,True
2025-04-28,P1052,CompetitorZ,101.77,True
2025-05-05,P1052,CompetitorZ,99.37,False
2025-05-12,P1052,CompetitorZ,105.12,True
2025-05-19,P1052,CompetitorZ,98.56,True
2025-05-26,P1052,CompetitorZ,98.87,True
2025-06-02,P1052,CompetitorZ,105.39,True
2025-06-09,P1052,CompetitorZ,98.03,True
2025-06-16,P1052,CompetitorZ,104.21,True
2025-06-23,P1052,CompetitorZ,100.29,True
2025-06-30,P1052,CompetitorZ,99.78,True
2025-07-07,P1052,CompetitorZ,100.12,True
2025-07-14,P1052,CompetitorZ,98.25,True
2025-07-21,P1052,CompetitorZ,104.43,True
2025-07-28,P1052,CompetitorZ,102.08,True
2025-08-04,P1052,CompetitorZ,104.38,True
2025-08-11,P1052,CompetitorZ,105.25,True
2025-08-18,P1052,CompetitorZ,103.32,True
2025-08-25,P1052,CompetitorZ,97.24,False
2025-09-01,P1052,CompetitorZ,98.71,True
2025-09-08,P1052,CompetitorZ,104.26,True
2025-09-15,P1052,CompetitorZ,101.84,True
2025-09-22,P1052,CompetitorZ,103.65,True
2025-09-29,P1052,CompetitorZ,101.4,True
2025-10-06,P1052,CompetitorZ,100.36,True
2025-10-13,P1052,CompetitorZ,103.65,True
2025-10-20,P1052,CompetitorZ,96.4,True
2025-10-27,P1052,CompetitorZ,100.69,True
2025-11-03,P1052,CompetitorZ,101.87,True
2025-11-10,P1052,CompetitorZ,102.3,True
2025-11-17,P1052,CompetitorZ,97.72,True
2025-11-24,P1052,CompetitorZ,97.84,True
2025-12-01,P1052,CompetitorZ,100.47,True
2025-12-08,P1052,CompetitorZ,101.47,True
2025-12-15,P1052,CompetitorZ,106.41,True
2025-12-22,P1052,CompetitorZ,98.99,True
2025-12-29,P1052,CompetitorZ,100.16,True
2024-04-08,P1052,CompetitorY,97.62,True
2024-04-15,P1052,CompetitorY,97.55,True
2024-04-22,P1052,CompetitorY,95.46,False
2024-04-29,P1052,CompetitorY,90.27,True
2024-05-06,P1052,CompetitorY,93.4,True
2024-05-13,P1052,CompetitorY,96.19,True
2024-05-20,P1052,CompetitorY,96.0,True
2024-05-27,P1052,CompetitorY,92.17,True
2024-06-03,P1052,CompetitorY,92.58,True
2024-06-10,P1052,CompetitorY,92.1,False
2024-06-17,P1052,CompetitorY,93.34,True
2024-06-24,P1052,CompetitorY,92.77,True
2024-07-01,P1052,CompetitorY,92.25,True
2024-07-08,P1052,CompetitorY,93.75,True
2024-07-15,P1052,CompetitorY,94.26,False
2024-07-22,P1052,CompetitorY,97.21,True
2024-07-29,P1052,CompetitorY,89.11,True
2024-08-05,P1052,CompetitorY,97.59,True
2024-08-12,P1052,CompetitorY,92.03,True
2024-08-19,P1052,CompetitorY,99.4,True
2024-08-26,P1052,CompetitorY,96.04,True
2024-09-02,P1052,CompetitorY,95.69,True
2024-09-09,P1052,CompetitorY,93.85,True
2024-09-16,P1052,CompetitorY,99.97,True
2024-09-23,P1052,CompetitorY,94.06,True
2024-09-30,P1052,CompetitorY,98.41,False
2024-10-07,P1052,CompetitorY,92.52,False
2024-10-14,P1052,CompetitorY,96.17,True
2024-10-21,P1052,CompetitorY,99.5,True
2024-10-28,P1052,CompetitorY,91.75,True
2024-11-04,P1052,CompetitorY,95.53,True
2024-11-11,P1052,CompetitorY,92.15,True
2024-11-18,P1052,CompetitorY,95.36,True
2024-11-25,P1052,CompetitorY,99.49,True
2024-12-02,P1052,CompetitorY,91.51,True
2024-12-09,P1052,CompetitorY,94.58,True
2024-12-16,P1052,CompetitorY,91.79,True
2024-12-23,P1052,CompetitorY,93.78,True
2024-12-30,P1052,CompetitorY,95.9,True
2025-01-06,P1052,CompetitorY,93.3,True
2025-01-13,P1052,CompetitorY,98.59,True
2025-01-20,P1052,CompetitorY,95.51,False
2025-01-27,P1052,CompetitorY,90.4,True
2025-02-03,P1052,CompetitorY,95.05,True
2025-02-10,P1052,CompetitorY,98.27,True
2025-02-17,P1052,CompetitorY,95.67,True
2025-02-24,P1052,CompetitorY,94.88,False
2025-03-03,P1052,CompetitorY,93.3,True
2025-03-10,P1052,CompetitorY,93.87,True
2025-03-17,P1052,CompetitorY,94.17,True
2025-03-24,P1052,CompetitorY,87.23,True
2025-03-31,P1052,CompetitorY,95.45,True
2025-04-07,P1052,CompetitorY,96.96,True
2025-04-14,P1052,CompetitorY,92.03,True
2025-04-21,P1052,CompetitorY,94.8,True
2025-04-28,P1052,CompetitorY,95.14,True
2025-05-05,P1052,CompetitorY,96.43,True
2025-05-12,P1052,CompetitorY,94.18,True
2025-05-19,P1052,CompetitorY,95.67,True
2025-05-26,P1052,CompetitorY,90.86,True
2025-06-02,P1052,CompetitorY,91.28,True
2025-06-09,P1052,CompetitorY,95.36,False
2025-06-16,P1052,CompetitorY,93.49,True
2025-06-23,P1052,CompetitorY,89.68,True
2025-06-30,P1052,CompetitorY,95.12,False
2025-07-07,P1052,CompetitorY,90.54,True
2025-07-14,P1052,CompetitorY,101.78,True
2025-07-21,P1052,CompetitorY,88.0,True
2025-07-28,P1052,CompetitorY,94.29,True
2025-08-04,P1052,CompetitorY,90.99,True
2025-08-11,P1052,CompetitorY,96.73,True
2025-08-18,P1052,CompetitorY,93.0,True
2025-08-25,P1052,CompetitorY,97.0,True
2025-09-01,P1052,CompetitorY,96.31,True
2025-09-08,P1052,CompetitorY,91.13,True
2025-09-15,P1052,CompetitorY,92.09,True
2025-09-22,P1052,CompetitorY,93.17,True
2025-09-29,P1052,CompetitorY,93.95,True
2025-10-06,P1052,CompetitorY,93.59,True
2025-10-13,P1052,CompetitorY,96.2,True
2025-10-20,P1052,CompetitorY,94.8,True
2025-10-27,P1052,CompetitorY,92.41,True
2025-11-03,P1052,CompetitorY,91.57,True
2025-11-10,P1052,CompetitorY,91.84,True
2025-11-17,P1052,CompetitorY,95.07,True
2025-11-24,P1052,CompetitorY,93.6,True
2025-12-01,P1052,CompetitorY,100.02,True
2025-12-08,P1052,CompetitorY,94.14,True
2025-12-15,P1052,CompetitorY,94.68,False
2025-12-22,P1052,CompetitorY,89.06,True
2025-12-29,P1052,CompetitorY,90.36,True
2024-04-29,P1053,MarketLeaderCo,192.56,True
2024-05-06,P1053,MarketLeaderCo,209.66,True
2024-05-13,P1053,MarketLeaderCo,193.36,True
2024-05-20,P1053,MarketLeaderCo,198.93,True
2024-05-27,P1053,MarketLeaderCo,192.89,True
2024-06-03,P1053,MarketLeaderCo,203.87,True
2024-06-10,P1053,MarketLeaderCo,201.71,True
2024-06-17,P1053,MarketLeaderCo,202.55,True
2024-06-24,P1053,MarketLeaderCo,206.03,True
2024-07-01,P1053,MarketLeaderCo,197.25,True
2024-07-08,P1053,MarketLeaderCo,205.69,True
2024-07-15,P1053,MarketLeaderCo,208.17,True
2024-07-22,P1053,MarketLeaderCo,200.97,True
2024-07-29,P1053,MarketLeaderCo,192.65,True
2024-08-05,P1053,MarketLeaderCo,192.06,True
2024-08-12,P1053,MarketLeaderCo,201.91,True
2024-08-19,P1053,MarketLeaderCo,192.65,True
2024-08-26,P1053,MarketLeaderCo,191.24,True
2024-09-02,P1053,MarketLeaderCo,204.55,True
2024-09-09,P1053,MarketLeaderCo,196.53,True
2024-09-16,P1053,MarketLeaderCo,213.73,True
2024-09-23,P1053,MarketLeaderCo,195.34,True
2024-09-30,P1053,MarketLeaderCo,196.3,True
2024-10-07,P1053,MarketLeaderCo,201.42,True
2024-10-14,P1053,MarketLeaderCo,200.49,True
2024-10-21,P1053,MarketLeaderCo,198.76,True
2024-10-28,P1053,MarketLeaderCo,198.62,True
2024-11-04,P1053,MarketLeaderCo,218.65,True
2024-11-11,P1053,MarketLeaderCo,209.2,False
2024-11-18,P1053,MarketLeaderCo,204.31,True
2024-11-25,P1053,MarketLeaderCo,191.94,True
2024-12-02,P1053,MarketLeaderCo,198.83,True
2024-12-09,P1053,MarketLeaderCo,203.22,True
2024-12-16,P1053,MarketLeaderCo,203.74,True
2024-12-23,P1053,MarketLeaderCo,206.91,True
2024-12-30,P1053,MarketLeaderCo,195.44,True
2025-01-06,P1053,MarketLeaderCo,199.04,True
2025-01-13,P1053,MarketLeaderCo,194.75,True
2025-01-20,P1053,MarketLeaderCo,207.25,True
2025-01-27,P1053,MarketLeaderCo,203.45,True
2025-02-03,P1053,MarketLeaderCo,196.24,True
2025-02-10,P1053,MarketLeaderCo,200.61,True
2025-02-17,P1053,MarketLeaderCo,199.57,True
2025-02-24,P1053,MarketLeaderCo,194.01,True
2025-03-03,P1053,MarketLeaderCo,204.83,True
2025-03-10,P1053,MarketLeaderCo,199.73,True
2025-03-17,P1053,MarketLeaderCo,196.1,True
2025-03-24,P1053,MarketLeaderCo,193.91,True
2025-03-31,P1053,MarketLeaderCo,204.38,True
2025-04-07,P1053,MarketLeaderCo,200.87,True
2025-04-14,P1053,MarketLeaderCo,195.12,True
2025-04-21,P1053,MarketLeaderCo,196.29,True
2025-04-28,P1053,MarketLeaderCo,199.3,True
2025-05-05,P1053,MarketLeaderCo,199.65,True
2025-05-12,P1053,MarketLeaderCo,200.42,True
2025-05-19,P1053,MarketLeaderCo,188.69,True
2025-05-26,P1053,MarketLeaderCo,199.99,True
2025-06-02,P1053,MarketLeaderCo,191.98,True
2025-06-09,P1053,MarketLeaderCo,207.75,True
2025-06-16,P1053,MarketLeaderCo,205.5,True
2025-06-23,P1053,MarketLeaderCo,206.18,True
2025-06-30,P1053,MarketLeaderCo,184.57,True
2025-07-07,P1053,MarketLeaderCo,197.48,True
2025-07-14,P1053,MarketLeaderCo,198.8,True
2025-07-21,P1053,MarketLeaderCo,202.71,True
2025-07-28,P1053,MarketLeaderCo,204.65,True
2025-08-04,P1053,MarketLeaderCo,206.95,True
2025-08-11,P1053,MarketLeaderCo,185.42,True
2025-08-18,P1053,MarketLeaderCo,194.48,True
2025-08-25,P1053,MarketLeaderCo,199.61,True
2025-09-01,P1053,MarketLeaderCo,204.23,True
2025-09-08,P1053,MarketLeaderCo,204.06,True
2025-09-15,P1053,MarketLeaderCo,202.11,True
2025-09-22,P1053,MarketLeaderCo,195.46,True
2025-09-29,P1053,MarketLeaderCo,196.22,True
2025-10-06,P1053,MarketLeaderCo,195.51,True
2025-10-13,P1053,MarketLeaderCo,193.4,True
2025-10-20,P1053,MarketLeaderCo,193.32,True
2025-10-27,P1053,MarketLeaderCo,192.75,False
2025-11-03,P1053,MarketLeaderCo,201.28,True
2025-11-10,P1053,MarketLeaderCo,200.01,True
2025-11-17,P1053,MarketLeaderCo,193.73,True
2025-11-24,P1053,MarketLeaderCo,189.04,True
2025-12-01,P1053,MarketLeaderCo,197.06,True
2025-12-08,P1053,MarketLeaderCo,208.12,True
2025-12-15,P1053,MarketLeaderCo,199.3,True
2025-12-22,P1053,MarketLeaderCo,204.05,True
2025-12-29,P1053,MarketLeaderCo,200.34,True
2024-04-29,P1053,CompetitorX,209.4,True
2024-05-06,P1053,CompetitorX,205.72,True
2024-05-13,P1053,CompetitorX,206.39,True
2024-05-20,P1053,CompetitorX,217.32,True
2024-05-27,P1053,CompetitorX,207.65,True
2024-06-03,P1053,CompetitorX,197.72,True
2024-06-10,P1053,CompetitorX,212.85,True
2024-06-17,P1053,CompetitorX,215.19,True
2024-06-24,P1053,CompetitorX,215.14,True
2024-07-01,P1053,CompetitorX,205.89,True
2024-07-08,P1053,CompetitorX,209.76,True
2024-07-15,P1053,CompetitorX,213.11,False
2024-07-22,P1053,CompetitorX,215.83,True
2024-07-29,P1053,CompetitorX,212.92,True
2024-08-05,P1053,CompetitorX,214.64,True
2024-08-12,P1053,CompetitorX,205.16,True
2024-08-19,P1053,CompetitorX,195.35,True
2024-08-26,P1053,CompetitorX,216.39,True
2024-09-02,P1053,CompetitorX,203.81,True
2024-09-09,P1053,CompetitorX,208.68,True
2024-09-16,P1053,CompetitorX,214.85,True
2024-09-23,P1053,CompetitorX,209.93,True
2024-09-30,P1053,CompetitorX,214.19,True
2024-10-07,P1053,CompetitorX,225.21,True
2024-10-14,P1053,CompetitorX,213.23,True
2024-10-21,P1053,CompetitorX,205.18,True
2024-10-28,P1053,CompetitorX,200.66,True
2024-11-04,P1053,CompetitorX,214.02,True
2024-11-11,P1053,CompetitorX,210.28,True
2024-11-18,P1053,CompetitorX,201.09,True
2024-11-25,P1053,CompetitorX,217.18,True
2024-12-02,P1053,CompetitorX,214.32,True
2024-12-09,P1053,CompetitorX,209.69,True
2024-12-16,P1053,CompetitorX,223.52,True
2024-12-23,P1053,CompetitorX,216.2,True
2024-12-30,P1053,CompetitorX,203.53,True
2025-01-06,P1053,CompetitorX,217.14,False
2025-01-13,P1053,CompetitorX,211.37,False
2025-01-20,P1053,CompetitorX,221.68,True
2025-01-27,P1053,CompetitorX,215.7,True
2025-02-03,P1053,CompetitorX,212.81,True
2025-02-10,P1053,CompetitorX,212.45,True
2025-02-17,P1053,CompetitorX,202.28,True
2025-02-24,P1053,CompetitorX,206.54,True
2025-03-03,P1053,CompetitorX,211.07,True
2025-03-10,P1053,CompetitorX,201.13,True
2025-03-17,P1053,CompetitorX,212.7,True
2025-03-24,P1053,CompetitorX,205.09,True
2025-03-31,P1053,CompetitorX,207.29,True
2025-04-07,P1053,CompetitorX,214.24,True
2025-04-14,P1053,CompetitorX,206.26,True
2025-04-21,P1053,CompetitorX,212.72,True
2025-04-28,P1053,CompetitorX,210.68,True
2025-05-05,P1053,CompetitorX,203.1,False
2025-05-12,P1053,CompetitorX,215.31,True
2025-05-19,P1053,CompetitorX,215.63,True
2025-05-26,P1053,CompetitorX,215.97,True
2025-06-02,P1053,CompetitorX,221.77,True
2025-06-09,P1053,CompetitorX,207.18,True
2025-06-16,P1053,CompetitorX,197.49,False
2025-06-23,P1053,CompetitorX,205.63,True
2025-06-30,P1053,CompetitorX,215.8,True
2025-07-07,P1053,CompetitorX,209.25,True
2025-07-14,P1053,CompetitorX,200.92,True
2025-07-21,P1053,CompetitorX,199.17,True
2025-07-28,P1053,CompetitorX,218.7,True
2025-08-04,P1053,CompetitorX,213.59,True
2025-08-11,P1053,CompetitorX,206.64,True
2025-08-18,P1053,CompetitorX,221.61,True
2025-08-25,P1053,CompetitorX,226.43,True
2025-09-01,P1053,CompetitorX,216.28,True
2025-09-08,P1053,CompetitorX,214.52,True
2025-09-15,P1053,CompetitorX,213.09,True
2025-09-22,P1053,CompetitorX,215.15,True
2025-09-29,P1053,CompetitorX,222.09,True
2025-10-06,P1053,CompetitorX,203.64,True
2025-10-13,P1053,CompetitorX,207.63,True
2025-10-20,P1053,CompetitorX,209.46,True
2025-10-27,P1053,CompetitorX,213.38,True
2025-11-03,P1053,CompetitorX,219.61,True
2025-11-10,P1053,CompetitorX,212.36,True
2025-11-17,P1053,CompetitorX,213.7,True
2025-11-24,P1053,CompetitorX,214.02,True
2025-12-01,P1053,CompetitorX,209.91,True
2025-12-08,P1053,CompetitorX,207.14,True
2025-12-15,P1053,CompetitorX,210.23,True
2025-12-22,P1053,CompetitorX,205.65,True
2025-12-29,P1053,CompetitorX,205.75,True
2024-04-29,P1053,CompetitorZ,228.05,True
2024-05-06,P1053,CompetitorZ,234.62,True
2024-05-13,P1053,CompetitorZ,224.09,True
2024-05-20,P1053,CompetitorZ,211.68,True
2024-05-27,P1053,CompetitorZ,228.4,True
2024-06-03,P1053,CompetitorZ,230.34,True
2024-06-10,P1053,CompetitorZ,223.54,True
2024-06-17,P1053,CompetitorZ,210.45,True
2024-06-24,P1053,CompetitorZ,218.0,True
2024-07-01,P1053,CompetitorZ,224.78,True
2024-07-08,P1053,CompetitorZ,222.92,True
2024-07-15,P1053,CompetitorZ,228.55,True
2024-07-22,P1053,CompetitorZ,229.56,True
2024-07-29,P1053,CompetitorZ,222.61,True
2024-08-05,P1053,CompetitorZ,216.09,True
2024-08-12,P1053,CompetitorZ,235.39,True
2024-08-19,P1053,CompetitorZ,229.35,True
2024-08-26,P1053,CompetitorZ,230.1,True
2024-09-02,P1053,CompetitorZ,228.16,True
2024-09-09,P1053,CompetitorZ,232.98,False
2024-09-16,P1053,CompetitorZ,222.98,True
2024-09-23,P1053,CompetitorZ,231.16,True
2024-09-30,P1053,CompetitorZ,230.08,True
2024-10-07,P1053,CompetitorZ,229.86,True
2024-10-14,P1053,CompetitorZ,217.47,True
2024-10-21,P1053,CompetitorZ,226.5,True
2024-10-28,P1053,CompetitorZ,228.18,True
2024-11-04,P1053,CompetitorZ,237.6,True
2024-11-11,P1053,CompetitorZ,226.23,True
2024-11-18,P1053,CompetitorZ,232.88,True
2024-11-25,P1053,CompetitorZ,215.5,False
2024-12-02,P1053,CompetitorZ,220.71,True
2024-12-09,P1053,CompetitorZ,228.53,True
2024-12-16,P1053,CompetitorZ,228.47,True
2024-12-23,P1053,CompetitorZ,220.71,True
2024-12-30,P1053,CompetitorZ,232.02,True
2025-01-06,P1053,CompetitorZ,224.42,True
2025-01-13,P1053,CompetitorZ,224.27,True
2025-01-20,P1053,CompetitorZ,225.03,True
2025-01-27,P1053,CompetitorZ,234.62,True
2025-02-03,P1053,CompetitorZ,232.93,True
2025-02-10,P1053,CompetitorZ,238.3,True
2025-02-17,P1053,CompetitorZ,229.28,True
2025-02-24,P1053,CompetitorZ,238.62,True
2025-03-03,P1053,CompetitorZ,227.17,True
2025-03-10,P1053,CompetitorZ,224.7,True
2025-03-17,P1053,CompetitorZ,222.59,True
2025-03-24,P1053,CompetitorZ,224.37,True
2025-03-31,P1053,CompetitorZ,224.7,True
2025-04-07,P1053,CompetitorZ,220.92,True
2025-04-14,P1053,CompetitorZ,221.56,True
2025-04-21,P1053,CompetitorZ,229.67,True
2025-04-28,P1053,CompetitorZ,222.25,True
2025-05-05,P1053,CompetitorZ,214.05,True
2025-05-12,P1053,CompetitorZ,213.71,True
2025-05-19,P1053,CompetitorZ,211.37,True
2025-05-26,P1053,CompetitorZ,215.97,True
2025-06-02,P1053,CompetitorZ,217.44,False
2025-06-09,P1053,CompetitorZ,218.97,True
2025-06-16,P1053,CompetitorZ,227.49,True
2025-06-23,P1053,CompetitorZ,216.95,True
2025-06-30,P1053,CompetitorZ,219.34,True
2025-07-07,P1053,CompetitorZ,213.16,True
2025-07-14,P1053,CompetitorZ,221.09,True
2025-07-21,P1053,CompetitorZ,230.46,True
2025-07-28,P1053,CompetitorZ,225.4,True
2025-08-04,P1053,CompetitorZ,226.11,True
2025-08-11,P1053,CompetitorZ,225.54,True
2025-08-18,P1053,CompetitorZ,216.86,True
2025-08-25,P1053,CompetitorZ,222.79,True
2025-09-01,P1053,CompetitorZ,227.05,True
2025-09-08,P1053,CompetitorZ,232.12,True
2025-09-15,P1053,CompetitorZ,228.02,True
2025-09-22,P1053,CompetitorZ,231.52,True
2025-09-29,P1053,CompetitorZ,218.21,True
2025-10-06,P1053,CompetitorZ,215.38,True
2025-10-13,P1053,CompetitorZ,213.7,True
2025-10-20,P1053,CompetitorZ,231.09,True
2025-10-27,P1053,CompetitorZ,215.82,True
2025-11-03,P1053,CompetitorZ,232.74,True
2025-11-10,P1053,CompetitorZ,222.54,True
2025-11-17,P1053,CompetitorZ,236.85,True
2025-11-24,P1053,CompetitorZ,222.52,True
2025-12-01,P1053,CompetitorZ,222.89,True
2025-12-08,P1053,CompetitorZ,226.01,True
2025-12-15,P1053,CompetitorZ,222.75,True
2025-12-22,P1053,CompetitorZ,228.39,True
2025-12-29,P1053,CompetitorZ,218.49,True
2024-04-29,P1053,CompetitorY,208.62,True
2024-05-06,P1053,CompetitorY,208.91,True
2024-05-13,P1053,CompetitorY,203.12,True
2024-05-20,P1053,CompetitorY,211.75,True
2024-05-27,P1053,CompetitorY,204.91,True
2024-06-03,P1053,CompetitorY,206.93,False
2024-06-10,P1053,CompetitorY,193.52,True
2024-06-17,P1053,CompetitorY,206.68,True
2024-06-24,P1053,CompetitorY,205.95,True
2024-07-01,P1053,CompetitorY,214.7,True
2024-07-08,P1053,CompetitorY,212.88,True
2024-07-15,P1053,CompetitorY,207.61,True
2024-07-22,P1053,CompetitorY,197.31,True
2024-07-29,P1053,CompetitorY,204.72,True
2024-08-05,P1053,CompetitorY,214.7,False
2024-08-12,P1053,CompetitorY,206.23,True
2024-08-19,P1053,CompetitorY,200.82,False
2024-08-26,P1053,CompetitorY,214.63,True
2024-09-02,P1053,CompetitorY,197.36,True
2024-09-09,P1053,CompetitorY,206.76,True
2024-09-16,P1053,CompetitorY,210.93,True
2024-09-23,P1053,CompetitorY,208.24,True
2024-09-30,P1053,CompetitorY,199.73,True
2024-10-07,P1053,CompetitorY,201.68,True
2024-10-14,P1053,CompetitorY,203.12,True
2024-10-21,P1053,CompetitorY,212.34,True
2024-10-28,P1053,CompetitorY,208.52,True
2024-11-04,P1053,CompetitorY,205.05,True
2024-11-11,P1053,CompetitorY,210.01,True
2024-11-18,P1053,CompetitorY,202.79,True
2024-11-25,P1053,CompetitorY,212.06,False
2024-12-02,P1053,CompetitorY,210.26,True
2024-12-09,P1053,CompetitorY,206.06,True
2024-12-16,P1053,CompetitorY,206.45,False
2024-12-23,P1053,CompetitorY,205.33,True
2024-12-30,P1053,CompetitorY,213.66,True
2025-01-06,P1053,CompetitorY,208.81,True
2025-01-13,P1053,CompetitorY,206.11,True
2025-01-20,P1053,CompetitorY,201.42,True
2025-01-27,P1053,CompetitorY,211.13,True
2025-02-03,P1053,CompetitorY,210.84,True
2025-02-10,P1053,CompetitorY,204.19,False
2025-02-17,P1053,CompetitorY,204.85,True
2025-02-24,P1053,CompetitorY,206.73,True
2025-03-03,P1053,CompetitorY,200.28,True
2025-03-10,P1053,CompetitorY,207.92,True
2025-03-17,P1053,CompetitorY,197.22,True
2025-03-24,P1053,CompetitorY,199.5,True
2025-03-31,P1053,CompetitorY,204.29,True
2025-04-07,P1053,CompetitorY,203.55,True
2025-04-14,P1053,CompetitorY,210.27,True
2025-04-21,P1053,CompetitorY,209.22,True
2025-04-28,P1053,CompetitorY,216.03,True
2025-05-05,P1053,CompetitorY,208.04,True
2025-05-12,P1053,CompetitorY,208.74,True
2025-05-19,P1053,CompetitorY,200.22,True
2025-05-26,P1053,CompetitorY,200.23,True
2025-06-02,P1053,CompetitorY,207.86,True
2025-06-09,P1053,CompetitorY,207.97,True
2025-06-16,P1053,CompetitorY,209.26,True
2025-06-23,P1053,CompetitorY,215.36,True
2025-06-30,P1053,CompetitorY,200.51,True
2025-07-07,P1053,CompetitorY,217.98,True
2025-07-14,P1053,CompetitorY,198.19,True
2025-07-21,P1053,CompetitorY,209.78,True
2025-07-28,P1053,CompetitorY,199.7,True
2025-08-04,P1053,CompetitorY,211.97,True
2025-08-11,P1053,CompetitorY,198.23,True
2025-08-18,P1053,CompetitorY,190.45,True
2025-08-25,P1053,CompetitorY,208.37,False
2025-09-01,P1053,CompetitorY,206.68,True
2025-09-08,P1053,CompetitorY,214.34,True
2025-09-15,P1053,CompetitorY,207.94,True
2025-09-22,P1053,CompetitorY,202.82,True
2025-09-29,P1053,CompetitorY,204.1,True
2025-10-06,P1053,CompetitorY,227.48,True
2025-10-13,P1053,CompetitorY,202.02,True
2025-10-20,P1053,CompetitorY,210.72,True
2025-10-27,P1053,CompetitorY,209.96,True
2025-11-03,P1053,CompetitorY,210.87,True
2025-11-10,P1053,CompetitorY,210.36,True
2025-11-17,P1053,CompetitorY,205.79,True
2025-11-24,P1053,CompetitorY,196.49,True
2025-12-01,P1053,CompetitorY,208.43,False
2025-12-08,P1053,CompetitorY,207.38,True
2025-12-15,P1053,CompetitorY,208.23,True
2025-12-22,P1053,CompetitorY,210.98,True
2025-12-29,P1053,CompetitorY,204.89,True
2024-03-11,P1054,CompetitorX,239.71,True
2024-03-18,P1054,CompetitorX,243.6,True
2024-03-25,P1054,CompetitorX,244.99,True
2024-04-01,P1054,CompetitorX,239.59,True
2024-04-08,P1054,CompetitorX,235.57,True
2024-04-15,P1054,CompetitorX,244.3,True
2024-04-22,P1054,CompetitorX,250.08,True
2024-04-29,P1054,CompetitorX,235.35,True
2024-05-06,P1054,CompetitorX,255.84,True
2024-05-13,P1054,CompetitorX,240.1,True
2024-05-20,P1054,CompetitorX,239.59,True
2024-05-27,P1054,CompetitorX,245.23,True
2024-06-03,P1054,CompetitorX,245.01,True
2024-06-10,P1054,CompetitorX,227.88,True
2024-06-17,P1054,CompetitorX,243.46,True
2024-06-24,P1054,CompetitorX,248.49,True
2024-07-01,P1054,CompetitorX,251.78,True
2024-07-08,P1054,CompetitorX,243.4,True
2024-07-15,P1054,CompetitorX,241.64,True
2024-07-22,P1054,CompetitorX,249.56,True
2024-07-29,P1054,CompetitorX,257.38,True
2024-08-05,P1054,CompetitorX,244.94,True
2024-08-12,P1054,CompetitorX,242.91,True
2024-08-19,P1054,CompetitorX,253.46,True
2024-08-26,P1054,CompetitorX,235.97,True
2024-09-02,P1054,CompetitorX,244.71,True
2024-09-09,P1054,CompetitorX,261.89,True
2024-09-16,P1054,CompetitorX,247.57,True
2024-09-23,P1054,CompetitorX,249.87,True
2024-09-30,P1054,CompetitorX,241.84,True
2024-10-07,P1054,CompetitorX,248.55,True
2024-10-14,P1054,CompetitorX,253.16,True
2024-10-21,P1054,CompetitorX,233.16,True
2024-10-28,P1054,CompetitorX,243.55,True
2024-11-04,P1054,CompetitorX,246.81,True
2024-11-11,P1054,CompetitorX,243.84,True
2024-11-18,P1054,CompetitorX,240.68,True
2024-11-25,P1054,CompetitorX,254.47,True
2024-12-02,P1054,CompetitorX,245.74,True
2024-12-09,P1054,CompetitorX,239.11,True
2024-12-16,P1054,CompetitorX,251.46,True
2024-12-23,P1054,CompetitorX,254.43,True
2024-12-30,P1054,CompetitorX,252.61,True
2025-01-06,P1054,CompetitorX,241.21,False
2025-01-13,P1054,CompetitorX,241.52,True
2025-01-20,P1054,CompetitorX,236.63,True
2025-01-27,P1054,CompetitorX,246.11,False
2025-02-03,P1054,CompetitorX,252.3,True
2025-02-10,P1054,CompetitorX,248.38,True
2025-02-17,P1054,CompetitorX,257.09,True
2025-02-24,P1054,CompetitorX,230.03,True
2025-03-03,P1054,CompetitorX,245.28,True
2025-03-10,P1054,CompetitorX,250.34,True
2025-03-17,P1054,CompetitorX,239.79,True
2025-03-24,P1054,CompetitorX,235.96,True
2025-03-31,P1054,CompetitorX,235.41,True
2025-04-07,P1054,CompetitorX,245.02,False
2025-04-14,P1054,CompetitorX,235.22,True
2025-04-21,P1054,CompetitorX,255.04,True
2025-04-28,P1054,CompetitorX,248.02,True
2025-05-05,P1054,CompetitorX,242.78,True
2025-05-12,P1054,CompetitorX,243.66,True
2025-05-19,P1054,CompetitorX,252.18,True
2025-05-26,P1054,CompetitorX,254.08,True
2025-06-02,P1054,CompetitorX,237.41,True
2025-06-09,P1054,CompetitorX,238.88,False
2025-06-16,P1054,CompetitorX,241.63,True
2025-06-23,P1054,CompetitorX,239.67,True
2025-06-30,P1054,CompetitorX,231.03,True
2025-07-07,P1054,CompetitorX,238.28,True
2025-07-14,P1054,CompetitorX,239.09,True
2025-07-21,P1054,CompetitorX,235.46,True
2025-07-28,P1054,CompetitorX,247.48,False
2025-08-04,P1054,CompetitorX,243.33,True
2025-08-11,P1054,CompetitorX,248.77,True
2025-08-18,P1054,CompetitorX,237.03,True
2025-08-25,P1054,CompetitorX,248.9,True
2025-09-01,P1054,CompetitorX,245.31,True
2025-09-08,P1054,CompetitorX,240.23,True
2025-09-15,P1054,CompetitorX,256.01,True
2025-09-22,P1054,CompetitorX,245.08,True
2025-09-29,P1054,CompetitorX,240.39,True
2025-10-06,P1054,CompetitorX,246.31,True
2025-10-13,P1054,CompetitorX,237.32,True
2025-10-20,P1054,CompetitorX,242.96,True
2025-10-27,P1054,CompetitorX,259.12,True
2025-11-03,P1054,CompetitorX,231.28,True
2025-11-10,P1054,CompetitorX,240.38,True
2025-11-17,P1054,CompetitorX,243.17,True
2025-11-24,P1054,CompetitorX,241.57,True
2025-12-01,P1054,CompetitorX,240.58,True
2025-12-08,P1054,CompetitorX,256.66,True
2025-12-15,P1054,CompetitorX,240.19,True
2025-12-22,P1054,CompetitorX,247.16,True
2025-12-29,P1054,CompetitorX,239.76,True
2024-03-11,P1054,CompetitorY,275.28,True
2024-03-18,P1054,CompetitorY,279.46,True
2024-03-25,P1054,CompetitorY,294.66,True
2024-04-01,P1054,CompetitorY,272.4,True
2024-04-08,P1054,CompetitorY,291.83,True
2024-04-15,P1054,CompetitorY,266.36,True
2024-04-22,P1054,CompetitorY,264.15,True
2024-04-29,P1054,CompetitorY,277.19,False
2024-05-06,P1054,CompetitorY,278.11,True
2024-05-13,P1054,CompetitorY,268.98,True
2024-05-20,P1054,CompetitorY,275.67,True
2024-05-27,P1054,CompetitorY,281.78,True
2024-06-03,P1054,CompetitorY,270.28,True
2024-06-10,P1054,CompetitorY,286.91,True
2024-06-17,P1054,CompetitorY,287.82,True
2024-06-24,P1054,CompetitorY,288.82,True
2024-07-01,P1054,CompetitorY,270.84,True
2024-07-08,P1054,CompetitorY,271.92,True
2024-07-15,P1054,CompetitorY,276.98,True
2024-07-22,P1054,CompetitorY,276.15,True
2024-07-29,P1054,CompetitorY,275.7,True
2024-08-05,P1054,CompetitorY,284.73,True
2024-08-12,P1054,CompetitorY,283.53,True
2024-08-19,P1054,CompetitorY,271.12,True
2024-08-26,P1054,CompetitorY,268.89,True
2024-09-02,P1054,CompetitorY,268.07,True
2024-09-09,P1054,CompetitorY,271.08,True
2024-09-16,P1054,CompetitorY,285.49,True
2024-09-23,P1054,CompetitorY,279.62,True
2024-09-30,P1054,CompetitorY,286.15,True
2024-10-07,P1054,CompetitorY,264.22,True
2024-10-14,P1054,CompetitorY,280.7,True
2024-10-21,P1054,CompetitorY,280.6,False
2024-10-28,P1054,CompetitorY,288.45,True
2024-11-04,P1054,CompetitorY,275.0,True
2024-11-11,P1054,CompetitorY,274.41,True
2024-11-18,P1054,CompetitorY,291.0,True
2024-11-25,P1054,CompetitorY,276.99,True
2024-12-02,P1054,CompetitorY,279.9,True
2024-12-09,P1054,CompetitorY,282.4,True
2024-12-16,P1054,CompetitorY,264.49,True
2024-12-23,P1054,CompetitorY,278.76,True
2024-12-30,P1054,CompetitorY,268.02,True
2025-01-06,P1054,CompetitorY,277.69,True
2025-01-13,P1054,CompetitorY,275.96,True
2025-01-20,P1054,CompetitorY,274.19,True
2025-01-27,P1054,CompetitorY,283.65,True
2025-02-03,P1054,CompetitorY,279.23,True
2025-02-10,P1054,CompetitorY,269.56,True
2025-02-17,P1054,CompetitorY,269.28,True
2025-02-24,P1054,CompetitorY,285.44,True
2025-03-03,P1054,CompetitorY,278.1,True
2025-03-10,P1054,CompetitorY,266.53,True
2025-03-17,P1054,CompetitorY,274.94,True
2025-03-24,P1054,CompetitorY,277.11,True
2025-03-31,P1054,CompetitorY,268.11,True
2025-04-07,P1054,CompetitorY,273.1,True
2025-04-14,P1054,CompetitorY,286.09,True
2025-04-21,P1054,CompetitorY,299.22,True
2025-04-28,P1054,CompetitorY,280.95,True
2025-05-05,P1054,CompetitorY,267.1,True
2025-05-12,P1054,CompetitorY,276.6,True
2025-05-19,P1054,CompetitorY,279.44,True
2025-05-26,P1054,CompetitorY,284.99,True
2025-06-02,P1054,CompetitorY,285.19,True
2025-06-09,P1054,CompetitorY,289.82,True
2025-06-16,P1054,CompetitorY,278.41,True
2025-06-23,P1054,CompetitorY,278.57,True
2025-06-30,P1054,CompetitorY,262.65,True
2025-07-07,P1054,CompetitorY,269.96,True
2025-07-14,P1054,CompetitorY,267.04,True
2025-07-21,P1054,CompetitorY,271.4,True
2025-07-28,P1054,CompetitorY,268.8,True
2025-08-04,P1054,CompetitorY,269.36,False
2025-08-11,P1054,CompetitorY,287.52,True
2025-08-18,P1054,CompetitorY,262.35,True
2025-08-25,P1054,CompetitorY,276.76,True
2025-09-01,P1054,CompetitorY,285.64,True
2025-09-08,P1054,CompetitorY,275.9,True
2025-09-15,P1054,CompetitorY,289.51,True
2025-09-22,P1054,CompetitorY,273.41,True
2025-09-29,P1054,CompetitorY,293.04,True
2025-10-06,P1054,CompetitorY,265.32,True
2025-10-13,P1054,CompetitorY,289.52,True
2025-10-20,P1054,CompetitorY,270.95,True
2025-10-27,P1054,CompetitorY,290.49,True
2025-11-03,P1054,CompetitorY,274.51,True
2025-11-10,P1054,CompetitorY,287.65,True
2025-11-17,P1054,CompetitorY,289.06,True
2025-11-24,P1054,CompetitorY,273.59,True
2025-12-01,P1054,CompetitorY,286.96,True
2025-12-08,P1054,CompetitorY,278.19,True
2025-12-15,P1054,CompetitorY,266.2,True
2025-12-22,P1054,CompetitorY,282.67,False
2025-12-29,P1054,CompetitorY,269.93,False
2024-03-11,P1054,MarketLeaderCo,259.27,True
2024-03-18,P1054,MarketLeaderCo,261.14,True
2024-03-25,P1054,MarketLeaderCo,258.72,True
2024-04-01,P1054,MarketLeaderCo,263.63,False
2024-04-08,P1054,MarketLeaderCo,262.48,True
2024-04-15,P1054,MarketLeaderCo,261.43,True
2024-04-22,P1054,MarketLeaderCo,262.26,True
2024-04-29,P1054,MarketLeaderCo,266.57,True
2024-05-06,P1054,MarketLeaderCo,262.26,True
2024-05-13,P1054,MarketLeaderCo,263.08,True
2024-05-20,P1054,MarketLeaderCo,280.25,True
2024-05-27,P1054,MarketLeaderCo,272.7,True
2024-06-03,P1054,MarketLeaderCo,260.5,True
2024-06-10,P1054,MarketLeaderCo,265.3,True
2024-06-17,P1054,MarketLeaderCo,264.68,True
2024-06-24,P1054,MarketLeaderCo,265.08,True
2024-07-01,P1054,MarketLeaderCo,264.28,True
2024-07-08,P1054,MarketLeaderCo,265.14,True
2024-07-15,P1054,MarketLeaderCo,262.45,True
2024-07-22,P1054,MarketLeaderCo,259.57,False
2024-07-29,P1054,MarketLeaderCo,261.37,True
2024-08-05,P1054,MarketLeaderCo,250.68,True
2024-08-12,P1054,MarketLeaderCo,269.96,True
2024-08-19,P1054,MarketLeaderCo,268.27,True
2024-08-26,P1054,MarketLeaderCo,280.41,True
2024-09-02,P1054,MarketLeaderCo,254.97,True
2024-09-09,P1054,MarketLeaderCo,261.25,True
2024-09-16,P1054,MarketLeaderCo,273.71,True
2024-09-23,P1054,MarketLeaderCo,267.3,True
2024-09-30,P1054,MarketLeaderCo,277.39,True
2024-10-07,P1054,MarketLeaderCo,276.16,True
2024-10-14,P1054,MarketLeaderCo,245.17,True
2024-10-21,P1054,MarketLeaderCo,266.49,True
2024-10-28,P1054,MarketLeaderCo,266.53,True
2024-11-04,P1054,MarketLeaderCo,264.27,True
2024-11-11,P1054,MarketLeaderCo,261.0,True
2024-11-18,P1054,MarketLeaderCo,276.84,True
2024-11-25,P1054,MarketLeaderCo,264.24,True
2024-12-02,P1054,MarketLeaderCo,239.56,True
2024-12-09,P1054,MarketLeaderCo,260.94,True
2024-12-16,P1054,MarketLeaderCo,280.88,True
2024-12-23,P1054,MarketLeaderCo,255.59,True
2024-12-30,P1054,MarketLeaderCo,274.11,True
2025-01-06,P1054,MarketLeaderCo,272.72,True
2025-01-13,P1054,MarketLeaderCo,262.42,True
2025-01-20,P1054,MarketLeaderCo,265.95,True
2025-01-27,P1054,MarketLeaderCo,263.9,True
2025-02-03,P1054,MarketLeaderCo,260.27,True
2025-02-10,P1054,MarketLeaderCo,259.15,True
2025-02-17,P1054,MarketLeaderCo,275.72,True
2025-02-24,P1054,MarketLeaderCo,263.07,True
2025-03-03,P1054,MarketLeaderCo,258.33,True
2025-03-10,P1054,MarketLeaderCo,268.81,False
2025-03-17,P1054,MarketLeaderCo,267.83,True
2025-03-24,P1054,MarketLeaderCo,252.61,True
2025-03-31,P1054,MarketLeaderCo,259.34,True
2025-04-07,P1054,MarketLeaderCo,250.97,True
2025-04-14,P1054,MarketLeaderCo,284.68,True
2025-04-21,P1054,MarketLeaderCo,261.57,True
2025-04-28,P1054,MarketLeaderCo,259.08,False
2025-05-05,P1054,MarketLeaderCo,260.48,True
2025-05-12,P1054,MarketLeaderCo,258.47,True
2025-05-19,P1054,MarketLeaderCo,263.0,True
2025-05-26,P1054,MarketLeaderCo,274.25,True
2025-06-02,P1054,MarketLeaderCo,265.22,True
2025-06-09,P1054,MarketLeaderCo,253.44,True
2025-06-16,P1054,MarketLeaderCo,255.34,True
2025-06-23,P1054,MarketLeaderCo,265.84,True
2025-06-30,P1054,MarketLeaderCo,257.84,True
2025-07-07,P1054,MarketLeaderCo,262.94,True
2025-07-14,P1054,MarketLeaderCo,285.44,True
2025-07-21,P1054,MarketLeaderCo,256.47,True
2025-07-28,P1054,MarketLeaderCo,252.98,True
2025-08-04,P1054,MarketLeaderCo,258.58,True
2025-08-11,P1054,MarketLeaderCo,250.18,True
2025-08-18,P1054,MarketLeaderCo,274.65,True
2025-08-25,P1054,MarketLeaderCo,255.25,True
2025-09-01,P1054,MarketLeaderCo,256.72,True
2025-09-08,P1054,MarketLeaderCo,253.87,True
2025-09-15,P1054,MarketLeaderCo,251.03,True
2025-09-22,P1054,MarketLeaderCo,264.01,True
2025-09-29,P1054,MarketLeaderCo,258.49,True
2025-10-06,P1054,MarketLeaderCo,250.13,False
2025-10-13,P1054,MarketLeaderCo,261.5,True
2025-10-20,P1054,MarketLeaderCo,267.35,True
2025-10-27,P1054,MarketLeaderCo,260.94,True
2025-11-03,P1054,MarketLeaderCo,269.2,True
2025-11-10,P1054,MarketLeaderCo,277.93,True
2025-11-17,P1054,MarketLeaderCo,270.91,False
2025-11-24,P1054,MarketLeaderCo,266.16,True
2025-12-01,P1054,MarketLeaderCo,270.89,True
2025-12-08,P1054,MarketLeaderCo,282.12,True
2025-12-15,P1054,MarketLeaderCo,253.02,True
2025-12-22,P1054,MarketLeaderCo,269.47,True
2025-12-29,P1054,MarketLeaderCo,256.54,True
2024-03-11,P1054,CompetitorZ,245.86,True
2024-03-18,P1054,CompetitorZ,237.35,True
2024-03-25,P1054,CompetitorZ,231.14,True
2024-04-01,P1054,CompetitorZ,238.41,True
2024-04-08,P1054,CompetitorZ,227.84,True
2024-04-15,P1054,CompetitorZ,235.35,True
2024-04-22,P1054,CompetitorZ,232.56,True
2024-04-29,P1054,CompetitorZ,223.48,True
2024-05-06,P1054,CompetitorZ,243.84,True
2024-05-13,P1054,CompetitorZ,240.6,False
2024-05-20,P1054,CompetitorZ,225.99,True
2024-05-27,P1054,CompetitorZ,239.09,True
2024-06-03,P1054,CompetitorZ,223.76,True
2024-06-10,P1054,CompetitorZ,235.17,True
2024-06-17,P1054,CompetitorZ,232.28,True
2024-06-24,P1054,CompetitorZ,243.63,True
2024-07-01,P1054,CompetitorZ,234.26,True
2024-07-08,P1054,CompetitorZ,221.2,True
2024-07-15,P1054,CompetitorZ,239.04,True
2024-07-22,P1054,CompetitorZ,228.88,True
2024-07-29,P1054,CompetitorZ,228.56,True
2024-08-05,P1054,CompetitorZ,232.15,True
2024-08-12,P1054,CompetitorZ,227.95,True
2024-08-19,P1054,CompetitorZ,244.44,True
2024-08-26,P1054,CompetitorZ,237.55,True
2024-09-02,P1054,CompetitorZ,223.99,True
2024-09-09,P1054,CompetitorZ,226.89,True
2024-09-16,P1054,CompetitorZ,222.84,True
2024-09-23,P1054,CompetitorZ,238.68,True
2024-09-30,P1054,CompetitorZ,231.48,True
2024-10-07,P1054,CompetitorZ,225.15,True
2024-10-14,P1054,CompetitorZ,242.89,True
2024-10-21,P1054,CompetitorZ,235.46,False
2024-10-28,P1054,CompetitorZ,233.24,True
2024-11-04,P1054,CompetitorZ,232.91,True
2024-11-11,P1054,CompetitorZ,222.5,True
2024-11-18,P1054,CompetitorZ,235.84,True
2024-11-25,P1054,CompetitorZ,229.03,True
2024-12-02,P1054,CompetitorZ,238.01,True
2024-12-09,P1054,CompetitorZ,236.4,True
2024-12-16,P1054,CompetitorZ,231.52,True
2024-12-23,P1054,CompetitorZ,231.03,True
2024-12-30,P1054,CompetitorZ,243.49,True
2025-01-06,P1054,CompetitorZ,222.65,True
2025-01-13,P1054,CompetitorZ,227.96,True
2025-01-20,P1054,CompetitorZ,239.86,True
2025-01-27,P1054,CompetitorZ,242.28,True
2025-02-03,P1054,CompetitorZ,230.99,True
2025-02-10,P1054,CompetitorZ,227.08,True
2025-02-17,P1054,CompetitorZ,227.22,True
2025-02-24,P1054,CompetitorZ,221.97,True
2025-03-03,P1054,CompetitorZ,245.88,True
2025-03-10,P1054,CompetitorZ,230.92,True
2025-03-17,P1054,CompetitorZ,235.18,True
2025-03-24,P1054,CompetitorZ,235.25,True
2025-03-31,P1054,CompetitorZ,242.27,True
2025-04-07,P1054,CompetitorZ,229.03,True
2025-04-14,P1054,CompetitorZ,229.52,True
2025-04-21,P1054,CompetitorZ,237.73,True
2025-04-28,P1054,CompetitorZ,219.46,True
2025-05-05,P1054,CompetitorZ,242.32,True
2025-05-12,P1054,CompetitorZ,244.04,True
2025-05-19,P1054,CompetitorZ,233.66,True
2025-05-26,P1054,CompetitorZ,225.42,True
2025-06-02,P1054,CompetitorZ,237.89,True
2025-06-09,P1054,CompetitorZ,230.62,True
2025-06-16,P1054,CompetitorZ,232.94,True
2025-06-23,P1054,CompetitorZ,233.47,True
2025-06-30,P1054,CompetitorZ,227.37,True
2025-07-07,P1054,CompetitorZ,234.37,True
2025-07-14,P1054,CompetitorZ,221.77,True
2025-07-21,P1054,CompetitorZ,216.67,True
2025-07-28,P1054,CompetitorZ,234.48,True
2025-08-04,P1054,CompetitorZ,239.21,True
2025-08-11,P1054,CompetitorZ,228.38,True
2025-08-18,P1054,CompetitorZ,227.98,True
2025-08-25,P1054,CompetitorZ,236.45,True
2025-09-01,P1054,CompetitorZ,231.8,True
2025-09-08,P1054,CompetitorZ,228.01,False
2025-09-15,P1054,CompetitorZ,234.07,True
2025-09-22,P1054,CompetitorZ,231.99,True
2025-09-29,P1054,CompetitorZ,223.26,True
2025-10-06,P1054,CompetitorZ,231.19,True
2025-10-13,P1054,CompetitorZ,233.22,True
2025-10-20,P1054,CompetitorZ,228.23,True
2025-10-27,P1054,CompetitorZ,238.39,True
2025-11-03,P1054,CompetitorZ,235.31,True
2025-11-10,P1054,CompetitorZ,230.02,True
2025-11-17,P1054,CompetitorZ,232.88,True
2025-11-24,P1054,CompetitorZ,229.33,True
2025-12-01,P1054,CompetitorZ,230.39,True
2025-12-08,P1054,CompetitorZ,230.64,True
2025-12-15,P1054,CompetitorZ,219.63,True
2025-12-22,P1054,CompetitorZ,232.14,True
2025-12-29,P1054,CompetitorZ,234.16,True
2024-01-08,P1055,MarketLeaderCo,703.13,True
2024-01-15,P1055,MarketLeaderCo,670.42,True
2024-01-22,P1055,MarketLeaderCo,667.1,True
2024-01-29,P1055,MarketLeaderCo,652.81,True
2024-02-05,P1055,MarketLeaderCo,663.51,True
2024-02-12,P1055,MarketLeaderCo,633.85,True
2024-02-19,P1055,MarketLeaderCo,643.74,True
2024-02-26,P1055,MarketLeaderCo,644.04,True
2024-03-04,P1055,MarketLeaderCo,635.63,True
2024-03-11,P1055,MarketLeaderCo,647.72,True
2024-03-18,P1055,MarketLeaderCo,650.67,True
2024-03-25,P1055,MarketLeaderCo,645.7,True
2024-04-01,P1055,MarketLeaderCo,649.73,True
2024-04-08,P1055,MarketLeaderCo,598.57,True
2024-04-15,P1055,MarketLeaderCo,662.35,True
2024-04-22,P1055,MarketLeaderCo,646.81,True
2024-04-29,P1055,MarketLeaderCo,646.79,True
2024-05-06,P1055,MarketLeaderCo,627.51,True
2024-05-13,P1055,MarketLeaderCo,685.24,True
2024-05-20,P1055,MarketLeaderCo,686.17,True
2024-05-27,P1055,MarketLeaderCo,622.0,True
2024-06-03,P1055,MarketLeaderCo,650.15,True
2024-06-10,P1055,MarketLeaderCo,673.0,True
2024-06-17,P1055,MarketLeaderCo,647.73,True
2024-06-24,P1055,MarketLeaderCo,642.87,True
2024-07-01,P1055,MarketLeaderCo,641.59,True
2024-07-08,P1055,MarketLeaderCo,660.92,True
2024-07-15,P1055,MarketLeaderCo,706.15,True
2024-07-22,P1055,MarketLeaderCo,671.04,True
2024-07-29,P1055,MarketLeaderCo,633.0,True
2024-08-05,P1055,MarketLeaderCo,642.42,True
2024-08-12,P1055,MarketLeaderCo,649.52,True
2024-08-19,P1055,MarketLeaderCo,637.9,True
2024-08-26,P1055,MarketLeaderCo,634.24,True
2024-09-02,P1055,MarketLeaderCo,669.51,True
2024-09-09,P1055,MarketLeaderCo,644.9,True
2024-09-16,P1055,MarketLeaderCo,662.08,True
2024-09-23,P1055,MarketLeaderCo,689.79,True
2024-09-30,P1055,MarketLeaderCo,644.48,True
2024-10-07,P1055,MarketLeaderCo,660.17,True
2024-10-14,P1055,MarketLeaderCo,634.67,True
2024-10-21,P1055,MarketLeaderCo,662.94,True
2024-10-28,P1055,MarketLeaderCo,680.31,True
2024-11-04,P1055,MarketLeaderCo,679.3,True
2024-11-11,P1055,MarketLeaderCo,655.61,True
2024-11-18,P1055,MarketLeaderCo,644.58,False
2024-11-25,P1055,MarketLeaderCo,659.43,True
2024-12-02,P1055,MarketLeaderCo,655.78,True
2024-12-09,P1055,MarketLeaderCo,663.83,True
2024-12-16,P1055,MarketLeaderCo,642.31,True
2024-12-23,P1055,MarketLeaderCo,646.92,True
2024-12-30,P1055,MarketLeaderCo,650.49,True
2025-01-06,P1055,MarketLeaderCo,667.87,True
2025-01-13,P1055,MarketLeaderCo,670.47,True
2025-01-20,P1055,MarketLeaderCo,646.3,True
2025-01-27,P1055,MarketLeaderCo,632.17,True
2025-02-03,P1055,MarketLeaderCo,661.9,True
2025-02-10,P1055,MarketLeaderCo,669.15,True
2025-02-17,P1055,MarketLeaderCo,652.14,True
2025-02-24,P1055,MarketLeaderCo,640.76,True
2025-03-03,P1055,MarketLeaderCo,645.39,True
2025-03-10,P1055,MarketLeaderCo,686.98,True
2025-03-17,P1055,MarketLeaderCo,659.13,True
2025-03-24,P1055,MarketLeaderCo,674.68,True
2025-03-31,P1055,MarketLeaderCo,639.0,True
2025-04-07,P1055,MarketLeaderCo,678.55,True
2025-04-14,P1055,MarketLeaderCo,672.35,True
2025-04-21,P1055,MarketLeaderCo,652.76,True
2025-04-28,P1055,MarketLeaderCo,666.74,True
2025-05-05,P1055,MarketLeaderCo,680.19,True
2025-05-12,P1055,MarketLeaderCo,633.01,True
2025-05-19,P1055,MarketLeaderCo,644.45,True
2025-05-26,P1055,MarketLeaderCo,665.07,True
2025-06-02,P1055,MarketLeaderCo,655.17,True
2025-06-09,P1055,MarketLeaderCo,662.86,True
2025-06-16,P1055,MarketLeaderCo,668.29,True
2025-06-23,P1055,MarketLeaderCo,664.57,True
2025-06-30,P1055,MarketLeaderCo,649.81,False
2025-07-07,P1055,MarketLeaderCo,651.16,True
2025-07-14,P1055,MarketLeaderCo,685.33,True
2025-07-21,P1055,MarketLeaderCo,656.47,True
2025-07-28,P1055,MarketLeaderCo,681.4,True
2025-08-04,P1055,MarketLeaderCo,682.76,True
2025-08-11,P1055,MarketLeaderCo,639.44,True
2025-08-18,P1055,MarketLeaderCo,669.22,True
2025-08-25,P1055,MarketLeaderCo,633.56,True
2025-09-01,P1055,MarketLeaderCo,686.54,True
2025-09-08,P1055,MarketLeaderCo,658.48,False
2025-09-15,P1055,MarketLeaderCo,657.53,True
2025-09-22,P1055,MarketLeaderCo,637.78,True
2025-09-29,P1055,MarketLeaderCo,642.86,True
2025-10-06,P1055,MarketLeaderCo,659.22,True
2025-10-13,P1055,MarketLeaderCo,656.56,True
2025-10-20,P1055,MarketLeaderCo,647.21,True
2025-10-27,P1055,MarketLeaderCo,672.03,True
2025-11-03,P1055,MarketLeaderCo,654.73,False
2025-11-10,P1055,MarketLeaderCo,634.92,True
2025-11-17,P1055,MarketLeaderCo,668.93,True
2025-11-24,P1055,MarketLeaderCo,632.0,True
2025-12-01,P1055,MarketLeaderCo,616.99,True
2025-12-08,P1055,MarketLeaderCo,656.67,True
2025-12-15,P1055,MarketLeaderCo,634.53,True
2025-12-22,P1055,MarketLeaderCo,658.27,True
2025-12-29,P1055,MarketLeaderCo,670.81,True
2024-01-08,P1055,CompetitorZ,688.78,True
2024-01-15,P1055,CompetitorZ,670.57,True
2024-01-22,P1055,CompetitorZ,718.93,True
2024-01-29,P1055,CompetitorZ,666.73,True
2024-02-05,P1055,CompetitorZ,664.48,True
2024-02-12,P1055,CompetitorZ,693.05,True
2024-02-19,P1055,CompetitorZ,669.46,True
2024-02-26,P1055,CompetitorZ,647.8,True
2024-03-04,P1055,CompetitorZ,651.35,True
2024-03-11,P1055,CompetitorZ,662.43,True
2024-03-18,P1055,CompetitorZ,682.22,True
2024-03-25,P1055,CompetitorZ,694.56,True
2024-04-01,P1055,CompetitorZ,685.12,True
2024-04-08,P1055,CompetitorZ,680.42,True
2024-04-15,P1055,CompetitorZ,691.04,True
2024-04-22,P1055,CompetitorZ,681.49,True
2024-04-29,P1055,CompetitorZ,650.89,True
2024-05-06,P1055,CompetitorZ,664.59,True
2024-05-13,P1055,CompetitorZ,658.68,True
2024-05-20,P1055,CompetitorZ,694.36,True
2024-05-27,P1055,CompetitorZ,649.86,True
2024-06-03,P1055,CompetitorZ,650.25,True
2024-06-10,P1055,CompetitorZ,672.43,True
2024-06-17,P1055,CompetitorZ,707.74,True
2024-06-24,P1055,CompetitorZ,683.77,True
2024-07-01,P1055,CompetitorZ,689.93,True
2024-07-08,P1055,CompetitorZ,646.81,True
2024-07-15,P1055,CompetitorZ,682.45,True
2024-07-22,P1055,CompetitorZ,646.72,True
2024-07-29,P1055,CompetitorZ,683.69,True
2024-08-05,P1055,CompetitorZ,637.5,True
2024-08-12,P1055,CompetitorZ,662.22,True
2024-08-19,P1055,CompetitorZ,627.82,True
2024-08-26,P1055,CompetitorZ,651.27,True
2024-09-02,P1055,CompetitorZ,640.43,True
2024-09-09,P1055,CompetitorZ,682.09,True
2024-09-16,P1055,CompetitorZ,670.92,True
2024-09-23,P1055,CompetitorZ,659.64,True
2024-09-30,P1055,CompetitorZ,671.37,True
2024-10-07,P1055,CompetitorZ,652.35,True
2024-10-14,P1055,CompetitorZ,675.48,True
2024-10-21,P1055,CompetitorZ,667.46,True
2024-10-28,P1055,CompetitorZ,714.8,True
2024-11-04,P1055,CompetitorZ,701.81,True
2024-11-11,P1055,CompetitorZ,687.9,True
2024-11-18,P1055,CompetitorZ,674.89,True
2024-11-25,P1055,CompetitorZ,677.46,True
2024-12-02,P1055,CompetitorZ,693.93,True
2024-12-09,P1055,CompetitorZ,674.81,True
2024-12-16,P1055,CompetitorZ,676.04,True
2024-12-23,P1055,CompetitorZ,657.45,True
2024-12-30,P1055,CompetitorZ,655.23,True
2025-01-06,P1055,CompetitorZ,666.87,True
2025-01-13,P1055,CompetitorZ,616.54,True
2025-01-20,P1055,CompetitorZ,668.44,True
2025-01-27,P1055,CompetitorZ,664.16,True
2025-02-03,P1055,CompetitorZ,686.67,False
2025-02-10,P1055,CompetitorZ,693.6,True
2025-02-17,P1055,CompetitorZ,720.63,True
2025-02-24,P1055,CompetitorZ,680.65,True
2025-03-03,P1055,CompetitorZ,672.07,True
2025-03-10,P1055,CompetitorZ,657.66,True
2025-03-17,P1055,CompetitorZ,647.97,True
2025-03-24,P1055,CompetitorZ,687.37,True
2025-03-31,P1055,CompetitorZ,668.47,True
2025-04-07,P1055,CompetitorZ,677.55,True
2025-04-14,P1055,CompetitorZ,669.4,True
2025-04-21,P1055,CompetitorZ,669.92,True
2025-04-28,P1055,CompetitorZ,673.42,True
2025-05-05,P1055,CompetitorZ,677.49,True
2025-05-12,P1055,CompetitorZ,687.9,True
2025-05-19,P1055,CompetitorZ,644.29,True
2025-05-26,P1055,CompetitorZ,680.79,True
2025-06-02,P1055,CompetitorZ,643.17,True
2025-06-09,P1055,CompetitorZ,683.1,True
2025-06-16,P1055,CompetitorZ,675.45,True
2025-06-23,P1055,CompetitorZ,667.49,True
2025-06-30,P1055,CompetitorZ,668.27,True
2025-07-07,P1055,CompetitorZ,671.77,True
2025-07-14,P1055,CompetitorZ,690.92,True
2025-07-21,P1055,CompetitorZ,689.14,True
2025-07-28,P1055,CompetitorZ,686.79,True
2025-08-04,P1055,CompetitorZ,642.0,True
2025-08-11,P1055,CompetitorZ,680.59,True
2025-08-18,P1055,CompetitorZ,620.9,True
2025-08-25,P1055,CompetitorZ,626.26,True
2025-09-01,P1055,CompetitorZ,691.58,True
2025-09-08,P1055,CompetitorZ,639.98,True
2025-09-15,P1055,CompetitorZ,665.43,True
2025-09-22,P1055,CompetitorZ,697.21,True
2025-09-29,P1055,CompetitorZ,680.74,True
2025-10-06,P1055,CompetitorZ,676.45,False
2025-10-13,P1055,CompetitorZ,667.93,True
2025-10-20,P1055,CompetitorZ,671.55,True
2025-10-27,P1055,CompetitorZ,656.48,True
2025-11-03,P1055,CompetitorZ,659.4,True
2025-11-10,P1055,CompetitorZ,670.76,True
2025-11-17,P1055,CompetitorZ,673.69,True
2025-11-24,P1055,CompetitorZ,665.86,True
2025-12-01,P1055,CompetitorZ,624.14,True
2025-12-08,P1055,CompetitorZ,700.43,True
2025-12-15,P1055,CompetitorZ,687.84,True
2025-12-22,P1055,CompetitorZ,664.93,True
2025-12-29,P1055,CompetitorZ,688.46,True
2024-01-08,P1055,CompetitorX,680.06,True
2024-01-15,P1055,CompetitorX,663.66,True
2024-01-22,P1055,CompetitorX,689.56,True
2024-01-29,P1055,CompetitorX,698.79,True
2024-02-05,P1055,CompetitorX,703.07,True
2024-02-12,P1055,CompetitorX,678.14,True
2024-02-19,P1055,CompetitorX,688.04,True
2024-02-26,P1055,CompetitorX,655.68,False
2024-03-04,P1055,CompetitorX,685.29,True
2024-03-11,P1055,CompetitorX,709.76,True
2024-03-18,P1055,CompetitorX,682.03,True
2024-03-25,P1055,CompetitorX,672.03,True
2024-04-01,P1055,CompetitorX,703.57,True
2024-04-08,P1055,CompetitorX,734.58,True
2024-04-15,P1055,CompetitorX,732.27,True
2024-04-22,P1055,CompetitorX,692.84,True
2024-04-29,P1055,CompetitorX,703.34,True
2024-05-06,P1055,CompetitorX,721.25,True
2024-05-13,P1055,CompetitorX,692.43,True
2024-05-20,P1055,CompetitorX,696.97,True
2024-05-27,P1055,CompetitorX,680.79,True
2024-06-03,P1055,CompetitorX,736.29,True
2024-06-10,P1055,CompetitorX,702.28,True
2024-06-17,P1055,CompetitorX,681.94,True
2024-06-24,P1055,CompetitorX,675.59,True
2024-07-01,P1055,CompetitorX,649.15,True
2024-07-08,P1055,CompetitorX,654.86,True
2024-07-15,P1055,CompetitorX,672.48,True
2024-07-22,P1055,CompetitorX,706.6,True
2024-07-29,P1055,CompetitorX,694.18,True
2024-08-05,P1055,CompetitorX,661.57,True
2024-08-12,P1055,CompetitorX,668.35,True
2024-08-19,P1055,CompetitorX,693.26,True
2024-08-26,P1055,CompetitorX,721.97,True
2024-09-02,P1055,CompetitorX,664.73,True
2024-09-09,P1055,CompetitorX,696.92,True
2024-09-16,P1055,CompetitorX,678.27,True
2024-09-23,P1055,CompetitorX,678.87,True
2024-09-30,P1055,CompetitorX,663.25,True
2024-10-07,P1055,CompetitorX,700.37,True
2024-10-14,P1055,CompetitorX,677.42,True
2024-10-21,P1055,CompetitorX,680.2,True
2024-10-28,P1055,CompetitorX,707.75,True
2024-11-04,P1055,CompetitorX,708.83,True
2024-11-11,P1055,CompetitorX,672.4,True
2024-11-18,P1055,CompetitorX,693.58,True
2024-11-25,P1055,CompetitorX,706.14,True
2024-12-02,P1055,CompetitorX,683.67,True
2024-12-09,P1055,CompetitorX,701.28,True
2024-12-16,P1055,CompetitorX,680.88,False
2024-12-23,P1055,CompetitorX,680.31,True
2024-12-30,P1055,CompetitorX,668.23,False
2025-01-06,P1055,CompetitorX,722.76,False
2025-01-13,P1055,CompetitorX,677.46,True
2025-01-20,P1055,CompetitorX,670.93,True
2025-01-27,P1055,CompetitorX,665.89,True
2025-02-03,P1055,CompetitorX,689.2,True
2025-02-10,P1055,CompetitorX,666.48,True
2025-02-17,P1055,CompetitorX,672.76,True
2025-02-24,P1055,CompetitorX,703.93,True
2025-03-03,P1055,CompetitorX,696.71,True
2025-03-10,P1055,CompetitorX,659.71,True
2025-03-17,P1055,CompetitorX,702.4,True
2025-03-24,P1055,CompetitorX,688.13,True
2025-03-31,P1055,CompetitorX,710.91,True
2025-04-07,P1055,CompetitorX,716.7,True
2025-04-14,P1055,CompetitorX,654.28,True
2025-04-21,P1055,CompetitorX,703.22,True
2025-04-28,P1055,CompetitorX,721.17,True
2025-05-05,P1055,CompetitorX,691.78,True
2025-05-12,P1055,CompetitorX,701.65,True
2025-05-19,P1055,CompetitorX,692.09,True
2025-05-26,P1055,CompetitorX,707.65,True
2025-06-02,P1055,CompetitorX,695.36,True
2025-06-09,P1055,CompetitorX,645.74,True
2025-06-16,P1055,CompetitorX,684.95,True
2025-06-23,P1055,CompetitorX,683.62,True
2025-06-30,P1055,CompetitorX,702.17,True
2025-07-07,P1055,CompetitorX,711.72,True
2025-07-14,P1055,CompetitorX,682.76,True
2025-07-21,P1055,CompetitorX,662.19,True
2025-07-28,P1055,CompetitorX,693.77,True
2025-08-04,P1055,CompetitorX,671.45,True
2025-08-11,P1055,CompetitorX,674.95,True
2025-08-18,P1055,CompetitorX,736.58,True
2025-08-25,P1055,CompetitorX,673.48,True
2025-09-01,P1055,CompetitorX,655.18,True
2025-09-08,P1055,CompetitorX,699.9,True
2025-09-15,P1055,CompetitorX,702.04,True
2025-09-22,P1055,CompetitorX,705.57,True
2025-09-29,P1055,CompetitorX,704.77,True
2025-10-06,P1055,CompetitorX,690.46,True
2025-10-13,P1055,CompetitorX,690.67,True
2025-10-20,P1055,CompetitorX,706.83,True
2025-10-27,P1055,CompetitorX,720.63,True
2025-11-03,P1055,CompetitorX,661.45,True
2025-11-10,P1055,CompetitorX,674.91,True
2025-11-17,P1055,CompetitorX,700.4,True
2025-11-24,P1055,CompetitorX,692.71,True
2025-12-01,P1055,CompetitorX,650.53,True
2025-12-08,P1055,CompetitorX,675.63,True
2025-12-15,P1055,CompetitorX,693.7,True
2025-12-22,P1055,CompetitorX,687.71,True
2025-12-29,P1055,CompetitorX,680.05,True
2024-07-15,P1056,CompetitorY,74.09,True
2024-07-22,P1056,CompetitorY,70.94,True
2024-07-29,P1056,CompetitorY,69.01,True
2024-08-05,P1056,CompetitorY,67.68,True
2024-08-12,P1056,CompetitorY,71.62,True
2024-08-19,P1056,CompetitorY,64.2,True
2024-08-26,P1056,CompetitorY,69.36,True
2024-09-02,P1056,CompetitorY,68.47,True
2024-09-09,P1056,CompetitorY,67.31,True
2024-09-16,P1056,CompetitorY,69.84,True
2024-09-23,P1056,CompetitorY,70.18,True
2024-09-30,P1056,CompetitorY,67.5,True
2024-10-07,P1056,CompetitorY,66.33,True
2024-10-14,P1056,CompetitorY,66.51,True
2024-10-21,P1056,CompetitorY,72.99,True
2024-10-28,P1056,CompetitorY,73.22,True
2024-11-04,P1056,CompetitorY,69.29,True
2024-11-11,P1056,CompetitorY,66.38,True
2024-11-18,P1056,CompetitorY,68.92,True
2024-11-25,P1056,CompetitorY,64.65,True
2024-12-02,P1056,CompetitorY,69.88,True
2024-12-09,P1056,CompetitorY,67.16,True
2024-12-16,P1056,CompetitorY,66.71,True
2024-12-23,P1056,CompetitorY,71.25,True
2024-12-30,P1056,CompetitorY,68.9,True
2025-01-06,P1056,CompetitorY,71.02,True
2025-01-13,P1056,CompetitorY,71.73,True
2025-01-20,P1056,CompetitorY,69.04,True
2025-01-27,P1056,CompetitorY,69.21,True
2025-02-03,P1056,CompetitorY,71.42,True
2025-02-10,P1056,CompetitorY,68.11,True
2025-02-17,P1056,CompetitorY,71.62,True
2025-02-24,P1056,CompetitorY,65.02,False
2025-03-03,P1056,CompetitorY,68.49,True
2025-03-10,P1056,CompetitorY,69.61,True
2025-03-17,P1056,CompetitorY,66.72,True
2025-03-24,P1056,CompetitorY,69.99,True
2025-03-31,P1056,CompetitorY,69.58,True
2025-04-07,P1056,CompetitorY,67.7,True
2025-04-14,P1056,CompetitorY,67.62,True
2025-04-21,P1056,CompetitorY,67.41,True
2025-04-28,P1056,CompetitorY,65.97,True
2025-05-05,P1056,CompetitorY,72.57,True
2025-05-12,P1056,CompetitorY,68.79,True
2025-05-19,P1056,CompetitorY,66.41,True
2025-05-26,P1056,CompetitorY,68.97,True
2025-06-02,P1056,CompetitorY,69.72,True
2025-06-09,P1056,CompetitorY,67.53,True
2025-06-16,P1056,CompetitorY,68.47,True
2025-06-23,P1056,CompetitorY,71.93,True
2025-06-30,P1056,CompetitorY,66.8,True
2025-07-07,P1056,CompetitorY,68.02,True
2025-07-14,P1056,CompetitorY,65.06,True
2025-07-21,P1056,CompetitorY,73.01,True
2025-07-28,P1056,CompetitorY,70.59,True
2025-08-04,P1056,CompetitorY,69.12,True
2025-08-11,P1056,CompetitorY,67.73,True
2025-08-18,P1056,CompetitorY,67.63,False
2025-08-25,P1056,CompetitorY,68.67,True
2025-09-01,P1056,CompetitorY,70.25,True
2025-09-08,P1056,CompetitorY,67.02,True
2025-09-15,P1056,CompetitorY,68.26,True
2025-09-22,P1056,CompetitorY,71.0,True
2025-09-29,P1056,CompetitorY,72.57,True
2025-10-06,P1056,CompetitorY,70.35,True
2025-10-13,P1056,CompetitorY,67.85,True
2025-10-20,P1056,CompetitorY,68.9,True
2025-10-27,P1056,CompetitorY,70.08,True
2025-11-03,P1056,CompetitorY,68.62,True
2025-11-10,P1056,CompetitorY,70.7,True
2025-11-17,P1056,CompetitorY,67.71,True
2025-11-24,P1056,CompetitorY,72.57,True
2025-12-01,P1056,CompetitorY,69.04,True
2025-12-08,P1056,CompetitorY,67.91,True
2025-12-15,P1056,CompetitorY,70.45,True
2025-12-22,P1056,CompetitorY,67.19,True
2025-12-29,P1056,CompetitorY,69.53,True
2024-07-15,P1056,CompetitorX,56.46,True
2024-07-22,P1056,CompetitorX,60.81,True
2024-07-29,P1056,CompetitorX,56.55,True
2024-08-05,P1056,CompetitorX,60.02,True
2024-08-12,P1056,CompetitorX,57.19,True
2024-08-19,P1056,CompetitorX,61.09,True
2024-08-26,P1056,CompetitorX,57.96,True
2024-09-02,P1056,CompetitorX,59.29,True
2024-09-09,P1056,CompetitorX,57.71,True
2024-09-16,P1056,CompetitorX,54.89,True
2024-09-23,P1056,CompetitorX,55.77,True
2024-09-30,P1056,CompetitorX,55.36,True
2024-10-07,P1056,CompetitorX,59.15,True
2024-10-14,P1056,CompetitorX,58.65,True
2024-10-21,P1056,CompetitorX,59.75,False
2024-10-28,P1056,CompetitorX,57.51,True
2024-11-04,P1056,CompetitorX,54.88,True
2024-11-11,P1056,CompetitorX,61.0,True
2024-11-18,P1056,CompetitorX,60.45,True
2024-11-25,P1056,CompetitorX,59.36,True
2024-12-02,P1056,CompetitorX,60.66,True
2024-12-09,P1056,CompetitorX,58.52,True
2024-12-16,P1056,CompetitorX,59.17,True
2024-12-23,P1056,CompetitorX,57.46,True
2024-12-30,P1056,CompetitorX,56.82,True
2025-01-06,P1056,CompetitorX,55.93,True
2025-01-13,P1056,CompetitorX,57.38,False
2025-01-20,P1056,CompetitorX,63.39,True
2025-01-27,P1056,CompetitorX,56.03,True
2025-02-03,P1056,CompetitorX,57.05,True
2025-02-10,P1056,CompetitorX,58.9,True
2025-02-17,P1056,CompetitorX,62.93,True
2025-02-24,P1056,CompetitorX,56.85,True
2025-03-03,P1056,CompetitorX,57.6,True
2025-03-10,P1056,CompetitorX,59.89,True
2025-03-17,P1056,CompetitorX,59.79,True
2025-03-24,P1056,CompetitorX,57.48,True
2025-03-31,P1056,CompetitorX,57.23,True
2025-04-07,P1056,CompetitorX,59.49,True
2025-04-14,P1056,CompetitorX,58.17,True
2025-04-21,P1056,CompetitorX,59.21,True
2025-04-28,P1056,CompetitorX,58.4,True
2025-05-05,P1056,CompetitorX,59.32,True
2025-05-12,P1056,CompetitorX,59.5,True
2025-05-19,P1056,CompetitorX,55.27,False
2025-05-26,P1056,CompetitorX,57.89,True
2025-06-02,P1056,CompetitorX,59.29,True
2025-06-09,P1056,CompetitorX,60.13,True
2025-06-16,P1056,CompetitorX,58.12,True
2025-06-23,P1056,CompetitorX,55.45,True
2025-06-30,P1056,CompetitorX,60.9,True
2025-07-07,P1056,CompetitorX,60.21,True
2025-07-14,P1056,CompetitorX,58.89,True
2025-07-21,P1056,CompetitorX,57.88,False
2025-07-28,P1056,CompetitorX,59.76,False
2025-08-04,P1056,CompetitorX,57.9,True
2025-08-11,P1056,CompetitorX,60.25,True
2025-08-18,P1056,CompetitorX,61.87,True
2025-08-25,P1056,CompetitorX,57.84,True
2025-09-01,P1056,CompetitorX,60.08,True
2025-09-08,P1056,CompetitorX,57.55,True
2025-09-15,P1056,CompetitorX,60.51,True
2025-09-22,P1056,CompetitorX,58.27,True
2025-09-29,P1056,CompetitorX,61.25,True
2025-10-06,P1056,CompetitorX,58.21,True
2025-10-13,P1056,CompetitorX,57.12,True
2025-10-20,P1056,CompetitorX,58.11,True
2025-10-27,P1056,CompetitorX,58.31,True
2025-11-03,P1056,CompetitorX,59.12,True
2025-11-10,P1056,CompetitorX,58.12,True
2025-11-17,P1056,CompetitorX,59.14,True
2025-11-24,P1056,CompetitorX,59.17,True
2025-12-01,P1056,CompetitorX,57.95,True
2025-12-08,P1056,CompetitorX,59.28,True
2025-12-15,P1056,CompetitorX,57.67,True
2025-12-22,P1056,CompetitorX,62.22,True
2025-12-29,P1056,CompetitorX,59.23,False
2024-07-15,P1057,CompetitorZ,261.49,True
2024-07-22,P1057,CompetitorZ,268.9,True
2024-07-29,P1057,CompetitorZ,247.57,True
2024-08-05,P1057,CompetitorZ,254.13,True
2024-08-12,P1057,CompetitorZ,260.86,True
2024-08-19,P1057,CompetitorZ,256.94,True
2024-08-26,P1057,CompetitorZ,253.04,True
2024-09-02,P1057,CompetitorZ,242.0,True
2024-09-09,P1057,CompetitorZ,254.56,True
2024-09-16,P1057,CompetitorZ,259.56,True
2024-09-23,P1057,CompetitorZ,260.96,True
2024-09-30,P1057,CompetitorZ,255.48,True
2024-10-07,P1057,CompetitorZ,258.14,True
2024-10-14,P1057,CompetitorZ,247.96,True
2024-10-21,P1057,CompetitorZ,259.77,True
2024-10-28,P1057,CompetitorZ,256.84,True
2024-11-04,P1057,CompetitorZ,258.04,True
2024-11-11,P1057,CompetitorZ,255.08,True
2024-11-18,P1057,CompetitorZ,258.41,True
2024-11-25,P1057,CompetitorZ,261.66,True
2024-12-02,P1057,CompetitorZ,258.74,True
2024-12-09,P1057,CompetitorZ,242.73,True
2024-12-16,P1057,CompetitorZ,258.9,True
2024-12-23,P1057,CompetitorZ,253.78,True
2024-12-30,P1057,CompetitorZ,251.31,True
2025-01-06,P1057,CompetitorZ,267.16,True
2025-01-13,P1057,CompetitorZ,249.59,True
2025-01-20,P1057,CompetitorZ,250.46,True
2025-01-27,P1057,CompetitorZ,239.5,True
2025-02-03,P1057,CompetitorZ,267.87,True
2025-02-10,P1057,CompetitorZ,263.63,True
2025-02-17,P1057,CompetitorZ,254.21,True
2025-02-24,P1057,CompetitorZ,261.49,True
2025-03-03,P1057,CompetitorZ,239.63,True
2025-03-10,P1057,CompetitorZ,260.43,True
2025-03-17,P1057,CompetitorZ,250.17,True
2025-03-24,P1057,CompetitorZ,269.66,True
2025-03-31,P1057,CompetitorZ,259.6,True
2025-04-07,P1057,CompetitorZ,257.78,True
2025-04-14,P1057,CompetitorZ,250.45,True
2025-04-21,P1057,CompetitorZ,250.5,True
2025-04-28,P1057,CompetitorZ,261.33,True
2025-05-05,P1057,CompetitorZ,250.38,True
2025-05-12,P1057,CompetitorZ,250.07,True
2025-05-19,P1057,CompetitorZ,267.61,True
2025-05-26,P1057,CompetitorZ,258.98,True
2025-06-02,P1057,CompetitorZ,248.33,True
2025-06-09,P1057,CompetitorZ,261.02,True
2025-06-16,P1057,CompetitorZ,254.62,True
2025-06-23,P1057,CompetitorZ,243.17,True
2025-06-30,P1057,CompetitorZ,252.93,True
2025-07-07,P1057,CompetitorZ,248.69,True
2025-07-14,P1057,CompetitorZ,258.74,True
2025-07-21,P1057,CompetitorZ,251.72,True
2025-07-28,P1057,CompetitorZ,257.47,False
2025-08-04,P1057,CompetitorZ,261.9,True
2025-08-11,P1057,CompetitorZ,274.96,False
2025-08-18,P1057,CompetitorZ,272.02,True
2025-08-25,P1057,CompetitorZ,258.49,True
2025-09-01,P1057,CompetitorZ,256.36,True
2025-09-08,P1057,CompetitorZ,252.19,True
2025-09-15,P1057,CompetitorZ,244.11,True
2025-09-22,P1057,CompetitorZ,239.16,True
2025-09-29,P1057,CompetitorZ,250.28,True
2025-10-06,P1057,CompetitorZ,269.38,True
2025-10-13,P1057,CompetitorZ,269.12,True
2025-10-20,P1057,CompetitorZ,257.32,True
2025-10-27,P1057,CompetitorZ,260.35,True
2025-11-03,P1057,CompetitorZ,252.11,True
2025-11-10,P1057,CompetitorZ,256.54,True
2025-11-17,P1057,CompetitorZ,250.79,False
2025-11-24,P1057,CompetitorZ,250.78,True
2025-12-01,P1057,CompetitorZ,261.49,True
2025-12-08,P1057,CompetitorZ,252.11,True
2025-12-15,P1057,CompetitorZ,260.56,True
2025-12-22,P1057,CompetitorZ,255.64,True
2025-12-29,P1057,CompetitorZ,267.69,True
2024-07-15,P1057,CompetitorY,238.86,True
2024-07-22,P1057,CompetitorY,245.66,True
2024-07-29,P1057,CompetitorY,243.7,True
2024-08-05,P1057,CompetitorY,237.45,False
2024-08-12,P1057,CompetitorY,243.04,True
2024-08-19,P1057,CompetitorY,232.49,True
2024-08-26,P1057,CompetitorY,241.72,True
2024-09-02,P1057,CompetitorY,244.04,True
2024-09-09,P1057,CompetitorY,237.04,True
2024-09-16,P1057,CompetitorY,237.42,True
2024-09-23,P1057,CompetitorY,235.55,True
2024-09-30,P1057,CompetitorY,229.74,True
2024-10-07,P1057,CompetitorY,243.08,True
2024-10-14,P1057,CompetitorY,236.66,True
2024-10-21,P1057,CompetitorY,244.09,False
2024-10-28,P1057,CompetitorY,238.77,True
2024-11-04,P1057,CompetitorY,244.51,True
2024-11-11,P1057,CompetitorY,227.74,True
2024-11-18,P1057,CompetitorY,231.83,True
2024-11-25,P1057,CompetitorY,234.02,True
2024-12-02,P1057,CompetitorY,248.71,True
2024-12-09,P1057,CompetitorY,242.99,True
2024-12-16,P1057,CompetitorY,238.19,True
2024-12-23,P1057,CompetitorY,236.65,True
2024-12-30,P1057,CompetitorY,244.38,False
2025-01-06,P1057,CompetitorY,235.84,True
2025-01-13,P1057,CompetitorY,245.38,True
2025-01-20,P1057,CompetitorY,238.54,True
2025-01-27,P1057,CompetitorY,249.4,True
2025-02-03,P1057,CompetitorY,233.28,True
2025-02-10,P1057,CompetitorY,239.16,True
2025-02-17,P1057,CompetitorY,233.47,True
2025-02-24,P1057,CompetitorY,251.81,True
2025-03-03,P1057,CompetitorY,240.24,True
2025-03-10,P1057,CompetitorY,232.83,True
2025-03-17,P1057,CompetitorY,233.59,True
2025-03-24,P1057,CompetitorY,243.79,True
2025-03-31,P1057,CompetitorY,226.99,True
2025-04-07,P1057,CompetitorY,238.8,True
2025-04-14,P1057,CompetitorY,233.95,True
2025-04-21,P1057,CompetitorY,238.94,True
2025-04-28,P1057,CompetitorY,240.81,True
2025-05-05,P1057,CompetitorY,239.38,True
2025-05-12,P1057,CompetitorY,238.17,True
2025-05-19,P1057,CompetitorY,241.28,True
2025-05-26,P1057,CompetitorY,252.69,True
2025-06-02,P1057,CompetitorY,249.26,True
2025-06-09,P1057,CompetitorY,237.65,True
2025-06-16,P1057,CompetitorY,245.31,True
2025-06-23,P1057,CompetitorY,244.95,True
2025-06-30,P1057,CompetitorY,237.36,True
2025-07-07,P1057,CompetitorY,239.86,True
2025-07-14,P1057,CompetitorY,243.96,True
2025-07-21,P1057,CompetitorY,234.83,True
2025-07-28,P1057,CompetitorY,238.35,True
2025-08-04,P1057,CompetitorY,238.66,True
2025-08-11,P1057,CompetitorY,238.14,True
2025-08-18,P1057,CompetitorY,237.86,True
2025-08-25,P1057,CompetitorY,243.27,True
2025-09-01,P1057,CompetitorY,240.28,True
2025-09-08,P1057,CompetitorY,244.69,True
2025-09-15,P1057,CompetitorY,258.24,True
2025-09-22,P1057,CompetitorY,236.23,True
2025-09-29,P1057,CompetitorY,241.65,True
2025-10-06,P1057,CompetitorY,243.75,True
2025-10-13,P1057,CompetitorY,247.95,True
2025-10-20,P1057,CompetitorY,243.21,True
2025-10-27,P1057,CompetitorY,232.21,True
2025-11-03,P1057,CompetitorY,235.31,True
2025-11-10,P1057,CompetitorY,241.14,True
2025-11-17,P1057,CompetitorY,235.11,True
2025-11-24,P1057,CompetitorY,229.45,True
2025-12-01,P1057,CompetitorY,234.28,True
2025-12-08,P1057,CompetitorY,234.32,True
2025-12-15,P1057,CompetitorY,232.82,False
2025-12-22,P1057,CompetitorY,258.28,True
2025-12-29,P1057,CompetitorY,242.36,True
2024-03-18,P1058,CompetitorY,176.23,True
2024-03-25,P1058,CompetitorY,181.57,True
2024-04-01,P1058,CompetitorY,177.03,True
2024-04-08,P1058,CompetitorY,169.99,True
2024-04-15,P1058,CompetitorY,177.84,True
2024-04-22,P1058,CompetitorY,181.56,True
2024-04-29,P1058,CompetitorY,170.91,True
2024-05-06,P1058,CompetitorY,179.84,True
2024-05-13,P1058,CompetitorY,176.96,True
2024-05-20,P1058,CompetitorY,176.12,True
2024-05-27,P1058,CompetitorY,172.25,True
2024-06-03,P1058,CompetitorY,174.45,True
2024-06-10,P1058,CompetitorY,177.93,True
2024-06-17,P1058,CompetitorY,173.39,True
2024-06-24,P1058,CompetitorY,170.46,True
2024-07-01,P1058,CompetitorY,170.25,True
2024-07-08,P1058,CompetitorY,177.1,True
2024-07-15,P1058,CompetitorY,178.2,True
2024-07-22,P1058,CompetitorY,175.26,True
2024-07-29,P1058,CompetitorY,185.18,True
2024-08-05,P1058,CompetitorY,166.66,True
2024-08-12,P1058,CompetitorY,177.62,True
2024-08-19,P1058,CompetitorY,165.92,True
2024-08-26,P1058,CompetitorY,175.07,True
2024-09-02,P1058,CompetitorY,176.94,True
2024-09-09,P1058,CompetitorY,174.69,True
2024-09-16,P1058,CompetitorY,165.34,True
2024-09-23,P1058,CompetitorY,175.12,True
2024-09-30,P1058,CompetitorY,175.64,False
2024-10-07,P1058,CompetitorY,180.35,False
2024-10-14,P1058,CompetitorY,168.1,True
2024-10-21,P1058,CompetitorY,183.21,True
2024-10-28,P1058,CompetitorY,162.36,True
2024-11-04,P1058,CompetitorY,168.79,True
2024-11-11,P1058,CompetitorY,176.55,True
2024-11-18,P1058,CompetitorY,177.26,True
2024-11-25,P1058,CompetitorY,183.59,True
2024-12-02,P1058,CompetitorY,176.64,True
2024-12-09,P1058,CompetitorY,175.09,True
2024-12-16,P1058,CompetitorY,177.96,True
2024-12-23,P1058,CompetitorY,163.29,True
2024-12-30,P1058,CompetitorY,170.31,True
2025-01-06,P1058,CompetitorY,169.43,True
2025-01-13,P1058,CompetitorY,180.64,True
2025-01-20,P1058,CompetitorY,182.47,True
2025-01-27,P1058,CompetitorY,185.45,False
2025-02-03,P1058,CompetitorY,178.62,True
2025-02-10,P1058,CompetitorY,180.32,True
2025-02-17,P1058,CompetitorY,176.12,True
2025-02-24,P1058,CompetitorY,172.99,True
2025-03-03,P1058,CompetitorY,169.93,True
2025-03-10,P1058,CompetitorY,169.46,False
2025-03-17,P1058,CompetitorY,168.4,True
2025-03-24,P1058,CompetitorY,179.47,True
2025-03-31,P1058,CompetitorY,173.46,True
2025-04-07,P1058,CompetitorY,171.81,True
2025-04-14,P1058,CompetitorY,164.94,True
2025-04-21,P1058,CompetitorY,170.81,False
2025-04-28,P1058,CompetitorY,174.11,True
2025-05-05,P1058,CompetitorY,167.53,True
2025-05-12,P1058,CompetitorY,189.64,True
2025-05-19,P1058,CompetitorY,168.56,True
2025-05-26,P1058,CompetitorY,181.69,True
2025-06-02,P1058,CompetitorY,174.99,True
2025-06-09,P1058,CompetitorY,172.64,True
2025-06-16,P1058,CompetitorY,174.31,True
2025-06-23,P1058,CompetitorY,175.7,False
2025-06-30,P1058,CompetitorY,176.82,True
2025-07-07,P1058,CompetitorY,170.45,True
2025-07-14,P1058,CompetitorY,178.57,True
2025-07-21,P1058,CompetitorY,174.15,True
2025-07-28,P1058,CompetitorY,168.61,True
2025-08-04,P1058,CompetitorY,173.37,True
2025-08-11,P1058,CompetitorY,183.1,True
2025-08-18,P1058,CompetitorY,176.78,True
2025-08-25,P1058,CompetitorY,175.65,False
2025-09-01,P1058,CompetitorY,173.53,True
2025-09-08,P1058,CompetitorY,173.94,False
2025-09-15,P1058,CompetitorY,176.78,True
2025-09-22,P1058,CompetitorY,174.22,True
2025-09-29,P1058,CompetitorY,178.01,True
2025-10-06,P1058,CompetitorY,177.32,True
2025-10-13,P1058,CompetitorY,169.34,True
2025-10-20,P1058,CompetitorY,178.4,True
2025-10-27,P1058,CompetitorY,170.59,True
2025-11-03,P1058,CompetitorY,170.38,True
2025-11-10,P1058,CompetitorY,175.49,True
2025-11-17,P1058,CompetitorY,176.98,True
2025-11-24,P1058,CompetitorY,178.86,True
2025-12-01,P1058,CompetitorY,164.26,True
2025-12-08,P1058,CompetitorY,179.78,True
2025-12-15,P1058,CompetitorY,177.8,True
2025-12-22,P1058,CompetitorY,171.8,True
2025-12-29,P1058,CompetitorY,174.38,True
2024-03-18,P1058,CompetitorX,168.97,True
2024-03-25,P1058,CompetitorX,156.99,True
2024-04-01,P1058,CompetitorX,166.86,False
2024-04-08,P1058,CompetitorX,167.07,True
2024-04-15,P1058,CompetitorX,168.61,True
2024-04-22,P1058,CompetitorX,160.68,True
2024-04-29,P1058,CompetitorX,163.54,True
2024-05-06,P1058,CompetitorX,169.94,True
2024-05-13,P1058,CompetitorX,170.92,True
2024-05-20,P1058,CompetitorX,168.98,True
2024-05-27,P1058,CompetitorX,166.22,True
2024-06-03,P1058,CompetitorX,161.99,True
2024-06-10,P1058,CompetitorX,172.77,True
2024-06-17,P1058,CompetitorX,171.63,True
2024-06-24,P1058,CompetitorX,165.07,True
2024-07-01,P1058,CompetitorX,172.17,True
2024-07-08,P1058,CompetitorX,167.62,False
2024-07-15,P1058,CompetitorX,164.53,True
2024-07-22,P1058,CompetitorX,172.64,True
2024-07-29,P1058,CompetitorX,168.47,True
2024-08-05,P1058,CompetitorX,165.81,True
2024-08-12,P1058,CompetitorX,161.51,True
2024-08-19,P1058,CompetitorX,161.97,True
2024-08-26,P1058,CompetitorX,172.24,True
2024-09-02,P1058,CompetitorX,170.25,True
2024-09-09,P1058,CompetitorX,162.07,True
2024-09-16,P1058,CompetitorX,161.98,True
2024-09-23,P1058,CompetitorX,178.56,False
2024-09-30,P1058,CompetitorX,170.31,True
2024-10-07,P1058,CompetitorX,174.06,True
2024-10-14,P1058,CompetitorX,175.49,True
2024-10-21,P1058,CompetitorX,163.29,True
2024-10-28,P1058,CompetitorX,176.75,False
2024-11-04,P1058,CompetitorX,162.54,True
2024-11-11,P1058,CompetitorX,171.64,True
2024-11-18,P1058,CompetitorX,167.38,True
2024-11-25,P1058,CompetitorX,171.61,True
2024-12-02,P1058,CompetitorX,166.91,True
2024-12-09,P1058,CompetitorX,170.73,True
2024-12-16,P1058,CompetitorX,174.83,True
2024-12-23,P1058,CompetitorX,173.61,True
2024-12-30,P1058,CompetitorX,167.66,True
2025-01-06,P1058,CompetitorX,163.16,True
2025-01-13,P1058,CompetitorX,166.47,True
2025-01-20,P1058,CompetitorX,170.21,True
2025-01-27,P1058,CompetitorX,171.25,True
2025-02-03,P1058,CompetitorX,173.36,True
2025-02-10,P1058,CompetitorX,164.28,True
2025-02-17,P1058,CompetitorX,163.27,True
2025-02-24,P1058,CompetitorX,162.83,True
2025-03-03,P1058,CompetitorX,166.97,True
2025-03-10,P1058,CompetitorX,169.05,True
2025-03-17,P1058,CompetitorX,169.83,True
2025-03-24,P1058,CompetitorX,160.84,True
2025-03-31,P1058,CompetitorX,163.16,True
2025-04-07,P1058,CompetitorX,164.43,True
2025-04-14,P1058,CompetitorX,176.82,True
2025-04-21,P1058,CompetitorX,166.05,False
2025-04-28,P1058,CompetitorX,160.53,True
2025-05-05,P1058,CompetitorX,169.89,True
2025-05-12,P1058,CompetitorX,167.42,True
2025-05-19,P1058,CompetitorX,162.05,True
2025-05-26,P1058,CompetitorX,165.58,True
2025-06-02,P1058,CompetitorX,166.25,True
2025-06-09,P1058,CompetitorX,167.35,True
2025-06-16,P1058,CompetitorX,172.65,True
2025-06-23,P1058,CompetitorX,170.79,True
2025-06-30,P1058,CompetitorX,168.6,True
2025-07-07,P1058,CompetitorX,172.94,True
2025-07-14,P1058,CompetitorX,165.9,True
2025-07-21,P1058,CompetitorX,164.31,True
2025-07-28,P1058,CompetitorX,169.52,True
2025-08-04,P1058,CompetitorX,169.13,False
2025-08-11,P1058,CompetitorX,160.53,True
2025-08-18,P1058,CompetitorX,175.49,True
2025-08-25,P1058,CompetitorX,162.83,True
2025-09-01,P1058,CompetitorX,170.64,True
2025-09-08,P1058,CompetitorX,170.75,True
2025-09-15,P1058,CompetitorX,152.41,True
2025-09-22,P1058,CompetitorX,169.11,False
2025-09-29,P1058,CompetitorX,176.22,True
2025-10-06,P1058,CompetitorX,164.39,True
2025-10-13,P1058,CompetitorX,158.4,True
2025-10-20,P1058,CompetitorX,167.38,True
2025-10-27,P1058,CompetitorX,170.32,True
2025-11-03,P1058,CompetitorX,167.53,True
2025-11-10,P1058,CompetitorX,163.18,True
2025-11-17,P1058,CompetitorX,162.78,True
2025-11-24,P1058,CompetitorX,159.79,True
2025-12-01,P1058,CompetitorX,158.52,False
2025-12-08,P1058,CompetitorX,166.24,True
2025-12-15,P1058,CompetitorX,170.1,True
2025-12-22,P1058,CompetitorX,168.77,True
2025-12-29,P1058,CompetitorX,169.23,True
2024-02-12,P1059,CompetitorX,36.08,True
2024-02-19,P1059,CompetitorX,35.8,True
2024-02-26,P1059,CompetitorX,35.79,True
2024-03-04,P1059,CompetitorX,35.06,True
2024-03-11,P1059,CompetitorX,35.74,False
2024-03-18,P1059,CompetitorX,35.49,True
2024-03-25,P1059,CompetitorX,35.98,True
2024-04-01,P1059,CompetitorX,32.84,True
2024-04-08,P1059,CompetitorX,35.81,True
2024-04-15,P1059,CompetitorX,35.87,True
2024-04-22,P1059,CompetitorX,38.11,False
2024-04-29,P1059,CompetitorX,35.4,True
2024-05-06,P1059,CompetitorX,35.64,True
2024-05-13,P1059,CompetitorX,35.83,True
2024-05-20,P1059,CompetitorX,35.86,True
2024-05-27,P1059,CompetitorX,34.1,True
2024-06-03,P1059,CompetitorX,36.28,True
2024-06-10,P1059,CompetitorX,34.43,True
2024-06-17,P1059,CompetitorX,35.84,True
2024-06-24,P1059,CompetitorX,34.5,True
2024-07-01,P1059,CompetitorX,35.17,True
2024-07-08,P1059,CompetitorX,34.91,True
2024-07-15,P1059,CompetitorX,35.14,True
2024-07-22,P1059,CompetitorX,35.32,True
2024-07-29,P1059,CompetitorX,35.8,True
2024-08-05,P1059,CompetitorX,35.31,True
2024-08-12,P1059,CompetitorX,36.34,True
2024-08-19,P1059,CompetitorX,34.84,True
2024-08-26,P1059,CompetitorX,35.86,True
2024-09-02,P1059,CompetitorX,34.52,True
2024-09-09,P1059,CompetitorX,37.3,False
2024-09-16,P1059,CompetitorX,35.87,True
2024-09-23,P1059,CompetitorX,34.67,True
2024-09-30,P1059,CompetitorX,37.25,True
2024-10-07,P1059,CompetitorX,35.96,True
2024-10-14,P1059,CompetitorX,34.67,True
2024-10-21,P1059,CompetitorX,35.27,True
2024-10-28,P1059,CompetitorX,34.2,True
2024-11-04,P1059,CompetitorX,34.2,True
2024-11-11,P1059,CompetitorX,36.69,True
2024-11-18,P1059,CompetitorX,34.45,True
2024-11-25,P1059,CompetitorX,33.99,True
2024-12-02,P1059,CompetitorX,36.08,True
2024-12-09,P1059,CompetitorX,37.17,True
2024-12-16,P1059,CompetitorX,36.64,True
2024-12-23,P1059,CompetitorX,37.84,True
2024-12-30,P1059,CompetitorX,37.98,True
2025-01-06,P1059,CompetitorX,34.45,True
2025-01-13,P1059,CompetitorX,35.08,True
2025-01-20,P1059,CompetitorX,33.74,True
2025-01-27,P1059,CompetitorX,34.17,True
2025-02-03,P1059,CompetitorX,36.55,True
2025-02-10,P1059,CompetitorX,35.7,True
2025-02-17,P1059,CompetitorX,36.96,True
2025-02-24,P1059,CompetitorX,34.49,True
2025-03-03,P1059,CompetitorX,34.83,True
2025-03-10,P1059,CompetitorX,36.04,True
2025-03-17,P1059,CompetitorX,36.53,True
2025-03-24,P1059,CompetitorX,33.67,True
2025-03-31,P1059,CompetitorX,35.15,True
2025-04-07,P1059,CompetitorX,35.83,True
2025-04-14,P1059,CompetitorX,36.24,True
2025-04-21,P1059,CompetitorX,36.45,True
2025-04-28,P1059,CompetitorX,35.33,True
2025-05-05,P1059,CompetitorX,34.1,True
2025-05-12,P1059,CompetitorX,33.36,True
2025-05-19,P1059,CompetitorX,35.21,True
2025-05-26,P1059,CompetitorX,35.1,True
2025-06-02,P1059,CompetitorX,34.56,True
2025-06-09,P1059,CompetitorX,36.36,True
2025-06-16,P1059,CompetitorX,34.19,True
2025-06-23,P1059,CompetitorX,34.71,True
2025-06-30,P1059,CompetitorX,36.65,True
2025-07-07,P1059,CompetitorX,34.59,True
2025-07-14,P1059,CompetitorX,35.75,True
2025-07-21,P1059,CompetitorX,35.4,True
2025-07-28,P1059,CompetitorX,35.67,True
2025-08-04,P1059,CompetitorX,36.34,True
2025-08-11,P1059,CompetitorX,35.75,True
2025-08-18,P1059,CompetitorX,33.94,True
2025-08-25,P1059,CompetitorX,34.12,True
2025-09-01,P1059,CompetitorX,35.72,True
2025-09-08,P1059,CompetitorX,34.43,True
2025-09-15,P1059,CompetitorX,36.42,True
2025-09-22,P1059,CompetitorX,35.74,True
2025-09-29,P1059,CompetitorX,33.59,False
2025-10-06,P1059,CompetitorX,37.42,True
2025-10-13,P1059,CompetitorX,35.02,True
2025-10-20,P1059,CompetitorX,35.19,True
2025-10-27,P1059,CompetitorX,35.86,True
2025-11-03,P1059,CompetitorX,35.32,True
2025-11-10,P1059,CompetitorX,36.43,True
2025-11-17,P1059,CompetitorX,34.33,True
2025-11-24,P1059,CompetitorX,36.63,True
2025-12-01,P1059,CompetitorX,36.13,True
2025-12-08,P1059,CompetitorX,34.59,True
2025-12-15,P1059,CompetitorX,35.68,True
2025-12-22,P1059,CompetitorX,36.7,True
2025-12-29,P1059,CompetitorX,35.96,True
2024-02-12,P1059,MarketLeaderCo,37.85,True
2024-02-19,P1059,MarketLeaderCo,40.35,True
2024-02-26,P1059,MarketLeaderCo,39.23,True
2024-03-04,P1059,MarketLeaderCo,39.97,True
2024-03-11,P1059,MarketLeaderCo,38.74,True
2024-03-18,P1059,MarketLeaderCo,39.75,True
2024-03-25,P1059,MarketLeaderCo,38.29,True
2024-04-01,P1059,MarketLeaderCo,39.89,True
2024-04-08,P1059,MarketLeaderCo,40.46,True
2024-04-15,P1059,MarketLeaderCo,40.53,True
2024-04-22,P1059,MarketLeaderCo,38.04,False
2024-04-29,P1059,MarketLeaderCo,40.15,True
2024-05-06,P1059,MarketLeaderCo,38.9,True
2024-05-13,P1059,MarketLeaderCo,41.41,True
2024-05-20,P1059,MarketLeaderCo,40.73,True
2024-05-27,P1059,MarketLeaderCo,39.63,True
2024-06-03,P1059,MarketLeaderCo,42.19,True
2024-06-10,P1059,MarketLeaderCo,38.73,True
2024-06-17,P1059,MarketLeaderCo,39.53,False
2024-06-24,P1059,MarketLeaderCo,40.24,True
2024-07-01,P1059,MarketLeaderCo,42.01,True
2024-07-08,P1059,MarketLeaderCo,41.34,True
2024-07-15,P1059,MarketLeaderCo,40.55,True
2024-07-22,P1059,MarketLeaderCo,38.55,True
2024-07-29,P1059,MarketLeaderCo,38.55,True
2024-08-05,P1059,MarketLeaderCo,40.42,True
2024-08-12,P1059,MarketLeaderCo,38.11,True
2024-08-19,P1059,MarketLeaderCo,39.98,False
2024-08-26,P1059,MarketLeaderCo,40.55,True
2024-09-02,P1059,MarketLeaderCo,37.84,True
2024-09-09,P1059,MarketLeaderCo,40.37,True
2024-09-16,P1059,MarketLeaderCo,40.66,True
2024-09-23,P1059,MarketLeaderCo,39.17,True
2024-09-30,P1059,MarketLeaderCo,39.41,True
2024-10-07,P1059,MarketLeaderCo,37.47,True
2024-10-14,P1059,MarketLeaderCo,39.47,True
2024-10-21,P1059,MarketLeaderCo,37.78,True
2024-10-28,P1059,MarketLeaderCo,38.78,True
2024-11-04,P1059,MarketLeaderCo,39.12,True
2024-11-11,P1059,MarketLeaderCo,38.22,True
2024-11-18,P1059,MarketLeaderCo,38.12,True
2024-11-25,P1059,MarketLeaderCo,38.17,True
2024-12-02,P1059,MarketLeaderCo,41.05,True
2024-12-09,P1059,MarketLeaderCo,39.51,True
2024-12-16,P1059,MarketLeaderCo,41.1,True
2024-12-23,P1059,MarketLeaderCo,39.12,True
2024-12-30,P1059,MarketLeaderCo,39.14,False
2025-01-06,P1059,MarketLeaderCo,39.09,True
2025-01-13,P1059,MarketLeaderCo,36.05,True
2025-01-20,P1059,MarketLeaderCo,40.2,True
2025-01-27,P1059,MarketLeaderCo,39.47,True
2025-02-03,P1059,MarketLeaderCo,39.66,True
2025-02-10,P1059,MarketLeaderCo,37.11,True
2025-02-17,P1059,MarketLeaderCo,39.56,True
2025-02-24,P1059,MarketLeaderCo,39.08,True
2025-03-03,P1059,MarketLeaderCo,39.75,True
2025-03-10,P1059,MarketLeaderCo,39.51,True
2025-03-17,P1059,MarketLeaderCo,39.02,True
2025-03-24,P1059,MarketLeaderCo,40.27,True
2025-03-31,P1059,MarketLeaderCo,40.81,True
2025-04-07,P1059,MarketLeaderCo,39.11,True
2025-04-14,P1059,MarketLeaderCo,37.88,True
2025-04-21,P1059,MarketLeaderCo,37.95,True
2025-04-28,P1059,MarketLeaderCo,40.1,True
2025-05-05,P1059,MarketLeaderCo,41.14,True
2025-05-12,P1059,MarketLeaderCo,37.44,True
2025-05-19,P1059,MarketLeaderCo,38.39,True
2025-05-26,P1059,MarketLeaderCo,39.2,True
2025-06-02,P1059,MarketLeaderCo,37.17,True
2025-06-09,P1059,MarketLeaderCo,39.48,True
2025-06-16,P1059,MarketLeaderCo,40.03,True
2025-06-23,P1059,MarketLeaderCo,40.17,True
2025-06-30,P1059,MarketLeaderCo,39.12,True
2025-07-07,P1059,MarketLeaderCo,39.17,True
2025-07-14,P1059,MarketLeaderCo,38.38,True
2025-07-21,P1059,MarketLeaderCo,37.49,True
2025-07-28,P1059,MarketLeaderCo,39.37,True
2025-08-04,P1059,MarketLeaderCo,40.08,True
2025-08-11,P1059,MarketLeaderCo,39.62,True
2025-08-18,P1059,MarketLeaderCo,40.91,True
2025-08-25,P1059,MarketLeaderCo,40.01,False
2025-09-01,P1059,MarketLeaderCo,40.38,True
2025-09-08,P1059,MarketLeaderCo,39.8,True
2025-09-15,P1059,MarketLeaderCo,41.81,False
2025-09-22,P1059,MarketLeaderCo,39.02,True
2025-09-29,P1059,MarketLeaderCo,40.4,True
2025-10-06,P1059,MarketLeaderCo,39.89,True
2025-10-13,P1059,MarketLeaderCo,40.47,True
2025-10-20,P1059,MarketLeaderCo,39.99,True
2025-10-27,P1059,MarketLeaderCo,39.55,True
2025-11-03,P1059,MarketLeaderCo,40.05,True
2025-11-10,P1059,MarketLeaderCo,40.19,True
2025-11-17,P1059,MarketLeaderCo,40.35,True
2025-11-24,P1059,MarketLeaderCo,41.34,True
2025-12-01,P1059,MarketLeaderCo,39.83,True
2025-12-08,P1059,MarketLeaderCo,38.29,True
2025-12-15,P1059,MarketLeaderCo,39.79,True
2025-12-22,P1059,MarketLeaderCo,39.07,True
2025-12-29,P1059,MarketLeaderCo,39.04,True
2024-02-12,P1059,CompetitorY,34.13,True
2024-02-19,P1059,CompetitorY,33.15,True
2024-02-26,P1059,CompetitorY,34.33,True
2024-03-04,P1059,CompetitorY,34.36,True
2024-03-11,P1059,CompetitorY,33.93,True
2024-03-18,P1059,CompetitorY,34.98,True
2024-03-25,P1059,CompetitorY,34.83,True
2024-04-01,P1059,CompetitorY,34.52,True
2024-04-08,P1059,CompetitorY,33.51,True
2024-04-15,P1059,CompetitorY,33.7,True
2024-04-22,P1059,CompetitorY,33.02,True
2024-04-29,P1059,CompetitorY,34.27,True
2024-05-06,P1059,CompetitorY,35.04,True
2024-05-13,P1059,CompetitorY,33.21,True
2024-05-20,P1059,CompetitorY,33.88,True
2024-05-27,P1059,CompetitorY,34.41,True
2024-06-03,P1059,CompetitorY,35.04,False
2024-06-10,P1059,CompetitorY,32.94,True
2024-06-17,P1059,CompetitorY,36.76,True
2024-06-24,P1059,CompetitorY,35.24,True
2024-07-01,P1059,CompetitorY,33.85,True
2024-07-08,P1059,CompetitorY,33.36,True
2024-07-15,P1059,CompetitorY,34.76,True
2024-07-22,P1059,CompetitorY,34.95,True
2024-07-29,P1059,CompetitorY,33.44,True
2024-08-05,P1059,CompetitorY,33.31,True
2024-08-12,P1059,CompetitorY,33.54,True
2024-08-19,P1059,CompetitorY,34.53,False
2024-08-26,P1059,CompetitorY,34.54,True
2024-09-02,P1059,CompetitorY,36.7,True
2024-09-09,P1059,CompetitorY,32.23,True
2024-09-16,P1059,CompetitorY,33.77,True
2024-09-23,P1059,CompetitorY,33.92,True
2024-09-30,P1059,CompetitorY,34.97,True
2024-10-07,P1059,CompetitorY,35.01,True
2024-10-14,P1059,CompetitorY,34.26,True
2024-10-21,P1059,CompetitorY,36.03,True
2024-10-28,P1059,CompetitorY,33.31,True
2024-11-04,P1059,CompetitorY,33.75,True
2024-11-11,P1059,CompetitorY,33.1,True
2024-11-18,P1059,CompetitorY,34.31,True
2024-11-25,P1059,CompetitorY,34.12,True
2024-12-02,P1059,CompetitorY,35.28,True
2024-12-09,P1059,CompetitorY,36.38,True
2024-12-16,P1059,CompetitorY,36.01,True
2024-12-23,P1059,CompetitorY,33.2,True
2024-12-30,P1059,CompetitorY,34.52,False
2025-01-06,P1059,CompetitorY,35.27,False
2025-01-13,P1059,CompetitorY,35.16,True
2025-01-20,P1059,CompetitorY,36.86,True
2025-01-27,P1059,CompetitorY,34.24,True
2025-02-03,P1059,CompetitorY,34.55,True
2025-02-10,P1059,CompetitorY,36.78,True
2025-02-17,P1059,CompetitorY,34.9,True
2025-02-24,P1059,CompetitorY,33.85,False
2025-03-03,P1059,CompetitorY,33.46,True
2025-03-10,P1059,CompetitorY,34.68,True
2025-03-17,P1059,CompetitorY,35.57,True
2025-03-24,P1059,CompetitorY,35.55,True
2025-03-31,P1059,CompetitorY,33.56,True
2025-04-07,P1059,CompetitorY,34.57,True
2025-04-14,P1059,CompetitorY,34.0,True
2025-04-21,P1059,CompetitorY,34.31,True
2025-04-28,P1059,CompetitorY,35.4,True
2025-05-05,P1059,CompetitorY,34.41,True
2025-05-12,P1059,CompetitorY,35.14,True
2025-05-19,P1059,CompetitorY,35.17,True
2025-05-26,P1059,CompetitorY,33.83,True
2025-06-02,P1059,CompetitorY,35.74,True
2025-06-09,P1059,CompetitorY,33.33,True
2025-06-16,P1059,CompetitorY,33.16,True
2025-06-23,P1059,CompetitorY,33.97,True
2025-06-30,P1059,CompetitorY,33.46,True
2025-07-07,P1059,CompetitorY,35.09,True
2025-07-14,P1059,CompetitorY,37.12,False
2025-07-21,P1059,CompetitorY,35.63,True
2025-07-28,P1059,CompetitorY,33.62,True
2025-08-04,P1059,CompetitorY,33.43,True
2025-08-11,P1059,CompetitorY,35.48,True
2025-08-18,P1059,CompetitorY,33.24,True
2025-08-25,P1059,CompetitorY,33.45,True
2025-09-01,P1059,CompetitorY,34.85,True
2025-09-08,P1059,CompetitorY,33.9,True
2025-09-15,P1059,CompetitorY,34.59,True
2025-09-22,P1059,CompetitorY,34.12,True
2025-09-29,P1059,CompetitorY,34.44,True
2025-10-06,P1059,CompetitorY,35.37,True
2025-10-13,P1059,CompetitorY,35.11,True
2025-10-20,P1059,CompetitorY,35.41,True
2025-10-27,P1059,CompetitorY,35.13,True
2025-11-03,P1059,CompetitorY,35.2,True
2025-11-10,P1059,CompetitorY,34.46,True
2025-11-17,P1059,CompetitorY,32.96,True
2025-11-24,P1059,CompetitorY,34.35,True
2025-12-01,P1059,CompetitorY,34.79,True
2025-12-08,P1059,CompetitorY,34.54,True
2025-12-15,P1059,CompetitorY,34.9,True
2025-12-22,P1059,CompetitorY,36.6,True
2025-12-29,P1059,CompetitorY,33.95,False
2024-02-12,P1059,CompetitorZ,37.93,True
2024-02-19,P1059,CompetitorZ,38.3,True
2024-02-26,P1059,CompetitorZ,37.05,True
2024-03-04,P1059,CompetitorZ,38.94,True
2024-03-11,P1059,CompetitorZ,38.79,True
2024-03-18,P1059,CompetitorZ,38.16,True
2024-03-25,P1059,CompetitorZ,38.44,True
2024-04-01,P1059,CompetitorZ,38.06,True
2024-04-08,P1059,CompetitorZ,37.83,True
2024-04-15,P1059,CompetitorZ,37.51,True
2024-04-22,P1059,CompetitorZ,37.23,True
2024-04-29,P1059,CompetitorZ,37.59,True
2024-05-06,P1059,CompetitorZ,37.68,True
2024-05-13,P1059,CompetitorZ,39.66,True
2024-05-20,P1059,CompetitorZ,37.69,True
2024-05-27,P1059,CompetitorZ,36.06,False
2024-06-03,P1059,CompetitorZ,38.74,True
2024-06-10,P1059,CompetitorZ,39.12,True
2024-06-17,P1059,CompetitorZ,39.52,True
2024-06-24,P1059,CompetitorZ,38.59,True
2024-07-01,P1059,CompetitorZ,37.09,True
2024-07-08,P1059,CompetitorZ,37.48,True
2024-07-15,P1059,CompetitorZ,39.09,True
2024-07-22,P1059,CompetitorZ,40.08,True
2024-07-29,P1059,CompetitorZ,37.08,True
2024-08-05,P1059,CompetitorZ,38.65,True
2024-08-12,P1059,CompetitorZ,37.76,True
2024-08-19,P1059,CompetitorZ,37.45,False
2024-08-26,P1059,CompetitorZ,38.44,True
2024-09-02,P1059,CompetitorZ,38.25,True
2024-09-09,P1059,CompetitorZ,36.07,True
2024-09-16,P1059,CompetitorZ,38.63,True
2024-09-23,P1059,CompetitorZ,38.78,True
2024-09-30,P1059,CompetitorZ,39.26,True
2024-10-07,P1059,CompetitorZ,37.74,True
2024-10-14,P1059,CompetitorZ,36.57,True
2024-10-21,P1059,CompetitorZ,37.92,True
2024-10-28,P1059,CompetitorZ,39.21,True
2024-11-04,P1059,CompetitorZ,38.31,True
2024-11-11,P1059,CompetitorZ,39.38,True
2024-11-18,P1059,CompetitorZ,36.9,True
2024-11-25,P1059,CompetitorZ,39.34,True
2024-12-02,P1059,CompetitorZ,38.69,True
2024-12-09,P1059,CompetitorZ,37.99,True
2024-12-16,P1059,CompetitorZ,39.63,True
2024-12-23,P1059,CompetitorZ,38.68,True
2024-12-30,P1059,CompetitorZ,37.27,True
2025-01-06,P1059,CompetitorZ,39.53,True
2025-01-13,P1059,CompetitorZ,38.12,True
2025-01-20,P1059,CompetitorZ,38.44,True
2025-01-27,P1059,CompetitorZ,37.41,True
2025-02-03,P1059,CompetitorZ,38.34,True
2025-02-10,P1059,CompetitorZ,37.31,True
2025-02-17,P1059,CompetitorZ,38.2,True
2025-02-24,P1059,CompetitorZ,38.44,True
2025-03-03,P1059,CompetitorZ,39.1,True
2025-03-10,P1059,CompetitorZ,36.78,True
2025-03-17,P1059,CompetitorZ,39.56,True
2025-03-24,P1059,CompetitorZ,39.59,True
2025-03-31,P1059,CompetitorZ,38.18,True
2025-04-07,P1059,CompetitorZ,38.55,True
2025-04-14,P1059,CompetitorZ,38.75,True
2025-04-21,P1059,CompetitorZ,38.5,True
2025-04-28,P1059,CompetitorZ,39.1,True
2025-05-05,P1059,CompetitorZ,37.96,True
2025-05-12,P1059,CompetitorZ,37.53,True
2025-05-19,P1059,CompetitorZ,38.89,True
2025-05-26,P1059,CompetitorZ,36.64,True
2025-06-02,P1059,CompetitorZ,39.11,True
2025-06-09,P1059,CompetitorZ,39.23,True
2025-06-16,P1059,CompetitorZ,37.5,True
2025-06-23,P1059,CompetitorZ,40.04,True
2025-06-30,P1059,CompetitorZ,38.0,True
2025-07-07,P1059,CompetitorZ,37.9,True
2025-07-14,P1059,CompetitorZ,37.65,True
2025-07-21,P1059,CompetitorZ,38.92,True
2025-07-28,P1059,CompetitorZ,37.95,True
2025-08-04,P1059,CompetitorZ,36.75,True
2025-08-11,P1059,CompetitorZ,38.8,True
2025-08-18,P1059,CompetitorZ,38.07,True
2025-08-25,P1059,CompetitorZ,39.65,False
2025-09-01,P1059,CompetitorZ,38.76,True
2025-09-08,P1059,CompetitorZ,38.71,True
2025-09-15,P1059,CompetitorZ,39.57,True
2025-09-22,P1059,CompetitorZ,38.59,True
2025-09-29,P1059,CompetitorZ,39.3,True
2025-10-06,P1059,CompetitorZ,37.65,True
2025-10-13,P1059,CompetitorZ,40.3,True
2025-10-20,P1059,CompetitorZ,38.72,True
2025-10-27,P1059,CompetitorZ,37.02,True
2025-11-03,P1059,CompetitorZ,38.56,True
2025-11-10,P1059,CompetitorZ,38.62,True
2025-11-17,P1059,CompetitorZ,38.55,True
2025-11-24,P1059,CompetitorZ,35.75,True
2025-12-01,P1059,CompetitorZ,37.77,True
2025-12-08,P1059,CompetitorZ,36.81,True
2025-12-15,P1059,CompetitorZ,36.83,True
2025-12-22,P1059,CompetitorZ,38.59,True
2025-12-29,P1059,CompetitorZ,37.76,True
2024-01-01,P1060,CompetitorX,296.17,True
2024-01-08,P1060,CompetitorX,288.39,True
2024-01-15,P1060,CompetitorX,293.97,True
2024-01-22,P1060,CompetitorX,292.56,True
2024-01-29,P1060,CompetitorX,299.56,True
2024-02-05,P1060,CompetitorX,297.51,True
2024-02-12,P1060,CompetitorX,303.41,False
2024-02-19,P1060,CompetitorX,299.38,True
2024-02-26,P1060,CompetitorX,308.56,True
2024-03-04,P1060,CompetitorX,295.41,True
2024-03-11,P1060,CompetitorX,305.01,True
2024-03-18,P1060,CompetitorX,302.29,True
2024-03-25,P1060,CompetitorX,296.78,True
2024-04-01,P1060,CompetitorX,305.62,True
2024-04-08,P1060,CompetitorX,292.23,True
2024-04-15,P1060,CompetitorX,310.58,True
2024-04-22,P1060,CompetitorX,292.46,True
2024-04-29,P1060,CompetitorX,287.4,True
2024-05-06,P1060,CompetitorX,286.69,True
2024-05-13,P1060,CompetitorX,300.26,True
2024-05-20,P1060,CompetitorX,294.37,False
2024-05-27,P1060,CompetitorX,301.07,True
2024-06-03,P1060,CompetitorX,289.53,True
2024-06-10,P1060,CompetitorX,303.81,False
2024-06-17,P1060,CompetitorX,301.09,True
2024-06-24,P1060,CompetitorX,295.33,True
2024-07-01,P1060,CompetitorX,305.05,True
2024-07-08,P1060,CompetitorX,304.6,True
2024-07-15,P1060,CompetitorX,300.27,True
2024-07-22,P1060,CompetitorX,307.41,True
2024-07-29,P1060,CompetitorX,309.41,True
2024-08-05,P1060,CompetitorX,292.35,True
2024-08-12,P1060,CompetitorX,309.61,True
2024-08-19,P1060,CompetitorX,291.36,True
2024-08-26,P1060,CompetitorX,306.37,False
2024-09-02,P1060,CompetitorX,307.95,True
2024-09-09,P1060,CompetitorX,297.87,True
2024-09-16,P1060,CompetitorX,298.96,True
2024-09-23,P1060,CompetitorX,296.75,True
2024-09-30,P1060,CompetitorX,292.03,True
2024-10-07,P1060,CompetitorX,293.71,True
2024-10-14,P1060,CompetitorX,303.9,True
2024-10-21,P1060,CompetitorX,307.13,True
2024-10-28,P1060,CompetitorX,299.31,True
2024-11-04,P1060,CompetitorX,290.36,True
2024-11-11,P1060,CompetitorX,289.14,True
2024-11-18,P1060,CompetitorX,298.49,True
2024-11-25,P1060,CompetitorX,294.7,True
2024-12-02,P1060,CompetitorX,310.09,True
2024-12-09,P1060,CompetitorX,293.13,True
2024-12-16,P1060,CompetitorX,304.8,True
2024-12-23,P1060,CompetitorX,293.86,True
2024-12-30,P1060,CompetitorX,296.89,True
2025-01-06,P1060,CompetitorX,300.98,True
2025-01-13,P1060,CompetitorX,304.11,True
2025-01-20,P1060,CompetitorX,303.23,True
2025-01-27,P1060,CompetitorX,294.41,True
2025-02-03,P1060,CompetitorX,300.34,True
2025-02-10,P1060,CompetitorX,296.07,True
2025-02-17,P1060,CompetitorX,286.58,True
2025-02-24,P1060,CompetitorX,301.49,True
2025-03-03,P1060,CompetitorX,310.78,True
2025-03-10,P1060,CompetitorX,313.31,False
2025-03-17,P1060,CompetitorX,302.29,True
2025-03-24,P1060,CompetitorX,301.7,True
2025-03-31,P1060,CompetitorX,275.91,True
2025-04-07,P1060,CompetitorX,323.94,True
2025-04-14,P1060,CompetitorX,312.29,True
2025-04-21,P1060,CompetitorX,306.26,True
2025-04-28,P1060,CompetitorX,300.09,True
2025-05-05,P1060,CompetitorX,279.4,True
2025-05-12,P1060,CompetitorX,301.08,True
2025-05-19,P1060,CompetitorX,299.72,True
2025-05-26,P1060,CompetitorX,286.78,True
2025-06-02,P1060,CompetitorX,303.46,True
2025-06-09,P1060,CompetitorX,310.55,True
2025-06-16,P1060,CompetitorX,302.5,True
2025-06-23,P1060,CompetitorX,302.47,True
2025-06-30,P1060,CompetitorX,303.05,True
2025-07-07,P1060,CompetitorX,296.54,True
2025-07-14,P1060,CompetitorX,306.25,True
2025-07-21,P1060,CompetitorX,313.13,True
2025-07-28,P1060,CompetitorX,299.81,True
2025-08-04,P1060,CompetitorX,292.65,True
2025-08-11,P1060,CompetitorX,286.99,True
2025-08-18,P1060,CompetitorX,303.94,True
2025-08-25,P1060,CompetitorX,304.96,True
2025-09-01,P1060,CompetitorX,302.71,True
2025-09-08,P1060,CompetitorX,297.32,True
2025-09-15,P1060,CompetitorX,301.93,True
2025-09-22,P1060,CompetitorX,294.63,True
2025-09-29,P1060,CompetitorX,293.05,True
2025-10-06,P1060,CompetitorX,290.49,True
2025-10-13,P1060,CompetitorX,290.58,False
2025-10-20,P1060,CompetitorX,304.2,True
2025-10-27,P1060,CompetitorX,297.02,True
2025-11-03,P1060,CompetitorX,293.32,True
2025-11-10,P1060,CompetitorX,287.2,True
2025-11-17,P1060,CompetitorX,305.47,True
2025-11-24,P1060,CompetitorX,309.05,True
2025-12-01,P1060,CompetitorX,290.24,True
2025-12-08,P1060,CompetitorX,298.32,True
2025-12-15,P1060,CompetitorX,291.06,True
2025-12-22,P1060,CompetitorX,298.16,True
2025-12-29,P1060,CompetitorX,304.9,True
2024-01-01,P1060,CompetitorY,284.84,True
2024-01-08,P1060,CompetitorY,283.81,True
2024-01-15,P1060,CompetitorY,286.71,True
2024-01-22,P1060,CompetitorY,276.69,True
2024-01-29,P1060,CompetitorY,283.36,True
2024-02-05,P1060,CompetitorY,272.46,True
2024-02-12,P1060,CompetitorY,281.79,True
2024-02-19,P1060,CompetitorY,273.79,True
2024-02-26,P1060,CompetitorY,271.0,True
2024-03-04,P1060,CompetitorY,279.72,True
2024-03-11,P1060,CompetitorY,279.29,True
2024-03-18,P1060,CompetitorY,285.39,True
2024-03-25,P1060,CompetitorY,267.08,True
2024-04-01,P1060,CompetitorY,285.52,True
2024-04-08,P1060,CompetitorY,278.87,True
2024-04-15,P1060,CompetitorY,286.69,False
2024-04-22,P1060,CompetitorY,286.6,True
2024-04-29,P1060,CompetitorY,257.51,True
2024-05-06,P1060,CompetitorY,286.53,True
2024-05-13,P1060,CompetitorY,286.9,True
2024-05-20,P1060,CompetitorY,267.3,True
2024-05-27,P1060,CompetitorY,264.77,False
2024-06-03,P1060,CompetitorY,284.25,True
2024-06-10,P1060,CompetitorY,278.74,True
2024-06-17,P1060,CompetitorY,272.44,False
2024-06-24,P1060,CompetitorY,289.78,True
2024-07-01,P1060,CompetitorY,280.31,True
2024-07-08,P1060,CompetitorY,260.41,True
2024-07-15,P1060,CompetitorY,269.31,True
2024-07-22,P1060,CompetitorY,286.48,True
2024-07-29,P1060,CompetitorY,278.09,True
2024-08-05,P1060,CompetitorY,271.79,True
2024-08-12,P1060,CompetitorY,281.56,True
2024-08-19,P1060,CompetitorY,272.73,True
2024-08-26,P1060,CompetitorY,267.4,True
2024-09-02,P1060,CompetitorY,286.26,True
2024-09-09,P1060,CompetitorY,287.52,True
2024-09-16,P1060,CompetitorY,281.8,False
2024-09-23,P1060,CompetitorY,265.0,True
2024-09-30,P1060,CompetitorY,293.21,True
2024-10-07,P1060,CompetitorY,292.92,True
2024-10-14,P1060,CompetitorY,288.4,True
2024-10-21,P1060,CompetitorY,280.32,True
2024-10-28,P1060,CompetitorY,278.55,True
2024-11-04,P1060,CompetitorY,281.43,True
2024-11-11,P1060,CompetitorY,268.28,True
2024-11-18,P1060,CompetitorY,273.25,True
2024-11-25,P1060,CompetitorY,272.9,True
2024-12-02,P1060,CompetitorY,282.85,True
2024-12-09,P1060,CompetitorY,279.85,True
2024-12-16,P1060,CompetitorY,269.8,True
2024-12-23,P1060,CompetitorY,264.52,False
2024-12-30,P1060,CompetitorY,280.75,True
2025-01-06,P1060,CompetitorY,268.93,True
2025-01-13,P1060,CompetitorY,267.33,True
2025-01-20,P1060,CompetitorY,295.26,True
2025-01-27,P1060,CompetitorY,297.04,True
2025-02-03,P1060,CompetitorY,274.05,True
2025-02-10,P1060,CompetitorY,262.59,True
2025-02-17,P1060,CompetitorY,287.88,True
2025-02-24,P1060,CompetitorY,280.59,True
2025-03-03,P1060,CompetitorY,284.21,True
2025-03-10,P1060,CompetitorY,272.5,True
2025-03-17,P1060,CompetitorY,269.14,False
2025-03-24,P1060,CompetitorY,275.79,True
2025-03-31,P1060,CompetitorY,279.24,True
2025-04-07,P1060,CompetitorY,271.69,False
2025-04-14,P1060,CompetitorY,288.6,True
2025-04-21,P1060,CompetitorY,263.31,True
2025-04-28,P1060,CompetitorY,281.2,True
2025-05-05,P1060,CompetitorY,278.84,True
2025-05-12,P1060,CompetitorY,287.95,True
2025-05-19,P1060,CompetitorY,269.8,True
2025-05-26,P1060,CompetitorY,283.67,True
2025-06-02,P1060,CompetitorY,281.77,True
2025-06-09,P1060,CompetitorY,279.82,True
2025-06-16,P1060,CompetitorY,270.4,True
2025-06-23,P1060,CompetitorY,271.35,False
2025-06-30,P1060,CompetitorY,275.32,True
2025-07-07,P1060,CompetitorY,273.6,True
2025-07-14,P1060,CompetitorY,288.29,True
2025-07-21,P1060,CompetitorY,278.92,True
2025-07-28,P1060,CompetitorY,284.41,True
2025-08-04,P1060,CompetitorY,265.7,True
2025-08-11,P1060,CompetitorY,262.44,False
2025-08-18,P1060,CompetitorY,276.31,True
2025-08-25,P1060,CompetitorY,267.14,True
2025-09-01,P1060,CompetitorY,278.12,True
2025-09-08,P1060,CompetitorY,270.76,True
2025-09-15,P1060,CompetitorY,280.34,True
2025-09-22,P1060,CompetitorY,271.27,True
2025-09-29,P1060,CompetitorY,282.47,True
2025-10-06,P1060,CompetitorY,270.45,True
2025-10-13,P1060,CompetitorY,262.25,True
2025-10-20,P1060,CompetitorY,284.9,True
2025-10-27,P1060,CompetitorY,271.38,True
2025-11-03,P1060,CompetitorY,289.23,True
2025-11-10,P1060,CompetitorY,272.44,True
2025-11-17,P1060,CompetitorY,270.93,True
2025-11-24,P1060,CompetitorY,275.42,True
2025-12-01,P1060,CompetitorY,273.12,True
2025-12-08,P1060,CompetitorY,278.84,True
2025-12-15,P1060,CompetitorY,281.14,True
2025-12-22,P1060,CompetitorY,282.41,False
2025-12-29,P1060,CompetitorY,277.08,True
2024-01-01,P1060,CompetitorZ,266.59,True
2024-01-08,P1060,CompetitorZ,273.49,True
2024-01-15,P1060,CompetitorZ,292.1,True
2024-01-22,P1060,CompetitorZ,282.88,True
2024-01-29,P1060,CompetitorZ,278.89,True
2024-02-05,P1060,CompetitorZ,278.29,True
2024-02-12,P1060,CompetitorZ,280.19,True
2024-02-19,P1060,CompetitorZ,281.21,True
2024-02-26,P1060,CompetitorZ,280.21,True
2024-03-04,P1060,CompetitorZ,295.46,True
2024-03-11,P1060,CompetitorZ,275.48,True
2024-03-18,P1060,CompetitorZ,280.62,True
2024-03-25,P1060,CompetitorZ,279.47,True
2024-04-01,P1060,CompetitorZ,287.02,True
2024-04-08,P1060,CompetitorZ,273.35,True
2024-04-15,P1060,CompetitorZ,276.08,True
2024-04-22,P1060,CompetitorZ,266.5,True
2024-04-29,P1060,CompetitorZ,287.42,True
2024-05-06,P1060,CompetitorZ,266.4,True
2024-05-13,P1060,CompetitorZ,283.67,True
2024-05-20,P1060,CompetitorZ,293.23,True
2024-05-27,P1060,CompetitorZ,295.28,True
2024-06-03,P1060,CompetitorZ,276.59,False
2024-06-10,P1060,CompetitorZ,276.26,True
2024-06-17,P1060,CompetitorZ,278.53,True
2024-06-24,P1060,CompetitorZ,286.7,True
2024-07-01,P1060,CompetitorZ,278.05,True
2024-07-08,P1060,CompetitorZ,276.86,True
2024-07-15,P1060,CompetitorZ,288.14,True
2024-07-22,P1060,CompetitorZ,279.52,False
2024-07-29,P1060,CompetitorZ,277.87,True
2024-08-05,P1060,CompetitorZ,271.82,True
2024-08-12,P1060,CompetitorZ,287.76,True
2024-08-19,P1060,CompetitorZ,281.22,True
2024-08-26,P1060,CompetitorZ,279.06,True
2024-09-02,P1060,CompetitorZ,263.56,True
2024-09-09,P1060,CompetitorZ,287.15,True
2024-09-16,P1060,CompetitorZ,269.66,True
2024-09-23,P1060,CompetitorZ,282.94,True
2024-09-30,P1060,CompetitorZ,272.64,True
2024-10-07,P1060,CompetitorZ,270.17,True
2024-10-14,P1060,CompetitorZ,286.93,True
2024-10-21,P1060,CompetitorZ,280.01,False
2024-10-28,P1060,CompetitorZ,279.5,True
2024-11-04,P1060,CompetitorZ,295.49,True
2024-11-11,P1060,CompetitorZ,295.36,False
2024-11-18,P1060,CompetitorZ,277.09,True
2024-11-25,P1060,CompetitorZ,268.21,True
2024-12-02,P1060,CompetitorZ,291.0,True
2024-12-09,P1060,CompetitorZ,267.89,True
2024-12-16,P1060,CompetitorZ,283.14,True
2024-12-23,P1060,CompetitorZ,276.91,True
2024-12-30,P1060,CompetitorZ,279.79,True
2025-01-06,P1060,CompetitorZ,289.43,True
2025-01-13,P1060,CompetitorZ,272.57,True
2025-01-20,P1060,CompetitorZ,274.06,True
2025-01-27,P1060,CompetitorZ,285.5,True
2025-02-03,P1060,CompetitorZ,294.14,True
2025-02-10,P1060,CompetitorZ,299.88,True
2025-02-17,P1060,CompetitorZ,267.01,True
2025-02-24,P1060,CompetitorZ,275.64,True
2025-03-03,P1060,CompetitorZ,270.52,True
2025-03-10,P1060,CompetitorZ,286.24,True
2025-03-17,P1060,CompetitorZ,279.67,True
2025-03-24,P1060,CompetitorZ,286.51,True
2025-03-31,P1060,CompetitorZ,275.85,True
2025-04-07,P1060,CompetitorZ,285.01,True
2025-04-14,P1060,CompetitorZ,277.66,True
2025-04-21,P1060,CompetitorZ,280.35,True
2025-04-28,P1060,CompetitorZ,274.33,True
2025-05-05,P1060,CompetitorZ,290.55,True
2025-05-12,P1060,CompetitorZ,268.58,True
2025-05-19,P1060,CompetitorZ,278.2,True
2025-05-26,P1060,CompetitorZ,294.07,True
2025-06-02,P1060,CompetitorZ,289.84,True
2025-06-09,P1060,CompetitorZ,272.09,True
2025-06-16,P1060,CompetitorZ,272.52,True
2025-06-23,P1060,CompetitorZ,283.46,True
2025-06-30,P1060,CompetitorZ,284.6,True
2025-07-07,P1060,CompetitorZ,289.12,True
2025-07-14,P1060,CompetitorZ,267.35,True
2025-07-21,P1060,CompetitorZ,290.17,True
2025-07-28,P1060,CompetitorZ,271.61,True
2025-08-04,P1060,CompetitorZ,290.33,True
2025-08-11,P1060,CompetitorZ,265.63,True
2025-08-18,P1060,CompetitorZ,269.83,True
2025-08-25,P1060,CompetitorZ,293.57,True
2025-09-01,P1060,CompetitorZ,294.03,True
2025-09-08,P1060,CompetitorZ,280.0,True
2025-09-15,P1060,CompetitorZ,276.4,True
2025-09-22,P1060,CompetitorZ,279.02,True
2025-09-29,P1060,CompetitorZ,282.63,True
2025-10-06,P1060,CompetitorZ,283.38,True
2025-10-13,P1060,CompetitorZ,276.69,True
2025-10-20,P1060,CompetitorZ,262.95,True
2025-10-27,P1060,CompetitorZ,274.6,True
2025-11-03,P1060,CompetitorZ,266.13,True
2025-11-10,P1060,CompetitorZ,285.57,True
2025-11-17,P1060,CompetitorZ,282.24,True
2025-11-24,P1060,CompetitorZ,278.22,False
2025-12-01,P1060,CompetitorZ,277.06,True
2025-12-08,P1060,CompetitorZ,295.62,True
2025-12-15,P1060,CompetitorZ,288.76,True
2025-12-22,P1060,CompetitorZ,280.87,True
2025-12-29,P1060,CompetitorZ,274.65,True
2024-01-01,P1060,MarketLeaderCo,280.76,True
2024-01-08,P1060,MarketLeaderCo,290.15,True
2024-01-15,P1060,MarketLeaderCo,289.91,True
2024-01-22,P1060,MarketLeaderCo,280.03,True
2024-01-29,P1060,MarketLeaderCo,293.24,True
2024-02-05,P1060,MarketLeaderCo,290.78,True
2024-02-12,P1060,MarketLeaderCo,282.73,True
2024-02-19,P1060,MarketLeaderCo,286.73,True
2024-02-26,P1060,MarketLeaderCo,276.86,True
2024-03-04,P1060,MarketLeaderCo,277.49,True
2024-03-11,P1060,MarketLeaderCo,284.88,True
2024-03-18,P1060,MarketLeaderCo,291.46,True
2024-03-25,P1060,MarketLeaderCo,282.22,True
2024-04-01,P1060,MarketLeaderCo,279.8,False
2024-04-08,P1060,MarketLeaderCo,283.1,True
2024-04-15,P1060,MarketLeaderCo,292.15,True
2024-04-22,P1060,MarketLeaderCo,273.51,True
2024-04-29,P1060,MarketLeaderCo,292.43,True
2024-05-06,P1060,MarketLeaderCo,289.45,True
2024-05-13,P1060,MarketLeaderCo,273.47,True
2024-05-20,P1060,MarketLeaderCo,283.06,True
2024-05-27,P1060,MarketLeaderCo,290.51,True
2024-06-03,P1060,MarketLeaderCo,268.73,True
2024-06-10,P1060,MarketLeaderCo,276.21,True
2024-06-17,P1060,MarketLeaderCo,272.04,True
2024-06-24,P1060,MarketLeaderCo,280.13,True
2024-07-01,P1060,MarketLeaderCo,293.94,True
2024-07-08,P1060,MarketLeaderCo,291.9,True
2024-07-15,P1060,MarketLeaderCo,280.75,True
2024-07-22,P1060,MarketLeaderCo,293.87,True
2024-07-29,P1060,MarketLeaderCo,290.74,True
2024-08-05,P1060,MarketLeaderCo,295.97,True
2024-08-12,P1060,MarketLeaderCo,284.31,True
2024-08-19,P1060,MarketLeaderCo,289.68,True
2024-08-26,P1060,MarketLeaderCo,313.9,True
2024-09-02,P1060,MarketLeaderCo,282.42,True
2024-09-09,P1060,MarketLeaderCo,284.51,True
2024-09-16,P1060,MarketLeaderCo,283.71,True
2024-09-23,P1060,MarketLeaderCo,284.29,True
2024-09-30,P1060,MarketLeaderCo,289.84,True
2024-10-07,P1060,MarketLeaderCo,285.57,True
2024-10-14,P1060,MarketLeaderCo,273.4,True
2024-10-21,P1060,MarketLeaderCo,285.22,True
2024-10-28,P1060,MarketLeaderCo,280.57,True
2024-11-04,P1060,MarketLeaderCo,270.29,True
2024-11-11,P1060,MarketLeaderCo,294.86,True
2024-11-18,P1060,MarketLeaderCo,280.52,True
2024-11-25,P1060,MarketLeaderCo,288.35,True
2024-12-02,P1060,MarketLeaderCo,258.1,True
2024-12-09,P1060,MarketLeaderCo,289.34,True
2024-12-16,P1060,MarketLeaderCo,282.39,True
2024-12-23,P1060,MarketLeaderCo,271.77,True
2024-12-30,P1060,MarketLeaderCo,280.35,True
2025-01-06,P1060,MarketLeaderCo,279.2,True
2025-01-13,P1060,MarketLeaderCo,291.49,False
2025-01-20,P1060,MarketLeaderCo,285.84,True
2025-01-27,P1060,MarketLeaderCo,272.05,True
2025-02-03,P1060,MarketLeaderCo,288.82,True
2025-02-10,P1060,MarketLeaderCo,267.36,False
2025-02-17,P1060,MarketLeaderCo,275.45,True
2025-02-24,P1060,MarketLeaderCo,285.19,True
2025-03-03,P1060,MarketLeaderCo,279.73,True
2025-03-10,P1060,MarketLeaderCo,295.26,True
2025-03-17,P1060,MarketLeaderCo,286.52,True
2025-03-24,P1060,MarketLeaderCo,290.42,True
2025-03-31,P1060,MarketLeaderCo,290.77,True
2025-04-07,P1060,MarketLeaderCo,281.28,True
2025-04-14,P1060,MarketLeaderCo,275.96,True
2025-04-21,P1060,MarketLeaderCo,284.64,True
2025-04-28,P1060,MarketLeaderCo,292.48,True
2025-05-05,P1060,MarketLeaderCo,283.08,True
2025-05-12,P1060,MarketLeaderCo,290.12,True
2025-05-19,P1060,MarketLeaderCo,284.84,True
2025-05-26,P1060,MarketLeaderCo,271.79,True
2025-06-02,P1060,MarketLeaderCo,272.51,True
2025-06-09,P1060,MarketLeaderCo,298.43,True
2025-06-16,P1060,MarketLeaderCo,275.08,True
2025-06-23,P1060,MarketLeaderCo,279.62,True
2025-06-30,P1060,MarketLeaderCo,292.92,True
2025-07-07,P1060,MarketLeaderCo,274.87,True
2025-07-14,P1060,MarketLeaderCo,279.22,True
2025-07-21,P1060,MarketLeaderCo,283.26,True
2025-07-28,P1060,MarketLeaderCo,282.14,True
2025-08-04,P1060,MarketLeaderCo,276.77,True
2025-08-11,P1060,MarketLeaderCo,283.41,True
2025-08-18,P1060,MarketLeaderCo,290.88,True
2025-08-25,P1060,MarketLeaderCo,284.02,True
2025-09-01,P1060,MarketLeaderCo,279.44,True
2025-09-08,P1060,MarketLeaderCo,293.16,True
2025-09-15,P1060,MarketLeaderCo,299.66,True
2025-09-22,P1060,MarketLeaderCo,293.24,True
2025-09-29,P1060,MarketLeaderCo,275.46,True
2025-10-06,P1060,MarketLeaderCo,275.69,True
2025-10-13,P1060,MarketLeaderCo,288.81,True
2025-10-20,P1060,MarketLeaderCo,286.53,True
2025-10-27,P1060,MarketLeaderCo,274.59,False
2025-11-03,P1060,MarketLeaderCo,287.52,True
2025-11-10,P1060,MarketLeaderCo,285.91,True
2025-11-17,P1060,MarketLeaderCo,297.71,True
2025-11-24,P1060,MarketLeaderCo,281.34,True
2025-12-01,P1060,MarketLeaderCo,296.93,True
2025-12-08,P1060,MarketLeaderCo,297.3,True
2025-12-15,P1060,MarketLeaderCo,279.31,True
2025-12-22,P1060,MarketLeaderCo,288.1,True
2025-12-29,P1060,MarketLeaderCo,283.26,True
2024-07-15,P1061,CompetitorZ,382.92,True
2024-07-22,P1061,CompetitorZ,372.34,True
2024-07-29,P1061,CompetitorZ,407.55,True
2024-08-05,P1061,CompetitorZ,380.99,True
2024-08-12,P1061,CompetitorZ,366.68,True
2024-08-19,P1061,CompetitorZ,417.99,True
2024-08-26,P1061,CompetitorZ,379.81,True
2024-09-02,P1061,CompetitorZ,386.94,True
2024-09-09,P1061,CompetitorZ,366.22,True
2024-09-16,P1061,CompetitorZ,385.23,True
2024-09-23,P1061,CompetitorZ,405.2,True
2024-09-30,P1061,CompetitorZ,394.0,True
2024-10-07,P1061,CompetitorZ,366.15,True
2024-10-14,P1061,CompetitorZ,377.01,True
2024-10-21,P1061,CompetitorZ,396.47,True
2024-10-28,P1061,CompetitorZ,393.21,True
2024-11-04,P1061,CompetitorZ,380.21,True
2024-11-11,P1061,CompetitorZ,390.44,True
2024-11-18,P1061,CompetitorZ,371.97,True
2024-11-25,P1061,CompetitorZ,370.71,True
2024-12-02,P1061,CompetitorZ,356.98,True
2024-12-09,P1061,CompetitorZ,396.55,True
2024-12-16,P1061,CompetitorZ,384.62,True
2024-12-23,P1061,CompetitorZ,385.89,True
2024-12-30,P1061,CompetitorZ,350.31,True
2025-01-06,P1061,CompetitorZ,385.27,True
2025-01-13,P1061,CompetitorZ,392.22,True
2025-01-20,P1061,CompetitorZ,361.65,True
2025-01-27,P1061,CompetitorZ,386.35,True
2025-02-03,P1061,CompetitorZ,385.07,True
2025-02-10,P1061,CompetitorZ,380.45,True
2025-02-17,P1061,CompetitorZ,400.98,True
2025-02-24,P1061,CompetitorZ,398.2,True
2025-03-03,P1061,CompetitorZ,424.24,True
2025-03-10,P1061,CompetitorZ,371.8,True
2025-03-17,P1061,CompetitorZ,390.8,True
2025-03-24,P1061,CompetitorZ,403.2,True
2025-03-31,P1061,CompetitorZ,377.83,True
2025-04-07,P1061,CompetitorZ,405.42,True
2025-04-14,P1061,CompetitorZ,390.06,False
2025-04-21,P1061,CompetitorZ,365.62,False
2025-04-28,P1061,CompetitorZ,370.96,True
2025-05-05,P1061,CompetitorZ,379.12,True
2025-05-12,P1061,CompetitorZ,384.82,True
2025-05-19,P1061,CompetitorZ,400.18,False
2025-05-26,P1061,CompetitorZ,384.8,True
2025-06-02,P1061,CompetitorZ,399.72,True
2025-06-09,P1061,CompetitorZ,387.09,False
2025-06-16,P1061,CompetitorZ,385.98,True
2025-06-23,P1061,CompetitorZ,382.46,True
2025-06-30,P1061,CompetitorZ,397.21,True
2025-07-07,P1061,CompetitorZ,387.34,True
2025-07-14,P1061,CompetitorZ,377.36,True
2025-07-21,P1061,CompetitorZ,389.68,True
2025-07-28,P1061,CompetitorZ,380.55,True
2025-08-04,P1061,CompetitorZ,379.91,True
2025-08-11,P1061,CompetitorZ,399.53,True
2025-08-18,P1061,CompetitorZ,384.0,True
2025-08-25,P1061,CompetitorZ,410.55,True
2025-09-01,P1061,CompetitorZ,394.35,True
2025-09-08,P1061,CompetitorZ,376.98,True
2025-09-15,P1061,CompetitorZ,376.18,True
2025-09-22,P1061,CompetitorZ,371.48,True
2025-09-29,P1061,CompetitorZ,392.85,True
2025-10-06,P1061,CompetitorZ,375.92,True
2025-10-13,P1061,CompetitorZ,359.62,True
2025-10-20,P1061,CompetitorZ,366.72,True
2025-10-27,P1061,CompetitorZ,373.06,True
2025-11-03,P1061,CompetitorZ,389.74,True
2025-11-10,P1061,CompetitorZ,384.88,True
2025-11-17,P1061,CompetitorZ,396.75,True
2025-11-24,P1061,CompetitorZ,375.34,True
2025-12-01,P1061,CompetitorZ,382.09,True
2025-12-08,P1061,CompetitorZ,406.07,True
2025-12-15,P1061,CompetitorZ,381.89,True
2025-12-22,P1061,CompetitorZ,388.44,True
2025-12-29,P1061,CompetitorZ,378.24,True
2024-07-15,P1061,CompetitorY,493.57,True
2024-07-22,P1061,CompetitorY,458.98,True
2024-07-29,P1061,CompetitorY,485.42,True
2024-08-05,P1061,CompetitorY,487.1,True
2024-08-12,P1061,CompetitorY,481.36,True
2024-08-19,P1061,CompetitorY,475.09,True
2024-08-26,P1061,CompetitorY,490.46,False
2024-09-02,P1061,CompetitorY,485.55,True
2024-09-09,P1061,CompetitorY,483.0,True
2024-09-16,P1061,CompetitorY,479.0,True
2024-09-23,P1061,CompetitorY,479.56,True
2024-09-30,P1061,CompetitorY,472.65,True
2024-10-07,P1061,CompetitorY,476.86,True
2024-10-14,P1061,CompetitorY,470.13,True
2024-10-21,P1061,CompetitorY,478.14,True
2024-10-28,P1061,CompetitorY,489.05,True
2024-11-04,P1061,CompetitorY,495.66,True
2024-11-11,P1061,CompetitorY,483.02,True
2024-11-18,P1061,CompetitorY,482.62,True
2024-11-25,P1061,CompetitorY,485.85,True
2024-12-02,P1061,CompetitorY,498.03,True
2024-12-09,P1061,CompetitorY,480.5,True
2024-12-16,P1061,CompetitorY,490.48,True
2024-12-23,P1061,CompetitorY,489.14,True
2024-12-30,P1061,CompetitorY,474.71,False
2025-01-06,P1061,CompetitorY,494.02,True
2025-01-13,P1061,CompetitorY,453.69,True
2025-01-20,P1061,CompetitorY,499.17,True
2025-01-27,P1061,CompetitorY,466.43,True
2025-02-03,P1061,CompetitorY,481.74,True
2025-02-10,P1061,CompetitorY,495.79,True
2025-02-17,P1061,CompetitorY,477.56,False
2025-02-24,P1061,CompetitorY,487.16,True
2025-03-03,P1061,CompetitorY,496.03,True
2025-03-10,P1061,CompetitorY,510.59,True
2025-03-17,P1061,CompetitorY,483.54,True
2025-03-24,P1061,CompetitorY,486.37,True
2025-03-31,P1061,CompetitorY,484.35,True
2025-04-07,P1061,CompetitorY,480.55,True
2025-04-14,P1061,CompetitorY,464.23,False
2025-04-21,P1061,CompetitorY,467.5,True
2025-04-28,P1061,CompetitorY,483.55,True
2025-05-05,P1061,CompetitorY,488.71,True
2025-05-12,P1061,CompetitorY,502.07,True
2025-05-19,P1061,CompetitorY,480.72,True
2025-05-26,P1061,CompetitorY,505.95,True
2025-06-02,P1061,CompetitorY,466.28,True
2025-06-09,P1061,CompetitorY,486.81,True
2025-06-16,P1061,CompetitorY,479.88,True
2025-06-23,P1061,CompetitorY,464.71,True
2025-06-30,P1061,CompetitorY,459.19,True
2025-07-07,P1061,CompetitorY,477.45,False
2025-07-14,P1061,CompetitorY,478.54,True
2025-07-21,P1061,CompetitorY,470.87,False
2025-07-28,P1061,CompetitorY,494.82,True
2025-08-04,P1061,CompetitorY,477.87,True
2025-08-11,P1061,CompetitorY,469.44,True
2025-08-18,P1061,CompetitorY,480.34,True
2025-08-25,P1061,CompetitorY,474.6,True
2025-09-01,P1061,CompetitorY,507.66,True
2025-09-08,P1061,CompetitorY,479.19,True
2025-09-15,P1061,CompetitorY,470.44,True
2025-09-22,P1061,CompetitorY,507.64,True
2025-09-29,P1061,CompetitorY,494.28,True
2025-10-06,P1061,CompetitorY,485.3,True
2025-10-13,P1061,CompetitorY,472.21,True
2025-10-20,P1061,CompetitorY,494.89,True
2025-10-27,P1061,CompetitorY,462.52,True
2025-11-03,P1061,CompetitorY,493.82,True
2025-11-10,P1061,CompetitorY,487.39,True
2025-11-17,P1061,CompetitorY,498.13,True
2025-11-24,P1061,CompetitorY,449.51,True
2025-12-01,P1061,CompetitorY,470.4,False
2025-12-08,P1061,CompetitorY,469.25,True
2025-12-15,P1061,CompetitorY,467.54,False
2025-12-22,P1061,CompetitorY,489.93,True
2025-12-29,P1061,CompetitorY,479.48,True
2024-07-15,P1061,MarketLeaderCo,400.05,True
2024-07-22,P1061,MarketLeaderCo,407.63,False
2024-07-29,P1061,MarketLeaderCo,388.87,False
2024-08-05,P1061,MarketLeaderCo,412.48,True
2024-08-12,P1061,MarketLeaderCo,421.05,True
2024-08-19,P1061,MarketLeaderCo,427.95,True
2024-08-26,P1061,MarketLeaderCo,411.98,True
2024-09-02,P1061,MarketLeaderCo,434.04,True
2024-09-09,P1061,MarketLeaderCo,410.36,True
2024-09-16,P1061,MarketLeaderCo,395.3,True
2024-09-23,P1061,MarketLeaderCo,410.1,True
2024-09-30,P1061,MarketLeaderCo,408.26,True
2024-10-07,P1061,MarketLeaderCo,417.15,True
2024-10-14,P1061,MarketLeaderCo,414.13,True
2024-10-21,P1061,MarketLeaderCo,413.25,True
2024-10-28,P1061,MarketLeaderCo,422.71,True
2024-11-04,P1061,MarketLeaderCo,405.49,True
2024-11-11,P1061,MarketLeaderCo,417.43,True
2024-11-18,P1061,MarketLeaderCo,414.25,True
2024-11-25,P1061,MarketLeaderCo,412.2,True
2024-12-02,P1061,MarketLeaderCo,409.98,True
2024-12-09,P1061,MarketLeaderCo,395.12,True
2024-12-16,P1061,MarketLeaderCo,407.66,True
2024-12-23,P1061,MarketLeaderCo,408.45,True
2024-12-30,P1061,MarketLeaderCo,401.88,True
2025-01-06,P1061,MarketLeaderCo,394.06,False
2025-01-13,P1061,MarketLeaderCo,403.93,True
2025-01-20,P1061,MarketLeaderCo,404.96,True
2025-01-27,P1061,MarketLeaderCo,394.27,True
2025-02-03,P1061,MarketLeaderCo,394.26,True
2025-02-10,P1061,MarketLeaderCo,385.01,True
2025-02-17,P1061,MarketLeaderCo,414.43,False
2025-02-24,P1061,MarketLeaderCo,422.84,True
2025-03-03,P1061,MarketLeaderCo,410.99,True
2025-03-10,P1061,MarketLeaderCo,405.81,False
2025-03-17,P1061,MarketLeaderCo,393.66,True
2025-03-24,P1061,MarketLeaderCo,383.62,True
2025-03-31,P1061,MarketLeaderCo,410.38,True
2025-04-07,P1061,MarketLeaderCo,418.38,True
2025-04-14,P1061,MarketLeaderCo,400.53,True
2025-04-21,P1061,MarketLeaderCo,423.8,True
2025-04-28,P1061,MarketLeaderCo,402.3,True
2025-05-05,P1061,MarketLeaderCo,424.16,True
2025-05-12,P1061,MarketLeaderCo,401.17,True
2025-05-19,P1061,MarketLeaderCo,377.97,True
2025-05-26,P1061,MarketLeaderCo,418.51,True
2025-06-02,P1061,MarketLeaderCo,399.42,True
2025-06-09,P1061,MarketLeaderCo,391.78,True
2025-06-16,P1061,MarketLeaderCo,416.73,True
2025-06-23,P1061,MarketLeaderCo,399.83,True
2025-06-30,P1061,MarketLeaderCo,393.38,True
2025-07-07,P1061,MarketLeaderCo,426.95,True
2025-07-14,P1061,MarketLeaderCo,408.27,False
2025-07-21,P1061,MarketLeaderCo,393.11,True
2025-07-28,P1061,MarketLeaderCo,405.08,True
2025-08-04,P1061,MarketLeaderCo,437.07,True
2025-08-11,P1061,MarketLeaderCo,412.18,True
2025-08-18,P1061,MarketLeaderCo,402.88,True
2025-08-25,P1061,MarketLeaderCo,416.97,False
2025-09-01,P1061,MarketLeaderCo,405.19,True
2025-09-08,P1061,MarketLeaderCo,404.51,True
2025-09-15,P1061,MarketLeaderCo,402.7,True
2025-09-22,P1061,MarketLeaderCo,421.31,True
2025-09-29,P1061,MarketLeaderCo,413.19,True
2025-10-06,P1061,MarketLeaderCo,428.32,True
2025-10-13,P1061,MarketLeaderCo,414.57,False
2025-10-20,P1061,MarketLeaderCo,429.62,True
2025-10-27,P1061,MarketLeaderCo,418.8,True
2025-11-03,P1061,MarketLeaderCo,407.59,True
2025-11-10,P1061,MarketLeaderCo,409.12,True
2025-11-17,P1061,MarketLeaderCo,433.32,True
2025-11-24,P1061,MarketLeaderCo,426.86,True
2025-12-01,P1061,MarketLeaderCo,429.85,False
2025-12-08,P1061,MarketLeaderCo,398.38,True
2025-12-15,P1061,MarketLeaderCo,387.68,True
2025-12-22,P1061,MarketLeaderCo,400.4,True
2025-12-29,P1061,MarketLeaderCo,412.83,True
2024-07-15,P1061,CompetitorX,435.09,True
2024-07-22,P1061,CompetitorX,434.15,True
2024-07-29,P1061,CompetitorX,456.01,True
2024-08-05,P1061,CompetitorX,404.26,True
2024-08-12,P1061,CompetitorX,437.07,True
2024-08-19,P1061,CompetitorX,423.89,True
2024-08-26,P1061,CompetitorX,428.57,True
2024-09-02,P1061,CompetitorX,444.82,True
2024-09-09,P1061,CompetitorX,442.7,True
2024-09-16,P1061,CompetitorX,440.41,True
2024-09-23,P1061,CompetitorX,419.48,True
2024-09-30,P1061,CompetitorX,451.44,True
2024-10-07,P1061,CompetitorX,424.47,True
2024-10-14,P1061,CompetitorX,454.06,True
2024-10-21,P1061,CompetitorX,427.43,True
2024-10-28,P1061,CompetitorX,449.41,True
2024-11-04,P1061,CompetitorX,437.26,True
2024-11-11,P1061,CompetitorX,414.03,True
2024-11-18,P1061,CompetitorX,431.28,False
2024-11-25,P1061,CompetitorX,458.19,True
2024-12-02,P1061,CompetitorX,446.7,True
2024-12-09,P1061,CompetitorX,430.24,True
2024-12-16,P1061,CompetitorX,452.98,True
2024-12-23,P1061,CompetitorX,439.61,True
2024-12-30,P1061,CompetitorX,457.41,True
2025-01-06,P1061,CompetitorX,434.89,True
2025-01-13,P1061,CompetitorX,432.11,True
2025-01-20,P1061,CompetitorX,448.85,True
2025-01-27,P1061,CompetitorX,439.22,True
2025-02-03,P1061,CompetitorX,443.22,True
2025-02-10,P1061,CompetitorX,424.65,True
2025-02-17,P1061,CompetitorX,451.24,True
2025-02-24,P1061,CompetitorX,448.77,True
2025-03-03,P1061,CompetitorX,453.6,True
2025-03-10,P1061,CompetitorX,418.14,False
2025-03-17,P1061,CompetitorX,420.72,True
2025-03-24,P1061,CompetitorX,426.16,True
2025-03-31,P1061,CompetitorX,432.8,True
2025-04-07,P1061,CompetitorX,418.5,True
2025-04-14,P1061,CompetitorX,444.26,True
2025-04-21,P1061,CompetitorX,430.2,True
2025-04-28,P1061,CompetitorX,452.35,True
2025-05-05,P1061,CompetitorX,463.38,True
2025-05-12,P1061,CompetitorX,428.16,True
2025-05-19,P1061,CompetitorX,425.89,True
2025-05-26,P1061,CompetitorX,445.7,True
2025-06-02,P1061,CompetitorX,437.2,True
2025-06-09,P1061,CompetitorX,440.76,False
2025-06-16,P1061,CompetitorX,453.31,True
2025-06-23,P1061,CompetitorX,432.37,True
2025-06-30,P1061,CompetitorX,421.99,True
2025-07-07,P1061,CompetitorX,419.84,True
2025-07-14,P1061,CompetitorX,433.61,True
2025-07-21,P1061,CompetitorX,431.33,True
2025-07-28,P1061,CompetitorX,447.24,True
2025-08-04,P1061,CompetitorX,454.14,True
2025-08-11,P1061,CompetitorX,454.09,True
2025-08-18,P1061,CompetitorX,426.76,True
2025-08-25,P1061,CompetitorX,425.42,True
2025-09-01,P1061,CompetitorX,412.21,True
2025-09-08,P1061,CompetitorX,435.97,True
2025-09-15,P1061,CompetitorX,447.5,True
2025-09-22,P1061,CompetitorX,426.69,True
2025-09-29,P1061,CompetitorX,416.57,True
2025-10-06,P1061,CompetitorX,460.59,True
2025-10-13,P1061,CompetitorX,426.71,True
2025-10-20,P1061,CompetitorX,434.46,True
2025-10-27,P1061,CompetitorX,429.83,True
2025-11-03,P1061,CompetitorX,418.49,True
2025-11-10,P1061,CompetitorX,447.72,True
2025-11-17,P1061,CompetitorX,413.05,True
2025-11-24,P1061,CompetitorX,450.63,True
2025-12-01,P1061,CompetitorX,439.43,True
2025-12-08,P1061,CompetitorX,432.41,True
2025-12-15,P1061,CompetitorX,432.63,True
2025-12-22,P1061,CompetitorX,441.87,True
2025-12-29,P1061,CompetitorX,427.52,True
2024-05-13,P1062,MarketLeaderCo,838.92,True
2024-05-20,P1062,MarketLeaderCo,889.52,True
2024-05-27,P1062,MarketLeaderCo,807.33,True
2024-06-03,P1062,MarketLeaderCo,769.85,True
2024-06-10,P1062,MarketLeaderCo,876.91,True
2024-06-17,P1062,MarketLeaderCo,846.79,True
2024-06-24,P1062,MarketLeaderCo,814.78,True
2024-07-01,P1062,MarketLeaderCo,833.68,True
2024-07-08,P1062,MarketLeaderCo,814.44,True
2024-07-15,P1062,MarketLeaderCo,785.5,True
2024-07-22,P1062,MarketLeaderCo,830.38,True
2024-07-29,P1062,MarketLeaderCo,830.2,True
2024-08-05,P1062,MarketLeaderCo,842.99,True
2024-08-12,P1062,MarketLeaderCo,810.13,True
2024-08-19,P1062,MarketLeaderCo,815.1,True
2024-08-26,P1062,MarketLeaderCo,825.06,True
2024-09-02,P1062,MarketLeaderCo,809.94,True
2024-09-09,P1062,MarketLeaderCo,862.95,True
2024-09-16,P1062,MarketLeaderCo,855.75,True
2024-09-23,P1062,MarketLeaderCo,821.58,True
2024-09-30,P1062,MarketLeaderCo,847.87,True
2024-10-07,P1062,MarketLeaderCo,803.49,True
2024-10-14,P1062,MarketLeaderCo,822.94,True
2024-10-21,P1062,MarketLeaderCo,871.13,True
2024-10-28,P1062,MarketLeaderCo,850.66,True
2024-11-04,P1062,MarketLeaderCo,841.73,True
2024-11-11,P1062,MarketLeaderCo,825.51,True
2024-11-18,P1062,MarketLeaderCo,833.44,True
2024-11-25,P1062,MarketLeaderCo,797.73,True
2024-12-02,P1062,MarketLeaderCo,826.4,True
2024-12-09,P1062,MarketLeaderCo,843.9,True
2024-12-16,P1062,MarketLeaderCo,833.83,False
2024-12-23,P1062,MarketLeaderCo,833.83,True
2024-12-30,P1062,MarketLeaderCo,818.11,True
2025-01-06,P1062,MarketLeaderCo,811.77,False
2025-01-13,P1062,MarketLeaderCo,809.48,False
2025-01-20,P1062,MarketLeaderCo,828.19,True
2025-01-27,P1062,MarketLeaderCo,852.87,True
2025-02-03,P1062,MarketLeaderCo,813.0,True
2025-02-10,P1062,MarketLeaderCo,835.51,True
2025-02-17,P1062,MarketLeaderCo,834.88,True
2025-02-24,P1062,MarketLeaderCo,857.78,True
2025-03-03,P1062,MarketLeaderCo,834.83,True
2025-03-10,P1062,MarketLeaderCo,797.24,True
2025-03-17,P1062,MarketLeaderCo,887.69,True
2025-03-24,P1062,MarketLeaderCo,858.82,True
2025-03-31,P1062,MarketLeaderCo,846.59,True
2025-04-07,P1062,MarketLeaderCo,820.08,True
2025-04-14,P1062,MarketLeaderCo,826.51,True
2025-04-21,P1062,MarketLeaderCo,798.88,False
2025-04-28,P1062,MarketLeaderCo,826.14,True
2025-05-05,P1062,MarketLeaderCo,838.89,True
2025-05-12,P1062,MarketLeaderCo,833.86,True
2025-05-19,P1062,MarketLeaderCo,878.37,True
2025-05-26,P1062,MarketLeaderCo,851.29,False
2025-06-02,P1062,MarketLeaderCo,858.86,True
2025-06-09,P1062,MarketLeaderCo,848.01,True
2025-06-16,P1062,MarketLeaderCo,838.56,True
2025-06-23,P1062,MarketLeaderCo,845.88,True
2025-06-30,P1062,MarketLeaderCo,784.82,True
2025-07-07,P1062,MarketLeaderCo,827.97,True
2025-07-14,P1062,MarketLeaderCo,799.5,True
2025-07-21,P1062,MarketLeaderCo,804.95,True
2025-07-28,P1062,MarketLeaderCo,864.37,True
2025-08-04,P1062,MarketLeaderCo,807.54,True
2025-08-11,P1062,MarketLeaderCo,801.35,True
2025-08-18,P1062,MarketLeaderCo,844.24,True
2025-08-25,P1062,MarketLeaderCo,832.77,True
2025-09-01,P1062,MarketLeaderCo,845.66,True
2025-09-08,P1062,MarketLeaderCo,878.45,True
2025-09-15,P1062,MarketLeaderCo,848.83,False
2025-09-22,P1062,MarketLeaderCo,795.67,True
2025-09-29,P1062,MarketLeaderCo,857.85,True
2025-10-06,P1062,MarketLeaderCo,828.99,True
2025-10-13,P1062,MarketLeaderCo,838.7,True
2025-10-20,P1062,MarketLeaderCo,793.1,True
2025-10-27,P1062,MarketLeaderCo,847.09,True
2025-11-03,P1062,MarketLeaderCo,801.91,True
2025-11-10,P1062,MarketLeaderCo,847.87,True
2025-11-17,P1062,MarketLeaderCo,816.39,True
2025-11-24,P1062,MarketLeaderCo,852.57,True
2025-12-01,P1062,MarketLeaderCo,802.07,True
2025-12-08,P1062,MarketLeaderCo,795.42,True
2025-12-15,P1062,MarketLeaderCo,820.94,True
2025-12-22,P1062,MarketLeaderCo,841.16,True
2025-12-29,P1062,MarketLeaderCo,805.82,True
2024-05-13,P1062,CompetitorX,815.08,True
2024-05-20,P1062,CompetitorX,779.52,True
2024-05-27,P1062,CompetitorX,835.87,True
2024-06-03,P1062,CompetitorX,812.64,True
2024-06-10,P1062,CompetitorX,796.84,True
2024-06-17,P1062,CompetitorX,808.71,True
2024-06-24,P1062,CompetitorX,839.2,True
2024-07-01,P1062,CompetitorX,835.1,True
2024-07-08,P1062,CompetitorX,823.69,True
2024-07-15,P1062,CompetitorX,793.86,True
2024-07-22,P1062,CompetitorX,813.02,True
2024-07-29,P1062,CompetitorX,783.61,True
2024-08-05,P1062,CompetitorX,808.0,True
2024-08-12,P1062,CompetitorX,833.89,True
2024-08-19,P1062,CompetitorX,838.39,True
2024-08-26,P1062,CompetitorX,794.5,True
2024-09-02,P1062,CompetitorX,830.36,True
2024-09-09,P1062,CompetitorX,825.37,True
2024-09-16,P1062,CompetitorX,804.28,True
2024-09-23,P1062,CompetitorX,828.26,True
2024-09-30,P1062,CompetitorX,839.93,True
2024-10-07,P1062,CompetitorX,830.8,True
2024-10-14,P1062,CompetitorX,784.51,True
2024-10-21,P1062,CompetitorX,803.36,True
2024-10-28,P1062,CompetitorX,819.84,True
2024-11-04,P1062,CompetitorX,790.6,True
2024-11-11,P1062,CompetitorX,847.99,True
2024-11-18,P1062,CompetitorX,817.74,True
2024-11-25,P1062,CompetitorX,799.1,True
2024-12-02,P1062,CompetitorX,797.58,True
2024-12-09,P1062,CompetitorX,793.23,True
2024-12-16,P1062,CompetitorX,827.28,True
2024-12-23,P1062,CompetitorX,830.17,True
2024-12-30,P1062,CompetitorX,793.99,True
2025-01-06,P1062,CompetitorX,845.83,True
2025-01-13,P1062,CompetitorX,800.72,True
2025-01-20,P1062,CompetitorX,790.76,True
2025-01-27,P1062,CompetitorX,821.72,True
2025-02-03,P1062,CompetitorX,780.97,True
2025-02-10,P1062,CompetitorX,776.95,True
2025-02-17,P1062,CompetitorX,786.96,True
2025-02-24,P1062,CompetitorX,791.04,True
2025-03-03,P1062,CompetitorX,828.34,False
2025-03-10,P1062,CompetitorX,778.62,True
2025-03-17,P1062,CompetitorX,819.09,True
2025-03-24,P1062,CompetitorX,830.58,True
2025-03-31,P1062,CompetitorX,845.23,True
2025-04-07,P1062,CompetitorX,798.17,True
2025-04-14,P1062,CompetitorX,800.09,True
2025-04-21,P1062,CompetitorX,859.62,True
2025-04-28,P1062,CompetitorX,843.01,True
2025-05-05,P1062,CompetitorX,803.45,True
2025-05-12,P1062,CompetitorX,837.99,True
2025-05-19,P1062,CompetitorX,816.14,True
2025-05-26,P1062,CompetitorX,810.52,True
2025-06-02,P1062,CompetitorX,870.48,True
2025-06-09,P1062,CompetitorX,836.24,True
2025-06-16,P1062,CompetitorX,855.98,True
2025-06-23,P1062,CompetitorX,784.31,True
2025-06-30,P1062,CompetitorX,853.81,True
2025-07-07,P1062,CompetitorX,806.32,True
2025-07-14,P1062,CompetitorX,806.01,True
2025-07-21,P1062,CompetitorX,819.6,True
2025-07-28,P1062,CompetitorX,822.58,True
2025-08-04,P1062,CompetitorX,835.77,True
2025-08-11,P1062,CompetitorX,831.6,True
2025-08-18,P1062,CompetitorX,794.25,True
2025-08-25,P1062,CompetitorX,785.91,True
2025-09-01,P1062,CompetitorX,805.47,True
2025-09-08,P1062,CompetitorX,809.8,True
2025-09-15,P1062,CompetitorX,812.29,True
2025-09-22,P1062,CompetitorX,843.34,True
2025-09-29,P1062,CompetitorX,814.61,True
2025-10-06,P1062,CompetitorX,874.21,True
2025-10-13,P1062,CompetitorX,845.26,True
2025-10-20,P1062,CompetitorX,802.8,True
2025-10-27,P1062,CompetitorX,766.97,True
2025-11-03,P1062,CompetitorX,868.16,True
2025-11-10,P1062,CompetitorX,803.26,True
2025-11-17,P1062,CompetitorX,832.7,True
2025-11-24,P1062,CompetitorX,793.91,True
2025-12-01,P1062,CompetitorX,848.98,True
2025-12-08,P1062,CompetitorX,830.73,True
2025-12-15,P1062,CompetitorX,783.7,True
2025-12-22,P1062,CompetitorX,762.61,True
2025-12-29,P1062,CompetitorX,814.71,True
2024-05-13,P1062,CompetitorY,811.89,True
2024-05-20,P1062,CompetitorY,781.68,True
2024-05-27,P1062,CompetitorY,827.19,True
2024-06-03,P1062,CompetitorY,759.45,True
2024-06-10,P1062,CompetitorY,789.28,True
2024-06-17,P1062,CompetitorY,842.82,True
2024-06-24,P1062,CompetitorY,781.71,True
2024-07-01,P1062,CompetitorY,825.39,True
2024-07-08,P1062,CompetitorY,816.67,True
2024-07-15,P1062,CompetitorY,768.59,True
2024-07-22,P1062,CompetitorY,805.04,True
2024-07-29,P1062,CompetitorY,836.65,True
2024-08-05,P1062,CompetitorY,790.12,True
2024-08-12,P1062,CompetitorY,783.41,True
2024-08-19,P1062,CompetitorY,807.85,True
2024-08-26,P1062,CompetitorY,794.81,True
2024-09-02,P1062,CompetitorY,764.06,True
2024-09-09,P1062,CompetitorY,794.64,True
2024-09-16,P1062,CompetitorY,788.32,True
2024-09-23,P1062,CompetitorY,796.75,True
2024-09-30,P1062,CompetitorY,742.29,True
2024-10-07,P1062,CompetitorY,808.71,True
2024-10-14,P1062,CompetitorY,760.75,True
2024-10-21,P1062,CompetitorY,817.88,True
2024-10-28,P1062,CompetitorY,825.69,True
2024-11-04,P1062,CompetitorY,752.31,True
2024-11-11,P1062,CompetitorY,831.04,True
2024-11-18,P1062,CompetitorY,797.16,True
2024-11-25,P1062,CompetitorY,825.81,True
2024-12-02,P1062,CompetitorY,822.31,True
2024-12-09,P1062,CompetitorY,765.28,True
2024-12-16,P1062,CompetitorY,779.49,True
2024-12-23,P1062,CompetitorY,838.7,True
2024-12-30,P1062,CompetitorY,770.19,True
2025-01-06,P1062,CompetitorY,808.62,True
2025-01-13,P1062,CompetitorY,781.82,True
2025-01-20,P1062,CompetitorY,778.27,True
2025-01-27,P1062,CompetitorY,799.51,True
2025-02-03,P1062,CompetitorY,852.55,True
2025-02-10,P1062,CompetitorY,818.4,True
2025-02-17,P1062,CompetitorY,774.68,True
2025-02-24,P1062,CompetitorY,804.65,True
2025-03-03,P1062,CompetitorY,755.34,True
2025-03-10,P1062,CompetitorY,745.85,True
2025-03-17,P1062,CompetitorY,804.02,True
2025-03-24,P1062,CompetitorY,817.12,True
2025-03-31,P1062,CompetitorY,837.43,True
2025-04-07,P1062,CompetitorY,808.91,True
2025-04-14,P1062,CompetitorY,800.12,True
2025-04-21,P1062,CompetitorY,791.83,True
2025-04-28,P1062,CompetitorY,812.63,True
2025-05-05,P1062,CompetitorY,770.78,True
2025-05-12,P1062,CompetitorY,783.68,True
2025-05-19,P1062,CompetitorY,771.6,True
2025-05-26,P1062,CompetitorY,787.38,True
2025-06-02,P1062,CompetitorY,782.57,True
2025-06-09,P1062,CompetitorY,780.94,True
2025-06-16,P1062,CompetitorY,784.61,True
2025-06-23,P1062,CompetitorY,805.02,True
2025-06-30,P1062,CompetitorY,830.42,True
2025-07-07,P1062,CompetitorY,806.88,True
2025-07-14,P1062,CompetitorY,786.21,True
2025-07-21,P1062,CompetitorY,810.47,True
2025-07-28,P1062,CompetitorY,802.61,True
2025-08-04,P1062,CompetitorY,804.03,True
2025-08-11,P1062,CompetitorY,799.41,True
2025-08-18,P1062,CompetitorY,841.38,True
2025-08-25,P1062,CompetitorY,802.33,True
2025-09-01,P1062,CompetitorY,786.49,True
2025-09-08,P1062,CompetitorY,781.31,True
2025-09-15,P1062,CompetitorY,821.6,True
2025-09-22,P1062,CompetitorY,771.49,True
2025-09-29,P1062,CompetitorY,832.53,True
2025-10-06,P1062,CompetitorY,753.97,True
2025-10-13,P1062,CompetitorY,829.39,True
2025-10-20,P1062,CompetitorY,819.1,True
2025-10-27,P1062,CompetitorY,789.41,True
2025-11-03,P1062,CompetitorY,781.96,True
2025-11-10,P1062,CompetitorY,829.53,True
2025-11-17,P1062,CompetitorY,843.15,True
2025-11-24,P1062,CompetitorY,785.24,True
2025-12-01,P1062,CompetitorY,813.89,True
2025-12-08,P1062,CompetitorY,823.47,True
2025-12-15,P1062,CompetitorY,814.43,True
2025-12-22,P1062,CompetitorY,801.27,True
2025-12-29,P1062,CompetitorY,790.61,True
2024-05-13,P1062,CompetitorZ,883.77,True
2024-05-20,P1062,CompetitorZ,911.4,True
2024-05-27,P1062,CompetitorZ,865.75,True
2024-06-03,P1062,CompetitorZ,873.7,True
2024-06-10,P1062,CompetitorZ,862.36,True
2024-06-17,P1062,CompetitorZ,854.57,True
2024-06-24,P1062,CompetitorZ,865.38,True
2024-07-01,P1062,CompetitorZ,916.44,True
2024-07-08,P1062,CompetitorZ,848.42,True
2024-07-15,P1062,CompetitorZ,904.58,True
2024-07-22,P1062,CompetitorZ,827.84,True
2024-07-29,P1062,CompetitorZ,918.56,True
2024-08-05,P1062,CompetitorZ,921.31,True
2024-08-12,P1062,CompetitorZ,849.54,True
2024-08-19,P1062,CompetitorZ,878.54,False
2024-08-26,P1062,CompetitorZ,893.39,True
2024-09-02,P1062,CompetitorZ,860.58,True
2024-09-09,P1062,CompetitorZ,925.97,True
2024-09-16,P1062,CompetitorZ,877.03,True
2024-09-23,P1062,CompetitorZ,862.78,True
2024-09-30,P1062,CompetitorZ,878.53,True
2024-10-07,P1062,CompetitorZ,857.1,True
2024-10-14,P1062,CompetitorZ,877.01,True
2024-10-21,P1062,CompetitorZ,864.63,True
2024-10-28,P1062,CompetitorZ,855.98,True
2024-11-04,P1062,CompetitorZ,897.43,True
2024-11-11,P1062,CompetitorZ,831.96,True
2024-11-18,P1062,CompetitorZ,922.81,True
2024-11-25,P1062,CompetitorZ,882.52,True
2024-12-02,P1062,CompetitorZ,925.03,True
2024-12-09,P1062,CompetitorZ,901.76,True
2024-12-16,P1062,CompetitorZ,841.14,True
2024-12-23,P1062,CompetitorZ,878.32,True
2024-12-30,P1062,CompetitorZ,829.26,True
2025-01-06,P1062,CompetitorZ,852.7,True
2025-01-13,P1062,CompetitorZ,872.86,True
2025-01-20,P1062,CompetitorZ,857.92,True
2025-01-27,P1062,CompetitorZ,863.93,True
2025-02-03,P1062,CompetitorZ,858.92,True
2025-02-10,P1062,CompetitorZ,935.07,True
2025-02-17,P1062,CompetitorZ,879.59,False
2025-02-24,P1062,CompetitorZ,892.85,True
2025-03-03,P1062,CompetitorZ,875.1,True
2025-03-10,P1062,CompetitorZ,885.33,True
2025-03-17,P1062,CompetitorZ,822.42,True
2025-03-24,P1062,CompetitorZ,920.39,True
2025-03-31,P1062,CompetitorZ,857.48,False
2025-04-07,P1062,CompetitorZ,906.59,True
2025-04-14,P1062,CompetitorZ,907.61,True
2025-04-21,P1062,CompetitorZ,829.18,True
2025-04-28,P1062,CompetitorZ,877.94,True
2025-05-05,P1062,CompetitorZ,887.12,True
2025-05-12,P1062,CompetitorZ,879.35,True
2025-05-19,P1062,CompetitorZ,876.44,True
2025-05-26,P1062,CompetitorZ,865.0,True
2025-06-02,P1062,CompetitorZ,857.69,True
2025-06-09,P1062,CompetitorZ,904.28,True
2025-06-16,P1062,CompetitorZ,886.92,True
2025-06-23,P1062,CompetitorZ,881.33,True
2025-06-30,P1062,CompetitorZ,834.36,True
2025-07-07,P1062,CompetitorZ,869.71,True
2025-07-14,P1062,CompetitorZ,874.99,True
2025-07-21,P1062,CompetitorZ,898.57,False
2025-07-28,P1062,CompetitorZ,830.62,True
2025-08-04,P1062,CompetitorZ,847.65,True
2025-08-11,P1062,CompetitorZ,923.76,True
2025-08-18,P1062,CompetitorZ,855.49,True
2025-08-25,P1062,CompetitorZ,827.78,True
2025-09-01,P1062,CompetitorZ,858.1,True
2025-09-08,P1062,CompetitorZ,855.59,True
2025-09-15,P1062,CompetitorZ,893.58,True
2025-09-22,P1062,CompetitorZ,893.26,True
2025-09-29,P1062,CompetitorZ,850.97,True
2025-10-06,P1062,CompetitorZ,866.5,False
2025-10-13,P1062,CompetitorZ,890.58,False
2025-10-20,P1062,CompetitorZ,891.46,True
2025-10-27,P1062,CompetitorZ,849.26,True
2025-11-03,P1062,CompetitorZ,852.16,True
2025-11-10,P1062,CompetitorZ,932.11,True
2025-11-17,P1062,CompetitorZ,869.63,True
2025-11-24,P1062,CompetitorZ,915.73,True
2025-12-01,P1062,CompetitorZ,882.47,True
2025-12-08,P1062,CompetitorZ,905.25,True
2025-12-15,P1062,CompetitorZ,892.9,True
2025-12-22,P1062,CompetitorZ,880.96,False
2025-12-29,P1062,CompetitorZ,880.65,True
2024-06-10,P1063,CompetitorX,423.77,True
2024-06-17,P1063,CompetitorX,427.26,True
2024-06-24,P1063,CompetitorX,434.99,False
2024-07-01,P1063,CompetitorX,451.65,True
2024-07-08,P1063,CompetitorX,443.4,True
2024-07-15,P1063,CompetitorX,468.05,True
2024-07-22,P1063,CompetitorX,424.02,True
2024-07-29,P1063,CompetitorX,439.72,True
2024-08-05,P1063,CompetitorX,433.48,True
2024-08-12,P1063,CompetitorX,435.98,True
2024-08-19,P1063,CompetitorX,440.71,False
2024-08-26,P1063,CompetitorX,431.22,True
2024-09-02,P1063,CompetitorX,452.8,True
2024-09-09,P1063,CompetitorX,463.28,True
2024-09-16,P1063,CompetitorX,409.32,True
2024-09-23,P1063,CompetitorX,458.55,True
2024-09-30,P1063,CompetitorX,473.39,True
2024-10-07,P1063,CompetitorX,442.66,True
2024-10-14,P1063,CompetitorX,432.09,True
2024-10-21,P1063,CompetitorX,432.6,True
2024-10-28,P1063,CompetitorX,436.09,True
2024-11-04,P1063,CompetitorX,445.84,True
2024-11-11,P1063,CompetitorX,434.51,True
2024-11-18,P1063,CompetitorX,439.1,True
2024-11-25,P1063,CompetitorX,427.53,True
2024-12-02,P1063,CompetitorX,434.12,True
2024-12-09,P1063,CompetitorX,434.71,True
2024-12-16,P1063,CompetitorX,439.68,True
2024-12-23,P1063,CompetitorX,420.94,True
2024-12-30,P1063,CompetitorX,435.8,True
2025-01-06,P1063,CompetitorX,437.32,True
2025-01-13,P1063,CompetitorX,442.6,True
2025-01-20,P1063,CompetitorX,458.62,True
2025-01-27,P1063,CompetitorX,438.82,True
2025-02-03,P1063,CompetitorX,424.08,True
2025-02-10,P1063,CompetitorX,441.9,True
2025-02-17,P1063,CompetitorX,430.8,True
2025-02-24,P1063,CompetitorX,430.45,True
2025-03-03,P1063,CompetitorX,436.25,True
2025-03-10,P1063,CompetitorX,433.3,True
2025-03-17,P1063,CompetitorX,426.09,True
2025-03-24,P1063,CompetitorX,433.75,True
2025-03-31,P1063,CompetitorX,446.17,True
2025-04-07,P1063,CompetitorX,440.69,False
2025-04-14,P1063,CompetitorX,427.05,True
2025-04-21,P1063,CompetitorX,428.79,True
2025-04-28,P1063,CompetitorX,441.78,True
2025-05-05,P1063,CompetitorX,427.12,True
2025-05-12,P1063,CompetitorX,428.31,True
2025-05-19,P1063,CompetitorX,432.62,True
2025-05-26,P1063,CompetitorX,427.32,True
2025-06-02,P1063,CompetitorX,441.49,True
2025-06-09,P1063,CompetitorX,436.09,True
2025-06-16,P1063,CompetitorX,458.7,True
2025-06-23,P1063,CompetitorX,424.81,True
2025-06-30,P1063,CompetitorX,455.35,True
2025-07-07,P1063,CompetitorX,443.29,False
2025-07-14,P1063,CompetitorX,459.84,False
2025-07-21,P1063,CompetitorX,458.05,True
2025-07-28,P1063,CompetitorX,434.52,True
2025-08-04,P1063,CompetitorX,421.55,True
2025-08-11,P1063,CompetitorX,438.21,True
2025-08-18,P1063,CompetitorX,414.05,True
2025-08-25,P1063,CompetitorX,448.87,True
2025-09-01,P1063,CompetitorX,442.16,True
2025-09-08,P1063,CompetitorX,432.25,True
2025-09-15,P1063,CompetitorX,434.22,True
2025-09-22,P1063,CompetitorX,426.66,True
2025-09-29,P1063,CompetitorX,439.73,True
2025-10-06,P1063,CompetitorX,427.06,True
2025-10-13,P1063,CompetitorX,439.67,True
2025-10-20,P1063,CompetitorX,444.82,True
2025-10-27,P1063,CompetitorX,448.74,True
2025-11-03,P1063,CompetitorX,446.04,True
2025-11-10,P1063,CompetitorX,436.22,True
2025-11-17,P1063,CompetitorX,446.02,True
2025-11-24,P1063,CompetitorX,441.94,True
2025-12-01,P1063,CompetitorX,441.83,True
2025-12-08,P1063,CompetitorX,426.6,True
2025-12-15,P1063,CompetitorX,423.67,True
2025-12-22,P1063,CompetitorX,443.56,True
2025-12-29,P1063,CompetitorX,446.58,True
2024-06-10,P1063,MarketLeaderCo,503.87,True
2024-06-17,P1063,MarketLeaderCo,487.62,True
2024-06-24,P1063,MarketLeaderCo,550.21,True
2024-07-01,P1063,MarketLeaderCo,524.1,True
2024-07-08,P1063,MarketLeaderCo,520.14,True
2024-07-15,P1063,MarketLeaderCo,497.9,True
2024-07-22,P1063,MarketLeaderCo,502.47,True
2024-07-29,P1063,MarketLeaderCo,522.85,False
2024-08-05,P1063,MarketLeaderCo,517.3,True
2024-08-12,P1063,MarketLeaderCo,493.53,True
2024-08-19,P1063,MarketLeaderCo,500.16,True
2024-08-26,P1063,MarketLeaderCo,502.04,True
2024-09-02,P1063,MarketLeaderCo,500.72,True
2024-09-09,P1063,MarketLeaderCo,517.62,True
2024-09-16,P1063,MarketLeaderCo,497.66,True
2024-09-23,P1063,MarketLeaderCo,525.43,True
2024-09-30,P1063,MarketLeaderCo,490.56,True
2024-10-07,P1063,MarketLeaderCo,528.47,True
2024-10-14,P1063,MarketLeaderCo,560.56,True
2024-10-21,P1063,MarketLeaderCo,525.43,True
2024-10-28,P1063,MarketLeaderCo,505.06,True
2024-11-04,P1063,MarketLeaderCo,505.73,True
2024-11-11,P1063,MarketLeaderCo,496.13,True
2024-11-18,P1063,MarketLeaderCo,530.04,True
2024-11-25,P1063,MarketLeaderCo,515.95,True
2024-12-02,P1063,MarketLeaderCo,485.56,True
2024-12-09,P1063,MarketLeaderCo,491.05,True
2024-12-16,P1063,MarketLeaderCo,486.37,True
2024-12-23,P1063,MarketLeaderCo,525.18,False
2024-12-30,P1063,MarketLeaderCo,498.0,True
2025-01-06,P1063,MarketLeaderCo,526.28,True
2025-01-13,P1063,MarketLeaderCo,504.84,True
2025-01-20,P1063,MarketLeaderCo,525.64,True
2025-01-27,P1063,MarketLeaderCo,509.47,True
2025-02-03,P1063,MarketLeaderCo,528.06,True
2025-02-10,P1063,MarketLeaderCo,501.23,True
2025-02-17,P1063,MarketLeaderCo,502.12,True
2025-02-24,P1063,MarketLeaderCo,506.42,True
2025-03-03,P1063,MarketLeaderCo,526.28,True
2025-03-10,P1063,MarketLeaderCo,496.76,True
2025-03-17,P1063,MarketLeaderCo,504.55,True
2025-03-24,P1063,MarketLeaderCo,509.58,True
2025-03-31,P1063,MarketLeaderCo,519.58,False
2025-04-07,P1063,MarketLeaderCo,507.33,True
2025-04-14,P1063,MarketLeaderCo,522.33,True
2025-04-21,P1063,MarketLeaderCo,501.92,True
2025-04-28,P1063,MarketLeaderCo,528.67,True
2025-05-05,P1063,MarketLeaderCo,525.09,True
2025-05-12,P1063,MarketLeaderCo,504.61,True
2025-05-19,P1063,MarketLeaderCo,524.53,True
2025-05-26,P1063,MarketLeaderCo,496.62,True
2025-06-02,P1063,MarketLeaderCo,515.93,True
2025-06-09,P1063,MarketLeaderCo,501.27,True
2025-06-16,P1063,MarketLeaderCo,518.26,True
2025-06-23,P1063,MarketLeaderCo,510.82,True
2025-06-30,P1063,MarketLeaderCo,501.74,True
2025-07-07,P1063,MarketLeaderCo,489.23,True
2025-07-14,P1063,MarketLeaderCo,510.1,True
2025-07-21,P1063,MarketLeaderCo,531.81,True
2025-07-28,P1063,MarketLeaderCo,517.81,True
2025-08-04,P1063,MarketLeaderCo,489.35,True
2025-08-11,P1063,MarketLeaderCo,509.84,True
2025-08-18,P1063,MarketLeaderCo,531.74,True
2025-08-25,P1063,MarketLeaderCo,508.66,True
2025-09-01,P1063,MarketLeaderCo,498.45,True
2025-09-08,P1063,MarketLeaderCo,540.35,True
2025-09-15,P1063,MarketLeaderCo,496.79,True
2025-09-22,P1063,MarketLeaderCo,509.95,True
2025-09-29,P1063,MarketLeaderCo,503.96,True
2025-10-06,P1063,MarketLeaderCo,523.49,True
2025-10-13,P1063,MarketLeaderCo,520.85,True
2025-10-20,P1063,MarketLeaderCo,499.64,True
2025-10-27,P1063,MarketLeaderCo,502.66,True
2025-11-03,P1063,MarketLeaderCo,515.57,True
2025-11-10,P1063,MarketLeaderCo,516.8,True
2025-11-17,P1063,MarketLeaderCo,509.91,True
2025-11-24,P1063,MarketLeaderCo,508.7,True
2025-12-01,P1063,MarketLeaderCo,494.51,True
2025-12-08,P1063,MarketLeaderCo,541.93,True
2025-12-15,P1063,MarketLeaderCo,523.27,True
2025-12-22,P1063,MarketLeaderCo,513.53,True
2025-12-29,P1063,MarketLeaderCo,528.47,True
2024-06-10,P1063,CompetitorY,519.68,True
2024-06-17,P1063,CompetitorY,528.38,True
2024-06-24,P1063,CompetitorY,514.37,True
2024-07-01,P1063,CompetitorY,498.74,True
2024-07-08,P1063,CompetitorY,524.66,True
2024-07-15,P1063,CompetitorY,530.39,True
2024-07-22,P1063,CompetitorY,495.31,True
2024-07-29,P1063,CompetitorY,529.22,True
2024-08-05,P1063,CompetitorY,524.26,True
2024-08-12,P1063,CompetitorY,517.16,False
2024-08-19,P1063,CompetitorY,529.78,True
2024-08-26,P1063,CompetitorY,518.56,True
2024-09-02,P1063,CompetitorY,517.56,True
2024-09-09,P1063,CompetitorY,502.94,True
2024-09-16,P1063,CompetitorY,529.23,True
2024-09-23,P1063,CompetitorY,502.39,True
2024-09-30,P1063,CompetitorY,512.15,True
2024-10-07,P1063,CompetitorY,530.03,True
2024-10-14,P1063,CompetitorY,520.25,True
2024-10-21,P1063,CompetitorY,549.69,True
2024-10-28,P1063,CompetitorY,532.18,True
2024-11-04,P1063,CompetitorY,534.67,True
2024-11-11,P1063,CompetitorY,536.28,True
2024-11-18,P1063,CompetitorY,519.09,True
2024-11-25,P1063,CompetitorY,514.54,True
2024-12-02,P1063,CompetitorY,503.84,True
2024-12-09,P1063,CompetitorY,500.08,True
2024-12-16,P1063,CompetitorY,540.88,True
2024-12-23,P1063,CompetitorY,513.12,False
2024-12-30,P1063,CompetitorY,536.9,True
2025-01-06,P1063,CompetitorY,499.79,True
2025-01-13,P1063,CompetitorY,520.02,True
2025-01-20,P1063,CompetitorY,542.77,True
2025-01-27,P1063,CompetitorY,527.05,True
2025-02-03,P1063,CompetitorY,527.47,True
2025-02-10,P1063,CompetitorY,513.68,True
2025-02-17,P1063,CompetitorY,508.72,True
2025-02-24,P1063,CompetitorY,522.17,True
2025-03-03,P1063,CompetitorY,505.22,True
2025-03-10,P1063,CompetitorY,521.19,True
2025-03-17,P1063,CompetitorY,538.27,True
2025-03-24,P1063,CompetitorY,503.0,True
2025-03-31,P1063,CompetitorY,532.95,True
2025-04-07,P1063,CompetitorY,538.5,True
2025-04-14,P1063,CompetitorY,518.8,True
2025-04-21,P1063,CompetitorY,523.4,True
2025-04-28,P1063,CompetitorY,515.36,True
2025-05-05,P1063,CompetitorY,518.02,True
2025-05-12,P1063,CompetitorY,535.71,True
2025-05-19,P1063,CompetitorY,534.25,True
2025-05-26,P1063,CompetitorY,529.05,True
2025-06-02,P1063,CompetitorY,532.42,True
2025-06-09,P1063,CompetitorY,526.02,True
2025-06-16,P1063,CompetitorY,503.64,True
2025-06-23,P1063,CompetitorY,539.57,True
2025-06-30,P1063,CompetitorY,508.86,True
2025-07-07,P1063,CompetitorY,521.31,True
2025-07-14,P1063,CompetitorY,536.26,True
2025-07-21,P1063,CompetitorY,500.9,True
2025-07-28,P1063,CompetitorY,532.68,True
2025-08-04,P1063,CompetitorY,504.18,False
2025-08-11,P1063,CompetitorY,532.21,True
2025-08-18,P1063,CompetitorY,541.75,True
2025-08-25,P1063,CompetitorY,511.31,True
2025-09-01,P1063,CompetitorY,509.27,True
2025-09-08,P1063,CompetitorY,524.07,True
2025-09-15,P1063,CompetitorY,508.78,True
2025-09-22,P1063,CompetitorY,488.73,True
2025-09-29,P1063,CompetitorY,522.48,True
2025-10-06,P1063,CompetitorY,528.14,True
2025-10-13,P1063,CompetitorY,517.73,False
2025-10-20,P1063,CompetitorY,524.65,True
2025-10-27,P1063,CompetitorY,539.33,True
2025-11-03,P1063,CompetitorY,517.27,True
2025-11-10,P1063,CompetitorY,519.33,True
2025-11-17,P1063,CompetitorY,522.57,True
2025-11-24,P1063,CompetitorY,517.96,True
2025-12-01,P1063,CompetitorY,517.96,True
2025-12-08,P1063,CompetitorY,549.68,False
2025-12-15,P1063,CompetitorY,524.85,False
2025-12-22,P1063,CompetitorY,518.22,True
2025-12-29,P1063,CompetitorY,544.59,True
2024-06-10,P1063,CompetitorZ,476.18,True
2024-06-17,P1063,CompetitorZ,459.76,True
2024-06-24,P1063,CompetitorZ,481.12,True
2024-07-01,P1063,CompetitorZ,492.92,True
2024-07-08,P1063,CompetitorZ,486.36,True
2024-07-15,P1063,CompetitorZ,447.52,True
2024-07-22,P1063,CompetitorZ,449.53,True
2024-07-29,P1063,CompetitorZ,484.61,True
2024-08-05,P1063,CompetitorZ,459.73,True
2024-08-12,P1063,CompetitorZ,450.52,True
2024-08-19,P1063,CompetitorZ,442.31,True
2024-08-26,P1063,CompetitorZ,463.1,True
2024-09-02,P1063,CompetitorZ,455.47,True
2024-09-09,P1063,CompetitorZ,466.57,True
2024-09-16,P1063,CompetitorZ,463.8,True
2024-09-23,P1063,CompetitorZ,444.35,True
2024-09-30,P1063,CompetitorZ,449.86,True
2024-10-07,P1063,CompetitorZ,474.24,False
2024-10-14,P1063,CompetitorZ,475.46,True
2024-10-21,P1063,CompetitorZ,456.03,True
2024-10-28,P1063,CompetitorZ,463.6,True
2024-11-04,P1063,CompetitorZ,446.77,True
2024-11-11,P1063,CompetitorZ,460.42,True
2024-11-18,P1063,CompetitorZ,476.46,True
2024-11-25,P1063,CompetitorZ,484.25,True
2024-12-02,P1063,CompetitorZ,459.43,True
2024-12-09,P1063,CompetitorZ,456.82,True
2024-12-16,P1063,CompetitorZ,441.29,True
2024-12-23,P1063,CompetitorZ,452.89,True
2024-12-30,P1063,CompetitorZ,460.22,True
2025-01-06,P1063,CompetitorZ,458.76,True
2025-01-13,P1063,CompetitorZ,453.32,True
2025-01-20,P1063,CompetitorZ,477.59,True
2025-01-27,P1063,CompetitorZ,466.9,True
2025-02-03,P1063,CompetitorZ,458.88,True
2025-02-10,P1063,CompetitorZ,470.63,False
2025-02-17,P1063,CompetitorZ,460.81,True
2025-02-24,P1063,CompetitorZ,482.64,True
2025-03-03,P1063,CompetitorZ,450.17,False
2025-03-10,P1063,CompetitorZ,465.71,True
2025-03-17,P1063,CompetitorZ,431.76,True
2025-03-24,P1063,CompetitorZ,455.75,True
2025-03-31,P1063,CompetitorZ,463.27,True
2025-04-07,P1063,CompetitorZ,456.73,True
2025-04-14,P1063,CompetitorZ,445.88,True
2025-04-21,P1063,CompetitorZ,451.56,True
2025-04-28,P1063,CompetitorZ,447.24,True
2025-05-05,P1063,CompetitorZ,459.52,True
2025-05-12,P1063,CompetitorZ,472.03,True
2025-05-19,P1063,CompetitorZ,456.37,True
2025-05-26,P1063,CompetitorZ,486.19,True
2025-06-02,P1063,CompetitorZ,464.33,True
2025-06-09,P1063,CompetitorZ,432.83,True
2025-06-16,P1063,CompetitorZ,465.78,True
2025-06-23,P1063,CompetitorZ,460.47,True
2025-06-30,P1063,CompetitorZ,480.22,True
2025-07-07,P1063,CompetitorZ,460.93,True
2025-07-14,P1063,CompetitorZ,457.67,True
2025-07-21,P1063,CompetitorZ,489.85,True
2025-07-28,P1063,CompetitorZ,432.04,True
2025-08-04,P1063,CompetitorZ,456.4,True
2025-08-11,P1063,CompetitorZ,464.84,True
2025-08-18,P1063,CompetitorZ,455.64,True
2025-08-25,P1063,CompetitorZ,432.1,True
2025-09-01,P1063,CompetitorZ,466.76,True
2025-09-08,P1063,CompetitorZ,454.83,True
2025-09-15,P1063,CompetitorZ,459.28,True
2025-09-22,P1063,CompetitorZ,478.58,True
2025-09-29,P1063,CompetitorZ,465.38,True
2025-10-06,P1063,CompetitorZ,452.59,True
2025-10-13,P1063,CompetitorZ,466.61,True
2025-10-20,P1063,CompetitorZ,455.3,True
2025-10-27,P1063,CompetitorZ,456.97,True
2025-11-03,P1063,CompetitorZ,471.65,True
2025-11-10,P1063,CompetitorZ,452.29,True
2025-11-17,P1063,CompetitorZ,468.94,True
2025-11-24,P1063,CompetitorZ,457.98,True
2025-12-01,P1063,CompetitorZ,454.14,True
2025-12-08,P1063,CompetitorZ,454.19,True
2025-12-15,P1063,CompetitorZ,452.67,True
2025-12-22,P1063,CompetitorZ,462.4,True
2025-12-29,P1063,CompetitorZ,457.37,False
2024-06-10,P1064,CompetitorY,572.35,True
2024-06-17,P1064,CompetitorY,557.5,True
2024-06-24,P1064,CompetitorY,532.09,True
2024-07-01,P1064,CompetitorY,573.89,True
2024-07-08,P1064,CompetitorY,558.64,True
2024-07-15,P1064,CompetitorY,556.07,True
2024-07-22,P1064,CompetitorY,546.82,True
2024-07-29,P1064,CompetitorY,519.42,True
2024-08-05,P1064,CompetitorY,577.19,True
2024-08-12,P1064,CompetitorY,563.85,True
2024-08-19,P1064,CompetitorY,544.46,True
2024-08-26,P1064,CompetitorY,557.66,True
2024-09-02,P1064,CompetitorY,528.15,True
2024-09-09,P1064,CompetitorY,518.32,True
2024-09-16,P1064,CompetitorY,550.04,True
2024-09-23,P1064,CompetitorY,536.61,True
2024-09-30,P1064,CompetitorY,541.81,True
2024-10-07,P1064,CompetitorY,548.9,True
2024-10-14,P1064,CompetitorY,530.18,True
2024-10-21,P1064,CompetitorY,548.44,True
2024-10-28,P1064,CompetitorY,531.55,True
2024-11-04,P1064,CompetitorY,566.46,True
2024-11-11,P1064,CompetitorY,548.11,True
2024-11-18,P1064,CompetitorY,558.47,True
2024-11-25,P1064,CompetitorY,520.53,True
2024-12-02,P1064,CompetitorY,559.49,True
2024-12-09,P1064,CompetitorY,574.46,True
2024-12-16,P1064,CompetitorY,551.71,True
2024-12-23,P1064,CompetitorY,558.38,True
2024-12-30,P1064,CompetitorY,545.84,True
2025-01-06,P1064,CompetitorY,555.96,True
2025-01-13,P1064,CompetitorY,576.17,True
2025-01-20,P1064,CompetitorY,586.81,True
2025-01-27,P1064,CompetitorY,555.0,False
2025-02-03,P1064,CompetitorY,532.95,False
2025-02-10,P1064,CompetitorY,560.05,True
2025-02-17,P1064,CompetitorY,529.35,True
2025-02-24,P1064,CompetitorY,539.47,True
2025-03-03,P1064,CompetitorY,541.35,True
2025-03-10,P1064,CompetitorY,583.43,True
2025-03-17,P1064,CompetitorY,573.33,True
2025-03-24,P1064,CompetitorY,569.91,True
2025-03-31,P1064,CompetitorY,563.3,True
2025-04-07,P1064,CompetitorY,534.78,False
2025-04-14,P1064,CompetitorY,553.66,True
2025-04-21,P1064,CompetitorY,580.08,True
2025-04-28,P1064,CompetitorY,557.15,True
2025-05-05,P1064,CompetitorY,566.76,True
2025-05-12,P1064,CompetitorY,523.21,True
2025-05-19,P1064,CompetitorY,561.67,True
2025-05-26,P1064,CompetitorY,532.38,True
2025-06-02,P1064,CompetitorY,546.12,True
2025-06-09,P1064,CompetitorY,573.22,True
2025-06-16,P1064,CompetitorY,555.49,True
2025-06-23,P1064,CompetitorY,563.21,True
2025-06-30,P1064,CompetitorY,546.71,True
2025-07-07,P1064,CompetitorY,518.0,True
2025-07-14,P1064,CompetitorY,534.34,True
2025-07-21,P1064,CompetitorY,560.98,True
2025-07-28,P1064,CompetitorY,555.29,False
2025-08-04,P1064,CompetitorY,577.18,True
2025-08-11,P1064,CompetitorY,551.85,True
2025-08-18,P1064,CompetitorY,535.04,True
2025-08-25,P1064,CompetitorY,549.34,True
2025-09-01,P1064,CompetitorY,566.22,True
2025-09-08,P1064,CompetitorY,520.79,True
2025-09-15,P1064,CompetitorY,555.47,True
2025-09-22,P1064,CompetitorY,528.98,True
2025-09-29,P1064,CompetitorY,552.45,True
2025-10-06,P1064,CompetitorY,561.75,True
2025-10-13,P1064,CompetitorY,558.87,True
2025-10-20,P1064,CompetitorY,571.87,True
2025-10-27,P1064,CompetitorY,553.9,True
2025-11-03,P1064,CompetitorY,558.24,True
2025-11-10,P1064,CompetitorY,558.81,True
2025-11-17,P1064,CompetitorY,533.77,False
2025-11-24,P1064,CompetitorY,547.66,True
2025-12-01,P1064,CompetitorY,509.21,True
2025-12-08,P1064,CompetitorY,555.98,True
2025-12-15,P1064,CompetitorY,504.38,True
2025-12-22,P1064,CompetitorY,563.77,True
2025-12-29,P1064,CompetitorY,577.03,True
2024-06-10,P1064,CompetitorX,568.96,False
2024-06-17,P1064,CompetitorX,541.56,True
2024-06-24,P1064,CompetitorX,569.99,True
2024-07-01,P1064,CompetitorX,548.98,True
2024-07-08,P1064,CompetitorX,557.8,True
2024-07-15,P1064,CompetitorX,568.49,True
2024-07-22,P1064,CompetitorX,559.76,True
2024-07-29,P1064,CompetitorX,543.76,True
2024-08-05,P1064,CompetitorX,567.48,True
2024-08-12,P1064,CompetitorX,557.08,True
2024-08-19,P1064,CompetitorX,558.72,True
2024-08-26,P1064,CompetitorX,559.71,True
2024-09-02,P1064,CompetitorX,537.95,True
2024-09-09,P1064,CompetitorX,541.67,True
2024-09-16,P1064,CompetitorX,550.67,True
2024-09-23,P1064,CompetitorX,567.48,True
2024-09-30,P1064,CompetitorX,544.95,False
2024-10-07,P1064,CompetitorX,580.58,True
2024-10-14,P1064,CompetitorX,563.97,True
2024-10-21,P1064,CompetitorX,566.71,True
2024-10-28,P1064,CompetitorX,555.0,True
2024-11-04,P1064,CompetitorX,533.74,True
2024-11-11,P1064,CompetitorX,569.52,True
2024-11-18,P1064,CompetitorX,548.43,True
2024-11-25,P1064,CompetitorX,535.49,True
2024-12-02,P1064,CompetitorX,546.54,True
2024-12-09,P1064,CompetitorX,559.24,True
2024-12-16,P1064,CompetitorX,520.58,True
2024-12-23,P1064,CompetitorX,554.92,True
2024-12-30,P1064,CompetitorX,577.53,True
2025-01-06,P1064,CompetitorX,561.12,True
2025-01-13,P1064,CompetitorX,580.75,True
2025-01-20,P1064,CompetitorX,553.8,True
2025-01-27,P1064,CompetitorX,579.97,True
2025-02-03,P1064,CompetitorX,538.01,True
2025-02-10,P1064,CompetitorX,570.67,False
2025-02-17,P1064,CompetitorX,558.76,True
2025-02-24,P1064,CompetitorX,583.36,True
2025-03-03,P1064,CompetitorX,553.64,True
2025-03-10,P1064,CompetitorX,542.88,True
2025-03-17,P1064,CompetitorX,569.1,True
2025-03-24,P1064,CompetitorX,588.28,True
2025-03-31,P1064,CompetitorX,564.55,False
2025-04-07,P1064,CompetitorX,559.87,True
2025-04-14,P1064,CompetitorX,540.15,True
2025-04-21,P1064,CompetitorX,576.5,True
2025-04-28,P1064,CompetitorX,559.71,True
2025-05-05,P1064,CompetitorX,572.36,True
2025-05-12,P1064,CompetitorX,563.89,True
2025-05-19,P1064,CompetitorX,594.88,True
2025-05-26,P1064,CompetitorX,551.2,True
2025-06-02,P1064,CompetitorX,551.82,True
2025-06-09,P1064,CompetitorX,577.62,True
2025-06-16,P1064,CompetitorX,578.03,True
2025-06-23,P1064,CompetitorX,578.57,True
2025-06-30,P1064,CompetitorX,560.36,True
2025-07-07,P1064,CompetitorX,564.07,True
2025-07-14,P1064,CompetitorX,537.92,False
2025-07-21,P1064,CompetitorX,557.87,False
2025-07-28,P1064,CompetitorX,565.23,True
2025-08-04,P1064,CompetitorX,565.24,True
2025-08-11,P1064,CompetitorX,547.83,True
2025-08-18,P1064,CompetitorX,542.09,True
2025-08-25,P1064,CompetitorX,578.14,False
2025-09-01,P1064,CompetitorX,575.5,False
2025-09-08,P1064,CompetitorX,556.67,True
2025-09-15,P1064,CompetitorX,577.94,True
2025-09-22,P1064,CompetitorX,576.38,True
2025-09-29,P1064,CompetitorX,532.35,True
2025-10-06,P1064,CompetitorX,558.83,True
2025-10-13,P1064,CompetitorX,583.09,True
2025-10-20,P1064,CompetitorX,533.83,True
2025-10-27,P1064,CompetitorX,536.18,True
2025-11-03,P1064,CompetitorX,571.12,True
2025-11-10,P1064,CompetitorX,582.31,True
2025-11-17,P1064,CompetitorX,555.87,True
2025-11-24,P1064,CompetitorX,552.68,True
2025-12-01,P1064,CompetitorX,532.0,True
2025-12-08,P1064,CompetitorX,555.56,True
2025-12-15,P1064,CompetitorX,535.82,True
2025-12-22,P1064,CompetitorX,554.61,True
2025-12-29,P1064,CompetitorX,582.62,True
2024-06-10,P1064,CompetitorZ,554.95,True
2024-06-17,P1064,CompetitorZ,604.02,True
2024-06-24,P1064,CompetitorZ,561.4,True
2024-07-01,P1064,CompetitorZ,579.5,True
2024-07-08,P1064,CompetitorZ,558.26,True
2024-07-15,P1064,CompetitorZ,566.43,True
2024-07-22,P1064,CompetitorZ,570.45,True
2024-07-29,P1064,CompetitorZ,611.55,True
2024-08-05,P1064,CompetitorZ,583.67,True
2024-08-12,P1064,CompetitorZ,575.15,True
2024-08-19,P1064,CompetitorZ,596.06,True
2024-08-26,P1064,CompetitorZ,589.02,True
2024-09-02,P1064,CompetitorZ,576.4,True
2024-09-09,P1064,CompetitorZ,589.06,True
2024-09-16,P1064,CompetitorZ,572.07,True
2024-09-23,P1064,CompetitorZ,629.08,True
2024-09-30,P1064,CompetitorZ,598.5,True
2024-10-07,P1064,CompetitorZ,570.33,True
2024-10-14,P1064,CompetitorZ,590.52,True
2024-10-21,P1064,CompetitorZ,586.88,True
2024-10-28,P1064,CompetitorZ,582.27,True
2024-11-04,P1064,CompetitorZ,586.28,True
2024-11-11,P1064,CompetitorZ,563.3,True
2024-11-18,P1064,CompetitorZ,569.83,True
2024-11-25,P1064,CompetitorZ,606.1,True
2024-12-02,P1064,CompetitorZ,580.9,True
2024-12-09,P1064,CompetitorZ,565.24,True
2024-12-16,P1064,CompetitorZ,574.94,True
2024-12-23,P1064,CompetitorZ,568.12,True
2024-12-30,P1064,CompetitorZ,592.92,True
2025-01-06,P1064,CompetitorZ,567.65,True
2025-01-13,P1064,CompetitorZ,578.13,True
2025-01-20,P1064,CompetitorZ,565.89,True
2025-01-27,P1064,CompetitorZ,615.61,True
2025-02-03,P1064,CompetitorZ,588.27,True
2025-02-10,P1064,CompetitorZ,587.58,True
2025-02-17,P1064,CompetitorZ,589.45,True
2025-02-24,P1064,CompetitorZ,570.53,True
2025-03-03,P1064,CompetitorZ,603.72,True
2025-03-10,P1064,CompetitorZ,576.2,True
2025-03-17,P1064,CompetitorZ,608.07,True
2025-03-24,P1064,CompetitorZ,571.74,True
2025-03-31,P1064,CompetitorZ,589.76,True
2025-04-07,P1064,CompetitorZ,580.26,True
2025-04-14,P1064,CompetitorZ,582.0,True
2025-04-21,P1064,CompetitorZ,548.44,True
2025-04-28,P1064,CompetitorZ,560.34,True
2025-05-05,P1064,CompetitorZ,603.52,True
2025-05-12,P1064,CompetitorZ,555.04,True
2025-05-19,P1064,CompetitorZ,592.82,True
2025-05-26,P1064,CompetitorZ,622.4,True
2025-06-02,P1064,CompetitorZ,586.95,True
2025-06-09,P1064,CompetitorZ,614.21,True
2025-06-16,P1064,CompetitorZ,589.36,True
2025-06-23,P1064,CompetitorZ,581.92,True
2025-06-30,P1064,CompetitorZ,583.86,True
2025-07-07,P1064,CompetitorZ,574.3,True
2025-07-14,P1064,CompetitorZ,573.76,True
2025-07-21,P1064,CompetitorZ,568.27,True
2025-07-28,P1064,CompetitorZ,584.7,True
2025-08-04,P1064,CompetitorZ,615.48,True
2025-08-11,P1064,CompetitorZ,602.04,False
2025-08-18,P1064,CompetitorZ,580.92,True
2025-08-25,P1064,CompetitorZ,588.01,True
2025-09-01,P1064,CompetitorZ,575.89,True
2025-09-08,P1064,CompetitorZ,601.99,True
2025-09-15,P1064,CompetitorZ,549.09,True
2025-09-22,P1064,CompetitorZ,610.81,True
2025-09-29,P1064,CompetitorZ,567.92,True
2025-10-06,P1064,CompetitorZ,570.72,True
2025-10-13,P1064,CompetitorZ,556.19,True
2025-10-20,P1064,CompetitorZ,580.05,True
2025-10-27,P1064,CompetitorZ,565.57,True
2025-11-03,P1064,CompetitorZ,597.52,True
2025-11-10,P1064,CompetitorZ,589.06,True
2025-11-17,P1064,CompetitorZ,565.35,True
2025-11-24,P1064,CompetitorZ,562.18,True
2025-12-01,P1064,CompetitorZ,566.25,True
2025-12-08,P1064,CompetitorZ,560.99,True
2025-12-15,P1064,CompetitorZ,572.53,True
2025-12-22,P1064,CompetitorZ,562.81,True
2025-12-29,P1064,CompetitorZ,597.6,True
2024-06-10,P1064,MarketLeaderCo,555.87,True
2024-06-17,P1064,MarketLeaderCo,569.57,True
2024-06-24,P1064,MarketLeaderCo,587.59,True
2024-07-01,P1064,MarketLeaderCo,549.37,True
2024-07-08,P1064,MarketLeaderCo,535.1,True
2024-07-15,P1064,MarketLeaderCo,577.6,True
2024-07-22,P1064,MarketLeaderCo,534.73,True
2024-07-29,P1064,MarketLeaderCo,561.99,True
2024-08-05,P1064,MarketLeaderCo,569.02,True
2024-08-12,P1064,MarketLeaderCo,599.19,True
2024-08-19,P1064,MarketLeaderCo,555.05,True
2024-08-26,P1064,MarketLeaderCo,556.3,False
2024-09-02,P1064,MarketLeaderCo,575.5,True
2024-09-09,P1064,MarketLeaderCo,574.5,True
2024-09-16,P1064,MarketLeaderCo,558.49,False
2024-09-23,P1064,MarketLeaderCo,567.44,True
2024-09-30,P1064,MarketLeaderCo,551.83,True
2024-10-07,P1064,MarketLeaderCo,571.87,True
2024-10-14,P1064,MarketLeaderCo,537.33,True
2024-10-21,P1064,MarketLeaderCo,613.53,True
2024-10-28,P1064,MarketLeaderCo,576.51,True
2024-11-04,P1064,MarketLeaderCo,545.66,True
2024-11-11,P1064,MarketLeaderCo,559.77,True
2024-11-18,P1064,MarketLeaderCo,546.48,True
2024-11-25,P1064,MarketLeaderCo,550.45,True
2024-12-02,P1064,MarketLeaderCo,567.89,True
2024-12-09,P1064,MarketLeaderCo,587.87,True
2024-12-16,P1064,MarketLeaderCo,562.59,True
2024-12-23,P1064,MarketLeaderCo,532.3,True
2024-12-30,P1064,MarketLeaderCo,553.91,True
2025-01-06,P1064,MarketLeaderCo,555.03,True
2025-01-13,P1064,MarketLeaderCo,565.81,True
2025-01-20,P1064,MarketLeaderCo,561.92,True
2025-01-27,P1064,MarketLeaderCo,527.07,True
2025-02-03,P1064,MarketLeaderCo,548.65,True
2025-02-10,P1064,MarketLeaderCo,545.56,True
2025-02-17,P1064,MarketLeaderCo,579.5,True
2025-02-24,P1064,MarketLeaderCo,559.48,True
2025-03-03,P1064,MarketLeaderCo,530.47,True
2025-03-10,P1064,MarketLeaderCo,549.61,True
2025-03-17,P1064,MarketLeaderCo,584.19,True
2025-03-24,P1064,MarketLeaderCo,554.16,True
2025-03-31,P1064,MarketLeaderCo,552.81,True
2025-04-07,P1064,MarketLeaderCo,561.42,True
2025-04-14,P1064,MarketLeaderCo,568.13,True
2025-04-21,P1064,MarketLeaderCo,561.89,True
2025-04-28,P1064,MarketLeaderCo,581.63,True
2025-05-05,P1064,MarketLeaderCo,561.89,True
2025-05-12,P1064,MarketLeaderCo,575.72,True
2025-05-19,P1064,MarketLeaderCo,567.64,True
2025-05-26,P1064,MarketLeaderCo,542.42,True
2025-06-02,P1064,MarketLeaderCo,594.53,True
2025-06-09,P1064,MarketLeaderCo,583.87,True
2025-06-16,P1064,MarketLeaderCo,554.71,True
2025-06-23,P1064,MarketLeaderCo,562.43,True
2025-06-30,P1064,MarketLeaderCo,574.72,True
2025-07-07,P1064,MarketLeaderCo,567.35,True
2025-07-14,P1064,MarketLeaderCo,566.12,True
2025-07-21,P1064,MarketLeaderCo,572.87,True
2025-07-28,P1064,MarketLeaderCo,570.29,True
2025-08-04,P1064,MarketLeaderCo,570.37,False
2025-08-11,P1064,MarketLeaderCo,565.85,True
2025-08-18,P1064,MarketLeaderCo,575.12,True
2025-08-25,P1064,MarketLeaderCo,567.86,False
2025-09-01,P1064,MarketLeaderCo,568.28,True
2025-09-08,P1064,MarketLeaderCo,587.58,True
2025-09-15,P1064,MarketLeaderCo,571.64,True
2025-09-22,P1064,MarketLeaderCo,569.9,True
2025-09-29,P1064,MarketLeaderCo,549.26,True
2025-10-06,P1064,MarketLeaderCo,550.11,True
2025-10-13,P1064,MarketLeaderCo,583.63,True
2025-10-20,P1064,MarketLeaderCo,573.97,True
2025-10-27,P1064,MarketLeaderCo,579.84,True
2025-11-03,P1064,MarketLeaderCo,567.65,True
2025-11-10,P1064,MarketLeaderCo,571.04,True
2025-11-17,P1064,MarketLeaderCo,561.84,True
2025-11-24,P1064,MarketLeaderCo,563.85,True
2025-12-01,P1064,MarketLeaderCo,557.25,True
2025-12-08,P1064,MarketLeaderCo,586.89,True
2025-12-15,P1064,MarketLeaderCo,552.26,True
2025-12-22,P1064,MarketLeaderCo,569.51,True
2025-12-29,P1064,MarketLeaderCo,561.65,True
2024-02-12,P1065,CompetitorY,170.4,True
2024-02-19,P1065,CompetitorY,162.32,True
2024-02-26,P1065,CompetitorY,167.5,True
2024-03-04,P1065,CompetitorY,169.81,True
2024-03-11,P1065,CompetitorY,166.47,True
2024-03-18,P1065,CompetitorY,163.86,True
2024-03-25,P1065,CompetitorY,172.28,True
2024-04-01,P1065,CompetitorY,172.46,True
2024-04-08,P1065,CompetitorY,162.28,True
2024-04-15,P1065,CompetitorY,166.12,True
2024-04-22,P1065,CompetitorY,157.82,True
2024-04-29,P1065,CompetitorY,169.82,True
2024-05-06,P1065,CompetitorY,172.27,True
2024-05-13,P1065,CompetitorY,167.61,True
2024-05-20,P1065,CompetitorY,160.52,True
2024-05-27,P1065,CompetitorY,173.7,True
2024-06-03,P1065,CompetitorY,175.76,True
2024-06-10,P1065,CompetitorY,163.52,True
2024-06-17,P1065,CompetitorY,167.88,True
2024-06-24,P1065,CompetitorY,169.73,True
2024-07-01,P1065,CompetitorY,169.58,True
2024-07-08,P1065,CompetitorY,165.91,True
2024-07-15,P1065,CompetitorY,174.61,True
2024-07-22,P1065,CompetitorY,157.89,True
2024-07-29,P1065,CompetitorY,157.95,True
2024-08-05,P1065,CompetitorY,165.59,True
2024-08-12,P1065,CompetitorY,174.34,True
2024-08-19,P1065,CompetitorY,171.43,True
2024-08-26,P1065,CompetitorY,158.25,True
2024-09-02,P1065,CompetitorY,179.8,True
2024-09-09,P1065,CompetitorY,168.43,True
2024-09-16,P1065,CompetitorY,159.94,True
2024-09-23,P1065,CompetitorY,165.21,True
2024-09-30,P1065,CompetitorY,170.48,True
2024-10-07,P1065,CompetitorY,171.9,True
2024-10-14,P1065,CompetitorY,165.34,False
2024-10-21,P1065,CompetitorY,168.27,True
2024-10-28,P1065,CompetitorY,165.05,True
2024-11-04,P1065,CompetitorY,165.34,True
2024-11-11,P1065,CompetitorY,169.27,True
2024-11-18,P1065,CompetitorY,172.83,True
2024-11-25,P1065,CompetitorY,160.02,True
2024-12-02,P1065,CompetitorY,164.51,True
2024-12-09,P1065,CompetitorY,162.68,True
2024-12-16,P1065,CompetitorY,160.66,True
2024-12-23,P1065,CompetitorY,160.41,True
2024-12-30,P1065,CompetitorY,165.79,True
2025-01-06,P1065,CompetitorY,160.34,False
2025-01-13,P1065,CompetitorY,160.17,True
2025-01-20,P1065,CompetitorY,164.78,True
2025-01-27,P1065,CompetitorY,160.8,True
2025-02-03,P1065,CompetitorY,168.2,True
2025-02-10,P1065,CompetitorY,163.29,True
2025-02-17,P1065,CompetitorY,159.73,True
2025-02-24,P1065,CompetitorY,177.23,True
2025-03-03,P1065,CompetitorY,155.07,True
2025-03-10,P1065,CompetitorY,169.93,True
2025-03-17,P1065,CompetitorY,167.39,True
2025-03-24,P1065,CompetitorY,163.26,True
2025-03-31,P1065,CompetitorY,161.16,True
2025-04-07,P1065,CompetitorY,174.26,True
2025-04-14,P1065,CompetitorY,176.23,True
2025-04-21,P1065,CompetitorY,164.21,True
2025-04-28,P1065,CompetitorY,163.49,True
2025-05-05,P1065,CompetitorY,171.28,True
2025-05-12,P1065,CompetitorY,164.45,True
2025-05-19,P1065,CompetitorY,168.57,True
2025-05-26,P1065,CompetitorY,168.44,True
2025-06-02,P1065,CompetitorY,165.86,True
2025-06-09,P1065,CompetitorY,166.49,True
2025-06-16,P1065,CompetitorY,167.51,False
2025-06-23,P1065,CompetitorY,160.26,True
2025-06-30,P1065,CompetitorY,162.29,True
2025-07-07,P1065,CompetitorY,166.79,True
2025-07-14,P1065,CompetitorY,163.41,True
2025-07-21,P1065,CompetitorY,179.47,True
2025-07-28,P1065,CompetitorY,166.33,True
2025-08-04,P1065,CompetitorY,157.03,True
2025-08-11,P1065,CompetitorY,151.68,True
2025-08-18,P1065,CompetitorY,169.75,True
2025-08-25,P1065,CompetitorY,166.37,False
2025-09-01,P1065,CompetitorY,172.83,True
2025-09-08,P1065,CompetitorY,162.47,True
2025-09-15,P1065,CompetitorY,165.07,True
2025-09-22,P1065,CompetitorY,167.06,True
2025-09-29,P1065,CompetitorY,164.9,True
2025-10-06,P1065,CompetitorY,164.49,True
2025-10-13,P1065,CompetitorY,169.28,True
2025-10-20,P1065,CompetitorY,161.53,True
2025-10-27,P1065,CompetitorY,168.33,True
2025-11-03,P1065,CompetitorY,174.76,True
2025-11-10,P1065,CompetitorY,173.9,True
2025-11-17,P1065,CompetitorY,156.69,True
2025-11-24,P1065,CompetitorY,163.24,True
2025-12-01,P1065,CompetitorY,167.11,True
2025-12-08,P1065,CompetitorY,172.02,True
2025-12-15,P1065,CompetitorY,166.71,True
2025-12-22,P1065,CompetitorY,172.03,True
2025-12-29,P1065,CompetitorY,162.34,True
2024-02-12,P1065,MarketLeaderCo,165.07,True
2024-02-19,P1065,MarketLeaderCo,167.83,True
2024-02-26,P1065,MarketLeaderCo,167.1,True
2024-03-04,P1065,MarketLeaderCo,166.01,True
2024-03-11,P1065,MarketLeaderCo,160.95,True
2024-03-18,P1065,MarketLeaderCo,170.86,True
2024-03-25,P1065,MarketLeaderCo,160.28,True
2024-04-01,P1065,MarketLeaderCo,158.41,True
2024-04-08,P1065,MarketLeaderCo,159.89,True
2024-04-15,P1065,MarketLeaderCo,156.83,True
2024-04-22,P1065,MarketLeaderCo,165.49,True
2024-04-29,P1065,MarketLeaderCo,162.58,True
2024-05-06,P1065,MarketLeaderCo,168.15,True
2024-05-13,P1065,MarketLeaderCo,150.71,True
2024-05-20,P1065,MarketLeaderCo,163.67,True
2024-05-27,P1065,MarketLeaderCo,161.39,True
2024-06-03,P1065,MarketLeaderCo,160.96,True
2024-06-10,P1065,MarketLeaderCo,157.57,True
2024-06-17,P1065,MarketLeaderCo,162.86,True
2024-06-24,P1065,MarketLeaderCo,158.91,True
2024-07-01,P1065,MarketLeaderCo,170.06,True
2024-07-08,P1065,MarketLeaderCo,165.7,True
2024-07-15,P1065,MarketLeaderCo,167.43,True
2024-07-22,P1065,MarketLeaderCo,154.15,True
2024-07-29,P1065,MarketLeaderCo,166.97,True
2024-08-05,P1065,MarketLeaderCo,166.51,True
2024-08-12,P1065,MarketLeaderCo,160.66,True
2024-08-19,P1065,MarketLeaderCo,161.74,True
2024-08-26,P1065,MarketLeaderCo,157.85,True
2024-09-02,P1065,MarketLeaderCo,161.14,True
2024-09-09,P1065,MarketLeaderCo,165.4,True
2024-09-16,P1065,MarketLeaderCo,159.38,True
2024-09-23,P1065,MarketLeaderCo,162.82,True
2024-09-30,P1065,MarketLeaderCo,175.07,True
2024-10-07,P1065,MarketLeaderCo,157.87,True
2024-10-14,P1065,MarketLeaderCo,164.27,True
2024-10-21,P1065,MarketLeaderCo,157.6,True
2024-10-28,P1065,MarketLeaderCo,155.4,True
2024-11-04,P1065,MarketLeaderCo,166.55,True
2024-11-11,P1065,MarketLeaderCo,160.66,False
2024-11-18,P1065,MarketLeaderCo,170.45,True
2024-11-25,P1065,MarketLeaderCo,165.42,True
2024-12-02,P1065,MarketLeaderCo,158.81,False
2024-12-09,P1065,MarketLeaderCo,158.37,False
2024-12-16,P1065,MarketLeaderCo,166.16,True
2024-12-23,P1065,MarketLeaderCo,157.51,True
2024-12-30,P1065,MarketLeaderCo,157.37,True
2025-01-06,P1065,MarketLeaderCo,154.26,True
2025-01-13,P1065,MarketLeaderCo,165.69,True
2025-01-20,P1065,MarketLeaderCo,158.69,True
2025-01-27,P1065,MarketLeaderCo,164.4,False
2025-02-03,P1065,MarketLeaderCo,156.29,True
2025-02-10,P1065,MarketLeaderCo,154.65,True
2025-02-17,P1065,MarketLeaderCo,166.16,True
2025-02-24,P1065,MarketLeaderCo,161.87,True
2025-03-03,P1065,MarketLeaderCo,159.34,True
2025-03-10,P1065,MarketLeaderCo,160.27,True
2025-03-17,P1065,MarketLeaderCo,160.29,True
2025-03-24,P1065,MarketLeaderCo,172.57,True
2025-03-31,P1065,MarketLeaderCo,163.94,True
2025-04-07,P1065,MarketLeaderCo,163.32,True
2025-04-14,P1065,MarketLeaderCo,158.97,True
2025-04-21,P1065,MarketLeaderCo,166.48,True
2025-04-28,P1065,MarketLeaderCo,157.02,True
2025-05-05,P1065,MarketLeaderCo,165.18,True
2025-05-12,P1065,MarketLeaderCo,165.2,True
2025-05-19,P1065,MarketLeaderCo,167.61,True
2025-05-26,P1065,MarketLeaderCo,153.04,True
2025-06-02,P1065,MarketLeaderCo,168.15,True
2025-06-09,P1065,MarketLeaderCo,164.37,True
2025-06-16,P1065,MarketLeaderCo,158.96,True
2025-06-23,P1065,MarketLeaderCo,152.11,True
2025-06-30,P1065,MarketLeaderCo,160.66,True
2025-07-07,P1065,MarketLeaderCo,163.56,True
2025-07-14,P1065,MarketLeaderCo,155.23,True
2025-07-21,P1065,MarketLeaderCo,158.49,True
2025-07-28,P1065,MarketLeaderCo,156.48,True
2025-08-04,P1065,MarketLeaderCo,160.52,True
2025-08-11,P1065,MarketLeaderCo,157.34,True
2025-08-18,P1065,MarketLeaderCo,173.23,True
2025-08-25,P1065,MarketLeaderCo,166.86,True
2025-09-01,P1065,MarketLeaderCo,157.25,True
2025-09-08,P1065,MarketLeaderCo,157.96,True
2025-09-15,P1065,MarketLeaderCo,155.42,True
2025-09-22,P1065,MarketLeaderCo,161.91,True
2025-09-29,P1065,MarketLeaderCo,171.31,True
2025-10-06,P1065,MarketLeaderCo,168.49,True
2025-10-13,P1065,MarketLeaderCo,163.61,True
2025-10-20,P1065,MarketLeaderCo,161.21,True
2025-10-27,P1065,MarketLeaderCo,165.34,True
2025-11-03,P1065,MarketLeaderCo,164.01,True
2025-11-10,P1065,MarketLeaderCo,164.76,True
2025-11-17,P1065,MarketLeaderCo,163.61,True
2025-11-24,P1065,MarketLeaderCo,164.82,True
2025-12-01,P1065,MarketLeaderCo,155.71,True
2025-12-08,P1065,MarketLeaderCo,162.06,True
2025-12-15,P1065,MarketLeaderCo,163.78,True
2025-12-22,P1065,MarketLeaderCo,160.52,True
2025-12-29,P1065,MarketLeaderCo,156.56,True
2024-02-12,P1065,CompetitorZ,167.56,True
2024-02-19,P1065,CompetitorZ,164.66,True
2024-02-26,P1065,CompetitorZ,164.77,True
2024-03-04,P1065,CompetitorZ,167.31,True
2024-03-11,P1065,CompetitorZ,166.91,True
2024-03-18,P1065,CompetitorZ,167.53,True
2024-03-25,P1065,CompetitorZ,165.3,True
2024-04-01,P1065,CompetitorZ,164.16,True
2024-04-08,P1065,CompetitorZ,167.58,True
2024-04-15,P1065,CompetitorZ,170.8,True
2024-04-22,P1065,CompetitorZ,164.98,True
2024-04-29,P1065,CompetitorZ,155.54,True
2024-05-06,P1065,CompetitorZ,160.66,True
2024-05-13,P1065,CompetitorZ,172.93,True
2024-05-20,P1065,CompetitorZ,172.53,True
2024-05-27,P1065,CompetitorZ,170.78,True
2024-06-03,P1065,CompetitorZ,170.11,True
2024-06-10,P1065,CompetitorZ,172.65,True
2024-06-17,P1065,CompetitorZ,165.81,True
2024-06-24,P1065,CompetitorZ,168.23,True
2024-07-01,P1065,CompetitorZ,163.66,False
2024-07-08,P1065,CompetitorZ,166.65,True
2024-07-15,P1065,CompetitorZ,177.07,True
2024-07-22,P1065,CompetitorZ,163.38,True
2024-07-29,P1065,CompetitorZ,161.68,True
2024-08-05,P1065,CompetitorZ,166.56,True
2024-08-12,P1065,CompetitorZ,165.52,True
2024-08-19,P1065,CompetitorZ,168.87,True
2024-08-26,P1065,CompetitorZ,171.52,True
2024-09-02,P1065,CompetitorZ,165.65,False
2024-09-09,P1065,CompetitorZ,178.12,True
2024-09-16,P1065,CompetitorZ,173.72,True
2024-09-23,P1065,CompetitorZ,163.7,True
2024-09-30,P1065,CompetitorZ,167.14,True
2024-10-07,P1065,CompetitorZ,170.19,True
2024-10-14,P1065,CompetitorZ,163.37,True
2024-10-21,P1065,CompetitorZ,157.16,True
2024-10-28,P1065,CompetitorZ,177.23,True
2024-11-04,P1065,CompetitorZ,161.97,True
2024-11-11,P1065,CompetitorZ,171.82,True
2024-11-18,P1065,CompetitorZ,171.05,True
2024-11-25,P1065,CompetitorZ,163.43,True
2024-12-02,P1065,CompetitorZ,177.38,True
2024-12-09,P1065,CompetitorZ,167.86,True
2024-12-16,P1065,CompetitorZ,168.23,True
2024-12-23,P1065,CompetitorZ,159.8,True
2024-12-30,P1065,CompetitorZ,156.92,True
2025-01-06,P1065,CompetitorZ,166.32,True
2025-01-13,P1065,CompetitorZ,174.05,True
2025-01-20,P1065,CompetitorZ,158.18,True
2025-01-27,P1065,CompetitorZ,168.26,True
2025-02-03,P1065,CompetitorZ,167.94,True
2025-02-10,P1065,CompetitorZ,173.77,True
2025-02-17,P1065,CompetitorZ,172.64,True
2025-02-24,P1065,CompetitorZ,168.24,True
2025-03-03,P1065,CompetitorZ,167.06,True
2025-03-10,P1065,CompetitorZ,163.92,True
2025-03-17,P1065,CompetitorZ,161.78,True
2025-03-24,P1065,CompetitorZ,164.39,True
2025-03-31,P1065,CompetitorZ,161.97,True
2025-04-07,P1065,CompetitorZ,167.01,True
2025-04-14,P1065,CompetitorZ,167.36,True
2025-04-21,P1065,CompetitorZ,166.15,True
2025-04-28,P1065,CompetitorZ,168.08,True
2025-05-05,P1065,CompetitorZ,165.23,True
2025-05-12,P1065,CompetitorZ,171.76,True
2025-05-19,P1065,CompetitorZ,168.68,True
2025-05-26,P1065,CompetitorZ,165.1,True
2025-06-02,P1065,CompetitorZ,161.67,True
2025-06-09,P1065,CompetitorZ,167.12,True
2025-06-16,P1065,CompetitorZ,173.27,True
2025-06-23,P1065,CompetitorZ,170.5,True
2025-06-30,P1065,CompetitorZ,171.34,True
2025-07-07,P1065,CompetitorZ,171.17,True
2025-07-14,P1065,CompetitorZ,173.64,False
2025-07-21,P1065,CompetitorZ,171.87,True
2025-07-28,P1065,CompetitorZ,168.28,True
2025-08-04,P1065,CompetitorZ,165.49,True
2025-08-11,P1065,CompetitorZ,171.94,True
2025-08-18,P1065,CompetitorZ,155.38,False
2025-08-25,P1065,CompetitorZ,173.9,True
2025-09-01,P1065,CompetitorZ,171.0,True
2025-09-08,P1065,CompetitorZ,175.77,True
2025-09-15,P1065,CompetitorZ,161.91,True
2025-09-22,P1065,CompetitorZ,173.37,True
2025-09-29,P1065,CompetitorZ,170.87,True
2025-10-06,P1065,CompetitorZ,164.48,True
2025-10-13,P1065,CompetitorZ,166.85,True
2025-10-20,P1065,CompetitorZ,166.5,True
2025-10-27,P1065,CompetitorZ,165.7,True
2025-11-03,P1065,CompetitorZ,160.76,True
2025-11-10,P1065,CompetitorZ,173.44,True
2025-11-17,P1065,CompetitorZ,162.78,True
2025-11-24,P1065,CompetitorZ,162.26,True
2025-12-01,P1065,CompetitorZ,173.56,True
2025-12-08,P1065,CompetitorZ,160.48,True
2025-12-15,P1065,CompetitorZ,166.01,True
2025-12-22,P1065,CompetitorZ,162.54,True
2025-12-29,P1065,CompetitorZ,175.76,True
2024-07-15,P1066,CompetitorZ,765.01,True
2024-07-22,P1066,CompetitorZ,755.42,True
2024-07-29,P1066,CompetitorZ,757.51,True
2024-08-05,P1066,CompetitorZ,762.1,True
2024-08-12,P1066,CompetitorZ,757.17,True
2024-08-19,P1066,CompetitorZ,758.63,True
2024-08-26,P1066,CompetitorZ,766.65,True
2024-09-02,P1066,CompetitorZ,781.95,True
2024-09-09,P1066,CompetitorZ,779.53,True
2024-09-16,P1066,CompetitorZ,761.16,True
2024-09-23,P1066,CompetitorZ,766.4,True
2024-09-30,P1066,CompetitorZ,804.95,True
2024-10-07,P1066,CompetitorZ,796.65,True
2024-10-14,P1066,CompetitorZ,786.47,True
2024-10-21,P1066,CompetitorZ,732.63,True
2024-10-28,P1066,CompetitorZ,776.23,True
2024-11-04,P1066,CompetitorZ,758.07,True
2024-11-11,P1066,CompetitorZ,751.55,True
2024-11-18,P1066,CompetitorZ,765.4,True
2024-11-25,P1066,CompetitorZ,798.05,True
2024-12-02,P1066,CompetitorZ,794.37,True
2024-12-09,P1066,CompetitorZ,759.37,True
2024-12-16,P1066,CompetitorZ,775.71,True
2024-12-23,P1066,CompetitorZ,763.96,True
2024-12-30,P1066,CompetitorZ,768.18,True
2025-01-06,P1066,CompetitorZ,796.9,True
2025-01-13,P1066,CompetitorZ,772.28,True
2025-01-20,P1066,CompetitorZ,732.96,True
2025-01-27,P1066,CompetitorZ,776.97,True
2025-02-03,P1066,CompetitorZ,815.91,True
2025-02-10,P1066,CompetitorZ,757.5,True
2025-02-17,P1066,CompetitorZ,809.69,True
2025-02-24,P1066,CompetitorZ,788.08,True
2025-03-03,P1066,CompetitorZ,801.05,True
2025-03-10,P1066,CompetitorZ,794.07,True
2025-03-17,P1066,CompetitorZ,777.88,True
2025-03-24,P1066,CompetitorZ,759.51,True
2025-03-31,P1066,CompetitorZ,777.83,True
2025-04-07,P1066,CompetitorZ,779.16,True
2025-04-14,P1066,CompetitorZ,796.3,True
2025-04-21,P1066,CompetitorZ,721.5,False
2025-04-28,P1066,CompetitorZ,740.56,True
2025-05-05,P1066,CompetitorZ,779.23,True
2025-05-12,P1066,CompetitorZ,781.47,True
2025-05-19,P1066,CompetitorZ,753.62,True
2025-05-26,P1066,CompetitorZ,782.04,False
2025-06-02,P1066,CompetitorZ,789.49,True
2025-06-09,P1066,CompetitorZ,769.23,True
2025-06-16,P1066,CompetitorZ,806.93,True
2025-06-23,P1066,CompetitorZ,811.27,True
2025-06-30,P1066,CompetitorZ,776.58,True
2025-07-07,P1066,CompetitorZ,793.27,True
2025-07-14,P1066,CompetitorZ,734.37,True
2025-07-21,P1066,CompetitorZ,798.66,True
2025-07-28,P1066,CompetitorZ,807.78,True
2025-08-04,P1066,CompetitorZ,750.18,True
2025-08-11,P1066,CompetitorZ,788.06,True
2025-08-18,P1066,CompetitorZ,730.26,True
2025-08-25,P1066,CompetitorZ,755.49,True
2025-09-01,P1066,CompetitorZ,761.67,True
2025-09-08,P1066,CompetitorZ,739.52,True
2025-09-15,P1066,CompetitorZ,768.22,True
2025-09-22,P1066,CompetitorZ,766.69,False
2025-09-29,P1066,CompetitorZ,788.07,True
2025-10-06,P1066,CompetitorZ,738.61,True
2025-10-13,P1066,CompetitorZ,788.22,True
2025-10-20,P1066,CompetitorZ,755.43,True
2025-10-27,P1066,CompetitorZ,744.07,True
2025-11-03,P1066,CompetitorZ,769.19,True
2025-11-10,P1066,CompetitorZ,791.22,True
2025-11-17,P1066,CompetitorZ,762.51,True
2025-11-24,P1066,CompetitorZ,785.68,True
2025-12-01,P1066,CompetitorZ,780.22,False
2025-12-08,P1066,CompetitorZ,846.51,True
2025-12-15,P1066,CompetitorZ,766.49,True
2025-12-22,P1066,CompetitorZ,769.88,True
2025-12-29,P1066,CompetitorZ,799.47,True
2024-07-15,P1066,CompetitorX,769.53,True
2024-07-22,P1066,CompetitorX,766.94,True
2024-07-29,P1066,CompetitorX,777.95,True
2024-08-05,P1066,CompetitorX,753.47,True
2024-08-12,P1066,CompetitorX,772.01,True
2024-08-19,P1066,CompetitorX,747.15,True
2024-08-26,P1066,CompetitorX,766.0,True
2024-09-02,P1066,CompetitorX,792.2,True
2024-09-09,P1066,CompetitorX,793.28,True
2024-09-16,P1066,CompetitorX,797.85,True
2024-09-23,P1066,CompetitorX,768.38,True
2024-09-30,P1066,CompetitorX,763.17,False
2024-10-07,P1066,CompetitorX,787.79,True
2024-10-14,P1066,CompetitorX,797.71,True
2024-10-21,P1066,CompetitorX,772.66,True
2024-10-28,P1066,CompetitorX,805.69,True
2024-11-04,P1066,CompetitorX,787.16,False
2024-11-11,P1066,CompetitorX,757.53,True
2024-11-18,P1066,CompetitorX,760.32,True
2024-11-25,P1066,CompetitorX,769.79,True
2024-12-02,P1066,CompetitorX,734.42,True
2024-12-09,P1066,CompetitorX,757.93,True
2024-12-16,P1066,CompetitorX,797.11,True
2024-12-23,P1066,CompetitorX,801.83,True
2024-12-30,P1066,CompetitorX,777.34,True
2025-01-06,P1066,CompetitorX,781.23,True
2025-01-13,P1066,CompetitorX,763.56,True
2025-01-20,P1066,CompetitorX,755.93,True
2025-01-27,P1066,CompetitorX,783.92,False
2025-02-03,P1066,CompetitorX,760.56,True
2025-02-10,P1066,CompetitorX,809.81,True
2025-02-17,P1066,CompetitorX,780.18,True
2025-02-24,P1066,CompetitorX,781.02,True
2025-03-03,P1066,CompetitorX,746.23,True
2025-03-10,P1066,CompetitorX,717.12,True
2025-03-17,P1066,CompetitorX,781.02,True
2025-03-24,P1066,CompetitorX,759.24,True
2025-03-31,P1066,CompetitorX,793.48,False
2025-04-07,P1066,CompetitorX,749.62,True
2025-04-14,P1066,CompetitorX,758.45,True
2025-04-21,P1066,CompetitorX,796.61,True
2025-04-28,P1066,CompetitorX,780.83,True
2025-05-05,P1066,CompetitorX,747.58,True
2025-05-12,P1066,CompetitorX,771.51,True
2025-05-19,P1066,CompetitorX,814.75,True
2025-05-26,P1066,CompetitorX,774.05,True
2025-06-02,P1066,CompetitorX,767.31,True
2025-06-09,P1066,CompetitorX,791.43,True
2025-06-16,P1066,CompetitorX,778.87,True
2025-06-23,P1066,CompetitorX,804.11,True
2025-06-30,P1066,CompetitorX,788.19,True
2025-07-07,P1066,CompetitorX,791.69,True
2025-07-14,P1066,CompetitorX,805.23,True
2025-07-21,P1066,CompetitorX,763.81,True
2025-07-28,P1066,CompetitorX,756.88,True
2025-08-04,P1066,CompetitorX,739.61,True
2025-08-11,P1066,CompetitorX,765.85,False
2025-08-18,P1066,CompetitorX,740.47,True
2025-08-25,P1066,CompetitorX,779.18,True
2025-09-01,P1066,CompetitorX,756.54,True
2025-09-08,P1066,CompetitorX,792.98,True
2025-09-15,P1066,CompetitorX,788.73,True
2025-09-22,P1066,CompetitorX,761.72,True
2025-09-29,P1066,CompetitorX,793.3,True
2025-10-06,P1066,CompetitorX,774.18,True
2025-10-13,P1066,CompetitorX,729.77,True
2025-10-20,P1066,CompetitorX,747.87,True
2025-10-27,P1066,CompetitorX,753.98,True
2025-11-03,P1066,CompetitorX,770.97,True
2025-11-10,P1066,CompetitorX,760.81,True
2025-11-17,P1066,CompetitorX,758.5,False
2025-11-24,P1066,CompetitorX,784.16,True
2025-12-01,P1066,CompetitorX,788.92,True
2025-12-08,P1066,CompetitorX,756.43,True
2025-12-15,P1066,CompetitorX,751.08,True
2025-12-22,P1066,CompetitorX,799.96,True
2025-12-29,P1066,CompetitorX,833.76,True
2024-07-15,P1066,MarketLeaderCo,917.91,True
2024-07-22,P1066,MarketLeaderCo,911.18,True
2024-07-29,P1066,MarketLeaderCo,869.26,True
2024-08-05,P1066,MarketLeaderCo,895.08,True
2024-08-12,P1066,MarketLeaderCo,880.03,True
2024-08-19,P1066,MarketLeaderCo,877.4,True
2024-08-26,P1066,MarketLeaderCo,871.32,True
2024-09-02,P1066,MarketLeaderCo,896.16,True
2024-09-09,P1066,MarketLeaderCo,914.13,True
2024-09-16,P1066,MarketLeaderCo,874.59,True
2024-09-23,P1066,MarketLeaderCo,932.75,True
2024-09-30,P1066,MarketLeaderCo,921.72,True
2024-10-07,P1066,MarketLeaderCo,907.22,True
2024-10-14,P1066,MarketLeaderCo,972.82,True
2024-10-21,P1066,MarketLeaderCo,906.97,True
2024-10-28,P1066,MarketLeaderCo,935.44,True
2024-11-04,P1066,MarketLeaderCo,919.31,True
2024-11-11,P1066,MarketLeaderCo,953.0,True
2024-11-18,P1066,MarketLeaderCo,943.29,True
2024-11-25,P1066,MarketLeaderCo,905.34,True
2024-12-02,P1066,MarketLeaderCo,906.34,True
2024-12-09,P1066,MarketLeaderCo,876.8,True
2024-12-16,P1066,MarketLeaderCo,916.74,True
2024-12-23,P1066,MarketLeaderCo,931.51,True
2024-12-30,P1066,MarketLeaderCo,911.87,True
2025-01-06,P1066,MarketLeaderCo,951.95,True
2025-01-13,P1066,MarketLeaderCo,917.54,True
2025-01-20,P1066,MarketLeaderCo,947.75,True
2025-01-27,P1066,MarketLeaderCo,909.1,True
2025-02-03,P1066,MarketLeaderCo,881.79,True
2025-02-10,P1066,MarketLeaderCo,896.44,True
2025-02-17,P1066,MarketLeaderCo,912.68,True
2025-02-24,P1066,MarketLeaderCo,893.02,True
2025-03-03,P1066,MarketLeaderCo,868.21,True
2025-03-10,P1066,MarketLeaderCo,858.69,True
2025-03-17,P1066,MarketLeaderCo,941.35,True
2025-03-24,P1066,MarketLeaderCo,924.13,True
2025-03-31,P1066,MarketLeaderCo,921.12,True
2025-04-07,P1066,MarketLeaderCo,918.18,True
2025-04-14,P1066,MarketLeaderCo,898.56,True
2025-04-21,P1066,MarketLeaderCo,935.34,False
2025-04-28,P1066,MarketLeaderCo,865.9,True
2025-05-05,P1066,MarketLeaderCo,856.45,True
2025-05-12,P1066,MarketLeaderCo,908.04,True
2025-05-19,P1066,MarketLeaderCo,917.12,True
2025-05-26,P1066,MarketLeaderCo,889.34,True
2025-06-02,P1066,MarketLeaderCo,869.9,True
2025-06-09,P1066,MarketLeaderCo,929.76,True
2025-06-16,P1066,MarketLeaderCo,902.29,True
2025-06-23,P1066,MarketLeaderCo,932.59,True
2025-06-30,P1066,MarketLeaderCo,949.35,True
2025-07-07,P1066,MarketLeaderCo,869.62,True
2025-07-14,P1066,MarketLeaderCo,919.41,True
2025-07-21,P1066,MarketLeaderCo,920.41,True
2025-07-28,P1066,MarketLeaderCo,933.97,True
2025-08-04,P1066,MarketLeaderCo,898.95,True
2025-08-11,P1066,MarketLeaderCo,915.1,True
2025-08-18,P1066,MarketLeaderCo,933.67,True
2025-08-25,P1066,MarketLeaderCo,925.56,True
2025-09-01,P1066,MarketLeaderCo,956.29,True
2025-09-08,P1066,MarketLeaderCo,889.77,True
2025-09-15,P1066,MarketLeaderCo,919.24,True
2025-09-22,P1066,MarketLeaderCo,911.2,True
2025-09-29,P1066,MarketLeaderCo,907.91,True
2025-10-06,P1066,MarketLeaderCo,929.69,True
2025-10-13,P1066,MarketLeaderCo,916.74,True
2025-10-20,P1066,MarketLeaderCo,884.35,True
2025-10-27,P1066,MarketLeaderCo,939.68,True
2025-11-03,P1066,MarketLeaderCo,929.74,True
2025-11-10,P1066,MarketLeaderCo,953.98,True
2025-11-17,P1066,MarketLeaderCo,933.49,True
2025-11-24,P1066,MarketLeaderCo,907.71,True
2025-12-01,P1066,MarketLeaderCo,907.92,True
2025-12-08,P1066,MarketLeaderCo,941.96,True
2025-12-15,P1066,MarketLeaderCo,892.54,True
2025-12-22,P1066,MarketLeaderCo,888.77,True
2025-12-29,P1066,MarketLeaderCo,919.61,True
2024-07-22,P1067,MarketLeaderCo,51.37,True
2024-07-29,P1067,MarketLeaderCo,54.88,True
2024-08-05,P1067,MarketLeaderCo,54.8,True
2024-08-12,P1067,MarketLeaderCo,50.69,True
2024-08-19,P1067,MarketLeaderCo,52.88,True
2024-08-26,P1067,MarketLeaderCo,54.99,True
2024-09-02,P1067,MarketLeaderCo,54.84,True
2024-09-09,P1067,MarketLeaderCo,50.95,True
2024-09-16,P1067,MarketLeaderCo,55.44,True
2024-09-23,P1067,MarketLeaderCo,54.77,True
2024-09-30,P1067,MarketLeaderCo,52.23,True
2024-10-07,P1067,MarketLeaderCo,54.44,True
2024-10-14,P1067,MarketLeaderCo,53.41,True
2024-10-21,P1067,MarketLeaderCo,54.57,True
2024-10-28,P1067,MarketLeaderCo,50.88,True
2024-11-04,P1067,MarketLeaderCo,53.21,True
2024-11-11,P1067,MarketLeaderCo,55.69,True
2024-11-18,P1067,MarketLeaderCo,54.65,True
2024-11-25,P1067,MarketLeaderCo,55.06,True
2024-12-02,P1067,MarketLeaderCo,53.4,True
2024-12-09,P1067,MarketLeaderCo,54.69,True
2024-12-16,P1067,MarketLeaderCo,53.52,True
2024-12-23,P1067,MarketLeaderCo,52.29,True
2024-12-30,P1067,MarketLeaderCo,53.37,True
2025-01-06,P1067,MarketLeaderCo,56.13,True
2025-01-13,P1067,MarketLeaderCo,55.61,True
2025-01-20,P1067,MarketLeaderCo,52.18,True
2025-01-27,P1067,MarketLeaderCo,53.11,True
2025-02-03,P1067,MarketLeaderCo,52.29,True
2025-02-10,P1067,MarketLeaderCo,54.07,True
2025-02-17,P1067,MarketLeaderCo,55.39,True
2025-02-24,P1067,MarketLeaderCo,57.06,True
2025-03-03,P1067,MarketLeaderCo,51.48,True
2025-03-10,P1067,MarketLeaderCo,55.17,True
2025-03-17,P1067,MarketLeaderCo,53.77,True
2025-03-24,P1067,MarketLeaderCo,53.19,True
2025-03-31,P1067,MarketLeaderCo,52.27,True
2025-04-07,P1067,MarketLeaderCo,56.65,True
2025-04-14,P1067,MarketLeaderCo,51.15,True
2025-04-21,P1067,MarketLeaderCo,52.99,True
2025-04-28,P1067,MarketLeaderCo,54.37,True
2025-05-05,P1067,MarketLeaderCo,54.51,True
2025-05-12,P1067,MarketLeaderCo,55.79,True
2025-05-19,P1067,MarketLeaderCo,52.36,True
2025-05-26,P1067,MarketLeaderCo,54.79,True
2025-06-02,P1067,MarketLeaderCo,53.68,True
2025-06-09,P1067,MarketLeaderCo,53.85,True
2025-06-16,P1067,MarketLeaderCo,53.04,True
2025-06-23,P1067,MarketLeaderCo,54.04,True
2025-06-30,P1067,MarketLeaderCo,53.55,True
2025-07-07,P1067,MarketLeaderCo,53.21,True
2025-07-14,P1067,MarketLeaderCo,52.93,False
2025-07-21,P1067,MarketLeaderCo,54.38,False
2025-07-28,P1067,MarketLeaderCo,51.63,False
2025-08-04,P1067,MarketLeaderCo,53.47,True
2025-08-11,P1067,MarketLeaderCo,52.54,True
2025-08-18,P1067,MarketLeaderCo,53.58,True
2025-08-25,P1067,MarketLeaderCo,53.6,False
2025-09-01,P1067,MarketLeaderCo,55.18,True
2025-09-08,P1067,MarketLeaderCo,54.84,True
2025-09-15,P1067,MarketLeaderCo,54.25,True
2025-09-22,P1067,MarketLeaderCo,54.06,True
2025-09-29,P1067,MarketLeaderCo,53.47,True
2025-10-06,P1067,MarketLeaderCo,53.44,True
2025-10-13,P1067,MarketLeaderCo,50.96,True
2025-10-20,P1067,MarketLeaderCo,54.96,True
2025-10-27,P1067,MarketLeaderCo,54.21,True
2025-11-03,P1067,MarketLeaderCo,55.72,True
2025-11-10,P1067,MarketLeaderCo,52.89,True
2025-11-17,P1067,MarketLeaderCo,55.81,True
2025-11-24,P1067,MarketLeaderCo,53.47,True
2025-12-01,P1067,MarketLeaderCo,52.86,True
2025-12-08,P1067,MarketLeaderCo,56.27,True
2025-12-15,P1067,MarketLeaderCo,54.37,True
2025-12-22,P1067,MarketLeaderCo,56.48,True
2025-12-29,P1067,MarketLeaderCo,54.06,True
2024-07-22,P1067,CompetitorX,48.67,True
2024-07-29,P1067,CompetitorX,47.94,True
2024-08-05,P1067,CompetitorX,48.38,True
2024-08-12,P1067,CompetitorX,48.87,True
2024-08-19,P1067,CompetitorX,48.37,True
2024-08-26,P1067,CompetitorX,46.14,True
2024-09-02,P1067,CompetitorX,48.48,True
2024-09-09,P1067,CompetitorX,48.23,True
2024-09-16,P1067,CompetitorX,45.14,True
2024-09-23,P1067,CompetitorX,49.89,True
2024-09-30,P1067,CompetitorX,46.98,True
2024-10-07,P1067,CompetitorX,48.94,True
2024-10-14,P1067,CompetitorX,47.04,True
2024-10-21,P1067,CompetitorX,46.76,True
2024-10-28,P1067,CompetitorX,47.4,True
2024-11-04,P1067,CompetitorX,50.54,True
2024-11-11,P1067,CompetitorX,50.39,True
2024-11-18,P1067,CompetitorX,46.76,True
2024-11-25,P1067,CompetitorX,49.3,True
2024-12-02,P1067,CompetitorX,47.55,True
2024-12-09,P1067,CompetitorX,50.39,True
2024-12-16,P1067,CompetitorX,49.16,True
2024-12-23,P1067,CompetitorX,47.91,True
2024-12-30,P1067,CompetitorX,47.63,True
2025-01-06,P1067,CompetitorX,48.38,True
2025-01-13,P1067,CompetitorX,48.21,True
2025-01-20,P1067,CompetitorX,45.95,True
2025-01-27,P1067,CompetitorX,47.81,True
2025-02-03,P1067,CompetitorX,46.59,True
2025-02-10,P1067,CompetitorX,46.76,True
2025-02-17,P1067,CompetitorX,49.11,True
2025-02-24,P1067,CompetitorX,47.81,True
2025-03-03,P1067,CompetitorX,46.87,True
2025-03-10,P1067,CompetitorX,45.79,True
2025-03-17,P1067,CompetitorX,46.41,True
2025-03-24,P1067,CompetitorX,47.43,True
2025-03-31,P1067,CompetitorX,49.92,True
2025-04-07,P1067,CompetitorX,46.02,True
2025-04-14,P1067,CompetitorX,47.94,True
2025-04-21,P1067,CompetitorX,48.1,True
2025-04-28,P1067,CompetitorX,49.26,True
2025-05-05,P1067,CompetitorX,47.7,True
2025-05-12,P1067,CompetitorX,48.1,True
2025-05-19,P1067,CompetitorX,49.2,True
2025-05-26,P1067,CompetitorX,46.41,True
2025-06-02,P1067,CompetitorX,48.64,True
2025-06-09,P1067,CompetitorX,45.53,True
2025-06-16,P1067,CompetitorX,47.61,True
2025-06-23,P1067,CompetitorX,47.18,False
2025-06-30,P1067,CompetitorX,46.49,True
2025-07-07,P1067,CompetitorX,48.9,True
2025-07-14,P1067,CompetitorX,48.98,True
2025-07-21,P1067,CompetitorX,49.04,True
2025-07-28,P1067,CompetitorX,48.06,True
2025-08-04,P1067,CompetitorX,45.76,True
2025-08-11,P1067,CompetitorX,47.05,True
2025-08-18,P1067,CompetitorX,48.95,True
2025-08-25,P1067,CompetitorX,48.93,True
2025-09-01,P1067,CompetitorX,49.22,True
2025-09-08,P1067,CompetitorX,47.96,True
2025-09-15,P1067,CompetitorX,47.26,True
2025-09-22,P1067,CompetitorX,44.72,False
2025-09-29,P1067,CompetitorX,48.75,True
2025-10-06,P1067,CompetitorX,47.38,True
2025-10-13,P1067,CompetitorX,45.73,True
2025-10-20,P1067,CompetitorX,48.6,True
2025-10-27,P1067,CompetitorX,49.54,True
2025-11-03,P1067,CompetitorX,48.75,True
2025-11-10,P1067,CompetitorX,48.48,True
2025-11-17,P1067,CompetitorX,48.85,True
2025-11-24,P1067,CompetitorX,43.62,True
2025-12-01,P1067,CompetitorX,49.97,True
2025-12-08,P1067,CompetitorX,46.39,False
2025-12-15,P1067,CompetitorX,46.51,True
2025-12-22,P1067,CompetitorX,46.85,True
2025-12-29,P1067,CompetitorX,47.01,True
2024-01-01,P1068,CompetitorY,69.43,True
2024-01-08,P1068,CompetitorY,66.94,True
2024-01-15,P1068,CompetitorY,66.75,True
2024-01-22,P1068,CompetitorY,66.74,True
2024-01-29,P1068,CompetitorY,67.78,True
2024-02-05,P1068,CompetitorY,64.14,True
2024-02-12,P1068,CompetitorY,66.31,True
2024-02-19,P1068,CompetitorY,67.03,True
2024-02-26,P1068,CompetitorY,67.36,True
2024-03-04,P1068,CompetitorY,68.23,True
2024-03-11,P1068,CompetitorY,66.03,True
2024-03-18,P1068,CompetitorY,66.54,True
2024-03-25,P1068,CompetitorY,64.96,False
2024-04-01,P1068,CompetitorY,67.21,True
2024-04-08,P1068,CompetitorY,64.7,True
2024-04-15,P1068,CompetitorY,67.58,True
2024-04-22,P1068,CompetitorY,68.79,True
2024-04-29,P1068,CompetitorY,67.37,False
2024-05-06,P1068,CompetitorY,69.0,True
2024-05-13,P1068,CompetitorY,65.53,True
2024-05-20,P1068,CompetitorY,64.05,True
2024-05-27,P1068,CompetitorY,66.12,True
2024-06-03,P1068,CompetitorY,65.21,True
2024-06-10,P1068,CompetitorY,65.45,True
2024-06-17,P1068,CompetitorY,62.01,True
2024-06-24,P1068,CompetitorY,66.79,True
2024-07-01,P1068,CompetitorY,66.48,True
2024-07-08,P1068,CompetitorY,68.12,False
2024-07-15,P1068,CompetitorY,67.54,True
2024-07-22,P1068,CompetitorY,66.09,True
2024-07-29,P1068,CompetitorY,68.26,True
2024-08-05,P1068,CompetitorY,68.2,True
2024-08-12,P1068,CompetitorY,65.47,True
2024-08-19,P1068,CompetitorY,66.83,True
2024-08-26,P1068,CompetitorY,69.45,False
2024-09-02,P1068,CompetitorY,67.09,True
2024-09-09,P1068,CompetitorY,64.8,True
2024-09-16,P1068,CompetitorY,64.2,True
2024-09-23,P1068,CompetitorY,63.5,True
2024-09-30,P1068,CompetitorY,62.36,True
2024-10-07,P1068,CompetitorY,65.47,True
2024-10-14,P1068,CompetitorY,66.09,True
2024-10-21,P1068,CompetitorY,64.49,True
2024-10-28,P1068,CompetitorY,65.07,True
2024-11-04,P1068,CompetitorY,64.54,True
2024-11-11,P1068,CompetitorY,63.29,True
2024-11-18,P1068,CompetitorY,66.1,True
2024-11-25,P1068,CompetitorY,67.77,True
2024-12-02,P1068,CompetitorY,65.42,True
2024-12-09,P1068,CompetitorY,68.7,True
2024-12-16,P1068,CompetitorY,66.74,True
2024-12-23,P1068,CompetitorY,68.22,True
2024-12-30,P1068,CompetitorY,66.5,True
2025-01-06,P1068,CompetitorY,67.78,True
2025-01-13,P1068,CompetitorY,63.63,True
2025-01-20,P1068,CompetitorY,68.12,True
2025-01-27,P1068,CompetitorY,66.45,True
2025-02-03,P1068,CompetitorY,68.63,True
2025-02-10,P1068,CompetitorY,65.93,True
2025-02-17,P1068,CompetitorY,69.91,True
2025-02-24,P1068,CompetitorY,67.5,True
2025-03-03,P1068,CompetitorY,64.63,True
2025-03-10,P1068,CompetitorY,68.69,True
2025-03-17,P1068,CompetitorY,64.33,True
2025-03-24,P1068,CompetitorY,64.22,True
2025-03-31,P1068,CompetitorY,69.01,True
2025-04-07,P1068,CompetitorY,67.11,True
2025-04-14,P1068,CompetitorY,66.58,True
2025-04-21,P1068,CompetitorY,65.43,True
2025-04-28,P1068,CompetitorY,68.1,True
2025-05-05,P1068,CompetitorY,65.9,True
2025-05-12,P1068,CompetitorY,66.84,True
2025-05-19,P1068,CompetitorY,64.19,True
2025-05-26,P1068,CompetitorY,66.32,True
2025-06-02,P1068,CompetitorY,66.79,True
2025-06-09,P1068,CompetitorY,67.5,True
2025-06-16,P1068,CompetitorY,67.11,True
2025-06-23,P1068,CompetitorY,65.77,True
2025-06-30,P1068,CompetitorY,67.01,True
2025-07-07,P1068,CompetitorY,68.39,False
2025-07-14,P1068,CompetitorY,63.48,True
2025-07-21,P1068,CompetitorY,66.11,True
2025-07-28,P1068,CompetitorY,66.85,True
2025-08-04,P1068,CompetitorY,64.6,True
2025-08-11,P1068,CompetitorY,68.29,True
2025-08-18,P1068,CompetitorY,67.63,True
2025-08-25,P1068,CompetitorY,68.43,True
2025-09-01,P1068,CompetitorY,70.74,True
2025-09-08,P1068,CompetitorY,67.1,True
2025-09-15,P1068,CompetitorY,65.87,True
2025-09-22,P1068,CompetitorY,68.31,False
2025-09-29,P1068,CompetitorY,65.27,True
2025-10-06,P1068,CompetitorY,67.36,True
2025-10-13,P1068,CompetitorY,68.5,True
2025-10-20,P1068,CompetitorY,68.1,True
2025-10-27,P1068,CompetitorY,69.24,True
2025-11-03,P1068,CompetitorY,65.89,True
2025-11-10,P1068,CompetitorY,67.85,True
2025-11-17,P1068,CompetitorY,66.62,True
2025-11-24,P1068,CompetitorY,66.94,False
2025-12-01,P1068,CompetitorY,66.94,True
2025-12-08,P1068,CompetitorY,67.51,True
2025-12-15,P1068,CompetitorY,66.37,True
2025-12-22,P1068,CompetitorY,63.61,True
2025-12-29,P1068,CompetitorY,66.74,True
2024-01-01,P1068,CompetitorX,71.7,True
2024-01-08,P1068,CompetitorX,72.06,True
2024-01-15,P1068,CompetitorX,75.3,True
2024-01-22,P1068,CompetitorX,66.91,True
2024-01-29,P1068,CompetitorX,75.26,True
2024-02-05,P1068,CompetitorX,74.04,True
2024-02-12,P1068,CompetitorX,73.26,True
2024-02-19,P1068,CompetitorX,72.11,True
2024-02-26,P1068,CompetitorX,69.58,False
2024-03-04,P1068,CompetitorX,75.98,True
2024-03-11,P1068,CompetitorX,74.44,True
2024-03-18,P1068,CompetitorX,72.32,True
2024-03-25,P1068,CompetitorX,72.39,True
2024-04-01,P1068,CompetitorX,71.54,False
2024-04-08,P1068,CompetitorX,73.06,True
2024-04-15,P1068,CompetitorX,71.68,True
2024-04-22,P1068,CompetitorX,72.44,True
2024-04-29,P1068,CompetitorX,72.72,True
2024-05-06,P1068,CompetitorX,77.01,True
2024-05-13,P1068,CompetitorX,69.82,True
2024-05-20,P1068,CompetitorX,72.12,True
2024-05-27,P1068,CompetitorX,74.42,True
2024-06-03,P1068,CompetitorX,73.56,True
2024-06-10,P1068,CompetitorX,73.24,True
2024-06-17,P1068,CompetitorX,78.26,True
2024-06-24,P1068,CompetitorX,74.12,True
2024-07-01,P1068,CompetitorX,70.43,True
2024-07-08,P1068,CompetitorX,70.19,True
2024-07-15,P1068,CompetitorX,71.7,True
2024-07-22,P1068,CompetitorX,70.84,True
2024-07-29,P1068,CompetitorX,71.95,False
2024-08-05,P1068,CompetitorX,72.51,True
2024-08-12,P1068,CompetitorX,72.37,True
2024-08-19,P1068,CompetitorX,66.49,True
2024-08-26,P1068,CompetitorX,70.15,True
2024-09-02,P1068,CompetitorX,73.32,True
2024-09-09,P1068,CompetitorX,75.32,True
2024-09-16,P1068,CompetitorX,70.91,True
2024-09-23,P1068,CompetitorX,70.92,False
2024-09-30,P1068,CompetitorX,71.59,True
2024-10-07,P1068,CompetitorX,75.49,True
2024-10-14,P1068,CompetitorX,71.89,True
2024-10-21,P1068,CompetitorX,66.95,True
2024-10-28,P1068,CompetitorX,75.63,True
2024-11-04,P1068,CompetitorX,73.27,True
2024-11-11,P1068,CompetitorX,68.99,True
2024-11-18,P1068,CompetitorX,70.68,True
2024-11-25,P1068,CompetitorX,70.07,True
2024-12-02,P1068,CompetitorX,71.33,True
2024-12-09,P1068,CompetitorX,74.98,True
2024-12-16,P1068,CompetitorX,67.76,True
2024-12-23,P1068,CompetitorX,71.04,True
2024-12-30,P1068,CompetitorX,72.02,True
2025-01-06,P1068,CompetitorX,71.63,True
2025-01-13,P1068,CompetitorX,70.06,True
2025-01-20,P1068,CompetitorX,74.34,True
2025-01-27,P1068,CompetitorX,71.44,True
2025-02-03,P1068,CompetitorX,71.16,True
2025-02-10,P1068,CompetitorX,72.52,False
2025-02-17,P1068,CompetitorX,71.18,True
2025-02-24,P1068,CompetitorX,70.59,True
2025-03-03,P1068,CompetitorX,69.79,True
2025-03-10,P1068,CompetitorX,76.49,True
2025-03-17,P1068,CompetitorX,73.49,True
2025-03-24,P1068,CompetitorX,70.96,True
2025-03-31,P1068,CompetitorX,74.52,True
2025-04-07,P1068,CompetitorX,72.91,True
2025-04-14,P1068,CompetitorX,71.86,True
2025-04-21,P1068,CompetitorX,69.56,True
2025-04-28,P1068,CompetitorX,70.0,False
2025-05-05,P1068,CompetitorX,73.86,True
2025-05-12,P1068,CompetitorX,73.4,True
2025-05-19,P1068,CompetitorX,68.82,True
2025-05-26,P1068,CompetitorX,70.9,True
2025-06-02,P1068,CompetitorX,73.24,True
2025-06-09,P1068,CompetitorX,74.17,True
2025-06-16,P1068,CompetitorX,72.89,True
2025-06-23,P1068,CompetitorX,70.8,True
2025-06-30,P1068,CompetitorX,72.29,True
2025-07-07,P1068,CompetitorX,71.33,True
2025-07-14,P1068,CompetitorX,72.6,True
2025-07-21,P1068,CompetitorX,74.96,True
2025-07-28,P1068,CompetitorX,70.09,True
2025-08-04,P1068,CompetitorX,72.38,True
2025-08-11,P1068,CompetitorX,71.57,True
2025-08-18,P1068,CompetitorX,71.21,True
2025-08-25,P1068,CompetitorX,71.48,True
2025-09-01,P1068,CompetitorX,74.61,True
2025-09-08,P1068,CompetitorX,73.03,True
2025-09-15,P1068,CompetitorX,70.75,True
2025-09-22,P1068,CompetitorX,73.18,True
2025-09-29,P1068,CompetitorX,70.58,True
2025-10-06,P1068,CompetitorX,67.93,True
2025-10-13,P1068,CompetitorX,66.82,True
2025-10-20,P1068,CompetitorX,72.86,True
2025-10-27,P1068,CompetitorX,71.17,True
2025-11-03,P1068,CompetitorX,73.93,True
2025-11-10,P1068,CompetitorX,72.61,True
2025-11-17,P1068,CompetitorX,72.34,True
2025-11-24,P1068,CompetitorX,70.81,True
2025-12-01,P1068,CompetitorX,72.9,True
2025-12-08,P1068,CompetitorX,75.12,False
2025-12-15,P1068,CompetitorX,67.43,True
2025-12-22,P1068,CompetitorX,71.46,True
2025-12-29,P1068,CompetitorX,74.68,True
2024-01-01,P1068,MarketLeaderCo,62.0,True
2024-01-08,P1068,MarketLeaderCo,61.1,True
2024-01-15,P1068,MarketLeaderCo,65.4,True
2024-01-22,P1068,MarketLeaderCo,68.94,True
2024-01-29,P1068,MarketLeaderCo,61.52,True
2024-02-05,P1068,MarketLeaderCo,64.58,True
2024-02-12,P1068,MarketLeaderCo,66.05,False
2024-02-19,P1068,MarketLeaderCo,65.68,True
2024-02-26,P1068,MarketLeaderCo,68.36,True
2024-03-04,P1068,MarketLeaderCo,63.3,True
2024-03-11,P1068,MarketLeaderCo,68.03,True
2024-03-18,P1068,MarketLeaderCo,64.09,True
2024-03-25,P1068,MarketLeaderCo,63.22,True
2024-04-01,P1068,MarketLeaderCo,67.82,True
2024-04-08,P1068,MarketLeaderCo,63.5,True
2024-04-15,P1068,MarketLeaderCo,66.27,True
2024-04-22,P1068,MarketLeaderCo,63.26,True
2024-04-29,P1068,MarketLeaderCo,61.75,True
2024-05-06,P1068,MarketLeaderCo,61.76,True
2024-05-13,P1068,MarketLeaderCo,65.56,True
2024-05-20,P1068,MarketLeaderCo,62.16,True
2024-05-27,P1068,MarketLeaderCo,63.8,True
2024-06-03,P1068,MarketLeaderCo,62.95,True
2024-06-10,P1068,MarketLeaderCo,62.51,True
2024-06-17,P1068,MarketLeaderCo,62.75,True
2024-06-24,P1068,MarketLeaderCo,64.6,True
2024-07-01,P1068,MarketLeaderCo,58.47,True
2024-07-08,P1068,MarketLeaderCo,65.83,True
2024-07-15,P1068,MarketLeaderCo,61.71,True
2024-07-22,P1068,MarketLeaderCo,61.96,True
2024-07-29,P1068,MarketLeaderCo,61.42,True
2024-08-05,P1068,MarketLeaderCo,64.72,True
2024-08-12,P1068,MarketLeaderCo,67.02,True
2024-08-19,P1068,MarketLeaderCo,63.94,True
2024-08-26,P1068,MarketLeaderCo,65.05,True
2024-09-02,P1068,MarketLeaderCo,65.24,True
2024-09-09,P1068,MarketLeaderCo,65.63,True
2024-09-16,P1068,MarketLeaderCo,62.27,True
2024-09-23,P1068,MarketLeaderCo,67.27,True
2024-09-30,P1068,MarketLeaderCo,63.56,True
2024-10-07,P1068,MarketLeaderCo,64.75,True
2024-10-14,P1068,MarketLeaderCo,63.92,True
2024-10-21,P1068,MarketLeaderCo,63.35,True
2024-10-28,P1068,MarketLeaderCo,66.01,True
2024-11-04,P1068,MarketLeaderCo,65.43,True
2024-11-11,P1068,MarketLeaderCo,59.99,True
2024-11-18,P1068,MarketLeaderCo,65.01,True
2024-11-25,P1068,MarketLeaderCo,68.24,True
2024-12-02,P1068,MarketLeaderCo,64.56,True
2024-12-09,P1068,MarketLeaderCo,63.22,True
2024-12-16,P1068,MarketLeaderCo,63.47,True
2024-12-23,P1068,MarketLeaderCo,63.12,True
2024-12-30,P1068,MarketLeaderCo,61.99,True
2025-01-06,P1068,MarketLeaderCo,63.85,True
2025-01-13,P1068,MarketLeaderCo,63.84,True
2025-01-20,P1068,MarketLeaderCo,65.36,True
2025-01-27,P1068,MarketLeaderCo,63.2,True
2025-02-03,P1068,MarketLeaderCo,68.08,True
2025-02-10,P1068,MarketLeaderCo,62.4,True
2025-02-17,P1068,MarketLeaderCo,64.49,True
2025-02-24,P1068,MarketLeaderCo,62.76,True
2025-03-03,P1068,MarketLeaderCo,63.17,True
2025-03-10,P1068,MarketLeaderCo,63.67,True
2025-03-17,P1068,MarketLeaderCo,64.6,False
2025-03-24,P1068,MarketLeaderCo,65.75,True
2025-03-31,P1068,MarketLeaderCo,63.31,True
2025-04-07,P1068,MarketLeaderCo,61.32,True
2025-04-14,P1068,MarketLeaderCo,66.84,True
2025-04-21,P1068,MarketLeaderCo,62.32,True
2025-04-28,P1068,MarketLeaderCo,63.73,True
2025-05-05,P1068,MarketLeaderCo,64.31,True
2025-05-12,P1068,MarketLeaderCo,64.01,True
2025-05-19,P1068,MarketLeaderCo,61.48,True
2025-05-26,P1068,MarketLeaderCo,65.86,True
2025-06-02,P1068,MarketLeaderCo,58.78,False
2025-06-09,P1068,MarketLeaderCo,66.09,True
2025-06-16,P1068,MarketLeaderCo,66.43,True
2025-06-23,P1068,MarketLeaderCo,65.94,False
2025-06-30,P1068,MarketLeaderCo,63.62,True
2025-07-07,P1068,MarketLeaderCo,64.45,True
2025-07-14,P1068,MarketLeaderCo,62.92,True
2025-07-21,P1068,MarketLeaderCo,64.34,True
2025-07-28,P1068,MarketLeaderCo,65.42,True
2025-08-04,P1068,MarketLeaderCo,62.1,False
2025-08-11,P1068,MarketLeaderCo,63.95,True
2025-08-18,P1068,MarketLeaderCo,63.29,True
2025-08-25,P1068,MarketLeaderCo,66.46,True
2025-09-01,P1068,MarketLeaderCo,62.39,True
2025-09-08,P1068,MarketLeaderCo,65.41,False
2025-09-15,P1068,MarketLeaderCo,64.1,True
2025-09-22,P1068,MarketLeaderCo,63.97,True
2025-09-29,P1068,MarketLeaderCo,65.47,True
2025-10-06,P1068,MarketLeaderCo,63.46,True
2025-10-13,P1068,MarketLeaderCo,64.4,True
2025-10-20,P1068,MarketLeaderCo,66.34,False
2025-10-27,P1068,MarketLeaderCo,62.71,True
2025-11-03,P1068,MarketLeaderCo,64.73,True
2025-11-10,P1068,MarketLeaderCo,65.9,True
2025-11-17,P1068,MarketLeaderCo,65.1,True
2025-11-24,P1068,MarketLeaderCo,66.67,True
2025-12-01,P1068,MarketLeaderCo,63.97,False
2025-12-08,P1068,MarketLeaderCo,65.5,True
2025-12-15,P1068,MarketLeaderCo,66.33,True
2025-12-22,P1068,MarketLeaderCo,60.95,True
2025-12-29,P1068,MarketLeaderCo,63.42,True
