Date,Product_ID,Category,Region,Price,Competitor_Price,Price_Difference,Price_Status,Competitor_Alert,Demand_Units,Estimated_Revenue
2022-01-01,PROD01165,Home & Kitchen,North,19.47,16.92,2.549999999999997,More Expensive,Normal Competitive Range,40,739.86
2022-01-01,PROD00306,Books,North,45.35,22.53,22.82,More Expensive,Significantly More Expensive,17,732.4
2022-01-01,PROD00819,Grocery,North,61.27,71.47,-10.199999999999996,Cheaper,Normal Competitive Range,18,882.29
2022-01-01,PROD00157,Electronics,Central,23.25,34.95,-11.700000000000003,Cheaper,Significantly Cheaper,101,1996.01
2022-01-01,PROD00775,Books,East,22.87,75.23,-52.36,Cheaper,Significantly Cheaper,9,205.83
2022-01-01,PROD00494,Grocery,Central,16.28,26.3,-10.02,Cheaper,Significantly Cheaper,51,581.2
2022-01-01,PROD00144,Toys,North,14.53,24.58,-10.049999999999999,Cheaper,Significantly Cheaper,49,533.98
2022-01-01,PROD00765,Books,South,93.63,34.73,58.9,More Expensive,Significantly More Expensive,7,524.33
2022-01-02,PROD00586,Books,East,74.37,11.33,63.040000000000006,More Expensive,Significantly More Expensive,16,832.94
2022-01-02,PROD00511,Fashion,South,29.66,39.03,-9.370000000000001,Cheaper,Significantly Cheaper,33,880.9
2022-01-03,PROD00972,Fashion,Central,10.72,16.4,-5.679999999999998,Cheaper,Significantly Cheaper,45,482.4
2022-01-03,PROD00786,Sports,East,26.43,48.63,-22.200000000000003,Cheaper,Significantly Cheaper,41,866.9
2022-01-03,PROD00246,Toys,South,44.78,48.39,-3.6099999999999994,Cheaper,Normal Competitive Range,24,859.78
2022-01-03,PROD00880,Fashion,West,10.17,33.16,-22.989999999999995,Cheaper,Significantly Cheaper,67,613.25
2022-01-03,PROD01102,Books,East,19.81,35.21,-15.400000000000002,Cheaper,Significantly Cheaper,37,623.02
2022-01-03,PROD01088,Toys,East,24.05,12.18,11.870000000000001,More Expensive,Significantly More Expensive,23,553.15
2022-01-03,PROD00302,Books,East,24.44,11.46,12.98,More Expensive,Significantly More Expensive,48,938.5
2022-01-04,PROD00035,Fashion,Central,39.43,16.14,23.29,More Expensive,Significantly More Expensive,45,1508.2
2022-01-04,PROD00347,Sports,North,11.45,25.14,-13.690000000000001,Cheaper,Significantly Cheaper,46,500.36
2022-01-04,PROD00638,Fashion,South,34.61,30.54,4.07,More Expensive,Normal Competitive Range,22,609.14
2022-01-04,PROD00877,Books,North,65.98,60.26,5.720000000000006,More Expensive,Normal Competitive Range,13,729.08
2022-01-04,PROD00341,Books,East,21.24,69.75,-48.510000000000005,Cheaper,Significantly Cheaper,26,469.4
2022-01-04,PROD00851,Grocery,West,54.17,13.54,40.63,More Expensive,Significantly More Expensive,33,1340.71
2022-01-04,PROD00055,Books,Central,31.68,44.51,-12.829999999999998,Cheaper,Significantly Cheaper,30,760.32
2022-01-04,PROD00618,Fashion,Central,16.1,24.17,-8.07,Cheaper,Significantly Cheaper,48,695.52
2022-01-05,PROD00170,Toys,South,41.47,38.21,3.259999999999998,More Expensive,Normal Competitive Range,33,1026.38
2022-01-05,PROD01071,Grocery,North,6.8,5.37,1.4299999999999997,More Expensive,Significantly More Expensive,48,310.08
2022-01-05,PROD00123,Beauty,North,50.6,71.64,-21.04,Cheaper,Significantly Cheaper,10,506.0
2022-01-05,PROD01038,Home & Kitchen,North,9.03,32.74,-23.71,Cheaper,Significantly Cheaper,41,314.7
2022-01-06,PROD00125,Electronics,West,32.94,28.58,4.359999999999999,More Expensive,Normal Competitive Range,76,2002.75
2022-01-06,PROD00628,Fashion,Central,35.4,21.24,14.16,More Expensive,Significantly More Expensive,51,1715.13
2022-01-06,PROD00538,Electronics,West,31.52,20.75,10.77,More Expensive,Significantly More Expensive,42,1191.46
2022-01-06,PROD00122,Fashion,South,21.91,28.26,-6.350000000000001,Cheaper,Significantly Cheaper,54,1005.67
2022-01-06,PROD01023,Electronics,East,10.42,16.47,-6.049999999999999,Cheaper,Significantly Cheaper,64,633.54
2022-01-06,PROD00244,Home & Kitchen,Central,24.85,24.38,0.4700000000000024,Similar,Normal Competitive Range,52,1033.76
2022-01-06,PROD00280,Beauty,South,11.9,52.76,-40.86,Cheaper,Significantly Cheaper,58,586.67
2022-01-06,PROD00734,Sports,South,59.53,121.84,-62.31,Cheaper,Significantly Cheaper,12,535.77
2022-01-06,PROD00487,Books,Central,52.65,49.76,2.8900000000000006,More Expensive,Normal Competitive Range,13,684.45
2022-01-06,PROD00825,Books,West,36.24,52.45,-16.21,Cheaper,Significantly Cheaper,27,880.63
2022-01-07,PROD01142,Toys,West,29.18,36.24,-7.060000000000002,Cheaper,Normal Competitive Range,55,1123.43
2022-01-07,PROD00665,Grocery,West,65.67,33.25,32.42,More Expensive,Significantly More Expensive,17,781.47
2022-01-07,PROD00391,Home & Kitchen,South,17.04,74.02,-56.98,Cheaper,Significantly Cheaper,59,854.56
2022-01-07,PROD00702,Fashion,North,24.23,47.29,-23.06,Cheaper,Significantly Cheaper,63,1297.52
2022-01-07,PROD01112,Grocery,West,42.76,70.46,-27.699999999999996,Cheaper,Significantly Cheaper,22,893.68
2022-01-08,PROD00241,Toys,East,16.26,17.71,-1.4499999999999993,Cheaper,Normal Competitive Range,46,710.56
2022-01-08,PROD00155,Sports,East,69.59,15.42,54.17,More Expensive,Significantly More Expensive,11,650.67
2022-01-08,PROD01182,Grocery,East,27.86,28.6,-0.740000000000002,Similar,Normal Competitive Range,34,757.79
2022-01-08,PROD00365,Grocery,North,24.95,107.82,-82.86999999999999,Cheaper,Significantly Cheaper,57,1137.72
2022-01-08,PROD00372,Home & Kitchen,West,31.52,40.35,-8.830000000000002,Cheaper,Significantly Cheaper,25,788.0
2022-01-08,PROD00497,Sports,West,36.08,17.76,18.319999999999997,More Expensive,Significantly More Expensive,33,952.51
2022-01-08,PROD00632,Grocery,East,11.55,43.69,-32.14,Cheaper,Significantly Cheaper,59,579.23
2022-01-09,PROD00812,Home & Kitchen,Central,8.09,13.52,-5.43,Cheaper,Significantly Cheaper,53,364.45
2022-01-09,PROD00459,Home & Kitchen,East,27.82,46.37,-18.549999999999997,Cheaper,Significantly Cheaper,77,2142.14
2022-01-09,PROD00029,Grocery,West,15.61,24.9,-9.29,Cheaper,Significantly Cheaper,55,686.84
2022-01-10,PROD00397,Beauty,North,13.21,48.97,-35.76,Cheaper,Significantly Cheaper,39,412.15
2022-01-10,PROD00289,Books,North,52.07,32.77,19.299999999999997,More Expensive,Significantly More Expensive,14,546.74
2022-01-10,PROD01001,Home & Kitchen,Central,10.36,120.98,-110.62,Cheaper,Significantly Cheaper,77,678.06
2022-01-10,PROD01132,Home & Kitchen,West,21.75,50.4,-28.65,Cheaper,Significantly Cheaper,65,1131.0
2022-01-10,PROD00773,Toys,North,9.24,13.05,-3.8100000000000005,Cheaper,Significantly Cheaper,61,450.91
2022-01-10,PROD00801,Beauty,Central,49.51,18.52,30.99,More Expensive,Significantly More Expensive,27,1136.25
2022-01-10,PROD00871,Beauty,Central,8.88,136.24,-127.36000000000001,Cheaper,Significantly Cheaper,55,439.56
2022-01-10,PROD00901,Toys,Central,24.85,16.79,8.060000000000002,More Expensive,Significantly More Expensive,37,735.56
2022-01-10,PROD00399,Sports,South,41.3,19.68,21.619999999999997,More Expensive,Significantly More Expensive,22,908.6
2022-01-10,PROD00080,Toys,Central,44.65,23.86,20.79,More Expensive,Significantly More Expensive,24,910.86
2022-01-10,PROD01105,Books,South,29.94,37.67,-7.73,Cheaper,Significantly Cheaper,12,359.28
2022-01-11,PROD01137,Beauty,Central,9.75,17.4,-7.649999999999999,Cheaper,Significantly Cheaper,245,1672.12
2022-01-11,PROD00774,Books,South,36.65,23.7,12.95,More Expensive,Significantly More Expensive,27,742.16
2022-01-11,PROD00897,Sports,Central,24.77,19.65,5.120000000000001,More Expensive,Significantly More Expensive,32,673.74
2022-01-11,PROD00201,Grocery,North,42.68,23.55,19.13,More Expensive,Significantly More Expensive,34,1306.01
2022-01-11,PROD00038,Books,East,79.32,34.76,44.559999999999995,More Expensive,Significantly More Expensive,9,535.41
2022-01-11,PROD00846,Electronics,Central,7.01,6.4,0.6099999999999994,More Expensive,Normal Competitive Range,47,313.0
2022-01-12,PROD00114,Fashion,Central,75.89,16.83,59.06,More Expensive,Significantly More Expensive,22,1586.1
2022-01-12,PROD00093,Sports,Central,32.29,22.5,9.79,More Expensive,Significantly More Expensive,28,678.09
2022-01-12,PROD00178,Electronics,East,32.89,8.99,23.9,More Expensive,Significantly More Expensive,164,4315.17
2022-01-12,PROD00546,Fashion,North,20.89,225.63,-204.74,Cheaper,Significantly Cheaper,84,1491.55
2022-01-12,PROD00584,Fashion,East,23.18,25.79,-2.6099999999999994,Cheaper,Normal Competitive Range,81,1502.06
2022-01-12,PROD00316,Electronics,East,32.27,38.6,-6.329999999999998,Cheaper,Normal Competitive Range,33,958.42
2022-01-12,PROD00355,Beauty,North,15.72,21.33,-5.609999999999998,Cheaper,Significantly Cheaper,61,719.19
2022-01-12,PROD00761,Electronics,West,14.53,23.07,-8.540000000000001,Cheaper,Significantly Cheaper,25,345.09
2022-01-12,PROD01187,Grocery,West,40.46,14.7,25.76,More Expensive,Significantly More Expensive,46,1302.81
2022-01-12,PROD00517,Sports,East,15.88,24.44,-8.56,Cheaper,Significantly Cheaper,60,809.88
2022-01-13,PROD00267,Toys,Central,30.72,43.21,-12.490000000000002,Cheaper,Significantly Cheaper,35,967.68
2022-01-13,PROD00930,Grocery,West,40.74,35.54,5.200000000000003,More Expensive,Normal Competitive Range,32,1042.94
2022-01-13,PROD01042,Grocery,North,15.88,18.87,-2.99,Cheaper,Normal Competitive Range,58,874.99
2022-01-13,PROD00640,Fashion,West,36.84,48.13,-11.29,Cheaper,Significantly Cheaper,35,1031.52
2022-01-13,PROD01070,Books,South,7.76,25.34,-17.58,Cheaper,Significantly Cheaper,25,164.9
2022-01-13,PROD00575,Books,East,46.96,14.94,32.02,More Expensive,Significantly More Expensive,26,915.72
2022-01-14,PROD00440,Grocery,East,13.05,17.81,-4.759999999999998,Cheaper,Significantly Cheaper,47,613.35
2022-01-14,PROD01196,Toys,North,23.8,20.23,3.5700000000000003,More Expensive,Normal Competitive Range,50,952.0
2022-01-14,PROD01034,Home & Kitchen,East,25.7,13.84,11.86,More Expensive,Significantly More Expensive,16,411.2
2022-01-14,PROD00845,Fashion,Central,21.02,29.5,-8.48,Cheaper,Significantly Cheaper,76,1597.52
2022-01-14,PROD00677,Toys,Central,23.77,10.6,13.17,More Expensive,Significantly More Expensive,32,760.64
2022-01-14,PROD00974,Beauty,West,48.12,23.07,25.049999999999997,More Expensive,Significantly More Expensive,22,793.98
2022-01-14,PROD00864,Sports,Central,27.54,23.75,3.789999999999999,More Expensive,Normal Competitive Range,40,936.36
2022-01-14,PROD00906,Home & Kitchen,East,13.7,92.55,-78.85,Cheaper,Significantly Cheaper,61,752.13
2022-01-15,PROD00975,Sports,South,35.89,37.12,-1.2299999999999969,Similar,Normal Competitive Range,40,1435.6
2022-01-15,PROD00016,Toys,North,18.88,66.87,-47.99000000000001,Cheaper,Significantly Cheaper,44,789.18
2022-01-15,PROD01118,Home & Kitchen,West,26.3,11.6,14.700000000000001,More Expensive,Significantly More Expensive,30,670.65
2022-01-15,PROD00010,Toys,South,135.56,37.66,97.9,More Expensive,Significantly More Expensive,5,576.13
2022-01-15,PROD00227,Home & Kitchen,East,57.2,43.34,13.86,More Expensive,Significantly More Expensive,15,600.6
2022-01-15,PROD00672,Fashion,East,50.29,34.68,15.61,More Expensive,Significantly More Expensive,18,859.96
2022-01-16,PROD00642,Beauty,West,40.26,18.63,21.63,More Expensive,Significantly More Expensive,21,760.91
2022-01-16,PROD00863,Sports,North,25.27,91.45,-66.18,Cheaper,Significantly Cheaper,28,601.43
2022-01-16,PROD00142,Grocery,West,24.04,21.01,3.0299999999999976,More Expensive,Normal Competitive Range,44,951.98
2022-01-16,PROD01181,Electronics,West,42.99,72.54,-29.550000000000004,Cheaper,Significantly Cheaper,83,3032.94
2022-01-16,PROD01051,Toys,West,36.42,10.74,25.68,More Expensive,Significantly More Expensive,25,819.45
2022-01-17,PROD00280,Toys,East,12.85,14.57,-1.7200000000000006,Cheaper,Normal Competitive Range,33,381.65
2022-01-17,PROD00179,Books,East,77.49,47.54,29.949999999999996,More Expensive,Significantly More Expensive,10,736.16
2022-01-17,PROD00983,Beauty,Central,27.57,15.49,12.08,More Expensive,Significantly More Expensive,68,1406.07
2022-01-17,PROD00666,Books,North,14.63,18.01,-3.380000000000001,Cheaper,Normal Competitive Range,36,474.01
2022-01-18,PROD01000,Beauty,East,68.01,64.58,3.430000000000007,More Expensive,Normal Competitive Range,20,1088.16
2022-01-18,PROD01144,Sports,South,69.61,18.28,51.33,More Expensive,Significantly More Expensive,34,2011.73
2022-01-18,PROD00492,Fashion,Central,12.11,17.79,-5.68,Cheaper,Significantly Cheaper,48,523.15
2022-01-18,PROD00410,Electronics,West,29.22,15.85,13.37,More Expensive,Significantly More Expensive,32,794.78
2022-01-18,PROD00132,Beauty,South,66.87,44.86,22.010000000000005,More Expensive,Significantly More Expensive,11,698.79
2022-01-19,PROD00466,Beauty,Central,14.07,14.89,-0.8200000000000003,Cheaper,Normal Competitive Range,40,478.38
2022-01-19,PROD00646,Grocery,West,27.03,26.11,0.9200000000000017,Similar,Normal Competitive Range,66,1694.78
2022-01-19,PROD00044,Electronics,West,10.15,11.88,-1.7300000000000004,Cheaper,Normal Competitive Range,63,543.53
2022-01-19,PROD00403,Books,Central,19.97,15.33,4.639999999999999,More Expensive,Significantly More Expensive,35,698.95
2022-01-19,PROD01110,Books,East,28.06,37.96,-9.900000000000002,Cheaper,Significantly Cheaper,17,381.62
2022-01-19,PROD00379,Grocery,North,45.63,6.04,39.59,More Expensive,Significantly More Expensive,58,2646.54
2022-01-19,PROD00043,Grocery,Central,55.24,26.53,28.71,More Expensive,Significantly More Expensive,33,1822.92
2022-01-19,PROD00493,Sports,South,43.22,16.58,26.64,More Expensive,Significantly More Expensive,22,808.21
2022-01-19,PROD00385,Electronics,South,14.62,116.17,-101.55,Cheaper,Significantly Cheaper,37,486.85
2022-01-20,PROD00783,Fashion,Central,53.17,30.83,22.340000000000003,More Expensive,Significantly More Expensive,25,1262.79
2022-01-20,PROD00385,Grocery,North,58.81,34.6,24.21,More Expensive,Significantly More Expensive,25,1102.69
2022-01-20,PROD00789,Grocery,West,33.95,12.8,21.150000000000002,More Expensive,Significantly More Expensive,69,1756.91
2022-01-20,PROD00092,Books,North,36.73,48.3,-11.57,Cheaper,Significantly Cheaper,19,662.98
2022-01-20,PROD00169,Beauty,South,43.65,37.59,6.059999999999995,More Expensive,Normal Competitive Range,23,803.16
2022-01-21,PROD00558,Books,Central,8.2,23.29,-15.09,Cheaper,Significantly Cheaper,35,287.0
2022-01-21,PROD00504,Sports,North,20.59,62.28,-41.69,Cheaper,Significantly Cheaper,56,922.43
2022-01-21,PROD01118,Books,South,19.28,70.29,-51.010000000000005,Cheaper,Significantly Cheaper,16,246.78
2022-01-21,PROD00537,Sports,North,21.87,15.59,6.280000000000001,More Expensive,Significantly More Expensive,46,1006.02
2022-01-21,PROD00129,Fashion,Central,47.54,60.33,-12.79,Cheaper,Significantly Cheaper,38,1806.52
2022-01-21,PROD00994,Fashion,West,38.62,15.96,22.659999999999997,More Expensive,Significantly More Expensive,22,849.64
2022-01-21,PROD01129,Beauty,North,169.38,18.43,150.95,More Expensive,Significantly More Expensive,5,804.56
2022-01-21,PROD00889,Beauty,Central,23.65,31.03,-7.380000000000003,Cheaper,Significantly Cheaper,46,979.11
2022-01-22,PROD01128,Home & Kitchen,East,34.79,8.98,25.81,More Expensive,Significantly More Expensive,49,1619.47
2022-01-22,PROD00730,Home & Kitchen,Central,11.9,27.79,-15.889999999999999,Cheaper,Significantly Cheaper,48,571.2
2022-01-22,PROD01094,Grocery,East,31.59,33.05,-1.4599999999999973,Similar,Normal Competitive Range,43,1358.37
2022-01-22,PROD01031,Grocery,South,8.9,36.81,-27.910000000000004,Cheaper,Significantly Cheaper,83,664.83
2022-01-23,PROD00856,Grocery,East,32.29,6.31,25.98,More Expensive,Significantly More Expensive,47,1138.22
2022-01-23,PROD01156,Beauty,West,45.52,10.73,34.790000000000006,More Expensive,Significantly More Expensive,42,1720.66
2022-01-23,PROD01183,Beauty,North,26.47,38.25,-11.780000000000001,Cheaper,Significantly Cheaper,34,899.98
2022-01-23,PROD00711,Grocery,East,23.16,19.11,4.050000000000001,More Expensive,Significantly More Expensive,43,896.29
2022-01-23,PROD00481,Books,Central,9.93,14.52,-4.59,Cheaper,Significantly Cheaper,26,245.27
2022-01-23,PROD00021,Books,Central,37.08,71.55,-34.47,Cheaper,Significantly Cheaper,21,700.81
2022-01-24,PROD00123,Home & Kitchen,West,19.4,34.3,-14.899999999999999,Cheaper,Significantly Cheaper,40,620.8
2022-01-24,PROD00080,Toys,Central,35.01,29.11,5.899999999999999,More Expensive,Significantly More Expensive,14,465.63
2022-01-24,PROD01071,Fashion,South,25.35,37.32,-11.969999999999999,Cheaper,Significantly Cheaper,140,3194.1
2022-01-24,PROD00301,Fashion,North,35.4,59.38,-23.980000000000004,Cheaper,Significantly Cheaper,19,538.08
2022-01-24,PROD00084,Grocery,West,17.21,35.66,-18.449999999999996,Cheaper,Significantly Cheaper,33,539.53
2022-01-24,PROD01018,Fashion,South,13.32,59.23,-45.91,Cheaper,Significantly Cheaper,71,945.72
2022-01-24,PROD00173,Books,South,39.13,25.1,14.030000000000001,More Expensive,Significantly More Expensive,34,1330.42
2022-01-24,PROD00713,Home & Kitchen,North,24.61,11.47,13.139999999999999,More Expensive,Significantly More Expensive,22,460.21
2022-01-24,PROD00115,Sports,North,22.67,29.72,-7.049999999999997,Cheaper,Significantly Cheaper,49,944.21
2022-01-25,PROD00247,Home & Kitchen,Central,14.93,7.79,7.14,More Expensive,Significantly More Expensive,39,465.82
2022-01-25,PROD00841,Fashion,West,62.34,9.0,53.34,More Expensive,Significantly More Expensive,21,1243.68
2022-01-25,PROD00979,Books,West,29.22,23.58,5.640000000000001,More Expensive,Significantly More Expensive,18,525.96
2022-01-25,PROD00809,Sports,West,25.88,16.13,9.75,More Expensive,Significantly More Expensive,39,807.46
2022-01-25,PROD00438,Sports,North,11.62,55.55,-43.93,Cheaper,Significantly Cheaper,47,409.6
2022-01-25,PROD01006,Sports,West,37.45,37.39,0.060000000000002274,Similar,Normal Competitive Range,18,606.69
2022-01-25,PROD00343,Home & Kitchen,North,13.12,30.38,-17.259999999999998,Cheaper,Significantly Cheaper,56,551.04
2022-01-25,PROD00620,Home & Kitchen,East,38.2,68.59,-30.39,Cheaper,Significantly Cheaper,73,1952.02
2022-01-25,PROD00826,Electronics,South,48.61,10.51,38.1,More Expensive,Significantly More Expensive,57,1939.54
2022-01-25,PROD00019,Toys,West,22.6,48.57,-25.97,Cheaper,Significantly Cheaper,44,944.68
2022-01-25,PROD00416,Toys,East,42.86,22.84,20.02,More Expensive,Significantly More Expensive,28,1140.08
2022-01-25,PROD00284,Toys,West,25.0,18.55,6.449999999999999,More Expensive,Significantly More Expensive,40,800.0
2022-01-26,PROD00382,Beauty,East,10.32,12.29,-1.9699999999999989,Cheaper,Normal Competitive Range,42,411.77
2022-01-26,PROD00443,Sports,North,69.46,13.93,55.529999999999994,More Expensive,Significantly More Expensive,10,694.6
2022-01-26,PROD00826,Electronics,South,15.24,37.8,-22.559999999999995,Cheaper,Significantly Cheaper,81,1172.72
2022-01-26,PROD01063,Home & Kitchen,South,31.28,49.09,-17.810000000000002,Cheaper,Significantly Cheaper,20,500.48
2022-01-26,PROD00162,Home & Kitchen,West,15.92,49.65,-33.73,Cheaper,Significantly Cheaper,53,843.76
2022-01-26,PROD00032,Grocery,Central,36.85,23.01,13.84,More Expensive,Significantly More Expensive,27,895.46
2022-01-26,PROD00572,Sports,South,77.38,15.53,61.849999999999994,More Expensive,Significantly More Expensive,14,866.66
2022-01-26,PROD00768,Books,North,6.93,99.85,-92.91999999999999,Cheaper,Significantly Cheaper,66,365.9
2022-01-27,PROD00632,Books,South,95.51,46.41,49.10000000000001,More Expensive,Significantly More Expensive,12,974.2
2022-01-27,PROD00060,Electronics,South,36.6,21.85,14.75,More Expensive,Significantly More Expensive,163,4772.64
2022-01-28,PROD00390,Electronics,Central,24.8,68.21,-43.41,Cheaper,Significantly Cheaper,53,1314.4
2022-01-28,PROD00687,Electronics,East,9.12,41.15,-32.03,Cheaper,Significantly Cheaper,40,328.32
2022-01-28,PROD00366,Sports,East,27.55,43.98,-16.429999999999996,Cheaper,Significantly Cheaper,20,495.9
2022-01-28,PROD00137,Electronics,Central,18.75,41.96,-23.21,Cheaper,Significantly Cheaper,59,1050.94
2022-01-28,PROD01080,Toys,West,24.05,18.17,5.879999999999999,More Expensive,Significantly More Expensive,28,673.4
2022-01-28,PROD01098,Fashion,West,39.83,45.08,-5.25,Cheaper,Normal Competitive Range,34,947.95
2022-01-28,PROD00023,Sports,Central,10.41,58.79,-48.379999999999995,Cheaper,Significantly Cheaper,22,206.12
2022-01-28,PROD00576,Books,West,22.62,30.29,-7.669999999999998,Cheaper,Significantly Cheaper,25,565.5
2022-01-28,PROD01132,Beauty,Central,44.26,34.25,10.009999999999998,More Expensive,Significantly More Expensive,15,597.51
2022-01-29,PROD00182,Electronics,South,25.28,48.89,-23.61,Cheaper,Significantly Cheaper,93,2233.49
2022-01-29,PROD00845,Electronics,West,17.3,84.98,-67.68,Cheaper,Significantly Cheaper,53,825.21
2022-01-29,PROD00323,Home & Kitchen,Central,19.43,60.23,-40.8,Cheaper,Significantly Cheaper,63,1101.68
2022-01-29,PROD00176,Beauty,Central,12.27,110.71,-98.44,Cheaper,Significantly Cheaper,51,594.48
2022-01-29,PROD00739,Beauty,South,16.2,42.35,-26.150000000000002,Cheaper,Significantly Cheaper,62,803.52
2022-01-29,PROD00780,Grocery,Central,24.12,11.01,13.110000000000001,More Expensive,Significantly More Expensive,35,717.57
2022-01-29,PROD00348,Home & Kitchen,East,15.67,18.72,-3.049999999999999,Cheaper,Normal Competitive Range,82,963.7
2022-01-29,PROD01187,Books,South,27.69,16.86,10.830000000000002,More Expensive,Significantly More Expensive,21,523.34
2022-01-30,PROD00056,Books,West,142.57,59.7,82.86999999999999,More Expensive,Significantly More Expensive,2,242.37
2022-01-30,PROD00246,Grocery,North,18.15,43.78,-25.630000000000003,Cheaper,Significantly Cheaper,103,1495.56
2022-01-30,PROD00655,Sports,West,32.45,44.67,-12.219999999999999,Cheaper,Significantly Cheaper,26,632.78
2022-01-30,PROD01073,Home & Kitchen,West,48.28,13.83,34.45,More Expensive,Significantly More Expensive,36,1651.18
2022-01-30,PROD00129,Toys,South,23.88,26.99,-3.1099999999999994,Cheaper,Normal Competitive Range,43,872.81
2022-01-30,PROD00827,Toys,Central,168.95,25.82,143.13,More Expensive,Significantly More Expensive,2,304.11
2022-01-31,PROD00862,Books,Central,18.3,50.59,-32.290000000000006,Cheaper,Significantly Cheaper,25,343.12
2022-01-31,PROD00250,Grocery,West,60.59,17.72,42.870000000000005,More Expensive,Significantly More Expensive,18,1090.62
2022-01-31,PROD00587,Grocery,North,43.71,20.84,22.87,More Expensive,Significantly More Expensive,32,1328.78
2022-01-31,PROD00262,Electronics,South,24.6,30.36,-5.759999999999998,Cheaper,Normal Competitive Range,37,864.69
2022-01-31,PROD00814,Books,West,22.04,15.13,6.909999999999998,More Expensive,Significantly More Expensive,22,387.9
2022-01-31,PROD01070,Electronics,South,161.27,71.47,89.80000000000001,More Expensive,Significantly More Expensive,5,604.76
2022-01-31,PROD00879,Sports,Central,33.55,14.71,18.839999999999996,More Expensive,Significantly More Expensive,23,733.07
2022-02-01,PROD00192,Toys,West,16.52,73.54,-57.02000000000001,Cheaper,Significantly Cheaper,27,356.83
2022-02-01,PROD00009,Books,West,20.56,64.74,-44.17999999999999,Cheaper,Significantly Cheaper,33,542.78
2022-02-02,PROD00632,Fashion,South,60.65,55.61,5.039999999999999,More Expensive,Normal Competitive Range,13,709.6
2022-02-02,PROD00884,Fashion,East,37.01,14.12,22.89,More Expensive,Significantly More Expensive,24,843.83
2022-02-02,PROD00476,Toys,West,23.78,7.64,16.14,More Expensive,Significantly More Expensive,48,1141.44
2022-02-02,PROD00387,Electronics,North,44.49,20.72,23.770000000000003,More Expensive,Significantly More Expensive,42,1494.86
2022-02-02,PROD00708,Beauty,East,10.75,81.63,-70.88,Cheaper,Significantly Cheaper,32,275.2
2022-02-02,PROD00728,Electronics,West,34.59,40.64,-6.049999999999997,Cheaper,Normal Competitive Range,31,1018.68
2022-02-02,PROD00148,Beauty,East,44.61,37.43,7.18,More Expensive,Normal Competitive Range,26,1043.87
2022-02-02,PROD00803,Toys,Central,34.13,22.28,11.850000000000001,More Expensive,Significantly More Expensive,44,1276.46
2022-02-03,PROD00544,Books,West,62.03,10.8,51.230000000000004,More Expensive,Significantly More Expensive,8,446.62
2022-02-04,PROD00851,Grocery,West,7.08,35.4,-28.32,Cheaper,Significantly Cheaper,72,407.81
2022-02-04,PROD00056,Toys,North,7.59,36.48,-28.889999999999997,Cheaper,Significantly Cheaper,51,270.96
2022-02-04,PROD00087,Books,West,91.63,40.63,50.99999999999999,More Expensive,Significantly More Expensive,7,609.34
2022-02-04,PROD00495,Fashion,South,33.81,19.14,14.670000000000002,More Expensive,Significantly More Expensive,30,963.58
2022-02-05,PROD00721,Grocery,East,13.02,21.16,-8.14,Cheaper,Significantly Cheaper,64,666.62
2022-02-05,PROD01022,Home & Kitchen,East,67.25,96.81,-29.560000000000002,Cheaper,Significantly Cheaper,14,847.35
2022-02-05,PROD00231,Books,Central,12.36,20.87,-8.510000000000002,Cheaper,Significantly Cheaper,27,333.72
2022-02-05,PROD00684,Electronics,Central,29.14,35.37,-6.229999999999997,Cheaper,Normal Competitive Range,49,1213.68
2022-02-05,PROD01146,Grocery,North,17.76,57.49,-39.730000000000004,Cheaper,Significantly Cheaper,40,639.36
2022-02-05,PROD00417,Fashion,South,19.23,52.2,-32.97,Cheaper,Significantly Cheaper,23,353.83
2022-02-05,PROD00827,Books,Central,27.42,16.34,11.080000000000002,More Expensive,Significantly More Expensive,39,855.5
2022-02-06,PROD00113,Home & Kitchen,West,50.82,13.46,37.36,More Expensive,Significantly More Expensive,77,3130.51
2022-02-06,PROD00840,Beauty,North,27.65,59.14,-31.490000000000002,Cheaper,Significantly Cheaper,49,1016.14
2022-02-06,PROD00619,Toys,West,20.88,37.55,-16.669999999999998,Cheaper,Significantly Cheaper,53,995.98
2022-02-06,PROD00925,Sports,West,7.74,22.48,-14.74,Cheaper,Significantly Cheaper,57,375.0
2022-02-06,PROD01113,Electronics,Central,31.26,31.43,-0.16999999999999815,Similar,Normal Competitive Range,41,1089.41
2022-02-06,PROD00054,Electronics,North,202.37,9.78,192.59,More Expensive,Significantly More Expensive,2,283.32
2022-02-06,PROD00638,Books,North,36.34,28.08,8.260000000000005,More Expensive,Significantly More Expensive,46,1504.48
2022-02-07,PROD00242,Electronics,Central,15.04,18.6,-3.5600000000000023,Cheaper,Normal Competitive Range,30,360.96
2022-02-07,PROD00666,Electronics,Central,35.08,22.19,12.889999999999997,More Expensive,Significantly More Expensive,26,912.08
2022-02-07,PROD00198,Electronics,North,69.58,26.42,43.16,More Expensive,Significantly More Expensive,39,2442.26
2022-02-07,PROD01051,Sports,South,11.47,27.48,-16.009999999999998,Cheaper,Significantly Cheaper,51,555.72
2022-02-07,PROD00667,Books,South,10.66,27.38,-16.72,Cheaper,Significantly Cheaper,71,567.64
2022-02-07,PROD00822,Toys,South,31.93,45.06,-13.130000000000003,Cheaper,Significantly Cheaper,32,919.58
2022-02-08,PROD00191,Home & Kitchen,North,18.76,57.43,-38.67,Cheaper,Significantly Cheaper,63,1004.6
2022-02-08,PROD00854,Electronics,South,8.8,6.73,2.0700000000000003,More Expensive,Significantly More Expensive,86,643.28
2022-02-08,PROD00506,Beauty,East,28.31,25.07,3.2399999999999984,More Expensive,Normal Competitive Range,45,1146.56
2022-02-08,PROD00260,Fashion,North,25.57,30.19,-4.620000000000001,Cheaper,Normal Competitive Range,39,997.23
2022-02-08,PROD01105,Home & Kitchen,West,11.47,42.0,-30.53,Cheaper,Significantly Cheaper,47,539.09
2022-02-08,PROD00743,Beauty,East,20.02,8.27,11.75,More Expensive,Significantly More Expensive,56,952.95
2022-02-08,PROD01024,Books,West,108.15,39.84,68.31,More Expensive,Significantly More Expensive,6,551.57
2022-02-09,PROD00765,Home & Kitchen,West,16.92,70.7,-53.78,Cheaper,Significantly Cheaper,74,876.46
2022-02-09,PROD00765,Home & Kitchen,West,16.92,70.7,-53.78,Cheaper,Significantly Cheaper,42,502.66
2022-02-09,PROD00765,Fashion,West,14.96,15.3,-0.33999999999999986,Similar,Normal Competitive Range,74,876.46
2022-02-09,PROD00765,Fashion,West,14.96,15.3,-0.33999999999999986,Similar,Normal Competitive Range,42,502.66
2022-02-09,PROD00269,Grocery,West,20.23,24.79,-4.559999999999999,Cheaper,Normal Competitive Range,53,1018.58
2022-02-09,PROD00251,Books,West,53.57,72.57,-18.999999999999993,Cheaper,Significantly Cheaper,17,728.55
2022-02-09,PROD00343,Beauty,West,86.27,80.34,5.929999999999993,More Expensive,Normal Competitive Range,6,439.98
2022-02-09,PROD00695,Electronics,West,84.93,46.95,37.980000000000004,More Expensive,Significantly More Expensive,26,1876.95
2022-02-10,PROD01129,Electronics,East,12.82,23.73,-10.91,Cheaper,Significantly Cheaper,88,1015.34
2022-02-10,PROD00477,Electronics,South,29.94,32.45,-2.5100000000000016,Cheaper,Normal Competitive Range,59,1324.84
2022-02-10,PROD00293,Toys,East,24.96,11.2,13.760000000000002,More Expensive,Significantly More Expensive,31,657.7
2022-02-10,PROD00747,Home & Kitchen,West,38.13,19.1,19.03,More Expensive,Significantly More Expensive,28,1014.26
2022-02-10,PROD00597,Toys,West,15.3,13.26,2.040000000000001,More Expensive,Normal Competitive Range,28,364.14
2022-02-10,PROD01159,Toys,East,47.88,18.11,29.770000000000003,More Expensive,Significantly More Expensive,23,991.12
2022-02-10,PROD01103,Beauty,West,24.5,20.16,4.34,More Expensive,Significantly More Expensive,50,1041.25
2022-02-11,PROD01151,Fashion,South,68.43,20.22,48.21000000000001,More Expensive,Significantly More Expensive,25,1454.14
2022-02-11,PROD00761,Beauty,South,24.41,10.33,14.08,More Expensive,Significantly More Expensive,39,761.59
2022-02-11,PROD00692,Home & Kitchen,South,10.31,50.22,-39.91,Cheaper,Significantly Cheaper,55,510.35
2022-02-11,PROD00410,Beauty,Central,5.63,111.54,-105.91000000000001,Cheaper,Significantly Cheaper,38,203.24
2022-02-12,PROD00683,Toys,East,11.05,28.47,-17.419999999999998,Cheaper,Significantly Cheaper,40,375.7
2022-02-12,PROD00687,Electronics,West,50.99,63.39,-12.399999999999999,Cheaper,Normal Competitive Range,58,2809.55
2022-02-12,PROD00994,Electronics,Central,42.89,46.31,-3.4200000000000017,Cheaper,Normal Competitive Range,75,2734.24
2022-02-12,PROD01131,Electronics,North,21.01,16.55,4.460000000000001,More Expensive,Significantly More Expensive,37,738.5
2022-02-12,PROD01096,Beauty,Central,128.75,68.64,60.11,More Expensive,Significantly More Expensive,15,1351.88
2022-02-12,PROD00359,Toys,North,29.53,9.44,20.090000000000003,More Expensive,Significantly More Expensive,31,823.89
2022-02-12,PROD00462,Fashion,East,31.84,16.33,15.510000000000002,More Expensive,Significantly More Expensive,58,1569.71
2022-02-12,PROD01121,Beauty,East,45.46,70.41,-24.949999999999996,Cheaper,Significantly Cheaper,23,941.02
2022-02-13,PROD00375,Home & Kitchen,Central,31.02,79.11,-48.09,Cheaper,Significantly Cheaper,27,795.66
2022-02-13,PROD00355,Sports,North,57.79,19.0,38.79,More Expensive,Significantly More Expensive,14,566.34
2022-02-13,PROD00031,Books,North,29.55,47.81,-18.26,Cheaper,Significantly Cheaper,32,945.6
2022-02-13,PROD00490,Toys,West,63.4,25.62,37.78,More Expensive,Significantly More Expensive,18,970.02
2022-02-13,PROD00163,Electronics,South,22.37,49.74,-27.37,Cheaper,Significantly Cheaper,30,637.54
2022-02-14,PROD01092,Books,North,6.61,18.79,-12.18,Cheaper,Significantly Cheaper,27,178.47
2022-02-14,PROD00129,Books,West,26.86,112.31,-85.45,Cheaper,Significantly Cheaper,13,349.18
2022-02-14,PROD01175,Toys,Central,99.34,37.61,61.730000000000004,More Expensive,Significantly More Expensive,13,1226.85
2022-02-14,PROD01030,Grocery,North,23.78,16.36,7.420000000000002,More Expensive,Significantly More Expensive,38,813.28
2022-02-14,PROD00849,Electronics,Central,47.07,49.71,-2.6400000000000006,Cheaper,Normal Competitive Range,19,760.18
2022-02-14,PROD00348,Electronics,Central,95.7,37.57,58.13,More Expensive,Significantly More Expensive,12,1033.56
2022-02-14,PROD00155,Grocery,North,9.52,19.13,-9.61,Cheaper,Significantly Cheaper,26,198.02
2022-02-15,PROD01047,Sports,Central,38.45,68.63,-30.179999999999993,Cheaper,Significantly Cheaper,17,555.6
2022-02-15,PROD00259,Electronics,West,23.03,20.05,2.9800000000000004,More Expensive,Normal Competitive Range,71,1226.35
2022-02-15,PROD00772,Home & Kitchen,North,70.08,71.14,-1.0600000000000023,Similar,Normal Competitive Range,13,819.94
2022-02-15,PROD00012,Books,North,25.14,69.71,-44.56999999999999,Cheaper,Significantly Cheaper,43,864.82
2022-02-15,PROD00580,Fashion,North,26.06,58.0,-31.94,Cheaper,Significantly Cheaper,22,515.99
2022-02-15,PROD00062,Books,Central,17.45,39.94,-22.49,Cheaper,Significantly Cheaper,47,697.13
2022-02-15,PROD00591,Electronics,West,23.3,77.73,-54.43000000000001,Cheaper,Significantly Cheaper,76,1416.64
2022-02-15,PROD00046,Grocery,Central,9.94,66.79,-56.85000000000001,Cheaper,Significantly Cheaper,73,725.62
2022-02-15,PROD00680,Sports,South,12.75,95.91,-83.16,Cheaper,Significantly Cheaper,46,439.88
2022-02-16,PROD01105,Fashion,West,100.24,74.5,25.739999999999995,More Expensive,Significantly More Expensive,7,631.51
2022-02-16,PROD00776,Grocery,East,37.56,92.12,-54.56,Cheaper,Significantly Cheaper,33,1177.51
2022-02-16,PROD00375,Fashion,Central,26.52,61.57,-35.05,Cheaper,Significantly Cheaper,37,784.99
2022-02-16,PROD01103,Toys,South,15.58,46.6,-31.020000000000003,Cheaper,Significantly Cheaper,22,325.62
2022-02-16,PROD00562,Books,East,20.05,56.38,-36.33,Cheaper,Significantly Cheaper,19,323.81
2022-02-16,PROD00172,Beauty,South,45.31,5.97,39.34,More Expensive,Significantly More Expensive,16,543.72
2022-02-16,PROD00573,Books,Central,31.75,18.43,13.32,More Expensive,Significantly More Expensive,16,381.0
2022-02-17,PROD00646,Grocery,East,18.48,57.93,-39.45,Cheaper,Significantly Cheaper,66,1158.7
2022-02-17,PROD00921,Home & Kitchen,South,17.78,14.69,3.0900000000000016,More Expensive,Significantly More Expensive,51,770.76
2022-02-17,PROD00006,Grocery,Central,25.79,19.26,6.529999999999998,More Expensive,Significantly More Expensive,174,3589.97
2022-02-18,PROD00081,Fashion,East,47.84,22.01,25.830000000000002,More Expensive,Significantly More Expensive,44,1894.46
2022-02-18,PROD01179,Fashion,East,32.35,20.72,11.630000000000003,More Expensive,Significantly More Expensive,22,640.53
2022-02-18,PROD00322,Electronics,South,43.07,22.18,20.89,More Expensive,Significantly More Expensive,95,3682.48
2022-02-18,PROD00772,Sports,West,78.54,16.99,61.55000000000001,More Expensive,Significantly More Expensive,14,934.63
2022-02-18,PROD01077,Fashion,North,61.67,12.5,49.17,More Expensive,Significantly More Expensive,73,3376.43
2022-02-18,PROD00407,Toys,West,24.39,44.14,-19.75,Cheaper,Significantly Cheaper,37,631.7
2022-02-18,PROD01131,Books,East,51.75,96.91,-45.16,Cheaper,Significantly Cheaper,46,1666.35
2022-02-18,PROD00716,Books,West,19.54,21.44,-1.9000000000000021,Cheaper,Normal Competitive Range,37,614.53
2022-02-19,PROD01067,Grocery,South,25.77,35.34,-9.570000000000004,Cheaper,Significantly Cheaper,63,1379.98
2022-02-19,PROD00924,Toys,Central,63.58,53.63,9.949999999999996,More Expensive,Normal Competitive Range,28,1246.17
2022-02-19,PROD00300,Home & Kitchen,North,26.2,42.03,-15.830000000000002,Cheaper,Significantly Cheaper,56,1393.84
2022-02-19,PROD00500,Sports,East,16.34,85.21,-68.86999999999999,Cheaper,Significantly Cheaper,34,444.45
2022-02-19,PROD00272,Sports,Central,60.27,57.44,2.8300000000000054,Similar,Normal Competitive Range,46,2217.94
2022-02-19,PROD00795,Fashion,North,19.94,18.23,1.7100000000000009,More Expensive,Normal Competitive Range,39,777.66
2022-02-19,PROD00994,Fashion,Central,26.79,23.96,2.8299999999999983,More Expensive,Normal Competitive Range,27,651.0
2022-02-20,PROD00351,Toys,West,20.23,38.93,-18.7,Cheaper,Significantly Cheaper,30,515.86
2022-02-20,PROD00271,Toys,West,108.58,23.65,84.93,More Expensive,Significantly More Expensive,6,521.18
2022-02-20,PROD00810,Books,North,16.93,17.14,-0.21000000000000085,Similar,Normal Competitive Range,46,584.08
2022-02-20,PROD00677,Books,Central,9.74,28.23,-18.490000000000002,Cheaper,Significantly Cheaper,36,333.11
2022-02-20,PROD00240,Fashion,Central,31.6,8.31,23.29,More Expensive,Significantly More Expensive,72,2047.68
2022-02-20,PROD01057,Electronics,East,30.38,32.75,-2.370000000000001,Cheaper,Normal Competitive Range,39,1066.34
2022-02-21,PROD00043,Grocery,South,28.66,29.55,-0.8900000000000006,Similar,Normal Competitive Range,28,682.11
2022-02-21,PROD00407,Beauty,South,54.02,8.12,45.900000000000006,More Expensive,Significantly More Expensive,38,1744.85
2022-02-21,PROD00158,Beauty,East,52.67,7.98,44.69,More Expensive,Significantly More Expensive,35,1843.45
2022-02-21,PROD01152,Grocery,West,60.34,28.03,32.31,More Expensive,Significantly More Expensive,13,666.76
2022-02-21,PROD00203,Home & Kitchen,West,14.41,30.72,-16.31,Cheaper,Significantly Cheaper,36,466.88
2022-02-21,PROD00674,Electronics,East,48.16,50.25,-2.0900000000000034,Similar,Normal Competitive Range,29,1256.98
2022-02-21,PROD00490,Fashion,Central,19.43,32.06,-12.630000000000003,Cheaper,Significantly Cheaper,60,874.35
2022-02-21,PROD01110,Electronics,West,40.89,74.4,-33.510000000000005,Cheaper,Significantly Cheaper,26,850.51
2022-02-21,PROD00445,Beauty,Central,42.44,27.3,15.139999999999997,More Expensive,Significantly More Expensive,29,861.53
2022-02-22,PROD01025,Grocery,East,46.62,16.44,30.179999999999996,More Expensive,Significantly More Expensive,27,1195.8
2022-02-22,PROD00224,Electronics,East,32.9,121.47,-88.57,Cheaper,Significantly Cheaper,29,715.58
2022-02-22,PROD01126,Fashion,North,37.7,34.96,2.740000000000002,More Expensive,Normal Competitive Range,23,780.39
2022-02-22,PROD00091,Toys,North,77.96,13.03,64.92999999999999,More Expensive,Significantly More Expensive,31,2054.25
2022-02-22,PROD00376,Home & Kitchen,Central,22.55,57.45,-34.900000000000006,Cheaper,Significantly Cheaper,25,479.19
2022-02-22,PROD00302,Sports,South,20.86,87.57,-66.71,Cheaper,Significantly Cheaper,24,475.61
2022-02-22,PROD00912,Beauty,West,19.98,33.59,-13.610000000000003,Cheaper,Significantly Cheaper,31,557.44
2022-02-22,PROD00472,Fashion,North,22.94,25.27,-2.3299999999999983,Cheaper,Normal Competitive Range,28,513.86
2022-02-22,PROD00370,Fashion,East,17.98,17.97,0.010000000000001563,Similar,Normal Competitive Range,49,792.92
2022-02-22,PROD00718,Electronics,East,11.28,32.54,-21.259999999999998,Cheaper,Significantly Cheaper,177,1497.42
2022-02-23,PROD00813,Home & Kitchen,East,70.54,62.39,8.150000000000006,More Expensive,Normal Competitive Range,15,1005.2
2022-02-23,PROD00395,Home & Kitchen,East,27.58,23.26,4.319999999999997,More Expensive,Normal Competitive Range,69,1427.26
2022-02-23,PROD00004,Electronics,North,36.3,10.31,25.989999999999995,More Expensive,Significantly More Expensive,45,1306.8
2022-02-23,PROD00042,Electronics,Central,31.4,23.27,8.129999999999999,More Expensive,Significantly More Expensive,26,816.4
2022-02-24,PROD01158,Beauty,Central,29.29,33.38,-4.090000000000003,Cheaper,Normal Competitive Range,32,843.55
2022-02-24,PROD00984,Grocery,South,25.6,20.07,5.530000000000001,More Expensive,Significantly More Expensive,133,3064.32
2022-02-24,PROD01184,Grocery,West,70.04,88.21,-18.169999999999987,Cheaper,Significantly Cheaper,19,1131.15
2022-02-24,PROD00917,Grocery,West,19.1,60.22,-41.12,Cheaper,Significantly Cheaper,59,1070.56
2022-02-24,PROD00205,Home & Kitchen,South,15.2,117.03,-101.83,Cheaper,Significantly Cheaper,38,462.08
2022-02-25,PROD00832,Fashion,North,44.27,42.17,2.1000000000000014,Similar,Normal Competitive Range,27,1075.76
2022-02-25,PROD00457,Books,North,30.97,22.85,8.119999999999997,More Expensive,Significantly More Expensive,24,594.62
2022-02-25,PROD01011,Books,West,48.82,19.21,29.61,More Expensive,Significantly More Expensive,18,659.07
2022-02-25,PROD00325,Beauty,Central,63.45,18.47,44.980000000000004,More Expensive,Significantly More Expensive,15,856.58
2022-02-25,PROD00811,Electronics,North,49.42,8.73,40.69,More Expensive,Significantly More Expensive,32,1423.3
2022-02-25,PROD00366,Home & Kitchen,West,62.5,12.91,49.59,More Expensive,Significantly More Expensive,13,690.62
2022-02-25,PROD00126,Grocery,West,73.34,53.57,19.770000000000003,More Expensive,Significantly More Expensive,27,1881.17
2022-02-25,PROD00036,Toys,South,56.32,42.82,13.5,More Expensive,Significantly More Expensive,15,802.56
2022-02-25,PROD00385,Electronics,North,21.64,132.69,-111.05,Cheaper,Significantly Cheaper,32,692.48
2022-02-25,PROD00370,Electronics,East,10.62,37.55,-26.93,Cheaper,Significantly Cheaper,96,917.57
2022-02-25,PROD00048,Electronics,Central,20.94,18.37,2.5700000000000003,More Expensive,Normal Competitive Range,77,1612.38
2022-02-26,PROD00739,Books,West,8.28,19.8,-11.520000000000001,Cheaper,Significantly Cheaper,40,314.64
2022-02-26,PROD00080,Beauty,West,54.63,29.02,25.610000000000003,More Expensive,Significantly More Expensive,24,1245.56
2022-02-26,PROD00113,Home & Kitchen,South,70.51,41.31,29.200000000000003,More Expensive,Significantly More Expensive,15,951.89
2022-02-26,PROD01116,Grocery,West,58.5,6.15,52.35,More Expensive,Significantly More Expensive,24,1404.0
2022-02-26,PROD00765,Fashion,East,147.04,10.86,136.18,More Expensive,Significantly More Expensive,5,661.68
2022-02-27,PROD01196,Electronics,South,47.72,16.14,31.58,More Expensive,Significantly More Expensive,60,2576.88
2022-02-27,PROD00072,Home & Kitchen,West,26.87,36.54,-9.669999999999998,Cheaper,Significantly Cheaper,30,765.8
2022-02-27,PROD00389,Beauty,South,43.47,23.59,19.88,More Expensive,Significantly More Expensive,19,743.34
2022-02-27,PROD00256,Toys,East,19.89,69.91,-50.019999999999996,Cheaper,Significantly Cheaper,17,321.22
2022-02-27,PROD00407,Toys,East,12.45,29.48,-17.03,Cheaper,Significantly Cheaper,51,571.45
2022-02-28,PROD00390,Grocery,Central,21.86,43.75,-21.89,Cheaper,Significantly Cheaper,28,581.48
2022-02-28,PROD00165,Toys,East,17.52,51.23,-33.709999999999994,Cheaper,Significantly Cheaper,39,580.79
2022-02-28,PROD00735,Sports,Central,32.7,18.57,14.130000000000003,More Expensive,Significantly More Expensive,60,1962.0
2022-02-28,PROD00569,Fashion,East,28.19,32.97,-4.779999999999998,Cheaper,Normal Competitive Range,45,1205.12
2022-02-28,PROD01148,Home & Kitchen,West,69.31,20.01,49.3,More Expensive,Significantly More Expensive,20,1178.27
2022-02-28,PROD00890,Books,Central,12.66,19.11,-6.449999999999999,Cheaper,Significantly Cheaper,30,379.8
2022-02-28,PROD00503,Home & Kitchen,Central,33.0,52.85,-19.85,Cheaper,Significantly Cheaper,35,1097.25
2022-03-01,PROD00233,Sports,West,35.83,36.54,-0.7100000000000009,Similar,Normal Competitive Range,18,612.69
2022-03-01,PROD01031,Grocery,North,53.47,66.83,-13.36,Cheaper,Normal Competitive Range,24,1026.62
2022-03-02,PROD00857,Books,Central,45.58,9.38,36.199999999999996,More Expensive,Significantly More Expensive,18,697.37
2022-03-02,PROD00465,Grocery,South,48.75,47.74,1.009999999999998,Similar,Normal Competitive Range,42,1842.75
2022-03-03,PROD00993,Toys,West,29.97,10.27,19.7,More Expensive,Significantly More Expensive,26,701.3
2022-03-03,PROD01050,Home & Kitchen,West,85.65,12.95,72.7,More Expensive,Significantly More Expensive,6,359.73
2022-03-03,PROD00451,Grocery,West,26.58,22.05,4.529999999999998,More Expensive,Significantly More Expensive,22,584.76
2022-03-03,PROD00276,Fashion,South,41.46,51.18,-9.719999999999999,Cheaper,Normal Competitive Range,57,2363.22
2022-03-03,PROD01090,Books,North,11.77,4.01,7.76,More Expensive,Significantly More Expensive,24,268.36
2022-03-03,PROD00032,Home & Kitchen,Central,250.04,21.88,228.16,More Expensive,Significantly More Expensive,1,237.54
2022-03-03,PROD01008,Sports,West,27.11,28.84,-1.7300000000000004,Cheaper,Normal Competitive Range,23,498.82
2022-03-03,PROD00958,Books,North,28.65,11.18,17.47,More Expensive,Significantly More Expensive,73,1568.59
2022-03-03,PROD00916,Sports,North,42.48,55.98,-13.5,Cheaper,Significantly Cheaper,16,543.74
2022-03-04,PROD00072,Home & Kitchen,East,42.8,17.48,25.319999999999997,More Expensive,Significantly More Expensive,22,894.52
2022-03-04,PROD00380,Toys,West,36.18,18.85,17.33,More Expensive,Significantly More Expensive,29,891.84
2022-03-05,PROD00930,Sports,Central,37.29,35.02,2.269999999999996,More Expensive,Normal Competitive Range,30,1006.83
2022-03-05,PROD00831,Fashion,Central,35.32,21.98,13.34,More Expensive,Significantly More Expensive,59,1667.1
2022-03-05,PROD01024,Sports,North,21.66,17.44,4.219999999999999,More Expensive,Significantly More Expensive,88,1524.86
2022-03-05,PROD00944,Books,East,37.48,44.46,-6.980000000000004,Cheaper,Normal Competitive Range,7,249.24
2022-03-05,PROD00748,Sports,Central,38.12,29.05,9.069999999999997,More Expensive,Significantly More Expensive,17,583.24
2022-03-05,PROD00191,Beauty,West,69.83,84.87,-15.040000000000006,Cheaper,Normal Competitive Range,30,2094.9
2022-03-05,PROD00840,Toys,East,41.86,19.92,21.939999999999998,More Expensive,Significantly More Expensive,34,1423.24
2022-03-06,PROD00250,Toys,Central,15.53,45.54,-30.009999999999998,Cheaper,Significantly Cheaper,63,733.79
2022-03-06,PROD00403,Beauty,West,19.01,141.5,-122.49,Cheaper,Significantly Cheaper,114,1733.71
2022-03-06,PROD01104,Sports,South,58.89,24.74,34.150000000000006,More Expensive,Significantly More Expensive,24,1060.02
2022-03-06,PROD00713,Sports,East,19.9,12.54,7.359999999999999,More Expensive,Significantly More Expensive,43,684.56
2022-03-06,PROD01107,Fashion,Central,32.25,14.32,17.93,More Expensive,Significantly More Expensive,49,1343.21
2022-03-06,PROD00443,Books,South,34.87,20.48,14.389999999999997,More Expensive,Significantly More Expensive,27,753.19
2022-03-07,PROD00867,Beauty,North,69.73,17.37,52.36,More Expensive,Significantly More Expensive,21,1025.03
2022-03-07,PROD00474,Beauty,West,10.97,58.42,-47.45,Cheaper,Significantly Cheaper,54,562.76
2022-03-07,PROD00827,Home & Kitchen,North,19.62,19.72,-0.09999999999999787,Similar,Normal Competitive Range,50,784.8
2022-03-07,PROD01169,Beauty,East,63.5,21.25,42.25,More Expensive,Significantly More Expensive,18,971.55
2022-03-07,PROD00268,Books,West,22.21,22.86,-0.6499999999999986,Similar,Normal Competitive Range,32,675.18
2022-03-08,PROD01062,Grocery,East,13.77,29.81,-16.04,Cheaper,Significantly Cheaper,36,446.15
2022-03-08,PROD00704,Electronics,North,51.63,25.64,25.990000000000002,More Expensive,Significantly More Expensive,42,2168.46
2022-03-08,PROD00115,Toys,Central,65.25,23.63,41.620000000000005,More Expensive,Significantly More Expensive,13,721.01
2022-03-08,PROD00138,Electronics,East,23.23,36.88,-13.650000000000002,Cheaper,Significantly Cheaper,84,1463.49
2022-03-08,PROD00391,Electronics,Central,57.69,35.14,22.549999999999997,More Expensive,Significantly More Expensive,38,1753.78
2022-03-08,PROD00696,Books,East,12.17,19.04,-6.869999999999999,Cheaper,Significantly Cheaper,17,175.86
2022-03-08,PROD00427,Fashion,North,15.8,64.83,-49.03,Cheaper,Significantly Cheaper,46,617.78
2022-03-08,PROD01014,Toys,East,18.62,72.05,-53.42999999999999,Cheaper,Significantly Cheaper,27,452.47
2022-03-08,PROD00375,Fashion,Central,50.72,29.81,20.91,More Expensive,Significantly More Expensive,20,862.24
2022-03-08,PROD00497,Home & Kitchen,Central,23.65,36.44,-12.79,Cheaper,Significantly Cheaper,39,784.0
2022-03-08,PROD00753,Grocery,North,91.49,13.4,78.08999999999999,More Expensive,Significantly More Expensive,16,1024.69
2022-03-08,PROD00566,Home & Kitchen,Central,121.53,16.89,104.64,More Expensive,Significantly More Expensive,8,680.57
2022-03-08,PROD01165,Grocery,Central,56.16,33.13,23.029999999999994,More Expensive,Significantly More Expensive,30,1347.84
2022-03-08,PROD00841,Beauty,Central,82.64,39.55,43.09,More Expensive,Significantly More Expensive,15,1115.64
2022-03-08,PROD00087,Toys,Central,17.97,48.57,-30.6,Cheaper,Significantly Cheaper,28,478.0
2022-03-09,PROD00371,Books,East,28.88,22.95,5.93,More Expensive,Significantly More Expensive,23,631.03
2022-03-09,PROD00121,Fashion,Central,12.11,33.18,-21.07,Cheaper,Significantly Cheaper,90,1035.4
2022-03-09,PROD00354,Sports,West,35.6,47.83,-12.229999999999997,Cheaper,Significantly Cheaper,12,427.2
2022-03-09,PROD00245,Fashion,East,65.08,40.62,24.46,More Expensive,Significantly More Expensive,34,1880.81
2022-03-09,PROD00419,Fashion,West,53.11,25.0,28.11,More Expensive,Significantly More Expensive,20,1009.09
2022-03-09,PROD00103,Fashion,Central,22.69,51.28,-28.59,Cheaper,Significantly Cheaper,38,862.22
2022-03-09,PROD00030,Toys,South,54.89,104.69,-49.8,Cheaper,Significantly Cheaper,22,1086.82
2022-03-09,PROD01050,Books,North,47.55,75.75,-28.200000000000003,Cheaper,Significantly Cheaper,13,463.61
2022-03-09,PROD00549,Sports,East,58.1,32.66,25.440000000000005,More Expensive,Significantly More Expensive,18,941.22
2022-03-10,PROD00826,Home & Kitchen,West,47.11,18.15,28.96,More Expensive,Significantly More Expensive,27,1144.77
2022-03-10,PROD00353,Toys,Central,10.37,81.24,-70.86999999999999,Cheaper,Significantly Cheaper,45,326.65
2022-03-10,PROD00336,Beauty,West,22.95,43.91,-20.959999999999997,Cheaper,Significantly Cheaper,34,741.28
2022-03-10,PROD00150,Sports,South,23.01,55.82,-32.81,Cheaper,Significantly Cheaper,40,690.3
2022-03-10,PROD01183,Sports,East,27.12,32.33,-5.209999999999997,Cheaper,Normal Competitive Range,19,489.52
2022-03-10,PROD00109,Fashion,East,22.72,101.57,-78.85,Cheaper,Significantly Cheaper,24,490.75
2022-03-10,PROD01117,Fashion,South,45.26,39.42,5.839999999999996,More Expensive,Normal Competitive Range,69,2186.06
2022-03-10,PROD00918,Home & Kitchen,West,16.5,55.04,-38.54,Cheaper,Significantly Cheaper,45,742.5
2022-03-10,PROD00861,Grocery,South,8.98,70.38,-61.39999999999999,Cheaper,Significantly Cheaper,65,554.52
2022-03-10,PROD00688,Fashion,East,18.92,23.75,-4.829999999999998,Cheaper,Significantly Cheaper,57,754.91
2022-03-10,PROD00123,Grocery,Central,67.42,63.05,4.3700000000000045,More Expensive,Normal Competitive Range,21,1061.86
2022-03-10,PROD00299,Sports,East,22.28,16.53,5.75,More Expensive,Significantly More Expensive,51,965.84
2022-03-11,PROD00726,Grocery,Central,18.12,15.93,2.1900000000000013,More Expensive,Normal Competitive Range,48,869.76
2022-03-11,PROD00738,Fashion,East,42.28,58.56,-16.28,Cheaper,Significantly Cheaper,46,1653.15
2022-03-11,PROD01151,Sports,North,12.0,53.37,-41.37,Cheaper,Significantly Cheaper,63,680.4
2022-03-11,PROD00002,Toys,Central,58.78,47.19,11.590000000000003,More Expensive,Significantly More Expensive,16,658.34
2022-03-11,PROD00998,Toys,Central,27.79,76.97,-49.18,Cheaper,Significantly Cheaper,23,511.34
2022-03-11,PROD00815,Grocery,West,45.52,31.13,14.390000000000004,More Expensive,Significantly More Expensive,37,1347.39
2022-03-11,PROD00416,Sports,Central,45.0,62.91,-17.909999999999997,Cheaper,Significantly Cheaper,26,1111.5
2022-03-11,PROD00975,Toys,East,8.31,23.3,-14.99,Cheaper,Significantly Cheaper,30,224.37
2022-03-12,PROD00053,Books,West,13.87,16.39,-2.5200000000000014,Cheaper,Normal Competitive Range,27,355.77
2022-03-12,PROD00784,Fashion,South,51.77,51.34,0.4299999999999997,Similar,Normal Competitive Range,36,1863.72
2022-03-12,PROD00591,Sports,East,21.16,41.88,-20.720000000000002,Cheaper,Significantly Cheaper,36,647.5
2022-03-12,PROD00766,Beauty,South,21.94,22.71,-0.7699999999999996,Similar,Normal Competitive Range,104,1711.32
2022-03-12,PROD00668,Sports,West,37.08,15.8,21.279999999999998,More Expensive,Significantly More Expensive,18,667.44
2022-03-12,PROD00395,Books,East,19.85,27.91,-8.059999999999999,Cheaper,Significantly Cheaper,14,222.32
2022-03-12,PROD00050,Toys,East,78.04,24.72,53.32000000000001,More Expensive,Significantly More Expensive,14,1092.56
2022-03-12,PROD00968,Toys,East,45.48,53.11,-7.630000000000003,Cheaper,Normal Competitive Range,24,873.22
2022-03-12,PROD00403,Fashion,West,26.55,29.79,-3.2399999999999984,Cheaper,Normal Competitive Range,71,1602.29
2022-03-13,PROD00699,Sports,Central,21.5,61.91,-40.41,Cheaper,Significantly Cheaper,29,623.5
2022-03-13,PROD00820,Grocery,East,19.29,27.49,-8.2,Cheaper,Significantly Cheaper,46,887.34
2022-03-13,PROD00727,Sports,North,135.36,25.94,109.42000000000002,More Expensive,Significantly More Expensive,4,433.15
2022-03-14,PROD01100,Sports,West,40.64,24.77,15.870000000000001,More Expensive,Significantly More Expensive,23,794.51
2022-03-14,PROD00948,Home & Kitchen,West,28.06,20.43,7.629999999999999,More Expensive,Significantly More Expensive,47,1055.06
2022-03-14,PROD00390,Fashion,West,70.7,22.98,47.72,More Expensive,Significantly More Expensive,13,827.19
2022-03-14,PROD01080,Books,West,36.51,50.61,-14.100000000000001,Cheaper,Significantly Cheaper,17,434.47
2022-03-14,PROD00630,Electronics,West,120.57,16.8,103.77,More Expensive,Significantly More Expensive,8,868.1
2022-03-14,PROD00727,Beauty,East,83.74,22.28,61.459999999999994,More Expensive,Significantly More Expensive,20,1591.06
2022-03-14,PROD00603,Sports,Central,27.32,70.55,-43.23,Cheaper,Significantly Cheaper,24,590.11
2022-03-15,PROD00266,Grocery,North,125.2,18.98,106.22,More Expensive,Significantly More Expensive,5,532.1
2022-03-15,PROD00165,Beauty,East,23.59,11.55,12.04,More Expensive,Significantly More Expensive,16,339.7
2022-03-15,PROD00631,Beauty,North,16.15,18.6,-2.450000000000003,Cheaper,Normal Competitive Range,53,813.15
2022-03-15,PROD00936,Home & Kitchen,East,48.2,52.7,-4.5,Cheaper,Normal Competitive Range,34,1392.98
2022-03-15,PROD01052,Grocery,South,77.71,73.66,4.049999999999997,More Expensive,Normal Competitive Range,26,1717.39
2022-03-15,PROD00228,Grocery,West,54.99,16.56,38.43000000000001,More Expensive,Significantly More Expensive,48,2375.57
2022-03-16,PROD00595,Books,West,49.8,63.4,-13.600000000000001,Cheaper,Significantly Cheaper,23,1145.4
2022-03-16,PROD00556,Home & Kitchen,Central,31.52,14.06,17.46,More Expensive,Significantly More Expensive,50,1339.6
2022-03-16,PROD00596,Grocery,South,17.43,18.61,-1.1799999999999997,Cheaper,Normal Competitive Range,73,1081.53
2022-03-16,PROD00275,Electronics,West,31.62,36.02,-4.400000000000002,Cheaper,Normal Competitive Range,33,886.94
2022-03-16,PROD00310,Grocery,South,30.54,33.54,-3.0,Cheaper,Normal Competitive Range,86,2101.15
2022-03-16,PROD01128,Books,Central,38.23,96.96,-58.73,Cheaper,Significantly Cheaper,28,1070.44
2022-03-17,PROD00457,Beauty,Central,13.3,62.45,-49.150000000000006,Cheaper,Significantly Cheaper,20,252.7
2022-03-17,PROD00011,Grocery,South,72.0,8.13,63.87,More Expensive,Significantly More Expensive,14,957.6
2022-03-17,PROD00682,Beauty,Central,6.49,87.01,-80.52000000000001,Cheaper,Significantly Cheaper,25,121.69
2022-03-17,PROD01198,Home & Kitchen,East,15.99,15.39,0.5999999999999996,Similar,Normal Competitive Range,87,1043.35
2022-03-17,PROD00944,Grocery,Central,17.13,13.43,3.6999999999999993,More Expensive,Significantly More Expensive,123,1896.29
2022-03-17,PROD01163,Fashion,Central,112.05,13.59,98.46,More Expensive,Significantly More Expensive,5,504.22
2022-03-18,PROD00801,Books,North,18.22,46.78,-28.560000000000002,Cheaper,Significantly Cheaper,34,464.61
2022-03-18,PROD00809,Electronics,West,16.13,11.48,4.649999999999999,More Expensive,Significantly More Expensive,66,1064.58
2022-03-18,PROD00806,Books,East,22.6,30.8,-8.2,Cheaper,Significantly Cheaper,24,406.8
2022-03-18,PROD00105,Sports,West,16.25,79.02,-62.769999999999996,Cheaper,Significantly Cheaper,37,541.12
2022-03-18,PROD00881,Home & Kitchen,East,44.78,13.86,30.92,More Expensive,Significantly More Expensive,40,1522.52
2022-03-18,PROD00475,Home & Kitchen,West,34.7,23.27,11.430000000000003,More Expensive,Significantly More Expensive,45,1327.28
2022-03-19,PROD01146,Sports,West,9.43,15.68,-6.25,Cheaper,Significantly Cheaper,81,611.06
2022-03-19,PROD00352,Toys,North,33.5,13.29,20.21,More Expensive,Significantly More Expensive,57,1814.02
2022-03-19,PROD00779,Books,East,49.88,32.28,17.6,More Expensive,Significantly More Expensive,21,995.11
2022-03-19,PROD01012,Electronics,East,21.9,23.14,-1.240000000000002,Cheaper,Normal Competitive Range,58,1206.69
2022-03-19,PROD00422,Home & Kitchen,South,16.61,15.62,0.9900000000000002,More Expensive,Normal Competitive Range,60,946.77
2022-03-19,PROD00905,Home & Kitchen,East,21.2,28.74,-7.539999999999999,Cheaper,Significantly Cheaper,50,1007.0
2022-03-20,PROD01029,Fashion,Central,17.08,35.5,-18.42,Cheaper,Significantly Cheaper,55,845.46
2022-03-20,PROD00437,Books,East,84.91,9.73,75.17999999999999,More Expensive,Significantly More Expensive,11,747.21
2022-03-20,PROD01110,Toys,West,45.46,13.0,32.46,More Expensive,Significantly More Expensive,12,490.97
2022-03-20,PROD00202,Fashion,South,61.06,30.07,30.990000000000002,More Expensive,Significantly More Expensive,15,870.1
2022-03-20,PROD00382,Grocery,South,46.24,46.89,-0.6499999999999986,Similar,Normal Competitive Range,31,1146.75
2022-03-21,PROD00148,Beauty,Central,30.67,45.03,-14.36,Cheaper,Significantly Cheaper,24,699.28
2022-03-21,PROD00585,Beauty,South,26.27,16.64,9.629999999999999,More Expensive,Significantly More Expensive,18,449.22
2022-03-21,PROD00235,Sports,South,51.48,53.54,-2.0600000000000023,Similar,Normal Competitive Range,21,864.86
2022-03-21,PROD01026,Books,West,12.9,42.36,-29.46,Cheaper,Significantly Cheaper,39,402.48
2022-03-21,PROD00074,Beauty,Central,19.89,20.47,-0.5799999999999983,Similar,Normal Competitive Range,63,1127.76
2022-03-22,PROD00124,Home & Kitchen,West,116.41,23.08,93.33,More Expensive,Significantly More Expensive,9,995.31
2022-03-22,PROD00923,Fashion,North,38.01,52.52,-14.510000000000005,Cheaper,Significantly Cheaper,48,1642.03
2022-03-22,PROD00394,Beauty,South,11.1,25.89,-14.790000000000001,Cheaper,Significantly Cheaper,88,830.28
2022-03-22,PROD00927,Beauty,Central,9.39,50.38,-40.99,Cheaper,Significantly Cheaper,71,666.69
2022-03-23,PROD01077,Sports,West,13.92,33.46,-19.54,Cheaper,Significantly Cheaper,28,370.27
2022-03-23,PROD01080,Books,Central,9.69,57.0,-47.31,Cheaper,Significantly Cheaper,68,527.14
2022-03-23,PROD01183,Sports,North,24.72,55.12,-30.4,Cheaper,Significantly Cheaper,25,556.2
2022-03-23,PROD00856,Sports,East,36.26,56.0,-19.740000000000002,Cheaper,Significantly Cheaper,12,369.85
2022-03-23,PROD00169,Sports,North,43.36,16.62,26.74,More Expensive,Significantly More Expensive,45,1756.08
2022-03-23,PROD01196,Books,East,46.5,12.65,33.85,More Expensive,Significantly More Expensive,19,883.5
2022-03-23,PROD00102,Grocery,Central,42.3,31.73,10.569999999999997,More Expensive,Significantly More Expensive,27,970.78
2022-03-24,PROD00182,Beauty,East,22.57,7.73,14.84,More Expensive,Significantly More Expensive,50,789.95
2022-03-24,PROD00506,Books,East,59.67,31.26,28.41,More Expensive,Significantly More Expensive,4,238.68
2022-03-24,PROD00134,Grocery,North,22.63,19.05,3.5799999999999983,More Expensive,Normal Competitive Range,106,2278.84
2022-03-25,PROD00224,Books,Central,21.86,40.66,-18.799999999999997,Cheaper,Significantly Cheaper,19,332.27
2022-03-25,PROD01171,Grocery,East,5.46,17.4,-11.939999999999998,Cheaper,Significantly Cheaper,99,486.49
2022-03-25,PROD00254,Grocery,North,67.96,28.64,39.31999999999999,More Expensive,Significantly More Expensive,14,713.58
2022-03-25,PROD00701,Grocery,North,21.79,18.15,3.6400000000000006,More Expensive,Significantly More Expensive,46,1002.34
2022-03-25,PROD00903,Toys,East,29.1,40.77,-11.670000000000002,Cheaper,Significantly Cheaper,56,1466.64
2022-03-26,PROD00941,Grocery,North,146.86,50.06,96.80000000000001,More Expensive,Significantly More Expensive,6,704.93
2022-03-26,PROD00685,Home & Kitchen,West,29.45,29.85,-0.40000000000000213,Similar,Normal Competitive Range,51,1201.56
2022-03-27,PROD01108,Books,Central,74.73,15.19,59.540000000000006,More Expensive,Significantly More Expensive,10,523.11
2022-03-27,PROD01042,Books,Central,31.56,29.84,1.7199999999999989,More Expensive,Normal Competitive Range,17,402.39
2022-03-28,PROD00871,Sports,West,33.73,40.19,-6.460000000000001,Cheaper,Normal Competitive Range,32,863.49
2022-03-28,PROD00994,Grocery,Central,32.75,52.69,-19.939999999999998,Cheaper,Significantly Cheaper,85,2227.0
2022-03-28,PROD00304,Beauty,East,22.32,11.77,10.55,More Expensive,Significantly More Expensive,44,736.56
2022-03-28,PROD00483,Toys,South,9.36,44.13,-34.77,Cheaper,Significantly Cheaper,59,552.24
2022-03-28,PROD00896,Beauty,North,21.33,7.71,13.619999999999997,More Expensive,Significantly More Expensive,31,528.98
2022-03-28,PROD00248,Fashion,North,15.61,99.89,-84.28,Cheaper,Significantly Cheaper,91,1207.43
2022-03-28,PROD00660,Home & Kitchen,North,18.6,50.48,-31.879999999999995,Cheaper,Significantly Cheaper,33,521.73
2022-03-28,PROD00931,Beauty,East,16.42,35.12,-18.699999999999996,Cheaper,Significantly Cheaper,58,809.51
2022-03-28,PROD00067,Beauty,Central,49.31,27.17,22.14,More Expensive,Significantly More Expensive,31,1375.75
2022-03-29,PROD01044,Sports,Central,18.73,45.32,-26.59,Cheaper,Significantly Cheaper,42,550.66
2022-03-29,PROD01165,Beauty,South,22.55,32.96,-10.41,Cheaper,Significantly Cheaper,65,1099.31
2022-03-29,PROD00218,Home & Kitchen,East,51.84,29.98,21.860000000000003,More Expensive,Significantly More Expensive,25,1101.6
2022-03-29,PROD00307,Books,Central,38.24,31.54,6.700000000000003,More Expensive,Significantly More Expensive,23,791.57
2022-03-29,PROD00105,Electronics,North,43.76,16.36,27.4,More Expensive,Significantly More Expensive,26,967.1
2022-03-30,PROD00896,Grocery,North,12.1,21.73,-9.63,Cheaper,Significantly Cheaper,125,1210.0
2022-03-30,PROD00798,Toys,West,17.09,47.75,-30.66,Cheaper,Significantly Cheaper,45,576.79
2022-03-30,PROD00913,Fashion,North,34.35,46.78,-12.43,Cheaper,Significantly Cheaper,77,1851.46
2022-03-30,PROD00621,Grocery,West,12.77,56.27,-43.5,Cheaper,Significantly Cheaper,65,830.05
2022-03-30,PROD00768,Toys,North,46.03,46.32,-0.28999999999999915,Similar,Normal Competitive Range,13,418.87
2022-03-31,PROD00624,Sports,South,55.07,15.81,39.26,More Expensive,Significantly More Expensive,20,936.19
2022-03-31,PROD00649,Electronics,North,22.15,28.51,-6.360000000000003,Cheaper,Significantly Cheaper,71,1494.02
2022-03-31,PROD00676,Sports,East,12.25,26.73,-14.48,Cheaper,Significantly Cheaper,43,526.75
2022-04-01,PROD00756,Home & Kitchen,Central,30.56,89.85,-59.28999999999999,Cheaper,Significantly Cheaper,36,990.14
2022-04-01,PROD00678,Grocery,North,21.68,35.46,-13.780000000000001,Cheaper,Significantly Cheaper,30,617.88
2022-04-01,PROD00335,Grocery,East,20.45,38.7,-18.250000000000004,Cheaper,Significantly Cheaper,43,747.45
2022-04-01,PROD00694,Electronics,West,25.12,15.18,9.940000000000001,More Expensive,Significantly More Expensive,37,836.5
2022-04-02,PROD00167,Sports,Central,52.46,24.37,28.09,More Expensive,Significantly More Expensive,9,472.14
2022-04-02,PROD00367,Home & Kitchen,West,48.05,29.03,19.019999999999996,More Expensive,Significantly More Expensive,37,1688.96
2022-04-02,PROD00114,Electronics,East,54.22,40.61,13.61,More Expensive,Significantly More Expensive,34,1659.13
2022-04-02,PROD01189,Electronics,West,24.87,15.05,9.82,More Expensive,Significantly More Expensive,27,604.34
2022-04-02,PROD01006,Home & Kitchen,North,17.63,75.36,-57.730000000000004,Cheaper,Significantly Cheaper,58,920.29
2022-04-03,PROD00209,Electronics,South,22.0,30.87,-8.870000000000001,Cheaper,Significantly Cheaper,47,878.9
2022-04-03,PROD00697,Sports,East,13.54,44.94,-31.4,Cheaper,Significantly Cheaper,26,334.44
2022-04-03,PROD00885,Grocery,North,29.88,105.02,-75.14,Cheaper,Significantly Cheaper,58,1473.08
2022-04-04,PROD01175,Beauty,Central,23.4,46.54,-23.14,Cheaper,Significantly Cheaper,51,1014.39
2022-04-04,PROD00015,Beauty,North,40.29,111.38,-71.09,Cheaper,Significantly Cheaper,34,1232.87
2022-04-04,PROD01137,Toys,Central,28.61,5.66,22.95,More Expensive,Significantly More Expensive,20,514.98
2022-04-04,PROD00311,Beauty,North,14.34,14.93,-0.5899999999999999,Similar,Normal Competitive Range,83,952.18
2022-04-04,PROD00922,Fashion,West,18.93,24.75,-5.82,Cheaper,Significantly Cheaper,42,596.29
2022-04-04,PROD00613,Beauty,North,79.97,91.5,-11.530000000000001,Cheaper,Normal Competitive Range,13,987.63
2022-04-04,PROD00180,Toys,South,45.02,58.4,-13.379999999999995,Cheaper,Significantly Cheaper,10,450.2
2022-04-04,PROD00843,Electronics,South,54.5,11.92,42.58,More Expensive,Significantly More Expensive,33,1708.57
2022-04-04,PROD00685,Grocery,South,30.01,15.41,14.600000000000001,More Expensive,Significantly More Expensive,49,1176.39
2022-04-04,PROD00486,Grocery,West,20.23,10.71,9.52,More Expensive,Significantly More Expensive,41,746.49
2022-04-05,PROD00034,Electronics,East,29.41,40.86,-11.45,Cheaper,Significantly Cheaper,27,635.26
2022-04-05,PROD00839,Sports,East,33.66,51.66,-18.0,Cheaper,Significantly Cheaper,16,538.56
2022-04-06,PROD00484,Beauty,South,13.05,6.17,6.880000000000001,More Expensive,Significantly More Expensive,27,299.5
2022-04-06,PROD00914,Home & Kitchen,North,20.71,42.77,-22.060000000000002,Cheaper,Significantly Cheaper,72,1342.01
2022-04-06,PROD00716,Electronics,West,45.79,18.89,26.9,More Expensive,Significantly More Expensive,53,1698.81
2022-04-06,PROD00581,Books,South,23.33,20.29,3.039999999999999,More Expensive,Normal Competitive Range,23,482.93
2022-04-06,PROD00204,Sports,North,26.4,36.72,-10.32,Cheaper,Significantly Cheaper,33,871.2
2022-04-07,PROD00028,Sports,West,31.99,53.67,-21.680000000000003,Cheaper,Significantly Cheaper,27,820.54
2022-04-07,PROD01045,Grocery,North,8.35,26.46,-18.11,Cheaper,Significantly Cheaper,53,331.91
2022-04-07,PROD01002,Books,West,16.46,51.57,-35.11,Cheaper,Significantly Cheaper,19,297.1
2022-04-08,PROD00076,Electronics,East,32.3,62.93,-30.630000000000003,Cheaper,Significantly Cheaper,66,1705.44
2022-04-08,PROD01062,Electronics,North,26.57,85.54,-58.970000000000006,Cheaper,Significantly Cheaper,54,1291.3
2022-04-08,PROD01057,Fashion,West,52.29,73.12,-20.830000000000005,Cheaper,Significantly Cheaper,42,1756.94
2022-04-08,PROD00311,Electronics,Central,20.98,20.22,0.7600000000000016,Similar,Normal Competitive Range,60,944.1
2022-04-08,PROD00099,Electronics,North,80.85,30.19,50.66,More Expensive,Significantly More Expensive,12,776.16
2022-04-08,PROD01136,Grocery,West,28.65,38.45,-9.800000000000004,Cheaper,Significantly Cheaper,49,1123.08
2022-04-08,PROD00681,Home & Kitchen,South,49.45,22.84,26.610000000000003,More Expensive,Significantly More Expensive,41,1520.59
2022-04-08,PROD00191,Sports,Central,80.47,56.08,24.39,More Expensive,Significantly More Expensive,13,993.8
2022-04-08,PROD00467,Electronics,South,33.11,52.07,-18.96,Cheaper,Significantly Cheaper,28,880.73
2022-04-08,PROD00114,Fashion,East,14.53,103.22,-88.69,Cheaper,Significantly Cheaper,25,326.92
2022-04-08,PROD00255,Electronics,Central,13.99,55.48,-41.489999999999995,Cheaper,Significantly Cheaper,71,744.97
2022-04-09,PROD00106,Books,West,31.2,13.02,18.18,More Expensive,Significantly More Expensive,14,393.12
2022-04-09,PROD00022,Beauty,South,25.35,28.27,-2.919999999999998,Cheaper,Normal Competitive Range,60,1292.85
2022-04-09,PROD00867,Grocery,South,32.79,93.29,-60.50000000000001,Cheaper,Significantly Cheaper,39,959.11
2022-04-09,PROD01192,Toys,West,21.28,63.96,-42.68,Cheaper,Significantly Cheaper,51,976.75
2022-04-09,PROD00687,Fashion,East,120.88,24.14,96.74,More Expensive,Significantly More Expensive,6,616.49
2022-04-09,PROD00735,Home & Kitchen,South,94.98,11.97,83.01,More Expensive,Significantly More Expensive,7,465.4
2022-04-09,PROD00745,Fashion,East,79.0,26.95,52.05,More Expensive,Significantly More Expensive,19,1125.75
2022-04-09,PROD00853,Home & Kitchen,Central,24.63,59.94,-35.31,Cheaper,Significantly Cheaper,20,394.08
2022-04-10,PROD00729,Sports,South,44.56,36.31,8.25,More Expensive,Significantly More Expensive,21,842.18
2022-04-10,PROD00113,Electronics,West,25.04,42.58,-17.54,Cheaper,Significantly Cheaper,65,1383.46
2022-04-10,PROD00297,Toys,East,14.92,9.34,5.58,More Expensive,Significantly More Expensive,68,710.19
2022-04-10,PROD01141,Sports,Central,39.63,11.64,27.990000000000002,More Expensive,Significantly More Expensive,21,790.62
2022-04-10,PROD00694,Beauty,North,37.65,28.76,8.889999999999997,More Expensive,Significantly More Expensive,16,602.4
2022-04-10,PROD00580,Home & Kitchen,South,44.37,16.42,27.949999999999996,More Expensive,Significantly More Expensive,15,599.0
2022-04-10,PROD01186,Books,North,9.69,19.8,-10.110000000000001,Cheaper,Significantly Cheaper,35,305.24
2022-04-10,PROD00255,Books,East,151.05,12.68,138.37,More Expensive,Significantly More Expensive,2,271.89
2022-04-10,PROD00814,Electronics,East,28.78,18.51,10.27,More Expensive,Significantly More Expensive,31,847.57
2022-04-11,PROD01053,Beauty,East,20.69,11.85,8.840000000000002,More Expensive,Significantly More Expensive,43,845.19
2022-04-11,PROD00430,Toys,South,73.05,12.54,60.51,More Expensive,Significantly More Expensive,17,993.48
2022-04-11,PROD00569,Grocery,Central,37.96,94.73,-56.77,Cheaper,Significantly Cheaper,46,1484.24
2022-04-11,PROD00101,Toys,South,44.45,158.88,-114.42999999999999,Cheaper,Significantly Cheaper,35,1166.81
2022-04-12,PROD00740,Sports,North,31.45,99.73,-68.28,Cheaper,Significantly Cheaper,31,926.2
2022-04-12,PROD00816,Toys,West,39.09,26.17,12.920000000000002,More Expensive,Significantly More Expensive,16,594.17
2022-04-12,PROD00243,Books,East,36.06,71.36,-35.3,Cheaper,Significantly Cheaper,20,685.14
2022-04-13,PROD00036,Grocery,South,71.88,18.85,53.029999999999994,More Expensive,Significantly More Expensive,11,672.08
2022-04-13,PROD00182,Toys,Central,17.93,128.6,-110.66999999999999,Cheaper,Significantly Cheaper,65,932.36
2022-04-13,PROD00482,Sports,East,38.44,23.11,15.329999999999998,More Expensive,Significantly More Expensive,24,830.3
2022-04-13,PROD00710,Toys,East,37.05,37.72,-0.6700000000000017,Similar,Normal Competitive Range,17,566.86
2022-04-13,PROD00872,Fashion,North,34.2,52.91,-18.709999999999994,Cheaper,Significantly Cheaper,88,2859.12
2022-04-13,PROD00810,Fashion,Central,17.18,20.67,-3.490000000000002,Cheaper,Normal Competitive Range,49,673.46
2022-04-13,PROD00999,Electronics,South,70.8,23.33,47.47,More Expensive,Significantly More Expensive,18,892.08
2022-04-14,PROD00194,Home & Kitchen,North,16.03,12.92,3.110000000000001,More Expensive,Significantly More Expensive,59,756.62
2022-04-14,PROD00211,Beauty,South,27.03,45.64,-18.61,Cheaper,Significantly Cheaper,67,1811.01
2022-04-14,PROD01098,Home & Kitchen,North,57.14,18.8,38.34,More Expensive,Significantly More Expensive,14,679.97
2022-04-14,PROD00835,Home & Kitchen,North,35.71,16.34,19.37,More Expensive,Significantly More Expensive,20,535.65
2022-04-15,PROD00703,Books,West,18.19,16.08,2.110000000000003,More Expensive,Normal Competitive Range,19,345.61
2022-04-15,PROD00325,Books,South,39.27,44.87,-5.599999999999994,Cheaper,Normal Competitive Range,25,883.58
2022-04-15,PROD00216,Home & Kitchen,Central,34.08,25.45,8.629999999999999,More Expensive,Significantly More Expensive,46,1332.53
2022-04-15,PROD00806,Home & Kitchen,South,41.41,22.83,18.58,More Expensive,Significantly More Expensive,30,1055.96
2022-04-15,PROD00070,Toys,West,28.32,63.15,-34.83,Cheaper,Significantly Cheaper,35,892.08
2022-04-16,PROD00882,Grocery,West,43.96,41.78,2.1799999999999997,More Expensive,Normal Competitive Range,38,1252.86
2022-04-16,PROD00445,Grocery,North,27.04,5.15,21.89,More Expensive,Significantly More Expensive,92,1990.14
2022-04-16,PROD00365,Toys,West,65.14,21.07,44.07,More Expensive,Significantly More Expensive,18,1113.89
2022-04-16,PROD00318,Toys,East,79.38,48.32,31.059999999999995,More Expensive,Significantly More Expensive,13,928.75
2022-04-17,PROD01175,Electronics,North,51.25,29.86,21.39,More Expensive,Significantly More Expensive,51,1960.31
2022-04-17,PROD01074,Fashion,South,20.84,34.78,-13.940000000000001,Cheaper,Significantly Cheaper,84,1400.45
2022-04-17,PROD00849,Books,South,64.58,22.09,42.489999999999995,More Expensive,Significantly More Expensive,7,429.46
2022-04-17,PROD00876,Fashion,South,35.92,28.31,7.610000000000003,More Expensive,Significantly More Expensive,41,1104.54
2022-04-18,PROD00184,Books,North,21.22,129.13,-107.91,Cheaper,Significantly Cheaper,26,441.38
2022-04-18,PROD00417,Grocery,Central,39.03,29.92,9.11,More Expensive,Significantly More Expensive,24,843.05
2022-04-18,PROD00314,Beauty,East,21.86,30.54,-8.68,Cheaper,Significantly Cheaper,28,520.27
2022-04-18,PROD00805,Electronics,South,22.72,36.12,-13.399999999999999,Cheaper,Significantly Cheaper,32,581.63
2022-04-18,PROD00802,Sports,West,4.6,17.07,-12.47,Cheaper,Significantly Cheaper,64,235.52
2022-04-18,PROD00877,Home & Kitchen,North,52.59,19.1,33.49,More Expensive,Significantly More Expensive,42,1656.58
2022-04-18,PROD00135,Fashion,East,37.27,40.59,-3.3200000000000003,Cheaper,Normal Competitive Range,41,1375.26
2022-04-18,PROD01176,Grocery,Central,14.98,27.61,-12.629999999999999,Cheaper,Significantly Cheaper,67,802.93
2022-04-19,PROD00021,Fashion,North,71.98,59.97,12.010000000000005,More Expensive,Significantly More Expensive,50,2879.2
2022-04-19,PROD00338,Home & Kitchen,North,56.83,20.08,36.75,More Expensive,Significantly More Expensive,18,971.79
2022-04-20,PROD00575,Sports,Central,50.3,88.9,-38.60000000000001,Cheaper,Significantly Cheaper,20,804.8
2022-04-20,PROD00895,Toys,East,21.53,30.99,-9.459999999999997,Cheaper,Significantly Cheaper,35,678.2
2022-04-20,PROD00357,Sports,East,65.56,25.47,40.09,More Expensive,Significantly More Expensive,13,724.44
2022-04-20,PROD00904,Fashion,North,33.81,14.86,18.950000000000003,More Expensive,Significantly More Expensive,31,995.7
2022-04-21,PROD00358,Home & Kitchen,South,10.66,31.45,-20.79,Cheaper,Significantly Cheaper,64,648.13
2022-04-21,PROD00357,Grocery,West,10.22,82.11,-71.89,Cheaper,Significantly Cheaper,51,443.04
2022-04-21,PROD00372,Books,South,12.38,25.79,-13.409999999999998,Cheaper,Significantly Cheaper,25,216.65
2022-04-21,PROD00134,Sports,Central,29.86,53.79,-23.93,Cheaper,Significantly Cheaper,28,627.06
2022-04-21,PROD00991,Home & Kitchen,Central,13.53,55.66,-42.129999999999995,Cheaper,Significantly Cheaper,48,519.55
2022-04-22,PROD00005,Toys,Central,28.22,15.09,13.129999999999999,More Expensive,Significantly More Expensive,25,564.4
2022-04-22,PROD00734,Books,North,90.34,21.68,68.66,More Expensive,Significantly More Expensive,8,650.45
2022-04-22,PROD00106,Toys,West,25.22,20.84,4.379999999999999,More Expensive,Significantly More Expensive,25,630.5
2022-04-22,PROD00611,Beauty,East,30.16,25.68,4.48,More Expensive,Normal Competitive Range,36,977.18
2022-04-23,PROD00403,Fashion,Central,68.44,65.36,3.0799999999999983,Similar,Normal Competitive Range,36,2463.84
2022-04-23,PROD01198,Electronics,Central,11.92,72.28,-60.36,Cheaper,Significantly Cheaper,35,333.76
2022-04-23,PROD00515,Toys,East,30.58,28.83,1.75,More Expensive,Normal Competitive Range,41,1128.4
2022-04-23,PROD00020,Home & Kitchen,West,50.06,10.24,39.82,More Expensive,Significantly More Expensive,24,1141.37
2022-04-23,PROD01061,Toys,East,38.37,21.45,16.919999999999998,More Expensive,Significantly More Expensive,10,326.14
2022-04-24,PROD01166,Fashion,South,29.65,18.2,11.45,More Expensive,Significantly More Expensive,43,1274.95
2022-04-24,PROD00744,Books,East,39.58,20.32,19.259999999999998,More Expensive,Significantly More Expensive,19,639.22
2022-04-25,PROD00765,Grocery,South,28.9,36.4,-7.5,Cheaper,Significantly Cheaper,45,1235.47
2022-04-25,PROD00248,Beauty,Central,31.37,32.21,-0.8399999999999999,Similar,Normal Competitive Range,49,1229.7
2022-04-25,PROD00885,Books,South,61.63,34.05,27.580000000000005,More Expensive,Significantly More Expensive,17,733.4
2022-04-25,PROD00573,Fashion,South,8.65,35.3,-26.65,Cheaper,Significantly Cheaper,39,236.14
2022-04-25,PROD01005,Electronics,West,41.04,9.86,31.18,More Expensive,Significantly More Expensive,18,627.91
2022-04-25,PROD00409,Electronics,Central,114.51,57.26,57.25000000000001,More Expensive,Significantly More Expensive,15,1631.77
2022-04-26,PROD00190,Sports,West,14.65,39.44,-24.79,Cheaper,Significantly Cheaper,40,527.4
2022-04-26,PROD01025,Toys,West,65.97,51.94,14.030000000000001,More Expensive,Significantly More Expensive,18,1009.34
2022-04-26,PROD00351,Home & Kitchen,South,46.08,60.43,-14.350000000000001,Cheaper,Significantly Cheaper,32,1032.19
2022-04-26,PROD00226,Grocery,East,10.53,16.27,-5.74,Cheaper,Significantly Cheaper,26,219.02
2022-04-26,PROD00145,Grocery,West,48.05,24.83,23.22,More Expensive,Significantly More Expensive,15,720.75
2022-04-27,PROD00506,Beauty,Central,14.15,25.78,-11.63,Cheaper,Significantly Cheaper,143,1618.76
2022-04-27,PROD01025,Grocery,North,90.63,20.61,70.02,More Expensive,Significantly More Expensive,17,1155.53
2022-04-27,PROD00573,Grocery,West,13.97,48.71,-34.74,Cheaper,Significantly Cheaper,37,465.2
2022-04-27,PROD01015,Fashion,West,29.9,69.07,-39.169999999999995,Cheaper,Significantly Cheaper,50,1345.5
2022-04-27,PROD00287,Fashion,East,22.09,41.29,-19.2,Cheaper,Significantly Cheaper,73,1612.57
2022-04-27,PROD01041,Beauty,South,87.08,28.24,58.84,More Expensive,Significantly More Expensive,16,1253.95
2022-04-28,PROD00208,Grocery,Central,22.85,40.56,-17.71,Cheaper,Significantly Cheaper,39,802.04
2022-04-28,PROD00456,Sports,West,21.14,8.5,12.64,More Expensive,Significantly More Expensive,27,485.16
2022-04-28,PROD01087,Grocery,West,25.43,16.39,9.04,More Expensive,Significantly More Expensive,28,498.43
2022-04-28,PROD01180,Grocery,East,48.25,27.2,21.05,More Expensive,Significantly More Expensive,44,2123.0
2022-04-28,PROD00223,Sports,East,41.73,37.98,3.75,More Expensive,Normal Competitive Range,15,563.35
2022-04-29,PROD00821,Beauty,North,25.24,16.11,9.129999999999999,More Expensive,Significantly More Expensive,37,840.49
2022-04-29,PROD01066,Fashion,Central,18.52,68.9,-50.38000000000001,Cheaper,Significantly Cheaper,56,829.7
2022-04-29,PROD00644,Sports,West,45.2,11.14,34.06,More Expensive,Significantly More Expensive,22,745.8
2022-04-29,PROD00579,Home & Kitchen,North,83.15,44.08,39.07000000000001,More Expensive,Significantly More Expensive,7,523.84
2022-04-29,PROD01071,Fashion,North,7.82,46.47,-38.65,Cheaper,Significantly Cheaper,42,312.02
2022-04-29,PROD00432,Beauty,East,36.99,23.82,13.170000000000002,More Expensive,Significantly More Expensive,28,880.36
2022-04-29,PROD00847,Electronics,South,79.85,78.96,0.8900000000000006,Similar,Normal Competitive Range,31,2104.05
2022-04-29,PROD00762,Books,South,24.39,148.21,-123.82000000000001,Cheaper,Significantly Cheaper,34,787.8
2022-04-29,PROD00699,Fashion,Central,24.29,23.62,0.6699999999999982,Similar,Normal Competitive Range,45,929.09
2022-04-30,PROD00954,Electronics,South,43.12,80.26,-37.14000000000001,Cheaper,Significantly Cheaper,15,614.46
2022-04-30,PROD01200,Electronics,North,17.25,36.59,-19.340000000000003,Cheaper,Significantly Cheaper,57,934.09
2022-04-30,PROD00565,Home & Kitchen,South,12.36,54.58,-42.22,Cheaper,Significantly Cheaper,88,870.14
2022-04-30,PROD00606,Fashion,South,57.41,22.71,34.699999999999996,More Expensive,Significantly More Expensive,36,1963.42
2022-05-01,PROD00185,Home & Kitchen,West,18.79,21.56,-2.7699999999999996,Cheaper,Normal Competitive Range,45,634.16
2022-05-01,PROD00494,Toys,North,12.48,14.09,-1.6099999999999994,Cheaper,Normal Competitive Range,24,299.52
2022-05-01,PROD00171,Books,East,9.12,13.42,-4.300000000000001,Cheaper,Significantly Cheaper,36,295.49
2022-05-01,PROD00892,Sports,Central,18.12,45.95,-27.830000000000002,Cheaper,Significantly Cheaper,45,774.63
2022-05-02,PROD01102,Electronics,North,25.78,38.35,-12.57,Cheaper,Significantly Cheaper,33,765.67
2022-05-02,PROD00970,Beauty,East,15.26,45.83,-30.57,Cheaper,Significantly Cheaper,85,1102.53
2022-05-02,PROD01055,Grocery,South,27.15,54.72,-27.57,Cheaper,Significantly Cheaper,95,2450.29
2022-05-02,PROD00117,Beauty,Central,18.35,27.06,-8.709999999999997,Cheaper,Significantly Cheaper,43,591.79
2022-05-02,PROD00729,Books,East,65.53,50.03,15.5,More Expensive,Significantly More Expensive,12,707.72
2022-05-03,PROD00793,Home & Kitchen,East,31.67,37.66,-5.989999999999995,Cheaper,Normal Competitive Range,32,861.42
2022-05-03,PROD00130,Books,Central,19.34,15.66,3.6799999999999997,More Expensive,Significantly More Expensive,53,820.02
2022-05-03,PROD00163,Sports,East,38.78,11.2,27.580000000000002,More Expensive,Significantly More Expensive,33,959.8
2022-05-03,PROD00716,Books,South,60.96,23.79,37.17,More Expensive,Significantly More Expensive,15,731.52
2022-05-03,PROD00542,Grocery,Central,20.63,52.35,-31.720000000000002,Cheaper,Significantly Cheaper,25,412.6
2022-05-03,PROD00485,Home & Kitchen,South,84.48,14.46,70.02000000000001,More Expensive,Significantly More Expensive,15,950.4
2022-05-04,PROD00497,Books,North,88.53,31.72,56.81,More Expensive,Significantly More Expensive,5,376.25
2022-05-04,PROD00328,Books,Central,33.75,11.09,22.66,More Expensive,Significantly More Expensive,23,659.81
2022-05-04,PROD01015,Sports,South,69.93,34.46,35.470000000000006,More Expensive,Significantly More Expensive,15,944.06
2022-05-05,PROD00949,Home & Kitchen,West,34.26,44.79,-10.530000000000001,Cheaper,Significantly Cheaper,27,740.02
2022-05-05,PROD01070,Sports,East,13.6,9.94,3.66,More Expensive,Significantly More Expensive,96,1175.04
2022-05-05,PROD00555,Fashion,South,99.8,20.72,79.08,More Expensive,Significantly More Expensive,6,598.8
2022-05-05,PROD00432,Toys,East,18.61,34.0,-15.39,Cheaper,Significantly Cheaper,33,614.13
2022-05-05,PROD00937,Home & Kitchen,South,8.89,34.7,-25.810000000000002,Cheaper,Significantly Cheaper,47,376.05
2022-05-06,PROD00600,Beauty,East,46.37,14.98,31.389999999999997,More Expensive,Significantly More Expensive,37,1458.34
2022-05-06,PROD00187,Grocery,South,19.07,12.85,6.220000000000001,More Expensive,Significantly More Expensive,47,851.48
2022-05-06,PROD00580,Grocery,North,48.48,32.33,16.15,More Expensive,Significantly More Expensive,34,1236.24
2022-05-06,PROD00393,Home & Kitchen,North,25.66,16.46,9.2,More Expensive,Significantly More Expensive,48,862.18
2022-05-06,PROD00700,Grocery,Central,55.29,47.81,7.479999999999997,More Expensive,Normal Competitive Range,29,1443.07
2022-05-06,PROD00796,Grocery,South,42.44,67.04,-24.60000000000001,Cheaper,Significantly Cheaper,42,1782.48
2022-05-06,PROD00991,Toys,East,32.78,28.64,4.140000000000001,More Expensive,Normal Competitive Range,21,619.54
2022-05-07,PROD00751,Sports,West,21.51,21.52,-0.00999999999999801,Similar,Normal Competitive Range,45,677.56
2022-05-07,PROD01122,Toys,South,55.72,23.51,32.209999999999994,More Expensive,Significantly More Expensive,13,688.14
2022-05-07,PROD01101,Grocery,West,15.91,15.39,0.5199999999999996,Similar,Normal Competitive Range,35,529.01
2022-05-07,PROD00222,Home & Kitchen,West,52.46,16.54,35.92,More Expensive,Significantly More Expensive,14,697.72
2022-05-07,PROD01043,Grocery,East,20.17,58.9,-38.73,Cheaper,Significantly Cheaper,52,891.51
2022-05-07,PROD00995,Grocery,South,35.59,19.14,16.450000000000003,More Expensive,Significantly More Expensive,44,1252.77
2022-05-08,PROD01000,Fashion,West,81.38,88.66,-7.280000000000001,Cheaper,Normal Competitive Range,23,1403.8
2022-05-08,PROD00402,Fashion,West,20.74,96.04,-75.30000000000001,Cheaper,Significantly Cheaper,61,948.85
2022-05-08,PROD00393,Grocery,North,25.73,19.99,5.740000000000002,More Expensive,Significantly More Expensive,19,464.43
2022-05-08,PROD00882,Sports,West,105.72,30.61,75.11,More Expensive,Significantly More Expensive,16,1353.22
2022-05-08,PROD00364,Home & Kitchen,North,28.24,30.37,-2.1300000000000026,Cheaper,Normal Competitive Range,24,677.76
2022-05-09,PROD01043,Electronics,Central,33.69,13.66,20.029999999999998,More Expensive,Significantly More Expensive,35,1002.28
2022-05-09,PROD00928,Toys,North,60.36,34.84,25.519999999999996,More Expensive,Significantly More Expensive,26,1255.49
2022-05-09,PROD00127,Grocery,Central,12.79,18.58,-5.789999999999999,Cheaper,Significantly Cheaper,105,1275.8
2022-05-09,PROD00240,Books,Central,15.02,37.69,-22.669999999999998,Cheaper,Significantly Cheaper,27,324.43
2022-05-09,PROD00224,Grocery,West,57.87,23.22,34.65,More Expensive,Significantly More Expensive,31,1435.18
2022-05-10,PROD00996,Beauty,Central,56.3,69.47,-13.170000000000002,Cheaper,Normal Competitive Range,10,506.7
2022-05-10,PROD00105,Sports,West,10.34,59.81,-49.47,Cheaper,Significantly Cheaper,89,828.23
2022-05-10,PROD00594,Grocery,South,78.13,95.51,-17.38000000000001,Cheaper,Normal Competitive Range,25,1660.26
2022-05-10,PROD00599,Home & Kitchen,South,40.31,20.88,19.430000000000003,More Expensive,Significantly More Expensive,39,1572.09
2022-05-10,PROD00465,Grocery,South,26.86,24.45,2.41,More Expensive,Normal Competitive Range,43,981.73
2022-05-10,PROD00705,Grocery,West,68.92,34.92,34.0,More Expensive,Significantly More Expensive,51,2987.68
2022-05-10,PROD00488,Home & Kitchen,South,16.49,29.7,-13.21,Cheaper,Significantly Cheaper,45,630.74
2022-05-10,PROD00691,Sports,North,11.82,41.25,-29.43,Cheaper,Significantly Cheaper,76,718.66
2022-05-10,PROD00816,Beauty,East,32.4,62.82,-30.42,Cheaper,Significantly Cheaper,25,729.0
2022-05-11,PROD01050,Fashion,East,19.57,110.65,-91.08000000000001,Cheaper,Significantly Cheaper,54,951.1
2022-05-11,PROD00586,Beauty,East,8.59,23.9,-15.309999999999999,Cheaper,Significantly Cheaper,59,506.81
2022-05-11,PROD00617,Fashion,Central,32.9,7.09,25.81,More Expensive,Significantly More Expensive,19,593.84
2022-05-12,PROD00865,Toys,North,20.61,95.53,-74.92,Cheaper,Significantly Cheaper,30,587.38
2022-05-12,PROD00102,Sports,West,39.84,17.1,22.740000000000002,More Expensive,Significantly More Expensive,26,932.26
2022-05-12,PROD00469,Fashion,West,50.27,60.42,-10.149999999999999,Cheaper,Normal Competitive Range,21,897.32
2022-05-12,PROD00463,Fashion,South,32.77,44.36,-11.589999999999996,Cheaper,Significantly Cheaper,10,278.54
2022-05-13,PROD00330,Grocery,East,33.63,74.35,-40.71999999999999,Cheaper,Significantly Cheaper,33,887.83
2022-05-13,PROD00835,Books,West,22.52,26.66,-4.140000000000001,Cheaper,Normal Competitive Range,25,506.7
2022-05-13,PROD01192,Fashion,West,13.55,20.42,-6.870000000000001,Cheaper,Significantly Cheaper,27,292.68
2022-05-13,PROD00465,Fashion,East,19.94,56.61,-36.67,Cheaper,Significantly Cheaper,79,1102.68
2022-05-13,PROD00861,Fashion,East,66.26,19.06,47.2,More Expensive,Significantly More Expensive,28,1669.75
2022-05-14,PROD00852,Grocery,South,21.82,53.88,-32.06,Cheaper,Significantly Cheaper,37,686.24
2022-05-14,PROD00171,Fashion,West,27.38,35.41,-8.029999999999998,Cheaper,Significantly Cheaper,73,1898.8
2022-05-14,PROD00422,Home & Kitchen,East,8.01,95.68,-87.67,Cheaper,Significantly Cheaper,18,136.97
2022-05-14,PROD00323,Fashion,North,58.81,124.99,-66.17999999999999,Cheaper,Significantly Cheaper,20,823.34
2022-05-14,PROD00607,Fashion,South,20.98,31.13,-10.149999999999999,Cheaper,Significantly Cheaper,44,923.12
2022-05-14,PROD00709,Grocery,North,47.09,28.52,18.570000000000004,More Expensive,Significantly More Expensive,18,847.62
2022-05-14,PROD00362,Electronics,West,31.62,37.33,-5.709999999999997,Cheaper,Normal Competitive Range,49,1316.97
2022-05-14,PROD01038,Toys,South,22.15,23.73,-1.5800000000000018,Cheaper,Normal Competitive Range,18,318.96
2022-05-15,PROD00515,Fashion,North,27.68,17.52,10.16,More Expensive,Significantly More Expensive,28,736.29
2022-05-15,PROD01162,Grocery,Central,38.41,31.45,6.959999999999997,More Expensive,Significantly More Expensive,27,881.51
2022-05-16,PROD00810,Toys,Central,43.34,30.88,12.460000000000004,More Expensive,Significantly More Expensive,11,476.74
2022-05-16,PROD00181,Books,North,38.76,20.45,18.31,More Expensive,Significantly More Expensive,11,341.09
2022-05-16,PROD00005,Home & Kitchen,Central,61.6,67.33,-5.729999999999997,Cheaper,Normal Competitive Range,7,409.64
2022-05-16,PROD00787,Grocery,East,37.3,14.85,22.449999999999996,More Expensive,Significantly More Expensive,20,559.5
2022-05-16,PROD01061,Beauty,West,22.36,76.53,-54.17,Cheaper,Significantly Cheaper,40,760.24
2022-05-16,PROD00637,Grocery,South,46.77,24.41,22.360000000000003,More Expensive,Significantly More Expensive,39,1641.63
2022-05-17,PROD01000,Home & Kitchen,West,58.84,12.89,45.95,More Expensive,Significantly More Expensive,13,764.92
2022-05-17,PROD00726,Books,West,20.53,16.87,3.66,More Expensive,Significantly More Expensive,12,197.09
2022-05-17,PROD00053,Electronics,West,20.28,22.32,-2.039999999999999,Cheaper,Normal Competitive Range,63,1085.99
2022-05-17,PROD00892,Sports,Central,17.73,30.03,-12.3,Cheaper,Significantly Cheaper,26,414.88
2022-05-17,PROD01112,Grocery,North,47.76,106.35,-58.589999999999996,Cheaper,Significantly Cheaper,28,1270.42
2022-05-17,PROD01180,Toys,North,39.34,68.76,-29.42,Cheaper,Significantly Cheaper,56,1762.43
2022-05-17,PROD01182,Sports,West,23.36,16.86,6.5,More Expensive,Significantly More Expensive,25,554.8
2022-05-18,PROD01028,Sports,West,27.85,13.26,14.590000000000002,More Expensive,Significantly More Expensive,36,1002.6
2022-05-18,PROD01134,Toys,Central,29.1,25.0,4.100000000000001,More Expensive,Normal Competitive Range,38,884.64
2022-05-18,PROD01145,Fashion,West,32.81,48.03,-15.219999999999999,Cheaper,Significantly Cheaper,59,1645.42
2022-05-18,PROD00434,Beauty,North,37.82,47.17,-9.350000000000001,Cheaper,Normal Competitive Range,18,510.57
2022-05-18,PROD00744,Toys,Central,15.98,8.51,7.470000000000001,More Expensive,Significantly More Expensive,36,431.46
2022-05-19,PROD00838,Sports,North,39.32,23.8,15.52,More Expensive,Significantly More Expensive,17,534.75
2022-05-19,PROD00206,Fashion,West,17.04,29.51,-12.470000000000002,Cheaper,Significantly Cheaper,36,490.75
2022-05-19,PROD00363,Fashion,North,24.54,21.54,3.0,More Expensive,Normal Competitive Range,28,549.7
2022-05-19,PROD00996,Home & Kitchen,West,74.88,34.65,40.23,More Expensive,Significantly More Expensive,13,778.75
2022-05-19,PROD00704,Sports,West,118.51,20.4,98.11000000000001,More Expensive,Significantly More Expensive,5,444.41
2022-05-19,PROD01139,Books,West,6.31,36.26,-29.95,Cheaper,Significantly Cheaper,17,107.27
2022-05-20,PROD00382,Electronics,West,18.8,20.72,-1.9199999999999982,Cheaper,Normal Competitive Range,55,827.2
2022-05-20,PROD00884,Electronics,West,53.66,127.09,-73.43,Cheaper,Significantly Cheaper,82,3740.1
2022-05-20,PROD00520,Sports,Central,16.26,65.08,-48.81999999999999,Cheaper,Significantly Cheaper,30,439.02
2022-05-20,PROD00534,Electronics,West,41.86,51.16,-9.299999999999997,Cheaper,Normal Competitive Range,19,795.34
2022-05-20,PROD00602,Beauty,South,27.96,30.22,-2.259999999999998,Cheaper,Normal Competitive Range,58,1621.68
2022-05-21,PROD00395,Grocery,South,83.37,53.27,30.1,More Expensive,Significantly More Expensive,23,1629.88
2022-05-21,PROD00224,Sports,Central,16.1,13.57,2.530000000000001,More Expensive,Normal Competitive Range,51,574.77
2022-05-21,PROD00224,Sports,Central,16.1,13.57,2.530000000000001,More Expensive,Normal Competitive Range,43,1411.09
2022-05-21,PROD00632,Electronics,North,128.45,29.21,99.23999999999998,More Expensive,Significantly More Expensive,2,231.21
2022-05-21,PROD00920,Books,Central,21.57,16.81,4.760000000000002,More Expensive,Significantly More Expensive,26,560.82
2022-05-21,PROD00607,Beauty,West,27.31,25.56,1.75,More Expensive,Normal Competitive Range,26,639.05
2022-05-21,PROD00691,Sports,Central,60.63,13.93,46.7,More Expensive,Significantly More Expensive,19,1094.37
2022-05-21,PROD00224,Sports,Central,41.02,5.45,35.57,More Expensive,Significantly More Expensive,51,574.77
2022-05-21,PROD00224,Sports,Central,41.02,5.45,35.57,More Expensive,Significantly More Expensive,43,1411.09
2022-05-21,PROD00182,Grocery,Central,56.88,16.32,40.56,More Expensive,Significantly More Expensive,29,1649.52
2022-05-22,PROD00799,Grocery,North,27.36,10.05,17.31,More Expensive,Significantly More Expensive,62,1526.69
2022-05-22,PROD00207,Grocery,Central,44.77,41.9,2.8700000000000045,More Expensive,Normal Competitive Range,13,407.41
2022-05-22,PROD00626,Toys,South,26.31,16.85,9.459999999999997,More Expensive,Significantly More Expensive,36,663.01
2022-05-22,PROD00165,Toys,West,12.29,50.21,-37.92,Cheaper,Significantly Cheaper,37,409.26
2022-05-22,PROD00650,Fashion,South,52.05,43.96,8.089999999999996,More Expensive,Normal Competitive Range,30,1249.2
2022-05-22,PROD00522,Home & Kitchen,Central,90.49,13.22,77.27,More Expensive,Significantly More Expensive,9,732.97
2022-05-23,PROD00486,Books,North,58.66,16.1,42.559999999999995,More Expensive,Significantly More Expensive,14,656.99
2022-05-23,PROD00165,Beauty,East,30.34,16.76,13.579999999999998,More Expensive,Significantly More Expensive,12,291.26
2022-05-23,PROD01149,Grocery,Central,11.94,60.42,-48.480000000000004,Cheaper,Significantly Cheaper,92,878.78
2022-05-23,PROD00981,Home & Kitchen,Central,52.39,39.0,13.39,More Expensive,Significantly More Expensive,19,895.87
2022-05-23,PROD00169,Beauty,East,81.0,68.78,12.219999999999999,More Expensive,Normal Competitive Range,10,648.0
2022-05-23,PROD00014,Books,Central,36.83,28.27,8.559999999999999,More Expensive,Significantly More Expensive,12,419.86
2022-05-23,PROD00087,Home & Kitchen,South,14.35,21.94,-7.590000000000002,Cheaper,Significantly Cheaper,55,789.25
2022-05-23,PROD00858,Beauty,North,16.47,12.39,4.079999999999998,More Expensive,Significantly More Expensive,38,563.27
2022-05-23,PROD00463,Beauty,South,49.87,52.21,-2.3400000000000034,Similar,Normal Competitive Range,13,551.06
2022-05-24,PROD00874,Sports,North,15.02,37.3,-22.279999999999998,Cheaper,Significantly Cheaper,34,434.08
2022-05-24,PROD01161,Books,South,23.02,33.47,-10.45,Cheaper,Significantly Cheaper,35,644.56
2022-05-24,PROD00625,Toys,North,22.6,12.7,9.900000000000002,More Expensive,Significantly More Expensive,49,996.66
2022-05-24,PROD01007,Sports,West,20.3,43.77,-23.470000000000002,Cheaper,Significantly Cheaper,42,809.97
2022-05-24,PROD01047,Home & Kitchen,North,19.26,20.92,-1.6600000000000001,Cheaper,Normal Competitive Range,36,554.69
2022-05-25,PROD00446,Toys,Central,51.51,19.41,32.099999999999994,More Expensive,Significantly More Expensive,23,1125.49
2022-05-25,PROD01048,Books,Central,58.37,92.03,-33.660000000000004,Cheaper,Significantly Cheaper,29,1438.82
2022-05-25,PROD00579,Beauty,North,43.03,74.62,-31.590000000000003,Cheaper,Significantly Cheaper,21,722.9
2022-05-26,PROD00735,Grocery,West,9.14,20.66,-11.52,Cheaper,Significantly Cheaper,57,416.78
2022-05-26,PROD00601,Electronics,Central,19.32,17.4,1.9200000000000017,More Expensive,Normal Competitive Range,36,591.19
2022-05-26,PROD00409,Home & Kitchen,West,5.54,22.65,-17.11,Cheaper,Significantly Cheaper,61,304.15
2022-05-26,PROD01042,Grocery,East,30.49,37.36,-6.870000000000001,Cheaper,Normal Competitive Range,36,932.99
2022-05-26,PROD00925,Beauty,North,17.88,37.41,-19.529999999999998,Cheaper,Significantly Cheaper,46,740.23
2022-05-27,PROD00591,Beauty,North,20.92,37.28,-16.36,Cheaper,Significantly Cheaper,34,711.28
2022-05-27,PROD01153,Electronics,North,34.43,11.14,23.29,More Expensive,Significantly More Expensive,32,991.58
2022-05-27,PROD00340,Electronics,South,69.44,37.39,32.05,More Expensive,Significantly More Expensive,19,1187.42
2022-05-27,PROD00931,Toys,North,23.96,10.85,13.110000000000001,More Expensive,Significantly More Expensive,44,1001.53
2022-05-27,PROD00788,Electronics,North,28.71,16.83,11.880000000000003,More Expensive,Significantly More Expensive,75,1937.92
2022-05-28,PROD00668,Home & Kitchen,West,17.1,12.55,4.550000000000001,More Expensive,Significantly More Expensive,35,568.57
2022-05-28,PROD01162,Toys,East,67.25,19.04,48.21,More Expensive,Significantly More Expensive,21,1059.19
2022-05-28,PROD00884,Books,West,25.07,46.09,-21.020000000000003,Cheaper,Significantly Cheaper,13,325.91
2022-05-28,PROD00723,Grocery,North,9.3,9.88,-0.5800000000000001,Cheaper,Normal Competitive Range,35,292.95
2022-05-28,PROD00107,Electronics,South,17.02,14.61,2.41,More Expensive,Normal Competitive Range,57,873.13
2022-05-28,PROD00284,Grocery,Central,52.49,22.39,30.1,More Expensive,Significantly More Expensive,36,1700.68
2022-05-28,PROD01063,Fashion,Central,35.72,34.0,1.7199999999999989,More Expensive,Normal Competitive Range,32,1028.74
2022-05-28,PROD00178,Toys,East,56.82,42.06,14.759999999999998,More Expensive,Significantly More Expensive,15,724.46
2022-05-28,PROD00567,Books,South,63.94,37.08,26.86,More Expensive,Significantly More Expensive,18,1035.83
2022-05-28,PROD01134,Toys,South,12.49,14.68,-2.1899999999999995,Cheaper,Normal Competitive Range,49,550.81
2022-05-28,PROD00169,Sports,East,16.09,13.29,2.8000000000000007,More Expensive,Significantly More Expensive,24,386.16
2022-05-28,PROD00225,Grocery,North,20.64,18.29,2.3500000000000014,More Expensive,Normal Competitive Range,51,894.74
2022-05-29,PROD00801,Grocery,East,23.27,13.22,10.049999999999999,More Expensive,Significantly More Expensive,71,1486.95
2022-05-29,PROD00676,Electronics,West,68.46,52.37,16.089999999999996,More Expensive,Significantly More Expensive,40,2327.64
2022-05-29,PROD00863,Books,East,43.52,21.4,22.120000000000005,More Expensive,Significantly More Expensive,29,1262.08
2022-05-29,PROD01100,Electronics,South,27.01,39.22,-12.209999999999997,Cheaper,Significantly Cheaper,28,756.28
2022-05-29,PROD00481,Electronics,East,67.54,25.08,42.46000000000001,More Expensive,Significantly More Expensive,38,2309.87
2022-05-29,PROD00524,Electronics,North,23.2,76.86,-53.66,Cheaper,Significantly Cheaper,98,1818.88
2022-05-29,PROD00636,Electronics,South,79.96,29.93,50.029999999999994,More Expensive,Significantly More Expensive,15,1079.46
2022-05-30,PROD01083,Toys,North,12.63,3.55,9.080000000000002,More Expensive,Significantly More Expensive,17,214.71
2022-05-30,PROD00810,Books,Central,36.9,50.45,-13.550000000000004,Cheaper,Significantly Cheaper,17,501.84
2022-05-30,PROD00959,Beauty,South,37.81,18.87,18.94,More Expensive,Significantly More Expensive,38,1364.94
2022-05-30,PROD00720,Fashion,North,33.23,25.68,7.549999999999997,More Expensive,Significantly More Expensive,20,664.6
2022-05-30,PROD00564,Electronics,North,9.45,34.12,-24.669999999999998,Cheaper,Significantly Cheaper,22,207.9
2022-05-30,PROD00881,Grocery,South,31.46,47.29,-15.829999999999998,Cheaper,Significantly Cheaper,57,1524.24
2022-05-30,PROD00202,Sports,Central,9.33,16.9,-7.5699999999999985,Cheaper,Significantly Cheaper,60,475.83
2022-05-31,PROD00023,Books,East,76.08,29.87,46.209999999999994,More Expensive,Significantly More Expensive,10,722.76
2022-05-31,PROD00819,Beauty,North,163.21,14.04,149.17000000000002,More Expensive,Significantly More Expensive,3,416.19
2022-05-31,PROD00016,Books,Central,56.03,181.28,-125.25,Cheaper,Significantly Cheaper,9,504.27
2022-05-31,PROD00929,Sports,East,9.37,29.16,-19.79,Cheaper,Significantly Cheaper,23,193.96
2022-05-31,PROD00359,Home & Kitchen,Central,18.48,51.16,-32.67999999999999,Cheaper,Significantly Cheaper,13,240.24
2022-05-31,PROD00942,Toys,East,33.18,26.66,6.52,More Expensive,Significantly More Expensive,22,729.96
2022-05-31,PROD00559,Sports,Central,26.1,81.53,-55.43,Cheaper,Significantly Cheaper,42,1041.39
2022-05-31,PROD00735,Grocery,West,68.35,30.72,37.629999999999995,More Expensive,Significantly More Expensive,23,1493.45
2022-05-31,PROD00579,Fashion,Central,11.29,37.64,-26.35,Cheaper,Significantly Cheaper,59,566.19
2022-06-01,PROD00809,Toys,Central,49.89,10.08,39.81,More Expensive,Significantly More Expensive,10,473.96
2022-06-01,PROD00822,Electronics,West,26.87,80.39,-53.519999999999996,Cheaper,Significantly Cheaper,88,1891.65
2022-06-01,PROD01151,Home & Kitchen,Central,11.72,45.08,-33.36,Cheaper,Significantly Cheaper,56,525.06
2022-06-01,PROD00798,Toys,West,24.39,19.28,5.109999999999999,More Expensive,Significantly More Expensive,24,556.09
2022-06-01,PROD00938,Toys,South,14.73,86.42,-71.69,Cheaper,Significantly Cheaper,69,762.28
2022-06-02,PROD00767,Sports,North,25.23,37.89,-12.66,Cheaper,Significantly Cheaper,19,431.43
2022-06-02,PROD00730,Sports,East,13.86,56.38,-42.52,Cheaper,Significantly Cheaper,78,918.92
2022-06-02,PROD00557,Fashion,Central,27.08,12.43,14.649999999999999,More Expensive,Significantly More Expensive,21,540.25
2022-06-03,PROD01044,Books,North,13.23,26.55,-13.32,Cheaper,Significantly Cheaper,22,291.06
2022-06-03,PROD00276,Sports,North,35.2,51.84,-16.64,Cheaper,Significantly Cheaper,10,316.8
2022-06-03,PROD00147,Electronics,Central,25.72,17.93,7.789999999999999,More Expensive,Significantly More Expensive,45,925.92
2022-06-03,PROD00734,Sports,Central,20.35,45.03,-24.68,Cheaper,Significantly Cheaper,24,439.56
2022-06-03,PROD00316,Electronics,West,15.99,35.95,-19.96,Cheaper,Significantly Cheaper,49,665.98
2022-06-03,PROD00819,Sports,South,44.29,16.79,27.5,More Expensive,Significantly More Expensive,19,757.36
2022-06-03,PROD00308,Fashion,East,63.51,30.44,33.06999999999999,More Expensive,Significantly More Expensive,35,2222.85
2022-06-03,PROD01125,Home & Kitchen,East,22.81,22.38,0.4299999999999997,Similar,Normal Competitive Range,21,455.06
2022-06-04,PROD00100,Toys,Central,33.5,66.27,-32.769999999999996,Cheaper,Significantly Cheaper,13,413.72
2022-06-04,PROD00531,Electronics,West,31.36,26.27,5.09,More Expensive,Normal Competitive Range,27,804.38
2022-06-04,PROD00365,Grocery,East,99.21,17.94,81.27,More Expensive,Significantly More Expensive,9,892.89
2022-06-04,PROD00806,Books,West,10.34,17.59,-7.25,Cheaper,Significantly Cheaper,36,297.79
2022-06-04,PROD00682,Home & Kitchen,South,32.05,22.57,9.479999999999997,More Expensive,Significantly More Expensive,24,769.2
2022-06-05,PROD00423,Beauty,South,9.67,33.35,-23.68,Cheaper,Significantly Cheaper,48,417.74
2022-06-05,PROD00867,Sports,Central,19.84,17.85,1.9899999999999984,More Expensive,Normal Competitive Range,47,699.36
2022-06-05,PROD00410,Electronics,South,25.3,15.8,9.5,More Expensive,Significantly More Expensive,32,688.16
2022-06-05,PROD00608,Home & Kitchen,South,88.35,27.79,60.559999999999995,More Expensive,Significantly More Expensive,19,1175.05
2022-06-05,PROD00620,Electronics,South,25.83,68.44,-42.61,Cheaper,Significantly Cheaper,29,524.35
2022-06-05,PROD00987,Electronics,East,94.82,16.69,78.13,More Expensive,Significantly More Expensive,15,1351.18
2022-06-05,PROD00697,Electronics,South,70.8,30.04,40.76,More Expensive,Significantly More Expensive,22,1401.84
2022-06-06,PROD00516,Fashion,Central,51.84,30.84,21.000000000000004,More Expensive,Significantly More Expensive,25,972.0
2022-06-06,PROD00600,Grocery,North,103.4,48.86,54.540000000000006,More Expensive,Significantly More Expensive,10,827.2
2022-06-06,PROD01155,Fashion,North,88.69,22.91,65.78,More Expensive,Significantly More Expensive,8,496.66
2022-06-06,PROD00081,Toys,South,75.91,57.84,18.069999999999993,More Expensive,Significantly More Expensive,9,546.55
2022-06-07,PROD00405,Sports,East,60.65,61.18,-0.5300000000000011,Similar,Normal Competitive Range,10,485.2
2022-06-07,PROD01179,Grocery,East,101.03,37.49,63.54,More Expensive,Significantly More Expensive,12,909.27
2022-06-08,PROD00853,Grocery,West,25.22,18.51,6.709999999999997,More Expensive,Significantly More Expensive,147,2780.5
2022-06-08,PROD00674,Home & Kitchen,West,87.37,21.42,65.95,More Expensive,Significantly More Expensive,19,1577.03
2022-06-08,PROD00776,Beauty,Central,24.72,15.59,9.129999999999999,More Expensive,Significantly More Expensive,27,634.07
2022-06-08,PROD00454,Sports,Central,19.39,17.15,2.240000000000002,More Expensive,Normal Competitive Range,28,434.34
2022-06-08,PROD00959,Toys,South,14.24,19.05,-4.8100000000000005,Cheaper,Significantly Cheaper,42,508.37
2022-06-09,PROD00438,Fashion,Central,30.82,42.01,-11.189999999999998,Cheaper,Significantly Cheaper,22,644.14
2022-06-09,PROD00618,Toys,South,47.04,75.87,-28.830000000000005,Cheaper,Significantly Cheaper,30,1340.64
2022-06-09,PROD01180,Grocery,East,31.93,26.05,5.879999999999999,More Expensive,Significantly More Expensive,55,1317.11
2022-06-09,PROD00203,Fashion,West,27.99,78.39,-50.400000000000006,Cheaper,Significantly Cheaper,29,811.71
2022-06-09,PROD00149,Beauty,North,28.13,58.95,-30.820000000000004,Cheaper,Significantly Cheaper,54,1291.17
2022-06-10,PROD00806,Home & Kitchen,South,25.71,23.46,2.25,More Expensive,Normal Competitive Range,30,539.91
2022-06-10,PROD00942,Beauty,Central,26.31,13.68,12.629999999999999,More Expensive,Significantly More Expensive,31,693.27
2022-06-10,PROD00214,Toys,East,71.32,37.83,33.489999999999995,More Expensive,Significantly More Expensive,9,609.79
2022-06-11,PROD00127,Beauty,East,16.03,30.7,-14.669999999999998,Cheaper,Significantly Cheaper,18,230.83
2022-06-11,PROD01121,Electronics,South,29.24,27.45,1.7899999999999991,More Expensive,Normal Competitive Range,41,1019.01
2022-06-11,PROD00681,Fashion,South,60.28,27.43,32.85,More Expensive,Significantly More Expensive,35,1793.33
2022-06-11,PROD00347,Sports,West,63.76,26.27,37.489999999999995,More Expensive,Significantly More Expensive,15,956.4
2022-06-11,PROD00366,Fashion,North,59.14,31.73,27.41,More Expensive,Significantly More Expensive,39,1614.52
2022-06-11,PROD00357,Sports,West,28.34,26.9,1.4400000000000013,More Expensive,Normal Competitive Range,30,850.2
2022-06-11,PROD00009,Beauty,North,94.9,142.46,-47.56,Cheaper,Significantly Cheaper,7,564.66
2022-06-12,PROD01138,Electronics,Central,125.11,56.94,68.17,More Expensive,Significantly More Expensive,7,788.19
2022-06-12,PROD00708,Electronics,West,11.62,12.69,-1.0700000000000003,Cheaper,Normal Competitive Range,54,533.36
2022-06-12,PROD00732,Beauty,West,45.64,42.59,3.049999999999997,More Expensive,Normal Competitive Range,23,997.23
2022-06-12,PROD00849,Grocery,Central,16.97,25.35,-8.380000000000003,Cheaper,Significantly Cheaper,33,560.01
2022-06-12,PROD00415,Fashion,West,36.98,18.22,18.759999999999998,More Expensive,Significantly More Expensive,41,1137.13
2022-06-13,PROD01030,Grocery,West,33.26,11.06,22.199999999999996,More Expensive,Significantly More Expensive,31,979.51
2022-06-13,PROD00449,Toys,East,88.97,9.35,79.62,More Expensive,Significantly More Expensive,4,338.09
2022-06-13,PROD01172,Books,East,17.27,40.27,-23.000000000000004,Cheaper,Significantly Cheaper,14,181.34
2022-06-13,PROD00946,Fashion,East,29.54,122.44,-92.9,Cheaper,Significantly Cheaper,27,797.58
2022-06-13,PROD00837,Books,North,28.19,22.03,6.16,More Expensive,Significantly More Expensive,20,479.23
2022-06-14,PROD00009,Home & Kitchen,West,53.41,26.7,26.709999999999997,More Expensive,Significantly More Expensive,25,934.68
2022-06-14,PROD00822,Sports,Central,21.47,66.0,-44.53,Cheaper,Significantly Cheaper,27,579.69
2022-06-14,PROD00713,Electronics,South,24.37,24.4,-0.029999999999997584,Similar,Normal Competitive Range,42,921.19
2022-06-14,PROD00965,Fashion,West,11.23,21.38,-10.149999999999999,Cheaper,Significantly Cheaper,41,345.32
2022-06-14,PROD01122,Home & Kitchen,North,18.47,56.69,-38.22,Cheaper,Significantly Cheaper,49,769.28
2022-06-15,PROD00520,Books,North,46.14,55.85,-9.71,Cheaper,Normal Competitive Range,20,784.38
2022-06-15,PROD01097,Books,East,46.42,26.73,19.69,More Expensive,Significantly More Expensive,10,371.36
2022-06-15,PROD00714,Fashion,North,12.86,30.2,-17.34,Cheaper,Significantly Cheaper,47,543.98
2022-06-16,PROD00813,Home & Kitchen,West,16.77,46.2,-29.430000000000003,Cheaper,Significantly Cheaper,71,833.47
2022-06-16,PROD01128,Grocery,Central,31.56,22.55,9.009999999999998,More Expensive,Significantly More Expensive,92,2903.52
2022-06-16,PROD00447,Grocery,South,30.57,22.72,7.850000000000001,More Expensive,Significantly More Expensive,35,802.46
2022-06-16,PROD00666,Home & Kitchen,East,79.61,16.5,63.11,More Expensive,Significantly More Expensive,16,1082.7
2022-06-16,PROD00280,Electronics,West,48.76,104.88,-56.12,Cheaper,Significantly Cheaper,34,1326.27
2022-06-16,PROD01187,Home & Kitchen,South,25.95,29.74,-3.789999999999999,Cheaper,Normal Competitive Range,32,747.36
2022-06-17,PROD01058,Books,North,11.83,34.08,-22.25,Cheaper,Significantly Cheaper,10,100.56
2022-06-17,PROD01160,Fashion,West,10.09,27.64,-17.55,Cheaper,Significantly Cheaper,51,514.59
2022-06-17,PROD00615,Home & Kitchen,North,72.44,26.89,45.55,More Expensive,Significantly More Expensive,20,1086.6
2022-06-18,PROD01095,Grocery,South,24.17,31.9,-7.729999999999997,Cheaper,Significantly Cheaper,65,1492.5
2022-06-18,PROD01187,Toys,North,9.38,67.85,-58.46999999999999,Cheaper,Significantly Cheaper,58,516.84
2022-06-18,PROD00067,Books,Central,59.79,19.29,40.5,More Expensive,Significantly More Expensive,20,1195.8
2022-06-18,PROD00365,Beauty,South,40.35,18.57,21.78,More Expensive,Significantly More Expensive,63,1906.54
2022-06-18,PROD00538,Sports,West,54.7,12.56,42.14,More Expensive,Significantly More Expensive,20,1094.0
2022-06-18,PROD00117,Books,South,72.83,24.87,47.959999999999994,More Expensive,Significantly More Expensive,10,619.05
2022-06-18,PROD00430,Fashion,North,40.88,65.9,-25.020000000000003,Cheaper,Significantly Cheaper,42,1459.42
2022-06-19,PROD00419,Grocery,South,48.8,5.55,43.25,More Expensive,Significantly More Expensive,39,1617.72
2022-06-19,PROD00505,Home & Kitchen,South,80.87,46.44,34.43000000000001,More Expensive,Significantly More Expensive,23,1581.01
2022-06-19,PROD01160,Books,West,26.14,30.47,-4.329999999999998,Cheaper,Normal Competitive Range,22,488.82
2022-06-19,PROD00688,Fashion,West,40.46,9.98,30.48,More Expensive,Significantly More Expensive,24,922.49
2022-06-19,PROD00697,Fashion,East,29.52,6.65,22.869999999999997,More Expensive,Significantly More Expensive,29,770.47
2022-06-19,PROD00227,Electronics,South,24.3,13.15,11.15,More Expensive,Significantly More Expensive,38,692.55
2022-06-19,PROD00191,Books,North,22.32,31.68,-9.36,Cheaper,Significantly Cheaper,47,891.68
2022-06-20,PROD00917,Home & Kitchen,South,16.73,6.26,10.47,More Expensive,Significantly More Expensive,38,603.95
2022-06-20,PROD00078,Home & Kitchen,East,37.64,66.39,-28.75,Cheaper,Significantly Cheaper,28,1001.22
2022-06-20,PROD00846,Sports,East,41.91,44.42,-2.510000000000005,Cheaper,Normal Competitive Range,16,536.45
2022-06-20,PROD00676,Books,North,44.3,17.0,27.299999999999997,More Expensive,Significantly More Expensive,15,564.82
2022-06-20,PROD00441,Home & Kitchen,East,63.02,31.97,31.050000000000004,More Expensive,Significantly More Expensive,40,2142.68
2022-06-20,PROD00055,Books,South,28.58,54.99,-26.410000000000004,Cheaper,Significantly Cheaper,18,488.72
2022-06-21,PROD00589,Books,North,43.34,22.67,20.67,More Expensive,Significantly More Expensive,25,866.8
2022-06-22,PROD00450,Fashion,Central,54.8,81.71,-26.909999999999997,Cheaper,Significantly Cheaper,31,1274.1
2022-06-22,PROD00533,Sports,North,33.18,23.63,9.55,More Expensive,Significantly More Expensive,25,829.5
2022-06-22,PROD00426,Home & Kitchen,Central,24.49,21.53,2.9599999999999973,More Expensive,Normal Competitive Range,65,1512.26
2022-06-22,PROD00909,Books,East,47.7,20.34,27.360000000000003,More Expensive,Significantly More Expensive,18,643.95
2022-06-22,PROD00538,Home & Kitchen,South,24.89,16.56,8.330000000000002,More Expensive,Significantly More Expensive,77,1916.53
2022-06-22,PROD00813,Grocery,East,32.78,35.79,-3.009999999999998,Cheaper,Normal Competitive Range,44,1298.09
2022-06-22,PROD00572,Fashion,West,58.49,66.81,-8.32,Cheaper,Normal Competitive Range,12,631.69
2022-06-23,PROD00606,Home & Kitchen,South,30.15,60.83,-30.68,Cheaper,Significantly Cheaper,73,2090.9
2022-06-23,PROD01109,Electronics,East,8.93,73.7,-64.77000000000001,Cheaper,Significantly Cheaper,72,514.37
2022-06-23,PROD00610,Beauty,South,8.08,39.29,-31.21,Cheaper,Significantly Cheaper,45,345.42
2022-06-23,PROD00594,Electronics,South,21.71,32.43,-10.719999999999999,Cheaper,Significantly Cheaper,38,742.48
2022-06-23,PROD00578,Books,Central,44.1,34.99,9.11,More Expensive,Significantly More Expensive,38,1424.43
2022-06-23,PROD00331,Grocery,North,24.28,80.77,-56.489999999999995,Cheaper,Significantly Cheaper,66,1281.98
2022-06-23,PROD00655,Beauty,West,26.31,22.83,3.4800000000000004,More Expensive,Normal Competitive Range,35,874.81
2022-06-24,PROD00682,Sports,Central,39.99,49.64,-9.649999999999999,Cheaper,Normal Competitive Range,31,1177.71
2022-06-24,PROD00474,Books,West,26.53,25.63,0.9000000000000021,Similar,Normal Competitive Range,10,265.3
2022-06-24,PROD00257,Books,West,28.46,14.64,13.82,More Expensive,Significantly More Expensive,28,796.88
2022-06-24,PROD00122,Toys,North,30.85,88.45,-57.6,Cheaper,Significantly Cheaper,21,453.5
2022-06-25,PROD00675,Fashion,North,58.04,21.64,36.4,More Expensive,Significantly More Expensive,6,296.0
2022-06-25,PROD00701,Books,North,24.22,23.53,0.6899999999999977,Similar,Normal Competitive Range,10,230.09
2022-06-26,PROD00164,Sports,Central,19.92,29.41,-9.489999999999998,Cheaper,Significantly Cheaper,80,1354.56
2022-06-26,PROD00709,Electronics,North,32.89,21.03,11.86,More Expensive,Significantly More Expensive,47,1313.96
2022-06-26,PROD00630,Toys,North,38.83,22.3,16.529999999999998,More Expensive,Significantly More Expensive,22,811.55
2022-06-26,PROD00576,Sports,West,49.04,53.33,-4.289999999999999,Cheaper,Normal Competitive Range,15,662.04
2022-06-26,PROD00690,Beauty,South,51.23,85.65,-34.42000000000001,Cheaper,Significantly Cheaper,32,1639.36
2022-06-26,PROD00249,Grocery,North,19.01,24.43,-5.419999999999998,Cheaper,Significantly Cheaper,20,342.18
2022-06-26,PROD00658,Beauty,South,16.66,36.13,-19.470000000000002,Cheaper,Significantly Cheaper,47,704.72
2022-06-27,PROD00291,Beauty,West,58.84,18.96,39.88,More Expensive,Significantly More Expensive,18,1059.12
2022-06-27,PROD00244,Books,West,54.74,9.2,45.540000000000006,More Expensive,Significantly More Expensive,8,328.44
2022-06-27,PROD00475,Toys,West,190.48,16.97,173.51,More Expensive,Significantly More Expensive,1,180.96
2022-06-27,PROD00845,Fashion,Central,36.96,48.55,-11.589999999999996,Cheaper,Significantly Cheaper,41,1288.06
2022-06-27,PROD00351,Toys,East,17.41,57.77,-40.36,Cheaper,Significantly Cheaper,37,483.13
2022-06-27,PROD00504,Electronics,West,21.85,37.68,-15.829999999999998,Cheaper,Significantly Cheaper,97,1907.51
2022-06-28,PROD00147,Books,West,22.02,24.79,-2.7699999999999996,Cheaper,Normal Competitive Range,41,812.54
2022-06-28,PROD00208,Books,West,32.12,15.02,17.099999999999998,More Expensive,Significantly More Expensive,20,610.28
2022-06-28,PROD00235,Sports,South,18.19,33.46,-15.27,Cheaper,Significantly Cheaper,34,463.84
2022-06-28,PROD00969,Fashion,South,10.59,58.17,-47.58,Cheaper,Significantly Cheaper,40,381.24
2022-06-28,PROD01026,Grocery,South,40.31,72.49,-32.17999999999999,Cheaper,Significantly Cheaper,27,870.7
2022-06-28,PROD00624,Books,East,27.51,47.5,-19.99,Cheaper,Significantly Cheaper,21,404.4
2022-06-28,PROD00706,Sports,West,22.11,26.36,-4.25,Cheaper,Normal Competitive Range,27,507.42
2022-06-28,PROD01156,Grocery,Central,21.02,29.95,-8.93,Cheaper,Significantly Cheaper,34,571.74
2022-06-28,PROD00673,Electronics,North,25.52,24.59,0.9299999999999997,Similar,Normal Competitive Range,57,1454.64
2022-06-28,PROD00206,Electronics,East,13.31,64.43,-51.120000000000005,Cheaper,Significantly Cheaper,54,682.8
2022-06-29,PROD00948,Electronics,South,33.5,67.79,-34.290000000000006,Cheaper,Significantly Cheaper,47,1495.78
2022-06-29,PROD00223,Grocery,South,35.4,10.58,24.82,More Expensive,Significantly More Expensive,34,1083.24
2022-06-29,PROD00742,Grocery,East,98.39,40.92,57.47,More Expensive,Significantly More Expensive,7,654.29
2022-06-29,PROD01129,Electronics,South,12.28,55.28,-43.0,Cheaper,Significantly Cheaper,46,508.39
2022-06-29,PROD00298,Fashion,Central,12.44,22.71,-10.270000000000001,Cheaper,Significantly Cheaper,69,600.85
2022-06-29,PROD00560,Beauty,East,14.23,24.79,-10.559999999999999,Cheaper,Significantly Cheaper,89,1013.18
2022-06-29,PROD00694,Grocery,West,29.76,21.04,8.720000000000002,More Expensive,Significantly More Expensive,16,452.35
2022-06-30,PROD00596,Electronics,South,78.53,18.79,59.74,More Expensive,Significantly More Expensive,13,867.76
2022-06-30,PROD00639,Beauty,West,37.74,35.47,2.270000000000003,More Expensive,Normal Competitive Range,12,362.3
2022-06-30,PROD00272,Books,South,26.89,48.87,-21.979999999999997,Cheaper,Significantly Cheaper,28,527.04
2022-06-30,PROD00543,Home & Kitchen,West,23.69,14.04,9.650000000000002,More Expensive,Significantly More Expensive,83,1376.39
2022-06-30,PROD00601,Grocery,West,99.57,29.38,70.19,More Expensive,Significantly More Expensive,14,1324.28
2022-06-30,PROD00309,Electronics,Central,77.02,63.69,13.329999999999998,More Expensive,Significantly More Expensive,13,901.13
2022-06-30,PROD01178,Home & Kitchen,Central,58.42,113.99,-55.56999999999999,Cheaper,Significantly Cheaper,36,1787.65
2022-06-30,PROD00991,Electronics,South,14.94,28.94,-14.000000000000002,Cheaper,Significantly Cheaper,64,908.35
2022-06-30,PROD01182,Books,East,11.89,137.6,-125.71,Cheaper,Significantly Cheaper,29,293.09
2022-06-30,PROD00559,Home & Kitchen,East,9.13,15.72,-6.59,Cheaper,Significantly Cheaper,53,483.89
2022-07-01,PROD01009,Toys,West,26.87,22.28,4.59,More Expensive,Significantly More Expensive,26,698.62
2022-07-01,PROD00149,Electronics,South,62.78,38.15,24.630000000000003,More Expensive,Significantly More Expensive,18,1073.54
2022-07-01,PROD01080,Toys,West,76.28,46.99,29.29,More Expensive,Significantly More Expensive,13,991.64
2022-07-01,PROD01140,Toys,Central,23.96,48.51,-24.549999999999997,Cheaper,Significantly Cheaper,38,819.43
2022-07-01,PROD01185,Toys,East,22.95,19.05,3.8999999999999986,More Expensive,Significantly More Expensive,31,711.45
2022-07-01,PROD00196,Home & Kitchen,Central,31.52,61.68,-30.16,Cheaper,Significantly Cheaper,44,1248.19
2022-07-01,PROD00062,Grocery,East,21.17,29.26,-8.09,Cheaper,Significantly Cheaper,46,827.75
2022-07-02,PROD00790,Home & Kitchen,North,13.91,12.98,0.9299999999999997,More Expensive,Normal Competitive Range,42,555.01
2022-07-02,PROD00589,Fashion,East,21.59,34.49,-12.900000000000002,Cheaper,Significantly Cheaper,46,744.86
2022-07-02,PROD00246,Grocery,South,80.07,14.46,65.60999999999999,More Expensive,Significantly More Expensive,29,2322.03
2022-07-02,PROD00653,Toys,West,30.17,16.88,13.290000000000003,More Expensive,Significantly More Expensive,24,615.47
2022-07-02,PROD00239,Grocery,West,10.42,5.44,4.9799999999999995,More Expensive,Significantly More Expensive,59,614.78
2022-07-03,PROD00880,Beauty,South,27.62,15.82,11.8,More Expensive,Significantly More Expensive,57,1180.76
2022-07-03,PROD00600,Electronics,West,2.36,28.24,-25.88,Cheaper,Significantly Cheaper,42,99.12
2022-07-03,PROD00752,Toys,West,37.7,33.68,4.020000000000003,More Expensive,Normal Competitive Range,42,1345.89
2022-07-03,PROD00666,Books,East,89.15,6.47,82.68,More Expensive,Significantly More Expensive,7,561.65
2022-07-03,PROD00461,Grocery,East,15.53,15.45,0.08000000000000007,Similar,Normal Competitive Range,59,824.64
2022-07-03,PROD00987,Electronics,East,53.37,16.63,36.739999999999995,More Expensive,Significantly More Expensive,43,1835.93
2022-07-03,PROD00261,Books,East,31.11,63.37,-32.26,Cheaper,Significantly Cheaper,20,559.98
2022-07-03,PROD00872,Sports,West,71.96,17.34,54.61999999999999,More Expensive,Significantly More Expensive,7,503.72
2022-07-04,PROD00526,Toys,West,84.81,36.37,48.440000000000005,More Expensive,Significantly More Expensive,6,508.86
2022-07-04,PROD00269,Fashion,West,22.66,41.74,-19.080000000000002,Cheaper,Significantly Cheaper,55,1246.3
2022-07-04,PROD00902,Toys,South,25.83,23.54,2.289999999999999,More Expensive,Normal Competitive Range,19,441.69
2022-07-04,PROD00823,Sports,North,102.34,6.62,95.72,More Expensive,Significantly More Expensive,6,429.83
2022-07-04,PROD00866,Grocery,Central,21.29,47.62,-26.33,Cheaper,Significantly Cheaper,43,869.7
2022-07-04,PROD01010,Beauty,West,56.89,35.5,21.39,More Expensive,Significantly More Expensive,25,1208.91
2022-07-04,PROD00188,Toys,North,36.25,22.5,13.75,More Expensive,Significantly More Expensive,18,587.25
2022-07-04,PROD00361,Beauty,North,39.61,61.61,-22.0,Cheaper,Significantly Cheaper,26,1029.86
2022-07-04,PROD00903,Grocery,East,27.81,38.6,-10.790000000000003,Cheaper,Significantly Cheaper,26,650.75
2022-07-05,PROD00543,Fashion,West,64.13,34.5,29.629999999999995,More Expensive,Significantly More Expensive,41,2234.93
2022-07-05,PROD01072,Grocery,Central,21.64,78.25,-56.61,Cheaper,Significantly Cheaper,95,1541.85
2022-07-05,PROD00498,Toys,Central,127.44,32.53,94.91,More Expensive,Significantly More Expensive,3,324.97
2022-07-05,PROD00309,Electronics,West,31.08,23.71,7.369999999999997,More Expensive,Significantly More Expensive,54,1258.74
2022-07-05,PROD00295,Toys,East,18.73,22.58,-3.849999999999998,Cheaper,Normal Competitive Range,64,839.1
2022-07-05,PROD00179,Toys,North,54.03,115.97,-61.94,Cheaper,Significantly Cheaper,22,950.93
2022-07-06,PROD00765,Electronics,North,25.67,34.01,-8.339999999999996,Cheaper,Significantly Cheaper,23,413.29
2022-07-06,PROD00226,Fashion,West,32.07,16.57,15.5,More Expensive,Significantly More Expensive,17,463.41
2022-07-06,PROD00700,Beauty,North,46.25,23.26,22.99,More Expensive,Significantly More Expensive,31,1362.06
2022-07-06,PROD00416,Beauty,West,74.3,42.17,32.129999999999995,More Expensive,Significantly More Expensive,24,1337.4
2022-07-07,PROD00660,Electronics,South,36.47,42.56,-6.090000000000003,Cheaper,Normal Competitive Range,30,929.98
2022-07-07,PROD00228,Fashion,South,64.3,27.57,36.73,More Expensive,Significantly More Expensive,17,983.79
2022-07-08,PROD00538,Fashion,West,9.78,26.89,-17.11,Cheaper,Significantly Cheaper,47,390.71
2022-07-08,PROD00589,Home & Kitchen,East,62.75,32.99,29.759999999999998,More Expensive,Significantly More Expensive,12,677.7
2022-07-08,PROD00652,Sports,West,37.61,29.14,8.469999999999999,More Expensive,Significantly More Expensive,23,692.02
2022-07-08,PROD01066,Electronics,Central,27.09,30.66,-3.5700000000000003,Cheaper,Normal Competitive Range,101,2736.09
2022-07-08,PROD00372,Electronics,South,128.24,38.94,89.30000000000001,More Expensive,Significantly More Expensive,4,436.02
2022-07-08,PROD00633,Beauty,South,12.62,112.36,-99.74,Cheaper,Significantly Cheaper,38,479.56
2022-07-09,PROD01078,Grocery,North,13.86,39.1,-25.240000000000002,Cheaper,Significantly Cheaper,40,498.96
2022-07-09,PROD00549,Beauty,West,24.09,61.76,-37.67,Cheaper,Significantly Cheaper,25,572.14
2022-07-09,PROD00474,Fashion,East,44.14,8.88,35.26,More Expensive,Significantly More Expensive,42,1297.72
2022-07-09,PROD00136,Grocery,North,14.28,20.07,-5.790000000000001,Cheaper,Significantly Cheaper,55,667.59
2022-07-09,PROD00063,Grocery,Central,51.45,64.19,-12.739999999999995,Cheaper,Normal Competitive Range,26,1337.7
2022-07-09,PROD00790,Sports,Central,161.39,53.06,108.32999999999998,More Expensive,Significantly More Expensive,5,605.21
2022-07-09,PROD00088,Books,West,56.78,43.78,13.0,More Expensive,Significantly More Expensive,15,809.12
2022-07-09,PROD00746,Grocery,Central,33.83,49.31,-15.480000000000004,Cheaper,Significantly Cheaper,38,899.88
2022-07-09,PROD00827,Fashion,Central,36.18,57.33,-21.15,Cheaper,Significantly Cheaper,29,944.3
2022-07-09,PROD00969,Toys,West,21.89,25.45,-3.5599999999999987,Cheaper,Normal Competitive Range,21,367.75
2022-07-10,PROD00986,Fashion,North,20.37,18.38,1.990000000000002,More Expensive,Normal Competitive Range,51,934.98
2022-07-10,PROD00007,Books,North,14.46,14.25,0.21000000000000085,Similar,Normal Competitive Range,48,624.67
2022-07-10,PROD00886,Books,North,40.7,35.11,5.590000000000003,More Expensive,Normal Competitive Range,16,488.4
2022-07-11,PROD01029,Fashion,East,26.1,43.74,-17.64,Cheaper,Significantly Cheaper,47,920.03
2022-07-11,PROD00950,Grocery,West,17.49,8.77,8.719999999999999,More Expensive,Significantly More Expensive,63,991.68
2022-07-11,PROD00051,Grocery,West,24.86,31.24,-6.379999999999999,Cheaper,Significantly Cheaper,54,1141.07
2022-07-11,PROD00092,Home & Kitchen,North,45.02,28.33,16.690000000000005,More Expensive,Significantly More Expensive,27,1215.54
2022-07-11,PROD00705,Grocery,Central,22.96,27.22,-4.259999999999998,Cheaper,Normal Competitive Range,38,697.98
2022-07-11,PROD00565,Beauty,South,64.89,49.59,15.299999999999997,More Expensive,Significantly More Expensive,27,1314.02
2022-07-11,PROD00091,Grocery,Central,37.19,67.29,-30.10000000000001,Cheaper,Significantly Cheaper,34,1011.57
2022-07-12,PROD00050,Fashion,East,20.61,51.62,-31.009999999999998,Cheaper,Significantly Cheaper,51,840.89
2022-07-12,PROD01034,Home & Kitchen,North,31.06,23.5,7.559999999999999,More Expensive,Significantly More Expensive,35,760.97
2022-07-12,PROD00221,Home & Kitchen,West,41.96,5.88,36.08,More Expensive,Significantly More Expensive,37,1397.27
2022-07-12,PROD01067,Fashion,South,22.34,15.76,6.58,More Expensive,Significantly More Expensive,54,1206.36
2022-07-12,PROD00005,Grocery,North,11.36,21.5,-10.14,Cheaper,Significantly Cheaper,90,817.92
2022-07-12,PROD00549,Electronics,North,35.3,28.13,7.169999999999998,More Expensive,Significantly More Expensive,83,2636.91
2022-07-12,PROD00755,Electronics,West,32.14,15.12,17.020000000000003,More Expensive,Significantly More Expensive,23,739.22
2022-07-13,PROD00944,Fashion,Central,57.95,19.88,38.07000000000001,More Expensive,Significantly More Expensive,29,1680.55
2022-07-13,PROD00901,Beauty,Central,38.32,36.09,2.229999999999997,More Expensive,Normal Competitive Range,26,846.87
2022-07-13,PROD00978,Fashion,North,24.92,47.46,-22.54,Cheaper,Significantly Cheaper,59,1249.74
2022-07-13,PROD01148,Electronics,South,29.6,71.74,-42.13999999999999,Cheaper,Significantly Cheaper,51,1434.12
2022-07-13,PROD01049,Books,West,24.98,23.6,1.379999999999999,More Expensive,Normal Competitive Range,30,674.46
2022-07-14,PROD00074,Books,West,16.92,13.17,3.7500000000000018,More Expensive,Significantly More Expensive,43,545.67
2022-07-14,PROD00525,Books,South,106.19,17.58,88.61,More Expensive,Significantly More Expensive,20,1805.23
2022-07-14,PROD00440,Sports,Central,81.86,17.71,64.15,More Expensive,Significantly More Expensive,8,589.39
2022-07-14,PROD00084,Grocery,West,18.26,40.91,-22.649999999999995,Cheaper,Significantly Cheaper,28,434.59
2022-07-14,PROD00253,Books,East,16.69,117.54,-100.85000000000001,Cheaper,Significantly Cheaper,50,709.32
2022-07-15,PROD00746,Beauty,East,25.19,53.08,-27.889999999999997,Cheaper,Significantly Cheaper,74,1770.86
2022-07-15,PROD00320,Books,North,67.2,9.13,58.07,More Expensive,Significantly More Expensive,15,806.4
2022-07-15,PROD00486,Grocery,East,16.92,30.68,-13.759999999999998,Cheaper,Significantly Cheaper,85,1006.74
2022-07-15,PROD01104,Beauty,South,34.61,50.98,-16.369999999999997,Cheaper,Significantly Cheaper,29,1003.69
2022-07-15,PROD01174,Electronics,North,17.77,41.16,-23.389999999999997,Cheaper,Significantly Cheaper,58,1030.66
2022-07-15,PROD00668,Fashion,South,45.91,25.01,20.899999999999995,More Expensive,Significantly More Expensive,24,1101.84
2022-07-16,PROD00527,Home & Kitchen,South,35.39,21.61,13.780000000000001,More Expensive,Significantly More Expensive,35,1052.85
2022-07-16,PROD01159,Home & Kitchen,Central,15.13,8.31,6.82,More Expensive,Significantly More Expensive,48,617.3
2022-07-16,PROD00879,Electronics,North,50.83,45.66,5.170000000000002,More Expensive,Normal Competitive Range,25,1016.6
2022-07-16,PROD00296,Grocery,West,28.05,45.74,-17.69,Cheaper,Significantly Cheaper,50,1402.5
2022-07-16,PROD01179,Electronics,East,40.66,10.63,30.029999999999994,More Expensive,Significantly More Expensive,47,1528.82
2022-07-16,PROD01086,Grocery,Central,35.9,46.44,-10.54,Cheaper,Significantly Cheaper,62,1891.93
2022-07-16,PROD00725,Books,East,40.6,31.16,9.440000000000001,More Expensive,Significantly More Expensive,27,876.96
2022-07-17,PROD00051,Home & Kitchen,Central,31.89,37.45,-5.560000000000002,Cheaper,Normal Competitive Range,43,1371.27
2022-07-17,PROD00081,Toys,East,36.57,20.73,15.84,More Expensive,Significantly More Expensive,20,731.4
2022-07-17,PROD01188,Electronics,West,11.11,79.99,-68.88,Cheaper,Significantly Cheaper,50,499.95
2022-07-18,PROD01095,Beauty,East,28.13,155.09,-126.96000000000001,Cheaper,Significantly Cheaper,42,1181.46
2022-07-18,PROD00146,Grocery,South,50.9,22.24,28.66,More Expensive,Significantly More Expensive,27,1374.3
2022-07-18,PROD01178,Grocery,West,66.91,28.26,38.64999999999999,More Expensive,Significantly More Expensive,12,602.19
2022-07-18,PROD00669,Electronics,South,32.81,74.18,-41.370000000000005,Cheaper,Significantly Cheaper,28,734.94
2022-07-18,PROD00132,Grocery,South,156.25,7.87,148.38,More Expensive,Significantly More Expensive,2,312.5
2022-07-18,PROD00787,Fashion,East,95.3,47.88,47.419999999999995,More Expensive,Significantly More Expensive,8,724.28
2022-07-18,PROD00119,Home & Kitchen,South,44.08,22.27,21.81,More Expensive,Significantly More Expensive,61,2554.44
2022-07-19,PROD00753,Fashion,North,35.85,21.44,14.41,More Expensive,Significantly More Expensive,64,1606.08
2022-07-19,PROD01071,Books,West,135.54,13.47,122.07,More Expensive,Significantly More Expensive,4,379.51
2022-07-19,PROD00674,Fashion,Central,9.23,62.75,-53.519999999999996,Cheaper,Significantly Cheaper,106,831.62
2022-07-19,PROD00795,Beauty,Central,16.72,25.38,-8.66,Cheaper,Significantly Cheaper,40,535.04
2022-07-19,PROD01133,Books,West,38.31,17.3,21.01,More Expensive,Significantly More Expensive,18,586.14
2022-07-19,PROD00357,Sports,North,18.86,20.96,-2.1000000000000014,Cheaper,Normal Competitive Range,23,325.33
2022-07-19,PROD00024,Grocery,East,63.52,14.89,48.63,More Expensive,Significantly More Expensive,22,1048.08
2022-07-20,PROD00458,Grocery,South,51.1,15.73,35.370000000000005,More Expensive,Significantly More Expensive,15,651.52
2022-07-20,PROD00675,Grocery,West,27.84,43.76,-15.919999999999998,Cheaper,Significantly Cheaper,106,2508.38
2022-07-20,PROD00394,Books,Central,14.94,32.92,-17.980000000000004,Cheaper,Significantly Cheaper,96,1003.97
2022-07-20,PROD00448,Books,South,28.19,27.3,0.8900000000000006,Similar,Normal Competitive Range,28,670.92
2022-07-20,PROD00379,Grocery,East,33.49,16.26,17.23,More Expensive,Significantly More Expensive,29,776.97
2022-07-20,PROD00750,Books,North,26.94,25.51,1.4299999999999997,More Expensive,Normal Competitive Range,20,377.16
2022-07-20,PROD00795,Beauty,West,11.76,18.42,-6.660000000000002,Cheaper,Significantly Cheaper,45,423.36
2022-07-21,PROD00310,Electronics,South,20.67,26.82,-6.149999999999999,Cheaper,Significantly Cheaper,46,903.28
2022-07-21,PROD00638,Beauty,North,49.65,37.24,12.409999999999997,More Expensive,Significantly More Expensive,12,595.8
2022-07-21,PROD00829,Books,West,70.62,68.49,2.1300000000000097,Similar,Normal Competitive Range,18,1016.93
2022-07-21,PROD00880,Home & Kitchen,West,19.82,57.24,-37.42,Cheaper,Significantly Cheaper,53,945.41
2022-07-21,PROD00896,Books,East,54.66,222.41,-167.75,Cheaper,Significantly Cheaper,22,1082.27
2022-07-22,PROD00592,Electronics,North,20.24,20.71,-0.4700000000000024,Similar,Normal Competitive Range,38,576.84
2022-07-22,PROD01167,Books,East,42.89,19.33,23.560000000000002,More Expensive,Significantly More Expensive,23,986.47
2022-07-22,PROD01141,Toys,Central,29.66,27.45,2.210000000000001,More Expensive,Normal Competitive Range,38,788.96
2022-07-22,PROD00250,Beauty,North,28.53,18.03,10.5,More Expensive,Significantly More Expensive,51,1091.27
2022-07-22,PROD00240,Beauty,Central,62.26,82.82,-20.559999999999995,Cheaper,Significantly Cheaper,26,1375.95
2022-07-22,PROD00938,Books,West,22.79,6.1,16.689999999999998,More Expensive,Significantly More Expensive,13,281.46
2022-07-22,PROD00037,Books,East,43.86,50.36,-6.5,Cheaper,Normal Competitive Range,14,491.23
2022-07-22,PROD00427,Sports,North,46.04,19.22,26.82,More Expensive,Significantly More Expensive,26,1017.48
2022-07-22,PROD00377,Sports,West,46.74,54.82,-8.079999999999998,Cheaper,Normal Competitive Range,25,993.22
2022-07-23,PROD00480,Sports,North,43.35,11.04,32.31,More Expensive,Significantly More Expensive,28,1092.42
2022-07-23,PROD00928,Sports,East,27.99,20.31,7.68,More Expensive,Significantly More Expensive,53,1038.43
2022-07-23,PROD01153,Books,West,20.18,24.04,-3.8599999999999994,Cheaper,Normal Competitive Range,30,605.4
2022-07-23,PROD00889,Sports,East,13.73,23.15,-9.419999999999998,Cheaper,Significantly Cheaper,30,370.71
2022-07-23,PROD00439,Fashion,West,27.56,13.08,14.479999999999999,More Expensive,Significantly More Expensive,57,1413.83
2022-07-23,PROD00445,Books,Central,69.71,36.31,33.39999999999999,More Expensive,Significantly More Expensive,7,487.97
2022-07-23,PROD01151,Home & Kitchen,North,14.74,45.98,-31.239999999999995,Cheaper,Significantly Cheaper,69,813.65
2022-07-23,PROD00232,Books,West,33.03,37.0,-3.969999999999999,Cheaper,Normal Competitive Range,9,297.27
2022-07-23,PROD00649,Fashion,South,33.97,38.75,-4.780000000000001,Cheaper,Normal Competitive Range,20,509.55
2022-07-23,PROD00991,Sports,East,65.48,10.87,54.61000000000001,More Expensive,Significantly More Expensive,15,687.54
2022-07-24,PROD00695,Sports,Central,41.12,16.93,24.189999999999998,More Expensive,Significantly More Expensive,23,898.47
2022-07-24,PROD00135,Grocery,East,19.38,41.65,-22.27,Cheaper,Significantly Cheaper,59,914.74
2022-07-24,PROD01115,Grocery,East,13.62,15.76,-2.1400000000000006,Cheaper,Normal Competitive Range,71,870.32
2022-07-24,PROD00544,Beauty,South,23.93,22.55,1.379999999999999,More Expensive,Normal Competitive Range,54,1163.0
2022-07-25,PROD00954,Beauty,West,41.71,24.94,16.77,More Expensive,Significantly More Expensive,29,1028.15
2022-07-25,PROD00388,Beauty,South,38.45,12.55,25.900000000000002,More Expensive,Significantly More Expensive,13,474.86
2022-07-25,PROD00617,Books,Central,6.91,24.83,-17.919999999999998,Cheaper,Significantly Cheaper,42,275.71
2022-07-25,PROD00280,Grocery,East,36.57,61.61,-25.04,Cheaper,Significantly Cheaper,59,1941.87
2022-07-25,PROD00270,Grocery,South,32.56,37.02,-4.460000000000001,Cheaper,Normal Competitive Range,74,2168.5
2022-07-26,PROD01123,Toys,West,20.55,28.64,-8.09,Cheaper,Significantly Cheaper,20,390.45
2022-07-26,PROD00931,Home & Kitchen,South,52.21,17.5,34.71,More Expensive,Significantly More Expensive,11,516.88
2022-07-26,PROD01115,Grocery,South,25.72,32.38,-6.660000000000004,Cheaper,Significantly Cheaper,64,1563.78
2022-07-26,PROD00785,Grocery,South,23.95,18.07,5.879999999999999,More Expensive,Significantly More Expensive,44,843.04
2022-07-26,PROD01173,Electronics,West,15.6,37.89,-22.29,Cheaper,Significantly Cheaper,72,898.56
2022-07-26,PROD00634,Beauty,West,30.98,25.43,5.550000000000001,More Expensive,Significantly More Expensive,17,473.99
2022-07-26,PROD00410,Grocery,South,70.63,10.31,60.31999999999999,More Expensive,Significantly More Expensive,25,1677.46
2022-07-26,PROD00718,Toys,Central,21.14,44.61,-23.47,Cheaper,Significantly Cheaper,34,610.95
2022-07-26,PROD00749,Grocery,North,25.41,18.05,7.359999999999999,More Expensive,Significantly More Expensive,56,1067.22
2022-07-26,PROD00774,Grocery,Central,45.58,19.42,26.159999999999997,More Expensive,Significantly More Expensive,62,2543.36
2022-07-26,PROD00136,Books,North,21.38,32.45,-11.070000000000004,Cheaper,Significantly Cheaper,26,528.09
2022-07-27,PROD00954,Electronics,West,49.31,10.28,39.03,More Expensive,Significantly More Expensive,25,986.2
2022-07-27,PROD00659,Home & Kitchen,North,57.05,13.57,43.48,More Expensive,Significantly More Expensive,18,1026.9
2022-07-28,PROD00540,Electronics,Central,74.06,52.64,21.42,More Expensive,Significantly More Expensive,17,1196.07
2022-07-28,PROD00491,Beauty,West,77.86,97.8,-19.939999999999998,Cheaper,Significantly Cheaper,5,369.84
2022-07-28,PROD00295,Grocery,North,58.12,18.06,40.06,More Expensive,Significantly More Expensive,55,3196.6
2022-07-28,PROD00369,Grocery,East,35.03,9.06,25.97,More Expensive,Significantly More Expensive,26,865.24
2022-07-28,PROD00083,Beauty,East,48.7,19.72,28.980000000000004,More Expensive,Significantly More Expensive,34,1407.43
2022-07-28,PROD00445,Sports,North,18.59,6.32,12.27,More Expensive,Significantly More Expensive,54,1003.86
2022-07-29,PROD00312,Books,South,45.0,45.81,-0.8100000000000023,Similar,Normal Competitive Range,14,472.5
2022-07-29,PROD01200,Toys,West,29.1,25.94,3.16,More Expensive,Normal Competitive Range,38,1050.51
2022-07-29,PROD00854,Grocery,South,27.81,32.78,-4.970000000000002,Cheaper,Normal Competitive Range,100,2502.9
2022-07-29,PROD00118,Books,North,36.14,54.49,-18.35,Cheaper,Significantly Cheaper,18,617.99
2022-07-29,PROD00733,Electronics,Central,12.45,34.5,-22.05,Cheaper,Significantly Cheaper,30,354.82
2022-07-29,PROD00159,Books,West,34.21,40.68,-6.469999999999999,Cheaper,Normal Competitive Range,30,821.04
2022-07-29,PROD00013,Electronics,East,13.86,21.42,-7.560000000000002,Cheaper,Significantly Cheaper,49,611.23
2022-07-29,PROD00076,Sports,North,24.57,8.7,15.870000000000001,More Expensive,Significantly More Expensive,26,543.0
2022-07-29,PROD00371,Grocery,West,43.24,33.86,9.380000000000003,More Expensive,Significantly More Expensive,55,1664.74
2022-07-29,PROD01116,Grocery,South,64.47,53.77,10.699999999999996,More Expensive,Normal Competitive Range,25,1450.58
2022-07-29,PROD01153,Fashion,North,227.19,18.07,209.12,More Expensive,Significantly More Expensive,2,386.22
2022-07-30,PROD00080,Fashion,West,23.82,19.25,4.57,More Expensive,Significantly More Expensive,50,1191.0
2022-07-30,PROD00951,Sports,Central,19.84,71.71,-51.86999999999999,Cheaper,Significantly Cheaper,64,1079.3
2022-07-30,PROD00561,Electronics,Central,11.76,50.76,-39.0,Cheaper,Significantly Cheaper,29,255.78
2022-07-30,PROD01016,Electronics,Central,28.18,30.19,-2.0100000000000016,Cheaper,Normal Competitive Range,72,1521.72
2022-07-30,PROD00643,Grocery,Central,66.03,18.67,47.36,More Expensive,Significantly More Expensive,28,1386.63
2022-07-30,PROD01166,Grocery,East,36.32,23.57,12.75,More Expensive,Significantly More Expensive,58,1790.58
2022-07-31,PROD00855,Electronics,East,105.01,178.22,-73.21,Cheaper,Significantly Cheaper,14,1029.1
2022-07-31,PROD00019,Toys,East,48.56,11.04,37.52,More Expensive,Significantly More Expensive,13,473.46
2022-07-31,PROD01175,Books,North,30.3,53.51,-23.209999999999997,Cheaper,Significantly Cheaper,30,772.65
2022-07-31,PROD00380,Beauty,North,9.07,52.09,-43.02,Cheaper,Significantly Cheaper,41,334.68
2022-07-31,PROD00545,Books,North,57.42,17.7,39.72,More Expensive,Significantly More Expensive,11,473.72
2022-08-01,PROD00878,Beauty,South,37.07,33.57,3.5,More Expensive,Normal Competitive Range,24,756.23
2022-08-01,PROD00521,Electronics,Central,19.54,59.96,-40.42,Cheaper,Significantly Cheaper,38,705.39
2022-08-01,PROD00375,Toys,West,28.07,105.63,-77.56,Cheaper,Significantly Cheaper,35,933.33
2022-08-01,PROD00562,Home & Kitchen,East,34.19,19.98,14.209999999999997,More Expensive,Significantly More Expensive,18,492.34
2022-08-01,PROD00177,Books,East,18.5,22.4,-3.8999999999999986,Cheaper,Normal Competitive Range,24,333.0
2022-08-01,PROD01042,Fashion,West,11.7,13.49,-1.790000000000001,Cheaper,Normal Competitive Range,87,916.11
2022-08-01,PROD00909,Sports,West,109.4,87.14,22.260000000000005,More Expensive,Significantly More Expensive,8,612.64
2022-08-01,PROD01187,Fashion,Central,10.2,54.35,-44.150000000000006,Cheaper,Significantly Cheaper,55,561.0
2022-08-02,PROD00622,Fashion,East,47.71,63.44,-15.729999999999997,Cheaper,Significantly Cheaper,17,689.41
2022-08-02,PROD00846,Home & Kitchen,North,19.81,41.22,-21.41,Cheaper,Significantly Cheaper,39,618.07
2022-08-02,PROD00372,Grocery,South,39.25,34.35,4.899999999999999,More Expensive,Normal Competitive Range,37,1161.8
2022-08-03,PROD00532,Fashion,North,7.65,43.59,-35.940000000000005,Cheaper,Significantly Cheaper,50,325.12
2022-08-03,PROD01053,Toys,West,32.74,54.01,-21.269999999999996,Cheaper,Significantly Cheaper,53,1561.7
2022-08-03,PROD00848,Fashion,East,63.3,74.6,-11.299999999999997,Cheaper,Normal Competitive Range,17,968.49
2022-08-03,PROD00794,Grocery,Central,8.22,25.34,-17.119999999999997,Cheaper,Significantly Cheaper,52,363.32
2022-08-03,PROD00516,Books,West,30.3,26.78,3.5199999999999996,More Expensive,Normal Competitive Range,20,484.8
2022-08-03,PROD00093,Electronics,West,37.6,62.28,-24.68,Cheaper,Significantly Cheaper,37,1252.08
2022-08-03,PROD00869,Beauty,East,35.03,16.49,18.540000000000003,More Expensive,Significantly More Expensive,32,952.82
2022-08-03,PROD01057,Electronics,North,31.53,66.57,-35.03999999999999,Cheaper,Significantly Cheaper,69,1631.68
2022-08-04,PROD01071,Electronics,West,44.1,19.22,24.880000000000003,More Expensive,Significantly More Expensive,33,1237.0
2022-08-04,PROD01041,Beauty,East,47.45,32.0,15.450000000000003,More Expensive,Significantly More Expensive,27,1088.98
2022-08-04,PROD00127,Grocery,East,82.58,8.35,74.23,More Expensive,Significantly More Expensive,19,1255.22
2022-08-04,PROD01015,Books,East,20.33,21.02,-0.6900000000000013,Similar,Normal Competitive Range,22,380.17
2022-08-05,PROD00421,Grocery,West,29.47,18.63,10.84,More Expensive,Significantly More Expensive,63,1670.95
2022-08-05,PROD00157,Beauty,South,44.86,19.16,25.7,More Expensive,Significantly More Expensive,18,605.61
2022-08-05,PROD00658,Grocery,North,22.09,35.54,-13.45,Cheaper,Significantly Cheaper,27,596.43
2022-08-05,PROD00381,Electronics,Central,23.86,75.73,-51.870000000000005,Cheaper,Significantly Cheaper,70,1670.2
2022-08-05,PROD00259,Sports,South,37.39,33.49,3.8999999999999986,More Expensive,Normal Competitive Range,54,1615.25
2022-08-05,PROD00223,Grocery,Central,27.97,29.01,-1.0400000000000027,Similar,Normal Competitive Range,46,1157.96
2022-08-05,PROD01049,Beauty,West,43.29,42.7,0.5899999999999963,Similar,Normal Competitive Range,19,740.26
2022-08-05,PROD00080,Electronics,East,66.18,35.56,30.620000000000005,More Expensive,Significantly More Expensive,31,1641.26
2022-08-05,PROD00977,Fashion,Central,16.39,20.95,-4.559999999999999,Cheaper,Significantly Cheaper,35,487.6
2022-08-06,PROD00041,Beauty,West,30.6,109.24,-78.63999999999999,Cheaper,Significantly Cheaper,25,573.75
2022-08-06,PROD00146,Grocery,West,31.04,14.84,16.2,More Expensive,Significantly More Expensive,29,900.16
2022-08-06,PROD00580,Books,North,57.52,6.95,50.57,More Expensive,Significantly More Expensive,18,828.29
2022-08-06,PROD01052,Toys,West,32.85,44.81,-11.96,Cheaper,Significantly Cheaper,40,1116.9
2022-08-06,PROD00430,Grocery,North,55.14,28.45,26.69,More Expensive,Significantly More Expensive,27,1191.02
2022-08-07,PROD01111,Sports,East,14.69,32.48,-17.79,Cheaper,Significantly Cheaper,32,446.58
2022-08-07,PROD01184,Fashion,North,17.51,36.66,-19.149999999999995,Cheaper,Significantly Cheaper,61,854.49
2022-08-07,PROD00243,Books,Central,14.35,28.83,-14.479999999999999,Cheaper,Significantly Cheaper,53,646.47
2022-08-07,PROD00155,Toys,North,20.53,14.7,5.830000000000002,More Expensive,Significantly More Expensive,22,451.66
2022-08-08,PROD00141,Home & Kitchen,East,49.38,6.08,43.300000000000004,More Expensive,Significantly More Expensive,23,908.59
2022-08-08,PROD00129,Sports,West,30.62,53.05,-22.429999999999996,Cheaper,Significantly Cheaper,31,949.22
2022-08-08,PROD00837,Toys,North,41.82,54.4,-12.579999999999998,Cheaper,Significantly Cheaper,20,836.4
2022-08-08,PROD00316,Books,North,26.56,24.58,1.9800000000000004,More Expensive,Normal Competitive Range,17,406.37
2022-08-08,PROD00978,Toys,North,16.55,22.18,-5.629999999999999,Cheaper,Significantly Cheaper,52,817.57
2022-08-08,PROD00904,Fashion,Central,17.38,26.87,-9.490000000000002,Cheaper,Significantly Cheaper,55,764.72
2022-08-08,PROD00005,Beauty,Central,9.41,11.42,-2.01,Cheaper,Normal Competitive Range,69,551.9
2022-08-08,PROD00142,Electronics,South,25.43,24.49,0.9400000000000013,Similar,Normal Competitive Range,66,1426.62
2022-08-08,PROD00397,Sports,West,73.62,63.6,10.020000000000003,More Expensive,Normal Competitive Range,25,1564.42
2022-08-09,PROD00843,Electronics,West,5.14,32.36,-27.22,Cheaper,Significantly Cheaper,81,353.89
2022-08-09,PROD00721,Fashion,West,15.81,17.63,-1.8199999999999985,Cheaper,Normal Competitive Range,94,1188.91
2022-08-10,PROD00625,Fashion,North,25.21,11.4,13.81,More Expensive,Significantly More Expensive,124,2188.23
2022-08-10,PROD00278,Grocery,South,32.93,23.74,9.190000000000001,More Expensive,Significantly More Expensive,98,2420.36
2022-08-10,PROD00746,Home & Kitchen,East,91.22,18.11,73.11,More Expensive,Significantly More Expensive,10,775.37
2022-08-10,PROD00803,Sports,North,21.52,5.58,15.94,More Expensive,Significantly More Expensive,32,550.91
2022-08-10,PROD00810,Beauty,East,11.89,18.62,-6.73,Cheaper,Significantly Cheaper,57,643.84
2022-08-10,PROD00391,Beauty,East,14.03,15.54,-1.5099999999999998,Cheaper,Normal Competitive Range,85,1073.3
2022-08-10,PROD01191,Books,East,15.75,32.46,-16.71,Cheaper,Significantly Cheaper,43,507.94
2022-08-11,PROD00380,Grocery,North,24.7,76.23,-51.53,Cheaper,Significantly Cheaper,27,533.52
2022-08-11,PROD00718,Grocery,East,44.52,23.55,20.970000000000002,More Expensive,Significantly More Expensive,18,681.16
2022-08-11,PROD00997,Grocery,East,26.12,23.02,3.1000000000000014,More Expensive,Normal Competitive Range,39,865.88
2022-08-11,PROD00991,Sports,Central,27.72,11.95,15.77,More Expensive,Significantly More Expensive,51,1130.98
2022-08-11,PROD00345,Toys,South,75.14,44.68,30.46,More Expensive,Significantly More Expensive,16,1142.13
2022-08-11,PROD00866,Grocery,East,20.27,27.64,-7.370000000000001,Cheaper,Significantly Cheaper,72,1094.58
2022-08-11,PROD00424,Fashion,East,38.1,50.64,-12.54,Cheaper,Significantly Cheaper,28,960.12
2022-08-11,PROD00349,Home & Kitchen,West,46.53,12.73,33.8,More Expensive,Significantly More Expensive,24,1060.88
2022-08-12,PROD00064,Home & Kitchen,Central,27.43,22.19,5.239999999999998,More Expensive,Significantly More Expensive,55,1206.92
2022-08-12,PROD00654,Home & Kitchen,Central,74.79,15.46,59.330000000000005,More Expensive,Significantly More Expensive,14,732.94
2022-08-12,PROD00920,Electronics,East,37.41,19.89,17.519999999999996,More Expensive,Significantly More Expensive,39,1386.04
2022-08-12,PROD01090,Beauty,Central,64.7,26.46,38.24,More Expensive,Significantly More Expensive,22,1209.89
2022-08-12,PROD00764,Fashion,South,40.16,36.01,4.149999999999999,More Expensive,Normal Competitive Range,42,1602.38
2022-08-12,PROD00787,Grocery,South,7.17,12.84,-5.67,Cheaper,Significantly Cheaper,115,618.41
2022-08-12,PROD00028,Books,South,23.59,30.18,-6.59,Cheaper,Significantly Cheaper,29,581.49
2022-08-13,PROD00546,Fashion,East,30.44,23.26,7.18,More Expensive,Significantly More Expensive,30,730.56
2022-08-13,PROD00523,Books,North,16.67,28.91,-12.239999999999998,Cheaper,Significantly Cheaper,12,160.03
2022-08-13,PROD00078,Fashion,West,55.53,25.27,30.26,More Expensive,Significantly More Expensive,27,1499.31
2022-08-13,PROD00732,Home & Kitchen,North,95.41,42.42,52.989999999999995,More Expensive,Significantly More Expensive,8,686.95
2022-08-14,PROD00788,Toys,North,45.81,24.67,21.14,More Expensive,Significantly More Expensive,29,1062.79
2022-08-14,PROD00893,Sports,South,36.96,25.05,11.91,More Expensive,Significantly More Expensive,16,502.66
2022-08-14,PROD00591,Sports,East,20.02,12.13,7.889999999999999,More Expensive,Significantly More Expensive,46,874.87
2022-08-14,PROD00403,Sports,East,19.43,61.02,-41.59,Cheaper,Significantly Cheaper,60,874.35
2022-08-14,PROD00945,Grocery,East,36.8,33.36,3.4399999999999977,More Expensive,Normal Competitive Range,32,1177.6
2022-08-14,PROD00427,Sports,South,19.7,31.74,-12.04,Cheaper,Significantly Cheaper,38,636.31
2022-08-14,PROD01036,Home & Kitchen,West,43.6,32.61,10.990000000000002,More Expensive,Significantly More Expensive,20,872.0
2022-08-14,PROD01017,Fashion,Central,28.38,28.81,-0.4299999999999997,Similar,Normal Competitive Range,90,2171.07
2022-08-15,PROD00468,Electronics,Central,35.71,13.43,22.28,More Expensive,Significantly More Expensive,37,1189.14
2022-08-15,PROD00467,Electronics,West,39.09,29.52,9.570000000000004,More Expensive,Significantly More Expensive,72,2392.31
2022-08-15,PROD00321,Beauty,North,24.46,16.58,7.880000000000003,More Expensive,Significantly More Expensive,34,790.06
2022-08-15,PROD00119,Beauty,South,55.02,19.18,35.84,More Expensive,Significantly More Expensive,10,550.2
2022-08-16,PROD01106,Sports,East,14.72,19.18,-4.459999999999999,Cheaper,Significantly Cheaper,39,459.26
2022-08-16,PROD00748,Beauty,Central,59.12,36.68,22.439999999999998,More Expensive,Significantly More Expensive,19,954.79
2022-08-16,PROD00812,Fashion,Central,40.21,11.56,28.65,More Expensive,Significantly More Expensive,39,1097.73
2022-08-17,PROD00424,Books,South,25.72,34.15,-8.43,Cheaper,Significantly Cheaper,23,532.4
2022-08-17,PROD00832,Toys,East,31.89,32.05,-0.1599999999999966,Similar,Normal Competitive Range,27,774.93
2022-08-17,PROD00552,Sports,East,7.54,59.07,-51.53,Cheaper,Significantly Cheaper,42,300.85
2022-08-17,PROD00412,Electronics,Central,25.56,66.21,-40.64999999999999,Cheaper,Significantly Cheaper,34,825.59
2022-08-17,PROD00997,Grocery,West,40.98,22.58,18.4,More Expensive,Significantly More Expensive,42,1462.99
2022-08-17,PROD00786,Books,South,22.34,44.28,-21.94,Cheaper,Significantly Cheaper,26,580.84
2022-08-18,PROD00262,Sports,East,127.64,25.71,101.93,More Expensive,Significantly More Expensive,7,759.46
2022-08-18,PROD00849,Fashion,Central,45.33,36.63,8.699999999999996,More Expensive,Significantly More Expensive,19,861.27
2022-08-18,PROD00551,Sports,East,26.03,34.65,-8.619999999999997,Cheaper,Significantly Cheaper,49,1084.15
2022-08-18,PROD00773,Books,East,110.43,26.21,84.22,More Expensive,Significantly More Expensive,10,1049.08
2022-08-18,PROD01131,Home & Kitchen,East,14.85,29.2,-14.35,Cheaper,Significantly Cheaper,61,679.39
2022-08-18,PROD00744,Electronics,East,24.09,30.05,-5.960000000000001,Cheaper,Normal Competitive Range,44,1006.96
2022-08-18,PROD00638,Grocery,East,27.79,40.52,-12.730000000000004,Cheaper,Significantly Cheaper,16,355.71
2022-08-18,PROD00837,Electronics,Central,21.73,9.08,12.65,More Expensive,Significantly More Expensive,28,608.44
2022-08-18,PROD00545,Home & Kitchen,West,22.35,12.31,10.040000000000001,More Expensive,Significantly More Expensive,51,911.88
2022-08-19,PROD00400,Home & Kitchen,East,30.86,22.06,8.8,More Expensive,Significantly More Expensive,36,999.86
2022-08-19,PROD00716,Books,South,22.79,21.08,1.7100000000000009,More Expensive,Normal Competitive Range,20,455.8
2022-08-19,PROD00858,Home & Kitchen,East,126.83,22.93,103.9,More Expensive,Significantly More Expensive,5,602.44
2022-08-19,PROD00425,Books,West,95.13,50.0,45.129999999999995,More Expensive,Significantly More Expensive,9,684.94
2022-08-20,PROD00984,Beauty,Central,42.03,54.85,-12.82,Cheaper,Significantly Cheaper,45,1323.94
2022-08-20,PROD00482,Beauty,South,16.06,21.53,-5.470000000000002,Cheaper,Significantly Cheaper,37,505.09
2022-08-20,PROD00355,Electronics,West,11.71,57.74,-46.03,Cheaper,Significantly Cheaper,82,720.16
2022-08-20,PROD00729,Grocery,East,5.69,8.9,-3.21,Cheaper,Significantly Cheaper,89,455.77
2022-08-20,PROD00127,Electronics,East,11.54,15.98,-4.440000000000001,Cheaper,Significantly Cheaper,64,627.78
2022-08-21,PROD01030,Sports,East,39.11,17.4,21.71,More Expensive,Significantly More Expensive,60,2111.94
2022-08-21,PROD00054,Grocery,South,26.12,12.62,13.500000000000002,More Expensive,Significantly More Expensive,54,987.34
2022-08-21,PROD00514,Toys,West,5.86,29.62,-23.76,Cheaper,Significantly Cheaper,23,114.56
2022-08-21,PROD01160,Grocery,Central,22.19,60.02,-37.83,Cheaper,Significantly Cheaper,34,679.01
2022-08-21,PROD00790,Grocery,South,17.82,36.42,-18.6,Cheaper,Significantly Cheaper,46,696.76
2022-08-22,PROD00798,Electronics,North,83.02,60.71,22.309999999999995,More Expensive,Significantly More Expensive,23,1813.99
2022-08-22,PROD00559,Toys,South,58.93,33.96,24.97,More Expensive,Significantly More Expensive,23,1219.85
2022-08-22,PROD00578,Grocery,South,25.02,10.15,14.87,More Expensive,Significantly More Expensive,44,880.7
2022-08-23,PROD01095,Sports,Central,58.8,19.69,39.11,More Expensive,Significantly More Expensive,24,1270.08
2022-08-24,PROD01137,Books,North,5.83,46.28,-40.45,Cheaper,Significantly Cheaper,42,220.37
2022-08-24,PROD01111,Toys,South,59.84,18.39,41.45,More Expensive,Significantly More Expensive,16,718.08
2022-08-24,PROD00320,Grocery,Central,19.0,18.33,0.6700000000000017,Similar,Normal Competitive Range,43,776.15
2022-08-25,PROD00874,Electronics,South,196.56,21.12,175.44,More Expensive,Significantly More Expensive,4,707.62
2022-08-25,PROD00476,Electronics,South,47.19,22.37,24.819999999999997,More Expensive,Significantly More Expensive,44,1868.72
2022-08-25,PROD00183,Fashion,South,167.37,10.51,156.86,More Expensive,Significantly More Expensive,4,669.48
2022-08-26,PROD00518,Toys,North,35.71,40.73,-5.019999999999996,Cheaper,Normal Competitive Range,17,546.36
2022-08-26,PROD00133,Sports,Central,52.99,29.03,23.96,More Expensive,Significantly More Expensive,21,945.87
2022-08-26,PROD00961,Beauty,North,46.29,50.49,-4.200000000000003,Cheaper,Normal Competitive Range,58,2013.62
2022-08-26,PROD00188,Home & Kitchen,Central,29.37,14.41,14.96,More Expensive,Significantly More Expensive,44,1033.82
2022-08-26,PROD00758,Books,South,65.43,33.29,32.14000000000001,More Expensive,Significantly More Expensive,10,556.16
2022-08-26,PROD01020,Grocery,West,43.25,32.95,10.299999999999997,More Expensive,Significantly More Expensive,38,1396.98
2022-08-26,PROD00432,Grocery,South,32.58,26.05,6.529999999999998,More Expensive,Significantly More Expensive,33,1021.38
2022-08-26,PROD00317,Fashion,Central,90.37,22.37,68.0,More Expensive,Significantly More Expensive,21,1518.22
2022-08-26,PROD00681,Fashion,East,20.94,20.0,0.9400000000000013,Similar,Normal Competitive Range,28,586.32
2022-08-27,PROD00746,Sports,South,27.48,79.98,-52.5,Cheaper,Significantly Cheaper,33,770.81
2022-08-27,PROD01065,Books,West,251.88,16.09,235.79,More Expensive,Significantly More Expensive,1,214.1
2022-08-27,PROD00360,Electronics,Central,29.13,52.15,-23.02,Cheaper,Significantly Cheaper,51,1485.63
2022-08-28,PROD00584,Electronics,West,25.67,79.31,-53.64,Cheaper,Significantly Cheaper,43,938.24
2022-08-28,PROD00188,Home & Kitchen,East,13.66,14.94,-1.2799999999999994,Cheaper,Normal Competitive Range,45,491.76
2022-08-29,PROD00079,Books,Central,10.54,43.71,-33.17,Cheaper,Significantly Cheaper,26,205.53
2022-08-29,PROD00865,Fashion,West,31.47,12.9,18.57,More Expensive,Significantly More Expensive,52,1309.15
2022-08-30,PROD00699,Electronics,North,23.12,13.81,9.31,More Expensive,Significantly More Expensive,90,1560.6
2022-08-30,PROD00311,Beauty,East,47.53,9.02,38.510000000000005,More Expensive,Significantly More Expensive,18,769.99
2022-08-30,PROD00089,Home & Kitchen,Central,22.55,21.35,1.1999999999999993,More Expensive,Normal Competitive Range,25,507.38
2022-08-30,PROD00876,Electronics,South,29.45,25.18,4.27,More Expensive,Normal Competitive Range,59,1563.8
2022-08-30,PROD00037,Sports,East,26.62,14.03,12.590000000000002,More Expensive,Significantly More Expensive,97,2323.93
2022-08-31,PROD00189,Sports,West,26.96,49.21,-22.25,Cheaper,Significantly Cheaper,47,1203.76
2022-08-31,PROD00553,Grocery,South,24.11,20.38,3.7300000000000004,More Expensive,Normal Competitive Range,52,1253.72
2022-08-31,PROD00953,Books,East,19.82,61.35,-41.53,Cheaper,Significantly Cheaper,19,338.92
2022-08-31,PROD00829,Grocery,South,38.49,20.8,17.69,More Expensive,Significantly More Expensive,47,1809.03
2022-09-01,PROD00464,Electronics,North,76.8,20.48,56.31999999999999,More Expensive,Significantly More Expensive,27,1555.2
2022-09-01,PROD00213,Books,North,35.7,48.76,-13.059999999999995,Cheaper,Significantly Cheaper,20,606.9
2022-09-02,PROD00819,Grocery,West,12.15,12.97,-0.8200000000000003,Cheaper,Normal Competitive Range,59,681.01
2022-09-02,PROD00858,Grocery,West,20.36,26.67,-6.310000000000002,Cheaper,Significantly Cheaper,15,213.78
2022-09-02,PROD00708,Electronics,North,17.18,35.19,-18.009999999999998,Cheaper,Significantly Cheaper,49,715.55
2022-09-02,PROD00114,Electronics,East,42.22,97.64,-55.42,Cheaper,Significantly Cheaper,21,753.63
2022-09-02,PROD00520,Books,West,34.36,71.16,-36.8,Cheaper,Significantly Cheaper,35,962.08
2022-09-03,PROD00757,Fashion,Central,60.99,36.97,24.020000000000003,More Expensive,Significantly More Expensive,21,1152.71
2022-09-03,PROD01186,Electronics,South,33.53,19.82,13.71,More Expensive,Significantly More Expensive,40,1140.02
2022-09-03,PROD00825,Toys,South,18.19,27.18,-8.989999999999998,Cheaper,Significantly Cheaper,42,611.18
2022-09-03,PROD00642,Grocery,Central,46.33,10.04,36.29,More Expensive,Significantly More Expensive,31,1148.98
2022-09-03,PROD00165,Home & Kitchen,South,82.64,33.56,49.08,More Expensive,Significantly More Expensive,21,1648.67
2022-09-04,PROD00987,Toys,North,56.5,23.96,32.54,More Expensive,Significantly More Expensive,27,1296.68
2022-09-04,PROD00209,Books,North,52.88,30.15,22.730000000000004,More Expensive,Significantly More Expensive,17,809.06
2022-09-04,PROD01187,Home & Kitchen,East,93.81,36.01,57.800000000000004,More Expensive,Significantly More Expensive,34,2232.68
2022-09-04,PROD00029,Books,South,26.83,34.58,-7.75,Cheaper,Significantly Cheaper,46,1234.18
2022-09-05,PROD00086,Beauty,East,29.76,24.93,4.830000000000002,More Expensive,Normal Competitive Range,30,714.24
2022-09-05,PROD00899,Beauty,East,49.69,22.27,27.419999999999998,More Expensive,Significantly More Expensive,17,633.55
2022-09-05,PROD01133,Beauty,East,5.8,13.74,-7.94,Cheaper,Significantly Cheaper,25,145.0
2022-09-05,PROD00486,Electronics,West,21.6,121.06,-99.46000000000001,Cheaper,Significantly Cheaper,55,1188.0
2022-09-05,PROD00384,Home & Kitchen,South,27.44,16.74,10.700000000000003,More Expensive,Significantly More Expensive,34,886.31
2022-09-05,PROD00871,Fashion,South,10.34,14.21,-3.870000000000001,Cheaper,Significantly Cheaper,79,694.33
2022-09-05,PROD00877,Books,North,45.89,60.67,-14.780000000000001,Cheaper,Significantly Cheaper,12,413.01
2022-09-06,PROD00232,Sports,South,21.9,23.18,-1.2800000000000011,Cheaper,Normal Competitive Range,17,316.45
2022-09-06,PROD00823,Grocery,South,91.79,21.82,69.97,More Expensive,Significantly More Expensive,12,881.18
2022-09-06,PROD00642,Home & Kitchen,Central,26.01,11.4,14.610000000000001,More Expensive,Significantly More Expensive,32,665.86
2022-09-06,PROD00697,Electronics,East,29.43,12.11,17.32,More Expensive,Significantly More Expensive,31,775.48
2022-09-06,PROD00561,Grocery,North,17.88,141.6,-123.72,Cheaper,Significantly Cheaper,36,611.5
2022-09-07,PROD00382,Grocery,North,23.93,32.63,-8.700000000000003,Cheaper,Significantly Cheaper,39,839.94
2022-09-07,PROD00353,Sports,Central,22.46,35.61,-13.149999999999999,Cheaper,Significantly Cheaper,42,943.32
2022-09-07,PROD00529,Grocery,East,25.26,70.68,-45.42,Cheaper,Significantly Cheaper,37,794.43
2022-09-07,PROD00409,Toys,West,46.04,24.5,21.54,More Expensive,Significantly More Expensive,22,911.59
2022-09-07,PROD00971,Toys,Central,14.81,41.44,-26.629999999999995,Cheaper,Significantly Cheaper,24,355.44
2022-09-07,PROD00037,Grocery,South,37.19,23.57,13.619999999999997,More Expensive,Significantly More Expensive,75,2649.79
2022-09-07,PROD00048,Beauty,South,41.33,18.34,22.99,More Expensive,Significantly More Expensive,20,826.6
2022-09-08,PROD00007,Grocery,South,53.72,39.19,14.530000000000001,More Expensive,Significantly More Expensive,25,1343.0
2022-09-08,PROD00863,Sports,Central,19.63,13.84,5.789999999999999,More Expensive,Significantly More Expensive,55,1079.65
2022-09-08,PROD00001,Fashion,Central,39.94,24.85,15.089999999999996,More Expensive,Significantly More Expensive,50,1897.15
2022-09-09,PROD00166,Electronics,South,27.85,11.96,15.89,More Expensive,Significantly More Expensive,35,828.54
2022-09-09,PROD01001,Beauty,East,28.23,12.75,15.48,More Expensive,Significantly More Expensive,22,558.95
2022-09-09,PROD01021,Home & Kitchen,North,14.7,77.24,-62.53999999999999,Cheaper,Significantly Cheaper,51,524.79
2022-09-09,PROD00350,Fashion,South,25.53,15.43,10.100000000000001,More Expensive,Significantly More Expensive,56,1215.23
2022-09-09,PROD00091,Sports,North,28.84,33.1,-4.260000000000002,Cheaper,Normal Competitive Range,30,778.68
2022-09-10,PROD00820,Sports,North,24.75,33.95,-9.200000000000003,Cheaper,Significantly Cheaper,41,811.8
2022-09-10,PROD00964,Fashion,West,35.26,24.09,11.169999999999998,More Expensive,Significantly More Expensive,61,1505.6
2022-09-10,PROD01113,Grocery,Central,62.72,25.67,37.05,More Expensive,Significantly More Expensive,24,1053.7
2022-09-10,PROD00294,Toys,South,48.07,76.54,-28.470000000000006,Cheaper,Significantly Cheaper,20,865.26
2022-09-10,PROD00083,Toys,South,108.49,65.75,42.739999999999995,More Expensive,Significantly More Expensive,10,867.92
2022-09-10,PROD00554,Books,South,23.32,71.1,-47.779999999999994,Cheaper,Significantly Cheaper,44,974.78
2022-09-10,PROD01139,Beauty,West,20.82,20.67,0.14999999999999858,Similar,Normal Competitive Range,35,582.96
2022-09-11,PROD00429,Toys,South,92.29,22.64,69.65,More Expensive,Significantly More Expensive,7,613.73
2022-09-11,PROD00407,Toys,East,16.96,5.93,11.030000000000001,More Expensive,Significantly More Expensive,55,746.24
2022-09-11,PROD00634,Electronics,North,76.41,81.6,-5.189999999999998,Cheaper,Normal Competitive Range,11,798.48
2022-09-12,PROD01091,Beauty,North,10.97,10.48,0.4900000000000002,Similar,Normal Competitive Range,35,364.75
2022-09-12,PROD01119,Beauty,Central,22.84,48.92,-26.080000000000002,Cheaper,Significantly Cheaper,30,616.68
2022-09-12,PROD00847,Books,East,12.61,33.63,-21.020000000000003,Cheaper,Significantly Cheaper,36,363.17
2022-09-12,PROD01043,Books,Central,20.91,30.61,-9.7,Cheaper,Significantly Cheaper,47,884.49
2022-09-13,PROD00198,Home & Kitchen,North,26.16,13.94,12.22,More Expensive,Significantly More Expensive,51,1200.74
2022-09-13,PROD00018,Sports,South,21.36,37.24,-15.880000000000003,Cheaper,Significantly Cheaper,39,666.43
2022-09-13,PROD01056,Home & Kitchen,East,29.91,64.84,-34.93000000000001,Cheaper,Significantly Cheaper,20,508.47
2022-09-13,PROD00183,Home & Kitchen,West,49.37,36.33,13.04,More Expensive,Significantly More Expensive,36,1688.45
2022-09-13,PROD00666,Books,East,48.23,31.74,16.49,More Expensive,Significantly More Expensive,18,868.14
2022-09-14,PROD01101,Electronics,Central,62.73,35.29,27.439999999999998,More Expensive,Significantly More Expensive,22,1104.05
2022-09-14,PROD00408,Grocery,North,39.85,51.88,-12.030000000000001,Cheaper,Significantly Cheaper,31,1050.05
2022-09-15,PROD00399,Sports,West,32.16,20.4,11.759999999999998,More Expensive,Significantly More Expensive,31,697.87
2022-09-15,PROD01120,Grocery,East,17.25,34.59,-17.340000000000003,Cheaper,Significantly Cheaper,90,1242.0
2022-09-15,PROD00717,Sports,South,14.93,37.06,-22.130000000000003,Cheaper,Significantly Cheaper,55,697.98
2022-09-15,PROD00996,Electronics,North,41.84,40.75,1.0900000000000034,Similar,Normal Competitive Range,19,675.72
2022-09-16,PROD01073,Sports,Central,30.45,29.36,1.0899999999999999,Similar,Normal Competitive Range,19,491.77
2022-09-16,PROD00483,Sports,West,52.78,18.94,33.84,More Expensive,Significantly More Expensive,18,855.04
2022-09-16,PROD01051,Beauty,North,35.99,42.45,-6.460000000000001,Cheaper,Normal Competitive Range,33,890.75
2022-09-16,PROD00312,Grocery,Central,54.05,29.0,25.049999999999997,More Expensive,Significantly More Expensive,18,972.9
2022-09-17,PROD01040,Sports,West,22.08,29.01,-6.930000000000003,Cheaper,Significantly Cheaper,31,547.58
2022-09-17,PROD00993,Home & Kitchen,Central,64.05,140.72,-76.67,Cheaper,Significantly Cheaper,31,1389.88
2022-09-17,PROD01110,Grocery,Central,21.41,35.16,-13.749999999999996,Cheaper,Significantly Cheaper,38,610.19
2022-09-17,PROD00225,Toys,East,70.68,95.23,-24.549999999999997,Cheaper,Significantly Cheaper,27,1717.52
2022-09-17,PROD00182,Fashion,West,15.46,25.6,-10.14,Cheaper,Significantly Cheaper,43,631.54
2022-09-17,PROD00980,Books,Central,11.43,64.49,-53.059999999999995,Cheaper,Significantly Cheaper,29,298.32
2022-09-17,PROD00359,Books,East,84.65,87.05,-2.3999999999999915,Similar,Normal Competitive Range,6,457.11
2022-09-18,PROD00959,Home & Kitchen,North,28.3,6.16,22.14,More Expensive,Significantly More Expensive,52,1250.86
2022-09-18,PROD00269,Electronics,South,22.9,35.07,-12.170000000000002,Cheaper,Significantly Cheaper,51,817.53
2022-09-18,PROD00750,Beauty,North,23.99,17.52,6.469999999999999,More Expensive,Significantly More Expensive,39,888.83
2022-09-18,PROD00436,Grocery,Central,33.84,30.02,3.820000000000004,More Expensive,Normal Competitive Range,79,2272.36
2022-09-18,PROD00974,Sports,Central,34.37,47.62,-13.25,Cheaper,Significantly Cheaper,23,790.51
2022-09-19,PROD00847,Toys,Central,35.21,8.38,26.83,More Expensive,Significantly More Expensive,35,862.65
2022-09-19,PROD00923,Electronics,Central,34.79,76.9,-42.11000000000001,Cheaper,Significantly Cheaper,61,1803.86
2022-09-19,PROD00769,Electronics,Central,42.4,19.47,22.93,More Expensive,Significantly More Expensive,31,1248.68
2022-09-20,PROD01127,Home & Kitchen,Central,50.27,11.66,38.61,More Expensive,Significantly More Expensive,25,1193.91
2022-09-20,PROD00382,Books,North,8.91,109.81,-100.9,Cheaper,Significantly Cheaper,30,200.48
2022-09-20,PROD00330,Fashion,North,108.94,68.41,40.53,More Expensive,Significantly More Expensive,7,610.06
2022-09-21,PROD00026,Toys,North,39.86,58.08,-18.22,Cheaper,Significantly Cheaper,12,478.32
2022-09-21,PROD00475,Electronics,East,37.49,18.81,18.680000000000003,More Expensive,Significantly More Expensive,45,1518.35
2022-09-21,PROD01123,Beauty,West,26.45,23.9,2.5500000000000007,More Expensive,Normal Competitive Range,39,928.4
2022-09-21,PROD00144,Grocery,North,24.11,15.29,8.82,More Expensive,Significantly More Expensive,30,723.3
2022-09-21,PROD00781,Toys,North,16.16,82.75,-66.59,Cheaper,Significantly Cheaper,43,590.65
2022-09-21,PROD00078,Electronics,North,30.73,34.78,-4.050000000000001,Cheaper,Normal Competitive Range,44,1081.7
2022-09-21,PROD00001,Beauty,North,20.5,11.18,9.32,More Expensive,Significantly More Expensive,42,774.9
2022-09-21,PROD00248,Home & Kitchen,North,27.37,108.98,-81.61,Cheaper,Significantly Cheaper,77,1896.74
2022-09-21,PROD00786,Beauty,West,29.77,52.95,-23.180000000000003,Cheaper,Significantly Cheaper,21,562.65
2022-09-22,PROD00806,Electronics,Central,21.89,15.91,5.98,More Expensive,Significantly More Expensive,55,1143.75
2022-09-22,PROD01179,Toys,West,20.18,74.98,-54.800000000000004,Cheaper,Significantly Cheaper,23,371.31
2022-09-23,PROD00416,Home & Kitchen,Central,19.1,24.66,-5.559999999999999,Cheaper,Significantly Cheaper,69,988.42
2022-09-23,PROD00868,Grocery,East,24.31,15.38,8.929999999999998,More Expensive,Significantly More Expensive,119,2603.6
2022-09-23,PROD00652,Beauty,North,37.72,13.33,24.39,More Expensive,Significantly More Expensive,35,1188.18
2022-09-24,PROD00786,Electronics,North,14.66,42.53,-27.87,Cheaper,Significantly Cheaper,67,834.89
2022-09-24,PROD00586,Electronics,West,45.7,27.65,18.050000000000004,More Expensive,Significantly More Expensive,19,607.81
2022-09-24,PROD00442,Home & Kitchen,East,21.44,66.89,-45.45,Cheaper,Significantly Cheaper,22,471.68
2022-09-24,PROD00155,Electronics,North,10.97,39.4,-28.43,Cheaper,Significantly Cheaper,43,400.95
2022-09-24,PROD00809,Home & Kitchen,Central,37.03,63.79,-26.759999999999998,Cheaper,Significantly Cheaper,34,1259.02
2022-09-25,PROD00111,Toys,Central,40.97,21.19,19.779999999999998,More Expensive,Significantly More Expensive,48,1474.92
2022-09-25,PROD00137,Home & Kitchen,West,45.59,155.18,-109.59,Cheaper,Significantly Cheaper,31,1130.63
2022-09-25,PROD00791,Toys,East,35.04,27.58,7.460000000000001,More Expensive,Significantly More Expensive,24,798.91
2022-09-25,PROD00380,Fashion,Central,16.52,19.01,-2.490000000000002,Cheaper,Normal Competitive Range,54,892.08
2022-09-26,PROD00228,Fashion,Central,14.81,16.07,-1.2599999999999998,Cheaper,Normal Competitive Range,67,793.82
2022-09-26,PROD01116,Beauty,North,11.65,71.36,-59.71,Cheaper,Significantly Cheaper,41,406.0
2022-09-26,PROD00119,Home & Kitchen,Central,39.37,22.85,16.519999999999996,More Expensive,Significantly More Expensive,24,944.88
2022-09-27,PROD00019,Grocery,West,34.48,70.18,-35.70000000000001,Cheaper,Significantly Cheaper,23,793.04
2022-09-27,PROD00165,Electronics,North,25.64,9.81,15.83,More Expensive,Significantly More Expensive,40,923.04
2022-09-28,PROD00666,Sports,Central,37.37,21.99,15.379999999999999,More Expensive,Significantly More Expensive,17,540.0
2022-09-28,PROD00837,Electronics,South,32.83,24.04,8.79,More Expensive,Significantly More Expensive,73,1797.44
2022-09-28,PROD00757,Electronics,Central,45.06,19.37,25.69,More Expensive,Significantly More Expensive,54,1824.93
2022-09-28,PROD00186,Home & Kitchen,East,45.57,29.79,15.780000000000001,More Expensive,Significantly More Expensive,94,3212.68
2022-09-28,PROD00266,Fashion,West,20.55,24.6,-4.050000000000001,Cheaper,Normal Competitive Range,54,832.28
2022-09-29,PROD01197,Grocery,North,37.0,31.77,5.23,More Expensive,Normal Competitive Range,29,804.75
2022-09-29,PROD00965,Electronics,East,21.06,25.92,-4.860000000000003,Cheaper,Normal Competitive Range,94,1385.75
2022-09-29,PROD00287,Grocery,North,26.75,20.89,5.859999999999999,More Expensive,Significantly More Expensive,47,1131.53
2022-09-29,PROD00416,Beauty,West,15.93,37.8,-21.869999999999997,Cheaper,Significantly Cheaper,51,568.7
2022-09-29,PROD00277,Electronics,East,15.91,33.06,-17.150000000000002,Cheaper,Significantly Cheaper,53,716.75
2022-09-29,PROD00009,Fashion,Central,79.65,24.13,55.52000000000001,More Expensive,Significantly More Expensive,11,788.54
2022-09-29,PROD00563,Books,South,15.45,12.37,3.08,More Expensive,Significantly More Expensive,22,288.91
2022-09-30,PROD00528,Toys,Central,55.09,19.09,36.0,More Expensive,Significantly More Expensive,49,2159.53
2022-09-30,PROD01020,Sports,North,38.43,42.4,-3.969999999999999,Cheaper,Normal Competitive Range,33,1268.19
2022-09-30,PROD00110,Grocery,East,125.66,20.38,105.28,More Expensive,Significantly More Expensive,12,1130.94
2022-09-30,PROD00645,Beauty,Central,25.41,11.59,13.82,More Expensive,Significantly More Expensive,42,853.78
2022-09-30,PROD00275,Home & Kitchen,North,21.11,29.94,-8.830000000000002,Cheaper,Significantly Cheaper,29,612.19
2022-09-30,PROD00305,Beauty,Central,50.95,50.53,0.4200000000000017,Similar,Normal Competitive Range,29,1329.8
2022-10-01,PROD00892,Beauty,West,50.23,12.57,37.66,More Expensive,Significantly More Expensive,39,1665.12
2022-10-01,PROD00345,Toys,North,73.33,22.14,51.19,More Expensive,Significantly More Expensive,26,1525.26
2022-10-01,PROD00671,Electronics,North,83.33,13.77,69.56,More Expensive,Significantly More Expensive,23,1916.59
2022-10-01,PROD01013,Beauty,East,20.85,51.92,-31.07,Cheaper,Significantly Cheaper,33,688.05
2022-10-01,PROD00291,Toys,East,60.84,51.42,9.420000000000002,More Expensive,Normal Competitive Range,22,1003.86
2022-10-02,PROD00649,Grocery,South,20.89,80.36,-59.47,Cheaper,Significantly Cheaper,87,1817.43
2022-10-02,PROD00348,Electronics,East,47.95,15.51,32.440000000000005,More Expensive,Significantly More Expensive,35,1510.42
2022-10-02,PROD00148,Beauty,West,22.57,24.94,-2.370000000000001,Cheaper,Normal Competitive Range,74,1503.16
2022-10-02,PROD00205,Beauty,North,17.86,25.72,-7.859999999999999,Cheaper,Significantly Cheaper,36,642.96
2022-10-02,PROD00489,Home & Kitchen,North,123.4,25.79,97.61000000000001,More Expensive,Significantly More Expensive,5,617.0
2022-10-03,PROD00221,Beauty,South,37.78,182.16,-144.38,Cheaper,Significantly Cheaper,33,1122.07
2022-10-03,PROD00410,Beauty,North,42.97,50.95,-7.980000000000004,Cheaper,Normal Competitive Range,11,425.4
2022-10-03,PROD00756,Fashion,North,57.27,119.09,-61.82,Cheaper,Significantly Cheaper,37,2118.99
2022-10-03,PROD00582,Home & Kitchen,South,29.5,45.43,-15.93,Cheaper,Significantly Cheaper,30,619.5
2022-10-04,PROD00785,Books,West,42.66,98.29,-55.63000000000001,Cheaper,Significantly Cheaper,18,537.52
2022-10-04,PROD00924,Fashion,East,139.95,32.91,107.03999999999999,More Expensive,Significantly More Expensive,6,629.78
2022-10-04,PROD00161,Home & Kitchen,East,17.11,16.98,0.129999999999999,Similar,Normal Competitive Range,98,1509.1
2022-10-04,PROD00070,Beauty,North,48.7,13.8,34.900000000000006,More Expensive,Significantly More Expensive,17,620.93
2022-10-04,PROD00030,Books,Central,23.96,11.42,12.540000000000001,More Expensive,Significantly More Expensive,43,1030.28
2022-10-04,PROD00001,Beauty,Central,31.52,77.9,-46.38000000000001,Cheaper,Significantly Cheaper,21,562.63
2022-10-04,PROD00965,Grocery,West,45.07,63.8,-18.729999999999997,Cheaper,Significantly Cheaper,24,811.26
2022-10-04,PROD00632,Sports,South,6.65,23.21,-16.560000000000002,Cheaper,Significantly Cheaper,65,324.19
2022-10-04,PROD00846,Home & Kitchen,North,47.87,19.12,28.749999999999996,More Expensive,Significantly More Expensive,52,2240.32
2022-10-04,PROD01056,Toys,North,29.79,91.67,-61.88,Cheaper,Significantly Cheaper,12,321.73
2022-10-04,PROD01055,Grocery,South,35.11,73.04,-37.93000000000001,Cheaper,Significantly Cheaper,67,1999.51
2022-10-04,PROD00024,Grocery,East,18.54,36.88,-18.340000000000003,Cheaper,Significantly Cheaper,50,927.0
2022-10-05,PROD00792,Fashion,East,54.81,33.71,21.1,More Expensive,Significantly More Expensive,24,1052.35
2022-10-05,PROD00853,Electronics,East,45.62,24.99,20.63,More Expensive,Significantly More Expensive,30,1368.6
2022-10-05,PROD00228,Sports,Central,13.14,129.53,-116.39,Cheaper,Significantly Cheaper,54,638.6
2022-10-05,PROD00164,Beauty,South,13.99,48.56,-34.57,Cheaper,Significantly Cheaper,100,1189.15
2022-10-05,PROD00844,Grocery,West,40.54,27.38,13.16,More Expensive,Significantly More Expensive,27,1094.58
2022-10-05,PROD00638,Books,South,24.82,48.98,-24.159999999999997,Cheaper,Significantly Cheaper,30,632.91
2022-10-06,PROD00789,Beauty,West,23.1,46.98,-23.879999999999995,Cheaper,Significantly Cheaper,66,1372.14
2022-10-06,PROD00127,Fashion,Central,21.04,26.21,-5.170000000000002,Cheaper,Normal Competitive Range,64,1211.9
2022-10-06,PROD00087,Grocery,North,13.28,20.23,-6.950000000000001,Cheaper,Significantly Cheaper,31,391.1
2022-10-06,PROD01154,Fashion,North,13.19,61.84,-48.650000000000006,Cheaper,Significantly Cheaper,95,1253.05
2022-10-06,PROD00161,Books,East,52.52,58.42,-5.899999999999999,Cheaper,Normal Competitive Range,11,433.29
2022-10-06,PROD01095,Books,South,57.23,15.3,41.92999999999999,More Expensive,Significantly More Expensive,8,412.06
2022-10-07,PROD00478,Grocery,Central,21.51,14.55,6.960000000000001,More Expensive,Significantly More Expensive,70,1129.28
2022-10-07,PROD00470,Electronics,West,30.46,28.24,2.2200000000000024,More Expensive,Normal Competitive Range,45,1028.03
2022-10-07,PROD00867,Beauty,South,33.63,16.05,17.580000000000002,More Expensive,Significantly More Expensive,25,714.64
2022-10-07,PROD01188,Grocery,Central,20.0,44.46,-24.46,Cheaper,Significantly Cheaper,39,702.0
2022-10-07,PROD00646,Electronics,North,54.67,10.42,44.25,More Expensive,Significantly More Expensive,64,3323.94
2022-10-08,PROD00470,Sports,East,15.34,28.28,-12.940000000000001,Cheaper,Significantly Cheaper,38,437.19
2022-10-08,PROD00028,Toys,South,102.91,15.89,87.02,More Expensive,Significantly More Expensive,7,540.28
2022-10-08,PROD00188,Beauty,West,53.56,32.93,20.630000000000003,More Expensive,Significantly More Expensive,26,1253.3
2022-10-09,PROD00205,Home & Kitchen,West,13.92,44.98,-31.059999999999995,Cheaper,Significantly Cheaper,47,621.53
2022-10-09,PROD01064,Home & Kitchen,North,45.09,23.36,21.730000000000004,More Expensive,Significantly More Expensive,19,813.87
2022-10-09,PROD00684,Home & Kitchen,North,36.49,24.6,11.89,More Expensive,Significantly More Expensive,30,875.76
2022-10-10,PROD00191,Home & Kitchen,East,27.88,27.11,0.7699999999999996,Similar,Normal Competitive Range,46,1090.11
2022-10-10,PROD01132,Electronics,South,16.47,12.48,3.9899999999999984,More Expensive,Significantly More Expensive,71,993.96
2022-10-10,PROD00474,Beauty,East,29.76,43.32,-13.559999999999999,Cheaper,Significantly Cheaper,30,803.52
2022-10-10,PROD00108,Sports,North,31.06,23.93,7.129999999999999,More Expensive,Significantly More Expensive,33,922.48
2022-10-10,PROD00047,Electronics,South,73.67,11.84,61.83,More Expensive,Significantly More Expensive,15,939.29
2022-10-11,PROD00033,Beauty,South,33.56,50.77,-17.21,Cheaper,Significantly Cheaper,32,1020.22
2022-10-11,PROD00189,Electronics,North,22.2,16.69,5.509999999999998,More Expensive,Significantly More Expensive,34,717.06
2022-10-11,PROD00128,Fashion,North,143.31,21.34,121.97,More Expensive,Significantly More Expensive,7,802.54
2022-10-11,PROD01102,Electronics,Central,29.92,89.44,-59.519999999999996,Cheaper,Significantly Cheaper,52,1400.26
2022-10-11,PROD01018,Beauty,East,10.79,15.66,-4.870000000000001,Cheaper,Significantly Cheaper,35,321.0
2022-10-12,PROD01090,Toys,North,32.03,31.98,0.05000000000000071,Similar,Normal Competitive Range,23,699.86
2022-10-12,PROD00445,Toys,South,28.11,13.88,14.229999999999999,More Expensive,Significantly More Expensive,41,979.63
2022-10-12,PROD00135,Grocery,South,51.75,23.74,28.01,More Expensive,Significantly More Expensive,35,1811.25
2022-10-12,PROD00745,Fashion,North,42.16,19.08,23.08,More Expensive,Significantly More Expensive,42,1505.11
2022-10-12,PROD00161,Beauty,East,32.13,21.57,10.560000000000002,More Expensive,Significantly More Expensive,28,899.64
2022-10-12,PROD00410,Grocery,Central,15.53,81.73,-66.2,Cheaper,Significantly Cheaper,36,531.13
2022-10-13,PROD00114,Electronics,West,22.94,25.75,-2.8099999999999987,Cheaper,Normal Competitive Range,48,935.95
2022-10-13,PROD01029,Grocery,Central,82.41,22.98,59.42999999999999,More Expensive,Significantly More Expensive,32,2109.7
2022-10-13,PROD00568,Beauty,North,70.76,44.68,26.080000000000005,More Expensive,Significantly More Expensive,35,2105.11
2022-10-13,PROD00301,Home & Kitchen,South,39.67,18.69,20.98,More Expensive,Significantly More Expensive,24,761.66
2022-10-13,PROD00510,Beauty,West,34.09,24.81,9.280000000000005,More Expensive,Significantly More Expensive,20,681.8
2022-10-13,PROD01011,Home & Kitchen,West,7.31,21.18,-13.870000000000001,Cheaper,Significantly Cheaper,93,611.85
2022-10-13,PROD00514,Beauty,West,51.76,38.91,12.850000000000001,More Expensive,Significantly More Expensive,14,652.18
2022-10-14,PROD01014,Home & Kitchen,Central,56.43,6.76,49.67,More Expensive,Significantly More Expensive,17,911.34
2022-10-14,PROD01120,Grocery,West,50.92,35.06,15.86,More Expensive,Significantly More Expensive,41,1878.95
2022-10-14,PROD00127,Electronics,North,9.52,11.95,-2.4299999999999997,Cheaper,Significantly Cheaper,52,470.29
2022-10-14,PROD00096,Electronics,West,18.68,37.37,-18.689999999999998,Cheaper,Significantly Cheaper,121,1921.24
2022-10-15,PROD00485,Home & Kitchen,North,36.07,54.47,-18.4,Cheaper,Significantly Cheaper,29,836.82
2022-10-15,PROD00997,Books,North,111.84,29.49,82.35000000000001,More Expensive,Significantly More Expensive,7,782.88
2022-10-15,PROD00206,Electronics,East,56.99,35.82,21.17,More Expensive,Significantly More Expensive,17,968.83
2022-10-15,PROD00819,Fashion,Central,11.96,19.12,-7.16,Cheaper,Significantly Cheaper,95,852.15
2022-10-15,PROD00072,Electronics,East,13.91,108.48,-94.57000000000001,Cheaper,Significantly Cheaper,80,1112.8
2022-10-15,PROD00776,Toys,East,43.98,36.8,7.18,More Expensive,Normal Competitive Range,25,824.62
2022-10-15,PROD00297,Sports,West,56.27,36.03,20.240000000000002,More Expensive,Significantly More Expensive,23,1100.08
2022-10-15,PROD01112,Grocery,South,52.12,16.68,35.44,More Expensive,Significantly More Expensive,31,1292.58
2022-10-16,PROD00101,Home & Kitchen,East,96.39,40.9,55.49,More Expensive,Significantly More Expensive,10,771.12
2022-10-16,PROD00471,Grocery,South,16.61,25.91,-9.3,Cheaper,Significantly Cheaper,71,1179.31
2022-10-16,PROD00640,Beauty,North,37.69,21.79,15.899999999999999,More Expensive,Significantly More Expensive,46,1386.99
2022-10-16,PROD00462,Books,North,70.36,20.1,50.26,More Expensive,Significantly More Expensive,27,1899.72
2022-10-17,PROD00648,Electronics,South,17.49,16.73,0.759999999999998,Similar,Normal Competitive Range,55,865.76
2022-10-17,PROD00060,Electronics,North,72.2,124.14,-51.94,Cheaper,Significantly Cheaper,46,2823.02
2022-10-17,PROD00976,Fashion,Central,80.01,12.38,67.63000000000001,More Expensive,Significantly More Expensive,63,3780.47
2022-10-17,PROD01121,Home & Kitchen,Central,42.51,10.33,32.18,More Expensive,Significantly More Expensive,29,1232.79
2022-10-18,PROD00459,Sports,Central,69.2,43.95,25.25,More Expensive,Significantly More Expensive,22,1141.8
2022-10-18,PROD00195,Fashion,Central,44.45,34.43,10.020000000000003,More Expensive,Significantly More Expensive,45,1700.21
2022-10-18,PROD00719,Books,South,33.03,18.27,14.760000000000002,More Expensive,Significantly More Expensive,41,1151.1
2022-10-18,PROD01036,Toys,East,18.91,31.18,-12.27,Cheaper,Significantly Cheaper,18,323.36
2022-10-18,PROD00034,Sports,South,12.2,21.83,-9.629999999999999,Cheaper,Significantly Cheaper,63,730.17
2022-10-19,PROD00919,Grocery,Central,26.5,35.24,-8.740000000000002,Cheaper,Significantly Cheaper,72,1526.4
2022-10-19,PROD00795,Books,South,50.81,13.16,37.650000000000006,More Expensive,Significantly More Expensive,14,569.07
2022-10-19,PROD01019,Grocery,North,28.48,66.16,-37.67999999999999,Cheaper,Significantly Cheaper,45,1153.44
2022-10-19,PROD01105,Beauty,Central,84.38,44.51,39.87,More Expensive,Significantly More Expensive,13,1096.94
2022-10-19,PROD00284,Grocery,East,14.29,53.9,-39.61,Cheaper,Significantly Cheaper,72,823.1
2022-10-19,PROD00756,Electronics,West,42.22,39.72,2.5,More Expensive,Normal Competitive Range,64,1891.46
2022-10-19,PROD00161,Books,North,18.31,17.5,0.8099999999999987,Similar,Normal Competitive Range,18,280.14
2022-10-19,PROD00073,Fashion,Central,63.21,28.46,34.75,More Expensive,Significantly More Expensive,23,1235.76
2022-10-19,PROD00556,Electronics,Central,27.52,17.62,9.899999999999999,More Expensive,Significantly More Expensive,68,1684.22
2022-10-19,PROD01175,Electronics,West,20.96,12.72,8.24,More Expensive,Significantly More Expensive,65,1226.16
2022-10-20,PROD00318,Toys,West,14.21,38.12,-23.909999999999997,Cheaper,Significantly Cheaper,67,761.66
2022-10-20,PROD00353,Books,North,22.91,87.26,-64.35000000000001,Cheaper,Significantly Cheaper,25,572.75
2022-10-20,PROD00031,Books,West,6.53,6.47,0.0600000000000005,Similar,Normal Competitive Range,43,280.79
2022-10-20,PROD00058,Toys,North,29.63,40.14,-10.510000000000002,Cheaper,Significantly Cheaper,32,663.71
2022-10-20,PROD00394,Beauty,East,83.31,22.25,61.06,More Expensive,Significantly More Expensive,14,1049.71
2022-10-20,PROD00252,Books,South,36.72,24.05,12.669999999999998,More Expensive,Significantly More Expensive,7,244.19
2022-10-20,PROD00504,Toys,North,23.15,27.23,-4.080000000000002,Cheaper,Normal Competitive Range,18,395.86
2022-10-21,PROD00763,Books,West,22.98,12.09,10.89,More Expensive,Significantly More Expensive,18,351.59
2022-10-21,PROD00669,Sports,Central,14.74,19.99,-5.249999999999998,Cheaper,Significantly Cheaper,31,365.55
2022-10-21,PROD00986,Books,Central,20.55,53.22,-32.67,Cheaper,Significantly Cheaper,18,314.42
2022-10-22,PROD01106,Electronics,Central,69.55,19.91,49.64,More Expensive,Significantly More Expensive,30,1773.52
2022-10-22,PROD00010,Books,North,11.73,39.35,-27.62,Cheaper,Significantly Cheaper,45,369.5
2022-10-23,PROD00688,Sports,South,46.36,42.58,3.780000000000001,More Expensive,Normal Competitive Range,35,1379.21
2022-10-23,PROD01171,Beauty,North,11.26,35.65,-24.39,Cheaper,Significantly Cheaper,35,374.39
2022-10-23,PROD00230,Beauty,West,77.07,32.59,44.47999999999999,More Expensive,Significantly More Expensive,8,616.56
2022-10-24,PROD00878,Books,East,14.94,36.8,-21.86,Cheaper,Significantly Cheaper,20,253.98
2022-10-24,PROD01190,Electronics,West,6.05,18.5,-12.45,Cheaper,Significantly Cheaper,70,381.15
2022-10-24,PROD01094,Electronics,North,17.01,8.89,8.120000000000001,More Expensive,Significantly More Expensive,41,662.54
2022-10-24,PROD00582,Grocery,South,20.08,19.69,0.389999999999997,Similar,Normal Competitive Range,71,1283.11
2022-10-24,PROD00604,Books,North,13.23,26.79,-13.559999999999999,Cheaper,Significantly Cheaper,30,396.9
2022-10-25,PROD00791,Beauty,Central,45.66,44.45,1.2099999999999937,Similar,Normal Competitive Range,29,1191.73
2022-10-25,PROD00338,Beauty,North,39.17,20.27,18.900000000000002,More Expensive,Significantly More Expensive,28,932.25
2022-10-25,PROD00475,Beauty,East,29.32,26.0,3.3200000000000003,More Expensive,Normal Competitive Range,15,417.81
2022-10-25,PROD00520,Grocery,South,20.06,40.76,-20.7,Cheaper,Significantly Cheaper,95,1619.84
2022-10-25,PROD00753,Sports,North,59.07,28.72,30.35,More Expensive,Significantly More Expensive,35,1757.33
2022-10-25,PROD00281,Beauty,East,12.04,16.05,-4.010000000000002,Cheaper,Significantly Cheaper,27,292.57
2022-10-25,PROD01134,Home & Kitchen,West,8.95,13.86,-4.91,Cheaper,Significantly Cheaper,43,346.36
2022-10-26,PROD00857,Toys,South,40.18,112.02,-71.84,Cheaper,Significantly Cheaper,31,934.18
2022-10-26,PROD00671,Fashion,Central,13.82,16.33,-2.509999999999998,Cheaper,Normal Competitive Range,76,840.26
2022-10-26,PROD00673,Grocery,West,27.45,32.7,-5.2500000000000036,Cheaper,Normal Competitive Range,46,1199.56
2022-10-26,PROD00528,Sports,Central,38.36,31.98,6.379999999999999,More Expensive,Normal Competitive Range,22,801.72
2022-10-26,PROD00915,Toys,West,32.61,52.33,-19.72,Cheaper,Significantly Cheaper,58,1607.67
2022-10-27,PROD00792,Books,South,92.16,21.06,71.1,More Expensive,Significantly More Expensive,8,589.82
2022-10-27,PROD00226,Beauty,Central,28.0,26.46,1.5399999999999991,More Expensive,Normal Competitive Range,35,882.0
2022-10-27,PROD00024,Electronics,West,38.91,31.85,7.059999999999995,More Expensive,Significantly More Expensive,45,1400.76
2022-10-27,PROD00830,Sports,West,75.53,28.65,46.88,More Expensive,Significantly More Expensive,17,1219.81
2022-10-27,PROD00134,Grocery,South,37.24,10.89,26.35,More Expensive,Significantly More Expensive,47,1750.28
2022-10-28,PROD00483,Books,Central,33.52,113.79,-80.27000000000001,Cheaper,Significantly Cheaper,12,382.13
2022-10-28,PROD00116,Grocery,Central,48.36,6.16,42.2,More Expensive,Significantly More Expensive,20,967.2
2022-10-28,PROD00883,Toys,East,14.32,63.73,-49.41,Cheaper,Significantly Cheaper,48,584.26
2022-10-28,PROD00568,Books,West,78.32,20.32,57.99999999999999,More Expensive,Significantly More Expensive,4,219.3
2022-10-28,PROD00586,Books,East,21.55,37.58,-16.029999999999998,Cheaper,Significantly Cheaper,28,603.4
2022-10-28,PROD00983,Toys,West,6.8,47.54,-40.74,Cheaper,Significantly Cheaper,41,250.92
2022-10-28,PROD00623,Beauty,North,53.29,24.62,28.669999999999998,More Expensive,Significantly More Expensive,30,1438.83
2022-10-28,PROD00252,Sports,South,49.61,10.83,38.78,More Expensive,Significantly More Expensive,64,2698.78
2022-10-29,PROD00563,Electronics,South,33.91,9.17,24.739999999999995,More Expensive,Significantly More Expensive,78,1983.73
2022-10-29,PROD00866,Electronics,West,47.53,12.56,34.97,More Expensive,Significantly More Expensive,41,1558.98
2022-10-29,PROD00832,Electronics,North,35.06,18.82,16.240000000000002,More Expensive,Significantly More Expensive,46,1370.85
2022-10-29,PROD00394,Electronics,West,27.68,18.48,9.2,More Expensive,Significantly More Expensive,65,1439.36
2022-10-29,PROD00613,Fashion,Central,19.76,14.71,5.050000000000001,More Expensive,Significantly More Expensive,34,638.25
2022-10-30,PROD00417,Fashion,East,17.31,59.16,-41.849999999999994,Cheaper,Significantly Cheaper,66,1085.34
2022-10-30,PROD00543,Books,Central,25.79,16.41,9.379999999999999,More Expensive,Significantly More Expensive,16,392.01
2022-10-30,PROD00254,Beauty,West,41.37,76.42,-35.050000000000004,Cheaper,Significantly Cheaper,17,597.8
2022-10-30,PROD01171,Electronics,East,37.86,41.43,-3.5700000000000003,Cheaper,Normal Competitive Range,36,1362.96
2022-10-30,PROD00528,Sports,East,36.42,37.35,-0.9299999999999997,Similar,Normal Competitive Range,19,691.98
2022-10-31,PROD00128,Fashion,South,28.66,38.35,-9.690000000000001,Cheaper,Significantly Cheaper,76,1633.62
2022-11-01,PROD00619,Toys,Central,75.38,8.93,66.44999999999999,More Expensive,Significantly More Expensive,12,904.56
2022-11-01,PROD00166,Grocery,Central,45.29,15.38,29.909999999999997,More Expensive,Significantly More Expensive,15,577.45
2022-11-01,PROD00001,Home & Kitchen,Central,36.98,30.63,6.349999999999998,More Expensive,Significantly More Expensive,48,1331.28
2022-11-01,PROD00213,Beauty,Central,53.67,25.4,28.270000000000003,More Expensive,Significantly More Expensive,22,1121.7
2022-11-01,PROD00449,Electronics,Central,57.83,12.66,45.17,More Expensive,Significantly More Expensive,20,1098.77
2022-11-01,PROD01178,Books,East,38.67,11.35,27.32,More Expensive,Significantly More Expensive,9,278.42
2022-11-01,PROD00460,Sports,North,77.04,17.67,59.370000000000005,More Expensive,Significantly More Expensive,7,458.39
2022-11-02,PROD00641,Grocery,West,73.17,60.37,12.800000000000004,More Expensive,Significantly More Expensive,36,2239.0
2022-11-03,PROD01040,Grocery,East,18.22,28.79,-10.57,Cheaper,Significantly Cheaper,29,501.96
2022-11-03,PROD00371,Home & Kitchen,North,22.79,12.25,10.54,More Expensive,Significantly More Expensive,42,861.46
2022-11-03,PROD01137,Electronics,North,37.9,45.0,-7.100000000000001,Cheaper,Normal Competitive Range,20,758.0
2022-11-03,PROD00624,Sports,Central,20.28,33.66,-13.379999999999995,Cheaper,Significantly Cheaper,52,1001.83
2022-11-03,PROD00749,Sports,South,31.36,39.96,-8.600000000000001,Cheaper,Significantly Cheaper,40,1128.96
2022-11-03,PROD00053,Grocery,Central,20.38,52.56,-32.18000000000001,Cheaper,Significantly Cheaper,83,1606.96
2022-11-03,PROD00790,Fashion,South,29.3,40.75,-11.45,Cheaper,Significantly Cheaper,79,2083.23
2022-11-04,PROD00494,Home & Kitchen,East,73.41,40.09,33.31999999999999,More Expensive,Significantly More Expensive,18,1255.31
2022-11-05,PROD01057,Beauty,North,15.01,31.2,-16.189999999999998,Cheaper,Significantly Cheaper,52,780.52
2022-11-05,PROD00573,Beauty,East,34.67,143.06,-108.39,Cheaper,Significantly Cheaper,77,2269.15
2022-11-05,PROD00846,Grocery,East,15.13,17.61,-2.4799999999999986,Cheaper,Normal Competitive Range,33,424.4
2022-11-05,PROD00903,Toys,South,35.97,16.16,19.81,More Expensive,Significantly More Expensive,37,1197.8
2022-11-05,PROD00368,Toys,South,31.5,38.17,-6.670000000000002,Cheaper,Normal Competitive Range,41,1291.5
2022-11-06,PROD00240,Beauty,South,39.78,59.46,-19.68,Cheaper,Significantly Cheaper,40,1352.52
2022-11-06,PROD00376,Sports,Central,36.19,37.66,-1.4699999999999989,Similar,Normal Competitive Range,20,542.85
2022-11-06,PROD01014,Home & Kitchen,Central,16.27,51.53,-35.260000000000005,Cheaper,Significantly Cheaper,33,402.68
2022-11-07,PROD00690,Home & Kitchen,Central,29.55,116.53,-86.98,Cheaper,Significantly Cheaper,25,627.94
2022-11-07,PROD00132,Fashion,Central,17.49,13.12,4.369999999999999,More Expensive,Significantly More Expensive,82,1075.63
2022-11-07,PROD00669,Books,East,64.23,63.78,0.45000000000000284,Similar,Normal Competitive Range,16,976.3
2022-11-07,PROD00027,Books,South,10.11,33.3,-23.189999999999998,Cheaper,Significantly Cheaper,41,310.88
2022-11-08,PROD00871,Sports,Central,8.83,73.27,-64.44,Cheaper,Significantly Cheaper,58,460.93
2022-11-08,PROD00922,Books,Central,58.07,23.73,34.34,More Expensive,Significantly More Expensive,12,557.47
2022-11-08,PROD00544,Books,West,59.18,31.83,27.35,More Expensive,Significantly More Expensive,10,443.85
2022-11-08,PROD01184,Grocery,South,15.56,60.67,-45.11,Cheaper,Significantly Cheaper,16,236.51
2022-11-09,PROD00053,Beauty,Central,34.08,8.18,25.9,More Expensive,Significantly More Expensive,42,1073.52
2022-11-09,PROD00953,Toys,Central,27.55,59.4,-31.849999999999998,Cheaper,Significantly Cheaper,32,793.44
2022-11-09,PROD01185,Toys,Central,23.04,102.84,-79.80000000000001,Cheaper,Significantly Cheaper,49,959.62
2022-11-09,PROD01112,Fashion,Central,26.4,20.87,5.529999999999998,More Expensive,Significantly More Expensive,59,1401.84
2022-11-09,PROD00049,Toys,South,10.8,23.81,-13.009999999999998,Cheaper,Significantly Cheaper,35,302.4
2022-11-09,PROD00855,Electronics,South,21.87,35.07,-13.2,Cheaper,Significantly Cheaper,63,1377.81
2022-11-09,PROD00295,Fashion,North,39.29,55.78,-16.490000000000002,Cheaper,Significantly Cheaper,73,2007.72
2022-11-09,PROD00148,Sports,West,48.83,8.89,39.94,More Expensive,Significantly More Expensive,26,952.18
2022-11-10,PROD00076,Electronics,North,39.0,15.29,23.71,More Expensive,Significantly More Expensive,26,912.6
2022-11-10,PROD00641,Fashion,North,64.41,23.41,41.0,More Expensive,Significantly More Expensive,20,1223.79
2022-11-10,PROD00715,Fashion,East,76.92,54.28,22.64,More Expensive,Significantly More Expensive,12,923.04
2022-11-11,PROD00994,Fashion,East,26.6,14.64,11.96,More Expensive,Significantly More Expensive,43,857.85
2022-11-11,PROD00676,Fashion,West,15.77,132.9,-117.13000000000001,Cheaper,Significantly Cheaper,92,1233.21
2022-11-11,PROD00372,Electronics,West,11.55,17.79,-6.239999999999998,Cheaper,Significantly Cheaper,147,1358.28
2022-11-11,PROD00137,Sports,Central,78.33,12.29,66.03999999999999,More Expensive,Significantly More Expensive,15,881.21
2022-11-11,PROD01017,Grocery,Central,25.15,56.8,-31.65,Cheaper,Significantly Cheaper,208,4446.52
2022-11-11,PROD00462,Fashion,West,81.66,34.33,47.33,More Expensive,Significantly More Expensive,35,2429.38
2022-11-11,PROD00351,Home & Kitchen,East,91.71,35.24,56.46999999999999,More Expensive,Significantly More Expensive,9,701.58
2022-11-12,PROD00716,Home & Kitchen,West,53.33,43.36,9.969999999999999,More Expensive,Significantly More Expensive,22,1114.6
2022-11-12,PROD01135,Grocery,North,29.51,20.05,9.46,More Expensive,Significantly More Expensive,62,1463.7
2022-11-12,PROD00521,Home & Kitchen,Central,14.12,23.3,-9.180000000000001,Cheaper,Significantly Cheaper,33,396.07
2022-11-12,PROD00127,Fashion,West,21.48,25.97,-4.489999999999998,Cheaper,Normal Competitive Range,49,842.02
2022-11-13,PROD00484,Fashion,East,65.09,34.5,30.590000000000003,More Expensive,Significantly More Expensive,25,1464.52
2022-11-13,PROD00391,Sports,South,18.68,60.57,-41.89,Cheaper,Significantly Cheaper,86,1124.54
2022-11-13,PROD00501,Home & Kitchen,North,22.23,14.71,7.52,More Expensive,Significantly More Expensive,36,800.28
2022-11-13,PROD00729,Electronics,Central,29.32,26.56,2.7600000000000016,More Expensive,Normal Competitive Range,89,2087.58
2022-11-13,PROD00425,Electronics,South,30.04,35.69,-5.649999999999999,Cheaper,Normal Competitive Range,55,1652.2
2022-11-13,PROD00856,Grocery,South,18.65,49.3,-30.65,Cheaper,Significantly Cheaper,48,760.92
2022-11-14,PROD00711,Sports,Central,20.92,21.69,-0.7699999999999996,Similar,Normal Competitive Range,79,1239.51
2022-11-15,PROD01198,Grocery,West,46.22,47.49,-1.2700000000000031,Similar,Normal Competitive Range,24,1109.28
2022-11-15,PROD00241,Books,West,39.77,22.52,17.250000000000004,More Expensive,Significantly More Expensive,12,453.38
2022-11-15,PROD00946,Grocery,West,22.97,29.42,-6.450000000000003,Cheaper,Significantly Cheaper,39,627.08
2022-11-15,PROD00391,Home & Kitchen,West,45.35,64.58,-19.229999999999997,Cheaper,Significantly Cheaper,23,938.74
2022-11-16,PROD01002,Home & Kitchen,Central,18.03,36.29,-18.259999999999998,Cheaper,Significantly Cheaper,39,492.22
2022-11-16,PROD01166,Home & Kitchen,East,11.64,27.19,-15.55,Cheaper,Significantly Cheaper,40,419.04
2022-11-16,PROD01098,Sports,South,26.82,45.67,-18.85,Cheaper,Significantly Cheaper,49,1248.47
2022-11-16,PROD00243,Grocery,South,39.24,81.55,-42.309999999999995,Cheaper,Significantly Cheaper,26,867.2
2022-11-16,PROD00760,Toys,North,18.61,54.05,-35.44,Cheaper,Significantly Cheaper,80,1116.6
2022-11-16,PROD00211,Books,East,70.06,12.47,57.59,More Expensive,Significantly More Expensive,9,599.01
2022-11-17,PROD00158,Home & Kitchen,North,20.14,107.86,-87.72,Cheaper,Significantly Cheaper,27,489.4
2022-11-17,PROD00893,Toys,South,17.29,29.43,-12.14,Cheaper,Significantly Cheaper,61,843.75
2022-11-17,PROD00858,Beauty,South,18.15,44.78,-26.630000000000003,Cheaper,Significantly Cheaper,38,551.76
2022-11-17,PROD00310,Toys,East,9.27,10.78,-1.5099999999999998,Cheaper,Normal Competitive Range,28,220.63
2022-11-17,PROD00127,Sports,West,36.48,83.79,-47.31000000000001,Cheaper,Significantly Cheaper,47,1200.19
2022-11-17,PROD00127,Sports,West,36.48,83.79,-47.31000000000001,Cheaper,Significantly Cheaper,33,1421.34
2022-11-17,PROD00127,Home & Kitchen,South,61.53,6.43,55.1,More Expensive,Significantly More Expensive,47,1200.19
2022-11-17,PROD00127,Home & Kitchen,South,61.53,6.43,55.1,More Expensive,Significantly More Expensive,33,1421.34
2022-11-17,PROD01104,Toys,East,44.11,12.72,31.39,More Expensive,Significantly More Expensive,15,562.4
2022-11-17,PROD00557,Beauty,East,72.28,69.72,2.5600000000000023,Similar,Normal Competitive Range,20,1228.76
2022-11-17,PROD00757,Home & Kitchen,Central,6.1,46.83,-40.73,Cheaper,Significantly Cheaper,55,268.4
2022-11-18,PROD00906,Toys,Central,35.32,14.99,20.33,More Expensive,Significantly More Expensive,30,794.7
2022-11-18,PROD01168,Fashion,North,47.92,31.12,16.8,More Expensive,Significantly More Expensive,29,1320.2
2022-11-18,PROD00681,Beauty,East,26.49,39.13,-12.640000000000004,Cheaper,Significantly Cheaper,39,878.14
2022-11-18,PROD00744,Grocery,West,13.49,21.06,-7.5699999999999985,Cheaper,Significantly Cheaper,69,884.27
2022-11-18,PROD00345,Electronics,North,9.28,19.65,-10.37,Cheaper,Significantly Cheaper,68,536.38
2022-11-18,PROD00736,Grocery,South,32.07,15.02,17.05,More Expensive,Significantly More Expensive,26,667.06
2022-11-18,PROD00566,Home & Kitchen,East,30.2,19.32,10.879999999999999,More Expensive,Significantly More Expensive,33,946.77
2022-11-19,PROD00601,Electronics,South,10.13,44.53,-34.4,Cheaper,Significantly Cheaper,20,202.6
2022-11-19,PROD00035,Electronics,North,14.12,57.46,-43.34,Cheaper,Significantly Cheaper,63,756.13
2022-11-19,PROD01055,Grocery,Central,10.05,77.73,-67.68,Cheaper,Significantly Cheaper,21,168.84
2022-11-19,PROD00894,Fashion,West,47.99,24.57,23.42,More Expensive,Significantly More Expensive,38,1732.44
2022-11-19,PROD00956,Home & Kitchen,West,107.84,6.73,101.11,More Expensive,Significantly More Expensive,6,614.69
2022-11-19,PROD01110,Home & Kitchen,East,12.1,21.28,-9.180000000000001,Cheaper,Significantly Cheaper,26,283.14
2022-11-19,PROD00932,Books,West,53.66,86.49,-32.83,Cheaper,Significantly Cheaper,19,866.61
2022-11-19,PROD00596,Sports,Central,39.61,27.83,11.780000000000001,More Expensive,Significantly More Expensive,26,875.38
2022-11-19,PROD00934,Toys,North,27.7,18.27,9.43,More Expensive,Significantly More Expensive,52,1224.34
2022-11-19,PROD00017,Sports,South,48.79,81.52,-32.73,Cheaper,Significantly Cheaper,31,1361.24
2022-11-20,PROD00480,Grocery,Central,27.07,52.38,-25.310000000000002,Cheaper,Significantly Cheaper,64,1559.23
2022-11-20,PROD00882,Electronics,West,17.79,84.93,-67.14000000000001,Cheaper,Significantly Cheaper,41,729.39
2022-11-21,PROD00304,Home & Kitchen,East,44.04,36.97,7.07,More Expensive,Normal Competitive Range,21,832.36
2022-11-21,PROD00768,Electronics,Central,54.62,20.75,33.87,More Expensive,Significantly More Expensive,30,1638.6
2022-11-21,PROD00614,Sports,South,21.31,37.98,-16.669999999999998,Cheaper,Significantly Cheaper,45,815.11
2022-11-22,PROD01179,Fashion,South,51.58,89.32,-37.739999999999995,Cheaper,Significantly Cheaper,34,1227.6
2022-11-22,PROD01085,Sports,Central,19.7,18.35,1.3499999999999979,More Expensive,Normal Competitive Range,35,689.5
2022-11-22,PROD00411,Toys,South,59.52,69.8,-10.279999999999994,Cheaper,Normal Competitive Range,19,1130.88
2022-11-22,PROD00711,Electronics,Central,47.94,24.18,23.759999999999998,More Expensive,Significantly More Expensive,29,1181.72
2022-11-23,PROD00601,Grocery,Central,61.49,344.64,-283.15,Cheaper,Significantly Cheaper,26,1598.74
2022-11-23,PROD00406,Fashion,East,40.68,35.83,4.850000000000001,More Expensive,Normal Competitive Range,49,1694.32
2022-11-23,PROD01019,Beauty,North,59.51,32.34,27.169999999999995,More Expensive,Significantly More Expensive,23,1368.73
2022-11-23,PROD00106,Toys,East,19.67,35.69,-16.019999999999996,Cheaper,Significantly Cheaper,43,634.36
2022-11-24,PROD00409,Sports,West,466.64,16.6,450.03999999999996,More Expensive,Significantly More Expensive,1,466.64
2022-11-24,PROD00919,Fashion,West,28.33,66.74,-38.41,Cheaper,Significantly Cheaper,34,915.06
2022-11-24,PROD00969,Grocery,North,26.25,20.22,6.030000000000001,More Expensive,Significantly More Expensive,42,992.25
2022-11-24,PROD00943,Grocery,West,18.78,17.47,1.3100000000000023,More Expensive,Normal Competitive Range,151,2693.99
2022-11-24,PROD00899,Grocery,Central,12.07,20.01,-7.940000000000001,Cheaper,Significantly Cheaper,89,859.38
2022-11-25,PROD00709,Grocery,South,15.79,18.7,-2.91,Cheaper,Normal Competitive Range,67,899.24
2022-11-25,PROD00626,Books,Central,28.09,24.14,3.9499999999999993,More Expensive,Normal Competitive Range,17,405.9
2022-11-25,PROD00980,Fashion,South,91.6,34.95,56.64999999999999,More Expensive,Significantly More Expensive,14,1218.28
2022-11-25,PROD00496,Fashion,West,17.78,127.13,-109.35,Cheaper,Significantly Cheaper,41,728.98
2022-11-26,PROD00947,Home & Kitchen,North,68.23,27.32,40.910000000000004,More Expensive,Significantly More Expensive,23,1412.36
2022-11-26,PROD00046,Electronics,South,75.5,34.26,41.24,More Expensive,Significantly More Expensive,19,1362.78
2022-11-26,PROD00624,Books,North,35.0,12.26,22.740000000000002,More Expensive,Significantly More Expensive,21,624.75
2022-11-26,PROD00489,Grocery,West,12.94,18.12,-5.1800000000000015,Cheaper,Significantly Cheaper,73,897.39
2022-11-26,PROD00928,Sports,West,41.81,17.07,24.740000000000002,More Expensive,Significantly More Expensive,33,1241.76
2022-11-26,PROD00661,Beauty,South,12.29,21.55,-9.260000000000002,Cheaper,Significantly Cheaper,74,773.04
2022-11-26,PROD00845,Beauty,North,7.71,22.3,-14.59,Cheaper,Significantly Cheaper,88,542.78
2022-11-26,PROD00095,Sports,North,42.49,50.16,-7.669999999999995,Cheaper,Normal Competitive Range,30,1083.5
2022-11-26,PROD00311,Toys,North,54.16,11.36,42.8,More Expensive,Significantly More Expensive,13,598.47
2022-11-27,PROD00993,Books,West,21.12,10.94,10.180000000000001,More Expensive,Significantly More Expensive,58,918.72
2022-11-27,PROD00388,Toys,West,21.87,31.6,-9.73,Cheaper,Significantly Cheaper,24,472.39
2022-11-27,PROD00445,Sports,North,46.71,25.89,20.82,More Expensive,Significantly More Expensive,18,840.78
2022-11-27,PROD00785,Grocery,South,60.52,42.91,17.610000000000007,More Expensive,Significantly More Expensive,36,1960.85
2022-11-28,PROD00089,Electronics,North,11.79,39.9,-28.11,Cheaper,Significantly Cheaper,50,589.5
2022-11-28,PROD00606,Toys,West,30.35,20.61,9.740000000000002,More Expensive,Significantly More Expensive,33,801.24
2022-11-29,PROD00376,Sports,West,27.53,14.97,12.56,More Expensive,Significantly More Expensive,37,865.82
2022-11-29,PROD00868,Books,South,22.25,26.51,-4.260000000000002,Cheaper,Normal Competitive Range,23,460.58
2022-11-29,PROD00631,Toys,West,61.3,34.54,26.759999999999998,More Expensive,Significantly More Expensive,23,1198.42
2022-11-29,PROD00728,Fashion,North,37.02,13.54,23.480000000000004,More Expensive,Significantly More Expensive,46,1617.77
2022-11-29,PROD01016,Toys,North,91.82,26.06,65.75999999999999,More Expensive,Significantly More Expensive,5,436.14
2022-11-29,PROD00875,Sports,South,34.48,30.89,3.5899999999999963,More Expensive,Normal Competitive Range,43,1037.85
2022-11-29,PROD00220,Sports,North,137.31,21.33,115.98,More Expensive,Significantly More Expensive,4,521.78
2022-11-29,PROD00698,Grocery,North,8.52,103.83,-95.31,Cheaper,Significantly Cheaper,65,470.73
2022-11-30,PROD00489,Grocery,Central,8.13,36.93,-28.799999999999997,Cheaper,Significantly Cheaper,96,624.38
2022-11-30,PROD00821,Electronics,South,61.08,39.01,22.07,More Expensive,Significantly More Expensive,21,1218.55
2022-11-30,PROD00756,Beauty,Central,56.17,84.13,-27.959999999999994,Cheaper,Significantly Cheaper,17,716.17
2022-11-30,PROD00021,Fashion,East,65.94,34.02,31.919999999999995,More Expensive,Significantly More Expensive,15,989.1
2022-11-30,PROD01030,Beauty,South,47.02,24.91,22.110000000000003,More Expensive,Significantly More Expensive,13,580.7
2022-12-01,PROD00781,Toys,Central,20.12,62.36,-42.239999999999995,Cheaper,Significantly Cheaper,45,769.59
2022-12-01,PROD01049,Home & Kitchen,South,65.4,15.17,50.230000000000004,More Expensive,Significantly More Expensive,11,719.4
2022-12-01,PROD00033,Grocery,Central,25.29,28.13,-2.84,Cheaper,Normal Competitive Range,67,1524.99
2022-12-02,PROD01156,Fashion,South,39.25,8.81,30.439999999999998,More Expensive,Significantly More Expensive,23,812.48
2022-12-02,PROD00432,Sports,South,5.52,30.26,-24.740000000000002,Cheaper,Significantly Cheaper,38,188.78
2022-12-02,PROD00738,Grocery,West,36.81,64.34,-27.53,Cheaper,Significantly Cheaper,23,719.64
2022-12-02,PROD00126,Beauty,Central,67.58,38.66,28.92,More Expensive,Significantly More Expensive,17,1091.42
2022-12-02,PROD00718,Toys,West,26.56,25.14,1.4199999999999982,More Expensive,Normal Competitive Range,27,573.7
2022-12-04,PROD00704,Books,South,80.88,48.22,32.66,More Expensive,Significantly More Expensive,12,873.5
2022-12-04,PROD01188,Home & Kitchen,West,86.17,13.65,72.52,More Expensive,Significantly More Expensive,10,861.7
2022-12-04,PROD00068,Electronics,South,69.52,13.99,55.529999999999994,More Expensive,Significantly More Expensive,29,1814.47
2022-12-04,PROD00170,Beauty,South,17.62,20.52,-2.8999999999999986,Cheaper,Normal Competitive Range,36,570.89
2022-12-04,PROD00268,Sports,East,26.08,23.66,2.419999999999998,More Expensive,Normal Competitive Range,54,1056.24
2022-12-04,PROD00614,Home & Kitchen,East,54.79,64.25,-9.46,Cheaper,Normal Competitive Range,42,1956.0
2022-12-04,PROD00341,Books,West,19.82,17.17,2.6499999999999986,More Expensive,Normal Competitive Range,44,654.06
2022-12-04,PROD00782,Sports,West,20.79,35.97,-15.18,Cheaper,Significantly Cheaper,18,374.22
2022-12-04,PROD00199,Books,Central,27.05,21.42,5.629999999999999,More Expensive,Significantly More Expensive,22,505.84
2022-12-04,PROD00662,Grocery,East,37.36,91.16,-53.8,Cheaper,Significantly Cheaper,19,638.86
2022-12-04,PROD00123,Electronics,West,12.8,22.65,-9.849999999999998,Cheaper,Significantly Cheaper,112,1290.24
2022-12-05,PROD01108,Beauty,West,77.51,47.98,29.53000000000001,More Expensive,Significantly More Expensive,15,1046.39
2022-12-05,PROD01112,Books,East,15.09,12.2,2.8900000000000006,More Expensive,Significantly More Expensive,18,258.04
2022-12-05,PROD00695,Beauty,North,11.61,49.56,-37.95,Cheaper,Significantly Cheaper,41,452.21
2022-12-06,PROD00125,Toys,South,28.32,70.35,-42.029999999999994,Cheaper,Significantly Cheaper,35,892.08
2022-12-06,PROD00065,Beauty,North,47.35,62.73,-15.379999999999995,Cheaper,Significantly Cheaper,19,764.7
2022-12-06,PROD01149,Home & Kitchen,South,71.94,47.54,24.4,More Expensive,Significantly More Expensive,20,1079.1
2022-12-06,PROD00908,Books,East,64.01,12.23,51.78,More Expensive,Significantly More Expensive,16,870.54
2022-12-06,PROD00064,Grocery,East,21.83,24.73,-2.900000000000002,Cheaper,Normal Competitive Range,89,1554.3
2022-12-07,PROD00018,Fashion,East,44.28,30.37,13.91,More Expensive,Significantly More Expensive,25,1051.65
2022-12-07,PROD01085,Books,Central,28.88,29.48,-0.6000000000000014,Similar,Normal Competitive Range,23,597.82
2022-12-07,PROD01149,Sports,South,63.37,26.91,36.459999999999994,More Expensive,Significantly More Expensive,6,342.2
2022-12-08,PROD00820,Grocery,East,33.16,27.16,5.9999999999999964,More Expensive,Significantly More Expensive,72,2387.52
2022-12-08,PROD00547,Beauty,North,78.9,69.95,8.950000000000003,More Expensive,Normal Competitive Range,42,2319.66
2022-12-09,PROD01028,Fashion,West,16.53,17.51,-0.9800000000000004,Cheaper,Normal Competitive Range,50,743.85
2022-12-09,PROD00200,Toys,South,30.03,12.33,17.700000000000003,More Expensive,Significantly More Expensive,50,1351.35
2022-12-09,PROD00631,Sports,Central,51.06,6.33,44.730000000000004,More Expensive,Significantly More Expensive,19,921.63
2022-12-09,PROD00662,Beauty,East,20.94,34.56,-13.620000000000001,Cheaper,Significantly Cheaper,31,616.68
2022-12-09,PROD00225,Grocery,South,54.76,16.96,37.8,More Expensive,Significantly More Expensive,16,700.93
2022-12-09,PROD01111,Electronics,North,44.71,67.79,-23.080000000000005,Cheaper,Significantly Cheaper,29,1166.93
2022-12-09,PROD00349,Beauty,West,18.27,137.78,-119.51,Cheaper,Significantly Cheaper,47,772.82
2022-12-09,PROD00240,Books,North,65.33,28.69,36.64,More Expensive,Significantly More Expensive,31,2025.23
2022-12-09,PROD00143,Grocery,South,113.05,63.04,50.01,More Expensive,Significantly More Expensive,11,1181.37
2022-12-10,PROD00935,Fashion,West,15.96,49.28,-33.32,Cheaper,Significantly Cheaper,93,1187.42
2022-12-10,PROD01049,Toys,East,13.05,75.66,-62.61,Cheaper,Significantly Cheaper,41,428.04
2022-12-10,PROD00268,Toys,Central,16.44,27.26,-10.82,Cheaper,Significantly Cheaper,59,872.96
2022-12-11,PROD01112,Electronics,Central,26.97,18.79,8.18,More Expensive,Significantly More Expensive,50,1078.8
2022-12-11,PROD01154,Grocery,Central,21.34,32.88,-11.540000000000003,Cheaper,Significantly Cheaper,38,608.19
2022-12-11,PROD00230,Home & Kitchen,East,14.98,45.86,-30.88,Cheaper,Significantly Cheaper,113,1438.83
2022-12-11,PROD00017,Grocery,East,16.35,36.26,-19.909999999999997,Cheaper,Significantly Cheaper,43,703.05
2022-12-12,PROD00296,Fashion,East,22.26,30.09,-7.829999999999998,Cheaper,Significantly Cheaper,80,1602.72
2022-12-12,PROD00393,Home & Kitchen,East,225.2,13.77,211.42999999999998,More Expensive,Significantly More Expensive,2,360.32
2022-12-12,PROD01107,Grocery,West,29.01,30.68,-1.6699999999999982,Cheaper,Normal Competitive Range,69,1701.44
2022-12-12,PROD00339,Fashion,East,13.72,26.31,-12.589999999999998,Cheaper,Significantly Cheaper,48,559.78
2022-12-12,PROD00579,Sports,North,45.21,24.05,21.16,More Expensive,Significantly More Expensive,14,506.35
2022-12-13,PROD00059,Books,East,19.42,13.25,6.170000000000002,More Expensive,Significantly More Expensive,21,326.26
2022-12-13,PROD00444,Books,East,24.16,31.33,-7.169999999999998,Cheaper,Significantly Cheaper,23,444.54
2022-12-14,PROD00655,Electronics,West,20.99,19.38,1.6099999999999994,More Expensive,Normal Competitive Range,74,1475.6
2022-12-14,PROD00283,Fashion,North,31.22,6.57,24.65,More Expensive,Significantly More Expensive,39,1095.82
2022-12-14,PROD00613,Electronics,West,59.2,21.9,37.300000000000004,More Expensive,Significantly More Expensive,28,1408.96
2022-12-14,PROD00442,Fashion,Central,59.26,40.7,18.559999999999995,More Expensive,Significantly More Expensive,22,1042.98
2022-12-14,PROD00985,Fashion,North,131.43,55.97,75.46000000000001,More Expensive,Significantly More Expensive,10,1182.87
2022-12-14,PROD00033,Electronics,North,16.82,9.28,7.540000000000001,More Expensive,Significantly More Expensive,77,1165.63
2022-12-14,PROD00110,Grocery,South,23.15,15.38,7.769999999999998,More Expensive,Significantly More Expensive,164,3037.28
2022-12-14,PROD00264,Electronics,East,20.16,16.34,3.8200000000000003,More Expensive,Significantly More Expensive,39,589.68
2022-12-14,PROD00488,Toys,South,7.37,54.78,-47.410000000000004,Cheaper,Significantly Cheaper,76,476.1
2022-12-14,PROD00920,Grocery,South,43.78,52.27,-8.490000000000002,Cheaper,Normal Competitive Range,20,831.82
2022-12-14,PROD00311,Sports,East,60.58,34.47,26.11,More Expensive,Significantly More Expensive,15,817.83
2022-12-15,PROD01197,Toys,East,26.07,20.95,5.120000000000001,More Expensive,Significantly More Expensive,36,844.67
2022-12-15,PROD00086,Books,West,60.45,37.37,23.080000000000005,More Expensive,Significantly More Expensive,17,976.27
2022-12-15,PROD00697,Electronics,East,24.69,12.27,12.420000000000002,More Expensive,Significantly More Expensive,51,1133.27
2022-12-15,PROD01186,Grocery,West,44.56,11.06,33.5,More Expensive,Significantly More Expensive,26,1042.7
2022-12-15,PROD00221,Grocery,South,25.34,17.57,7.77,More Expensive,Significantly More Expensive,20,456.12
2022-12-15,PROD00638,Electronics,North,41.78,15.95,25.830000000000002,More Expensive,Significantly More Expensive,35,1242.96
2022-12-16,PROD00163,Fashion,West,15.06,33.72,-18.659999999999997,Cheaper,Significantly Cheaper,36,515.05
2022-12-16,PROD01192,Beauty,North,30.9,29.99,0.9100000000000001,Similar,Normal Competitive Range,33,917.73
2022-12-16,PROD00891,Sports,Central,45.95,10.5,35.45,More Expensive,Significantly More Expensive,24,937.38
2022-12-17,PROD00180,Sports,North,6.94,291.02,-284.08,Cheaper,Significantly Cheaper,58,382.39
2022-12-17,PROD00825,Toys,West,69.65,36.99,32.660000000000004,More Expensive,Significantly More Expensive,18,1191.02
2022-12-17,PROD00974,Electronics,South,72.11,121.45,-49.34,Cheaper,Significantly Cheaper,29,1882.07
2022-12-17,PROD00136,Grocery,South,8.92,13.06,-4.140000000000001,Cheaper,Significantly Cheaper,60,454.92
2022-12-17,PROD00240,Home & Kitchen,Central,38.99,11.71,27.28,More Expensive,Significantly More Expensive,32,998.14
2022-12-17,PROD00046,Sports,East,11.63,11.35,0.28000000000000114,Similar,Normal Competitive Range,28,293.08
2022-12-17,PROD00946,Grocery,Central,22.93,76.49,-53.559999999999995,Cheaper,Significantly Cheaper,56,1091.47
2022-12-18,PROD00900,Home & Kitchen,East,20.44,35.79,-15.349999999999998,Cheaper,Significantly Cheaper,26,504.87
2022-12-18,PROD00820,Toys,West,40.33,20.25,20.08,More Expensive,Significantly More Expensive,24,967.92
2022-12-18,PROD00170,Sports,Central,18.5,28.35,-9.850000000000001,Cheaper,Significantly Cheaper,77,1210.82
2022-12-18,PROD00541,Books,East,60.72,34.17,26.549999999999997,More Expensive,Significantly More Expensive,16,971.52
2022-12-18,PROD01010,Electronics,Central,26.43,9.47,16.96,More Expensive,Significantly More Expensive,34,808.76
2022-12-18,PROD00505,Sports,North,50.01,19.57,30.439999999999998,More Expensive,Significantly More Expensive,24,1020.2
2022-12-18,PROD00200,Beauty,Central,22.04,13.71,8.329999999999998,More Expensive,Significantly More Expensive,75,1239.75
2022-12-19,PROD00116,Sports,West,9.65,36.99,-27.340000000000003,Cheaper,Significantly Cheaper,65,595.89
2022-12-19,PROD00512,Grocery,East,16.36,39.77,-23.410000000000004,Cheaper,Significantly Cheaper,110,1619.64
2022-12-19,PROD00451,Toys,East,85.64,26.27,59.370000000000005,More Expensive,Significantly More Expensive,6,436.76
2022-12-19,PROD00104,Home & Kitchen,South,12.42,67.04,-54.620000000000005,Cheaper,Significantly Cheaper,41,509.22
2022-12-19,PROD00363,Sports,West,24.11,31.5,-7.390000000000001,Cheaper,Significantly Cheaper,26,501.49
2022-12-19,PROD00970,Sports,East,8.01,111.91,-103.89999999999999,Cheaper,Significantly Cheaper,53,403.3
2022-12-19,PROD00298,Sports,South,117.51,18.06,99.45,More Expensive,Significantly More Expensive,3,282.02
2022-12-19,PROD00947,Home & Kitchen,West,34.16,11.3,22.859999999999996,More Expensive,Significantly More Expensive,53,1448.38
2022-12-19,PROD00319,Grocery,East,23.58,28.77,-5.190000000000001,Cheaper,Normal Competitive Range,26,551.77
2022-12-20,PROD00544,Fashion,West,70.7,68.56,2.1400000000000006,Similar,Normal Competitive Range,27,1527.12
2022-12-20,PROD00399,Sports,East,40.66,127.55,-86.89,Cheaper,Significantly Cheaper,14,455.39
2022-12-20,PROD00104,Electronics,North,22.51,62.16,-39.64999999999999,Cheaper,Significantly Cheaper,86,1645.48
2022-12-20,PROD00074,Toys,North,25.91,27.34,-1.4299999999999997,Cheaper,Normal Competitive Range,15,388.65
2022-12-21,PROD00782,Fashion,East,22.51,63.81,-41.3,Cheaper,Significantly Cheaper,37,707.94
2022-12-21,PROD00965,Electronics,Central,92.57,46.96,45.60999999999999,More Expensive,Significantly More Expensive,21,1846.77
2022-12-21,PROD00586,Home & Kitchen,East,23.98,20.51,3.469999999999999,More Expensive,Normal Competitive Range,36,776.95
2022-12-21,PROD00838,Books,Central,39.18,26.88,12.3,More Expensive,Significantly More Expensive,16,564.19
2022-12-21,PROD01183,Beauty,West,7.35,54.11,-46.76,Cheaper,Significantly Cheaper,77,481.06
2022-12-21,PROD00692,Grocery,South,45.3,27.15,18.15,More Expensive,Significantly More Expensive,45,1528.87
2022-12-21,PROD01002,Toys,North,39.99,28.03,11.96,More Expensive,Significantly More Expensive,46,1287.68
2022-12-22,PROD00239,Electronics,South,41.66,40.06,1.5999999999999943,Similar,Normal Competitive Range,73,2585.0
2022-12-22,PROD00761,Fashion,South,43.91,46.08,-2.1700000000000017,Similar,Normal Competitive Range,16,562.05
2022-12-22,PROD00153,Sports,Central,61.98,25.4,36.58,More Expensive,Significantly More Expensive,17,895.61
2022-12-22,PROD00727,Books,East,15.79,17.07,-1.2800000000000011,Cheaper,Normal Competitive Range,32,404.22
2022-12-23,PROD00291,Books,North,27.5,74.32,-46.81999999999999,Cheaper,Significantly Cheaper,13,321.75
2022-12-23,PROD00929,Beauty,North,55.27,10.97,44.300000000000004,More Expensive,Significantly More Expensive,16,840.1
2022-12-23,PROD00863,Home & Kitchen,Central,45.16,11.97,33.19,More Expensive,Significantly More Expensive,78,3170.23
2022-12-23,PROD00518,Fashion,North,9.67,120.09,-110.42,Cheaper,Significantly Cheaper,83,601.96
2022-12-23,PROD00046,Fashion,East,28.37,43.88,-15.510000000000002,Cheaper,Significantly Cheaper,35,794.36
2022-12-23,PROD00181,Beauty,South,12.91,91.8,-78.89,Cheaper,Significantly Cheaper,56,686.81
2022-12-24,PROD00827,Toys,West,36.12,9.1,27.019999999999996,More Expensive,Significantly More Expensive,28,1011.36
2022-12-24,PROD01045,Fashion,Central,26.1,59.37,-33.269999999999996,Cheaper,Significantly Cheaper,32,709.92
2022-12-25,PROD00200,Electronics,North,81.95,26.08,55.870000000000005,More Expensive,Significantly More Expensive,15,1167.79
2022-12-26,PROD00191,Books,West,94.03,9.0,85.03,More Expensive,Significantly More Expensive,7,493.66
2022-12-26,PROD00957,Sports,South,13.89,40.16,-26.269999999999996,Cheaper,Significantly Cheaper,59,737.56
2022-12-27,PROD01060,Beauty,West,39.54,35.36,4.18,More Expensive,Normal Competitive Range,58,2293.32
2022-12-27,PROD00051,Electronics,Central,20.19,44.84,-24.650000000000002,Cheaper,Significantly Cheaper,78,1417.34
2022-12-27,PROD01123,Sports,Central,22.62,21.19,1.4299999999999997,More Expensive,Normal Competitive Range,40,814.32
2022-12-28,PROD00575,Books,West,24.55,21.24,3.3100000000000023,More Expensive,Normal Competitive Range,27,629.71
2022-12-28,PROD00645,Fashion,East,36.24,15.13,21.11,More Expensive,Significantly More Expensive,68,2341.1
2022-12-28,PROD00831,Beauty,West,67.0,23.73,43.269999999999996,More Expensive,Significantly More Expensive,15,904.5
2022-12-28,PROD00178,Electronics,North,39.93,19.35,20.58,More Expensive,Significantly More Expensive,33,1120.04
2022-12-28,PROD00555,Beauty,East,40.96,28.85,12.11,More Expensive,Significantly More Expensive,28,974.85
2022-12-28,PROD00293,Fashion,East,62.36,16.57,45.79,More Expensive,Significantly More Expensive,41,2045.41
2022-12-29,PROD00482,Fashion,West,10.32,35.49,-25.17,Cheaper,Significantly Cheaper,62,575.86
2022-12-29,PROD00157,Home & Kitchen,North,26.55,49.97,-23.419999999999998,Cheaper,Significantly Cheaper,41,870.84
2022-12-29,PROD00780,Toys,West,26.7,16.38,10.32,More Expensive,Significantly More Expensive,29,658.16
2022-12-29,PROD00745,Fashion,South,47.69,68.84,-21.150000000000006,Cheaper,Significantly Cheaper,63,2704.02
2022-12-29,PROD00646,Sports,South,44.61,25.86,18.75,More Expensive,Significantly More Expensive,34,1516.74
2022-12-29,PROD00777,Electronics,Central,52.74,45.29,7.450000000000003,More Expensive,Normal Competitive Range,23,1091.72
2022-12-30,PROD00748,Home & Kitchen,Central,33.92,50.64,-16.72,Cheaper,Significantly Cheaper,38,1095.62
2022-12-30,PROD00971,Electronics,West,12.34,9.49,2.8499999999999996,More Expensive,Significantly More Expensive,45,555.3
2022-12-30,PROD00551,Home & Kitchen,Central,37.62,16.43,21.189999999999998,More Expensive,Significantly More Expensive,44,1324.22
2022-12-30,PROD00195,Books,East,11.64,24.89,-13.25,Cheaper,Significantly Cheaper,39,408.56
2022-12-30,PROD00058,Beauty,West,64.43,25.89,38.540000000000006,More Expensive,Significantly More Expensive,9,521.88
2022-12-30,PROD00018,Toys,East,23.08,25.55,-2.4700000000000024,Cheaper,Normal Competitive Range,75,1557.9
2022-12-31,PROD00964,Home & Kitchen,South,41.55,42.71,-1.1600000000000037,Similar,Normal Competitive Range,58,1927.92
2022-12-31,PROD01170,Sports,South,58.25,16.8,41.45,More Expensive,Significantly More Expensive,24,1188.3
2022-12-31,PROD00229,Electronics,East,81.27,54.44,26.83,More Expensive,Significantly More Expensive,31,2393.4
2022-12-31,PROD00444,Books,North,120.03,41.42,78.61,More Expensive,Significantly More Expensive,6,684.17
2022-12-31,PROD00757,Electronics,North,14.5,21.47,-6.969999999999999,Cheaper,Significantly Cheaper,56,568.4
2022-12-31,PROD00875,Home & Kitchen,South,13.19,42.03,-28.840000000000003,Cheaper,Significantly Cheaper,29,325.13
2023-01-01,PROD00473,Fashion,North,53.98,26.57,27.409999999999997,More Expensive,Significantly More Expensive,35,1889.3
2023-01-01,PROD01060,Home & Kitchen,East,82.99,40.87,42.12,More Expensive,Significantly More Expensive,16,1195.06
2023-01-01,PROD00211,Sports,North,19.7,26.43,-6.73,Cheaper,Significantly Cheaper,16,236.4
2023-01-01,PROD00741,Books,North,223.77,26.9,196.87,More Expensive,Significantly More Expensive,1,156.64
2023-01-01,PROD00613,Grocery,North,56.68,37.56,19.119999999999997,More Expensive,Significantly More Expensive,43,1827.93
2023-01-02,PROD01096,Fashion,West,49.5,21.81,27.69,More Expensive,Significantly More Expensive,22,1089.0
2023-01-02,PROD00705,Grocery,South,6.84,46.27,-39.43000000000001,Cheaper,Significantly Cheaper,47,305.41
2023-01-02,PROD00719,Home & Kitchen,East,20.83,37.58,-16.75,Cheaper,Significantly Cheaper,27,393.69
2023-01-02,PROD00264,Beauty,North,35.75,29.51,6.239999999999998,More Expensive,Significantly More Expensive,9,273.49
2023-01-02,PROD00673,Toys,West,19.24,28.77,-9.530000000000001,Cheaper,Significantly Cheaper,25,384.8
2023-01-02,PROD01086,Toys,South,12.36,25.45,-13.09,Cheaper,Significantly Cheaper,27,266.98
2023-01-02,PROD00560,Electronics,West,23.44,24.29,-0.8499999999999979,Similar,Normal Competitive Range,25,498.1
2023-01-02,PROD00590,Toys,North,54.45,16.44,38.010000000000005,More Expensive,Significantly More Expensive,20,980.1
2023-01-02,PROD00910,Sports,Central,24.04,70.6,-46.559999999999995,Cheaper,Significantly Cheaper,20,480.8
2023-01-03,PROD00227,Electronics,North,21.72,24.94,-3.2200000000000024,Cheaper,Normal Competitive Range,27,557.12
2023-01-03,PROD00028,Books,North,26.49,48.33,-21.84,Cheaper,Significantly Cheaper,34,720.53
2023-01-03,PROD00864,Home & Kitchen,North,36.0,14.08,21.92,More Expensive,Significantly More Expensive,44,1425.6
2023-01-03,PROD01135,Electronics,East,13.68,130.39,-116.70999999999998,Cheaper,Significantly Cheaper,135,1754.46
2023-01-04,PROD00233,Beauty,East,24.85,60.08,-35.23,Cheaper,Significantly Cheaper,31,616.28
2023-01-04,PROD01027,Beauty,Central,41.05,164.83,-123.78000000000002,Cheaper,Significantly Cheaper,25,923.62
2023-01-04,PROD01160,Books,Central,45.02,117.95,-72.93,Cheaper,Significantly Cheaper,17,574.0
2023-01-04,PROD00613,Grocery,East,23.19,32.91,-9.719999999999995,Cheaper,Significantly Cheaper,38,837.16
2023-01-04,PROD00325,Beauty,West,35.17,43.52,-8.350000000000001,Cheaper,Normal Competitive Range,35,1230.95
2023-01-04,PROD00620,Beauty,North,35.26,136.4,-101.14000000000001,Cheaper,Significantly Cheaper,44,1396.3
2023-01-04,PROD00471,Toys,West,10.85,16.56,-5.709999999999999,Cheaper,Significantly Cheaper,62,605.43
2023-01-04,PROD00922,Sports,North,21.92,18.32,3.6000000000000014,More Expensive,Normal Competitive Range,30,558.96
2023-01-04,PROD00993,Beauty,South,26.45,17.07,9.379999999999999,More Expensive,Significantly More Expensive,40,952.2
2023-01-04,PROD01182,Grocery,North,62.96,14.1,48.86,More Expensive,Significantly More Expensive,36,2153.23
2023-01-04,PROD00836,Home & Kitchen,North,50.63,48.3,2.3300000000000054,Similar,Normal Competitive Range,23,931.59
2023-01-04,PROD00419,Grocery,East,29.01,41.0,-11.989999999999998,Cheaper,Significantly Cheaper,54,1096.58
2023-01-04,PROD01008,Toys,South,43.44,50.34,-6.900000000000006,Cheaper,Normal Competitive Range,12,521.28
2023-01-04,PROD00927,Electronics,North,17.87,123.77,-105.89999999999999,Cheaper,Significantly Cheaper,139,2483.93
2023-01-05,PROD00316,Grocery,Central,50.06,49.66,0.4000000000000057,Similar,Normal Competitive Range,29,1161.39
2023-01-05,PROD00146,Books,Central,27.39,11.42,15.97,More Expensive,Significantly More Expensive,35,718.99
2023-01-05,PROD00946,Home & Kitchen,East,23.56,11.8,11.759999999999998,More Expensive,Significantly More Expensive,46,1029.57
2023-01-05,PROD00446,Toys,North,15.9,26.95,-11.049999999999999,Cheaper,Significantly Cheaper,61,824.42
2023-01-06,PROD00194,Books,South,81.6,40.89,40.709999999999994,More Expensive,Significantly More Expensive,7,542.64
2023-01-06,PROD00620,Electronics,West,19.09,28.23,-9.14,Cheaper,Significantly Cheaper,32,458.16
2023-01-07,PROD00709,Home & Kitchen,North,67.59,85.25,-17.659999999999997,Cheaper,Significantly Cheaper,20,1351.8
2023-01-07,PROD01195,Books,North,27.29,9.29,18.0,More Expensive,Significantly More Expensive,12,261.98
2023-01-07,PROD00718,Sports,South,36.85,16.04,20.810000000000002,More Expensive,Significantly More Expensive,13,431.15
2023-01-07,PROD00548,Toys,Central,25.38,32.75,-7.370000000000001,Cheaper,Significantly Cheaper,29,625.62
2023-01-07,PROD00424,Sports,Central,19.31,17.92,1.389999999999997,More Expensive,Normal Competitive Range,15,217.24
2023-01-07,PROD00275,Fashion,South,29.25,12.53,16.72,More Expensive,Significantly More Expensive,64,1591.2
2023-01-07,PROD00756,Books,North,44.27,29.49,14.780000000000005,More Expensive,Significantly More Expensive,18,677.33
2023-01-08,PROD00016,Books,North,18.1,28.85,-10.75,Cheaper,Significantly Cheaper,20,343.9
2023-01-08,PROD00985,Beauty,West,82.5,11.73,70.77,More Expensive,Significantly More Expensive,16,1320.0
2023-01-08,PROD01000,Books,North,12.15,44.8,-32.65,Cheaper,Significantly Cheaper,64,544.32
2023-01-08,PROD00389,Books,Central,21.24,31.43,-10.190000000000001,Cheaper,Significantly Cheaper,33,560.74
2023-01-08,PROD00643,Grocery,South,54.37,56.09,-1.720000000000006,Similar,Normal Competitive Range,21,970.5
2023-01-08,PROD00754,Fashion,North,17.36,22.35,-4.990000000000002,Cheaper,Significantly Cheaper,64,833.28
2023-01-08,PROD01070,Electronics,South,14.99,11.41,3.58,More Expensive,Significantly More Expensive,24,359.76
2023-01-09,PROD00374,Books,Central,17.15,10.98,6.169999999999998,More Expensive,Significantly More Expensive,50,728.87
2023-01-09,PROD01016,Toys,North,54.43,27.42,27.009999999999998,More Expensive,Significantly More Expensive,17,740.25
2023-01-09,PROD01126,Fashion,Central,20.83,48.92,-28.090000000000003,Cheaper,Significantly Cheaper,48,849.86
2023-01-09,PROD00834,Sports,Central,14.71,73.04,-58.330000000000005,Cheaper,Significantly Cheaper,42,494.26
2023-01-09,PROD00915,Home & Kitchen,Central,73.36,38.77,34.589999999999996,More Expensive,Significantly More Expensive,15,880.32
2023-01-10,PROD00352,Fashion,East,28.58,25.73,2.849999999999998,More Expensive,Normal Competitive Range,71,1826.26
2023-01-10,PROD00597,Grocery,West,20.01,14.06,5.950000000000001,More Expensive,Significantly More Expensive,54,972.49
2023-01-10,PROD00527,Fashion,North,18.02,4.74,13.28,More Expensive,Significantly More Expensive,36,583.85
2023-01-11,PROD00171,Electronics,Central,33.52,39.17,-5.649999999999999,Cheaper,Normal Competitive Range,25,838.0
2023-01-12,PROD00586,Sports,South,31.47,27.32,4.149999999999999,More Expensive,Normal Competitive Range,26,613.66
2023-01-12,PROD00672,Electronics,Central,51.74,18.47,33.27,More Expensive,Significantly More Expensive,20,1034.8
2023-01-12,PROD00330,Toys,West,40.39,38.62,1.7700000000000031,Similar,Normal Competitive Range,21,848.19
2023-01-12,PROD00667,Beauty,North,22.71,24.8,-2.09,Cheaper,Normal Competitive Range,28,508.7
2023-01-12,PROD01110,Fashion,West,30.33,33.95,-3.6200000000000045,Cheaper,Normal Competitive Range,67,1828.9
2023-01-12,PROD00331,Fashion,West,24.91,33.44,-8.529999999999998,Cheaper,Significantly Cheaper,60,1345.14
2023-01-13,PROD00651,Sports,East,81.81,29.07,52.74,More Expensive,Significantly More Expensive,9,699.48
2023-01-14,PROD00824,Home & Kitchen,North,111.37,37.54,73.83000000000001,More Expensive,Significantly More Expensive,10,946.64
2023-01-14,PROD00895,Sports,North,19.44,113.97,-94.53,Cheaper,Significantly Cheaper,54,787.32
2023-01-14,PROD01187,Grocery,East,64.15,36.56,27.590000000000003,More Expensive,Significantly More Expensive,11,635.09
2023-01-14,PROD00680,Beauty,East,17.96,25.42,-7.460000000000001,Cheaper,Significantly Cheaper,47,844.12
2023-01-14,PROD00457,Electronics,East,9.76,10.78,-1.0199999999999996,Cheaper,Normal Competitive Range,57,445.06
2023-01-14,PROD00652,Home & Kitchen,Central,44.61,19.24,25.37,More Expensive,Significantly More Expensive,40,1249.08
2023-01-15,PROD00483,Beauty,East,111.87,35.16,76.71000000000001,More Expensive,Significantly More Expensive,6,604.1
2023-01-15,PROD00238,Fashion,South,43.34,12.03,31.310000000000002,More Expensive,Significantly More Expensive,26,1070.5
2023-01-15,PROD01064,Fashion,West,34.55,31.53,3.019999999999996,More Expensive,Normal Competitive Range,34,939.76
2023-01-15,PROD00641,Books,East,32.26,9.42,22.839999999999996,More Expensive,Significantly More Expensive,38,1042.0
2023-01-15,PROD00799,Home & Kitchen,Central,30.26,22.24,8.020000000000003,More Expensive,Significantly More Expensive,64,1936.64
2023-01-15,PROD00368,Fashion,East,15.48,24.28,-8.8,Cheaper,Significantly Cheaper,61,802.64
2023-01-16,PROD00878,Books,South,11.45,36.21,-24.76,Cheaper,Significantly Cheaper,32,348.08
2023-01-16,PROD00923,Home & Kitchen,South,34.9,29.47,5.43,More Expensive,Normal Competitive Range,44,1228.48
2023-01-17,PROD01053,Grocery,East,97.1,19.12,77.97999999999999,More Expensive,Significantly More Expensive,14,1223.46
2023-01-17,PROD00768,Toys,North,20.42,13.68,6.740000000000002,More Expensive,Significantly More Expensive,19,368.58
2023-01-17,PROD00437,Electronics,East,25.7,52.08,-26.38,Cheaper,Significantly Cheaper,63,1133.37
2023-01-17,PROD00018,Grocery,North,32.52,36.78,-4.259999999999998,Cheaper,Normal Competitive Range,15,487.8
2023-01-17,PROD00300,Beauty,Central,17.77,34.29,-16.52,Cheaper,Significantly Cheaper,27,431.81
2023-01-17,PROD01014,Home & Kitchen,East,68.74,51.57,17.169999999999995,More Expensive,Significantly More Expensive,24,1319.81
2023-01-17,PROD00504,Toys,South,14.8,50.77,-35.97,Cheaper,Significantly Cheaper,29,407.74
2023-01-17,PROD01043,Grocery,East,19.7,25.51,-5.810000000000002,Cheaper,Significantly Cheaper,62,1221.4
2023-01-17,PROD00544,Grocery,Central,30.36,8.6,21.759999999999998,More Expensive,Significantly More Expensive,42,892.58
2023-01-18,PROD00511,Books,Central,88.05,81.45,6.599999999999994,More Expensive,Normal Competitive Range,7,431.44
2023-01-18,PROD00016,Books,Central,43.45,32.36,11.090000000000003,More Expensive,Significantly More Expensive,35,1140.56
2023-01-18,PROD00185,Sports,South,25.95,55.29,-29.34,Cheaper,Significantly Cheaper,63,1144.39
2023-01-18,PROD00325,Electronics,South,18.67,40.09,-21.42,Cheaper,Significantly Cheaper,54,1008.18
2023-01-18,PROD00334,Sports,West,23.43,26.98,-3.5500000000000007,Cheaper,Normal Competitive Range,31,726.33
2023-01-18,PROD00213,Books,North,30.36,56.02,-25.660000000000004,Cheaper,Significantly Cheaper,28,680.06
2023-01-18,PROD00169,Toys,West,51.54,24.65,26.89,More Expensive,Significantly More Expensive,25,901.95
2023-01-18,PROD00062,Toys,North,21.8,28.11,-6.309999999999999,Cheaper,Significantly Cheaper,26,566.8
2023-01-18,PROD01041,Books,West,15.02,33.97,-18.95,Cheaper,Significantly Cheaper,52,741.99
2023-01-18,PROD00542,Books,East,16.66,66.67,-50.010000000000005,Cheaper,Significantly Cheaper,23,268.23
2023-01-19,PROD00703,Fashion,East,24.01,61.72,-37.709999999999994,Cheaper,Significantly Cheaper,91,1638.68
2023-01-19,PROD00336,Grocery,Central,137.55,92.84,44.71000000000001,More Expensive,Significantly More Expensive,6,784.04
2023-01-19,PROD00630,Books,South,19.84,27.64,-7.800000000000001,Cheaper,Significantly Cheaper,33,491.04
2023-01-19,PROD00087,Toys,Central,21.75,46.51,-24.759999999999998,Cheaper,Significantly Cheaper,57,1115.78
2023-01-19,PROD00317,Home & Kitchen,East,106.36,112.69,-6.329999999999998,Cheaper,Normal Competitive Range,19,1818.76
2023-01-19,PROD01151,Grocery,Central,76.47,9.93,66.53999999999999,More Expensive,Significantly More Expensive,20,1529.4
2023-01-20,PROD00622,Books,Central,31.34,21.79,9.55,More Expensive,Significantly More Expensive,22,620.53
2023-01-20,PROD00266,Toys,South,26.54,18.12,8.419999999999998,More Expensive,Significantly More Expensive,65,1380.08
2023-01-20,PROD00481,Toys,Central,99.87,38.35,61.52,More Expensive,Significantly More Expensive,12,1198.44
2023-01-21,PROD00080,Fashion,North,20.45,73.7,-53.25,Cheaper,Significantly Cheaper,61,1185.08
2023-01-21,PROD00080,Fashion,North,20.45,73.7,-53.25,Cheaper,Significantly Cheaper,21,593.46
2023-01-21,PROD00080,Beauty,East,31.4,44.34,-12.940000000000005,Cheaper,Significantly Cheaper,61,1185.08
2023-01-21,PROD00080,Beauty,East,31.4,44.34,-12.940000000000005,Cheaper,Significantly Cheaper,21,593.46
2023-01-22,PROD00529,Beauty,South,6.17,16.94,-10.770000000000001,Cheaper,Significantly Cheaper,83,409.69
2023-01-22,PROD00849,Grocery,South,94.12,21.79,72.33000000000001,More Expensive,Significantly More Expensive,10,705.9
2023-01-22,PROD00116,Books,South,61.65,13.36,48.29,More Expensive,Significantly More Expensive,25,1387.12
2023-01-22,PROD00462,Home & Kitchen,Central,34.75,17.54,17.21,More Expensive,Significantly More Expensive,41,1139.8
2023-01-22,PROD00632,Sports,Central,28.38,13.54,14.84,More Expensive,Significantly More Expensive,34,868.43
2023-01-22,PROD00279,Toys,Central,12.75,32.46,-19.71,Cheaper,Significantly Cheaper,45,516.38
2023-01-23,PROD00319,Home & Kitchen,North,16.54,21.66,-5.120000000000001,Cheaper,Significantly Cheaper,72,952.7
2023-01-23,PROD00437,Books,Central,22.0,54.43,-32.43,Cheaper,Significantly Cheaper,47,827.2
2023-01-23,PROD00259,Grocery,East,13.12,25.94,-12.820000000000002,Cheaper,Significantly Cheaper,89,1109.3
2023-01-23,PROD00912,Sports,Central,28.93,67.81,-38.88,Cheaper,Significantly Cheaper,30,867.9
2023-01-23,PROD00450,Grocery,West,15.28,33.16,-17.879999999999995,Cheaper,Significantly Cheaper,35,534.8
2023-01-24,PROD01006,Books,West,8.57,10.61,-2.039999999999999,Cheaper,Normal Competitive Range,20,137.12
2023-01-24,PROD00738,Fashion,South,53.79,13.69,40.1,More Expensive,Significantly More Expensive,31,1417.37
2023-01-24,PROD00209,Books,West,22.93,24.76,-1.8300000000000018,Cheaper,Normal Competitive Range,40,871.34
2023-01-24,PROD00117,Sports,North,84.19,30.82,53.37,More Expensive,Significantly More Expensive,17,1431.23
2023-01-24,PROD00232,Books,South,39.29,88.14,-48.85,Cheaper,Significantly Cheaper,14,385.04
2023-01-25,PROD00808,Sports,East,47.59,43.54,4.050000000000004,More Expensive,Normal Competitive Range,39,1299.21
2023-01-25,PROD00530,Sports,East,25.91,25.32,0.5899999999999999,Similar,Normal Competitive Range,34,748.8
2023-01-25,PROD00045,Grocery,North,27.68,93.83,-66.15,Cheaper,Significantly Cheaper,40,941.12
2023-01-25,PROD00840,Books,West,26.42,27.61,-1.1899999999999977,Similar,Normal Competitive Range,33,828.27
2023-01-26,PROD00667,Beauty,East,28.65,26.13,2.5199999999999996,More Expensive,Normal Competitive Range,16,435.48
2023-01-26,PROD00673,Home & Kitchen,East,36.32,34.73,1.5900000000000034,Similar,Normal Competitive Range,19,621.07
2023-01-26,PROD00907,Grocery,North,57.02,63.06,-6.039999999999999,Cheaper,Normal Competitive Range,37,1898.77
2023-01-26,PROD00934,Fashion,Central,74.05,29.05,45.0,More Expensive,Significantly More Expensive,20,1406.95
2023-01-26,PROD00972,Fashion,West,50.72,87.75,-37.03,Cheaper,Significantly Cheaper,44,1673.76
2023-01-26,PROD00490,Fashion,West,24.15,49.9,-25.75,Cheaper,Significantly Cheaper,31,598.92
2023-01-26,PROD00611,Grocery,East,10.58,20.52,-9.94,Cheaper,Significantly Cheaper,84,755.41
2023-01-27,PROD01119,Grocery,North,16.4,21.88,-5.48,Cheaper,Significantly Cheaper,47,655.18
2023-01-27,PROD00588,Grocery,West,5.78,43.52,-37.74,Cheaper,Significantly Cheaper,92,398.82
2023-01-27,PROD00723,Electronics,South,129.63,48.05,81.58,More Expensive,Significantly More Expensive,6,738.89
2023-01-27,PROD00821,Books,West,31.02,13.24,17.78,More Expensive,Significantly More Expensive,24,632.81
2023-01-27,PROD00738,Home & Kitchen,East,47.29,40.46,6.829999999999998,More Expensive,Normal Competitive Range,38,1707.17
2023-01-27,PROD00083,Sports,South,58.49,12.41,46.08,More Expensive,Significantly More Expensive,33,1544.14
2023-01-27,PROD00519,Beauty,East,30.12,13.01,17.11,More Expensive,Significantly More Expensive,34,870.47
2023-01-27,PROD00654,Books,North,40.51,28.9,11.61,More Expensive,Significantly More Expensive,21,850.71
2023-01-27,PROD00621,Beauty,Central,34.94,26.48,8.459999999999997,More Expensive,Significantly More Expensive,41,1289.29
2023-01-28,PROD01085,Books,East,70.64,40.09,30.549999999999997,More Expensive,Significantly More Expensive,17,1020.75
2023-01-28,PROD00662,Toys,Central,26.07,11.36,14.71,More Expensive,Significantly More Expensive,20,469.26
2023-01-28,PROD00737,Beauty,North,38.13,30.66,7.470000000000002,More Expensive,Significantly More Expensive,32,1037.14
2023-01-28,PROD00997,Electronics,South,42.93,23.79,19.14,More Expensive,Significantly More Expensive,64,2610.14
2023-01-28,PROD00986,Toys,North,37.11,30.38,6.73,More Expensive,Significantly More Expensive,21,662.41
2023-01-28,PROD00629,Toys,South,30.91,18.2,12.71,More Expensive,Significantly More Expensive,39,1024.67
2023-01-28,PROD00066,Fashion,Central,4.76,31.89,-27.130000000000003,Cheaper,Significantly Cheaper,63,254.9
2023-01-29,PROD00733,Fashion,South,23.61,51.96,-28.35,Cheaper,Significantly Cheaper,31,695.31
2023-01-29,PROD01070,Books,West,16.09,28.45,-12.36,Cheaper,Significantly Cheaper,18,289.62
2023-01-29,PROD00341,Beauty,South,55.6,15.89,39.71,More Expensive,Significantly More Expensive,22,978.56
2023-01-29,PROD01185,Beauty,Central,13.58,8.76,4.82,More Expensive,Significantly More Expensive,55,672.21
2023-01-29,PROD00761,Grocery,East,22.89,7.47,15.420000000000002,More Expensive,Significantly More Expensive,33,717.6
2023-01-29,PROD00131,Toys,Central,16.54,15.08,1.459999999999999,More Expensive,Normal Competitive Range,33,463.95
2023-01-30,PROD01006,Fashion,West,10.94,48.92,-37.980000000000004,Cheaper,Significantly Cheaper,79,691.41
2023-01-31,PROD01112,Beauty,East,17.38,25.65,-8.27,Cheaper,Significantly Cheaper,42,547.47
2023-01-31,PROD00812,Sports,West,207.35,68.76,138.58999999999997,More Expensive,Significantly More Expensive,1,176.25
2023-01-31,PROD00923,Fashion,East,12.93,41.36,-28.43,Cheaper,Significantly Cheaper,30,310.32
2023-01-31,PROD00445,Electronics,North,21.61,24.22,-2.6099999999999994,Cheaper,Normal Competitive Range,35,718.53
2023-01-31,PROD00960,Toys,South,20.63,82.69,-62.06,Cheaper,Significantly Cheaper,23,474.49
2023-02-01,PROD00037,Home & Kitchen,Central,30.26,23.28,6.98,More Expensive,Significantly More Expensive,63,1715.74
2023-02-01,PROD00753,Toys,West,13.5,47.14,-33.64,Cheaper,Significantly Cheaper,41,498.15
2023-02-01,PROD01027,Home & Kitchen,East,41.99,51.99,-10.0,Cheaper,Normal Competitive Range,54,1813.97
2023-02-01,PROD00447,Toys,North,9.25,79.05,-69.8,Cheaper,Significantly Cheaper,61,479.61
2023-02-02,PROD00180,Books,East,20.51,55.24,-34.730000000000004,Cheaper,Significantly Cheaper,38,545.57
2023-02-02,PROD01118,Fashion,West,30.54,12.27,18.27,More Expensive,Significantly More Expensive,63,1539.22
2023-02-02,PROD00111,Toys,South,35.03,54.55,-19.519999999999996,Cheaper,Significantly Cheaper,18,599.01
2023-02-02,PROD00512,Home & Kitchen,West,27.87,58.09,-30.220000000000002,Cheaper,Significantly Cheaper,37,979.63
2023-02-03,PROD00552,Beauty,South,18.75,14.16,4.59,More Expensive,Significantly More Expensive,48,675.0
2023-02-03,PROD00115,Toys,West,8.82,15.52,-6.699999999999999,Cheaper,Significantly Cheaper,56,493.92
2023-02-03,PROD00078,Toys,South,29.44,40.98,-11.539999999999996,Cheaper,Significantly Cheaper,101,2081.41
2023-02-03,PROD01038,Books,East,20.59,9.83,10.76,More Expensive,Significantly More Expensive,24,444.74
2023-02-03,PROD00668,Books,North,48.6,34.49,14.11,More Expensive,Significantly More Expensive,17,660.96
2023-02-03,PROD00869,Home & Kitchen,East,80.22,27.45,52.769999999999996,More Expensive,Significantly More Expensive,20,1363.74
2023-02-03,PROD00013,Sports,South,41.37,27.72,13.649999999999999,More Expensive,Significantly More Expensive,19,707.43
2023-02-04,PROD00132,Home & Kitchen,Central,7.53,36.32,-28.79,Cheaper,Significantly Cheaper,24,153.61
2023-02-04,PROD00469,Books,South,11.46,22.57,-11.11,Cheaper,Significantly Cheaper,36,412.56
2023-02-04,PROD01134,Fashion,South,29.31,10.2,19.11,More Expensive,Significantly More Expensive,38,1058.09
2023-02-04,PROD01163,Grocery,West,69.84,17.18,52.660000000000004,More Expensive,Significantly More Expensive,65,3858.66
2023-02-04,PROD01081,Home & Kitchen,East,56.4,13.86,42.54,More Expensive,Significantly More Expensive,30,1184.4
2023-02-04,PROD00739,Fashion,North,28.14,15.76,12.38,More Expensive,Significantly More Expensive,56,1103.09
2023-02-05,PROD00636,Fashion,Central,10.04,6.57,3.469999999999999,More Expensive,Significantly More Expensive,79,713.84
2023-02-05,PROD00120,Fashion,North,23.81,10.03,13.78,More Expensive,Significantly More Expensive,28,500.01
2023-02-05,PROD00240,Fashion,Central,49.73,45.58,4.149999999999999,More Expensive,Normal Competitive Range,24,1193.52
2023-02-05,PROD01054,Fashion,South,18.49,31.55,-13.060000000000002,Cheaper,Significantly Cheaper,28,440.06
2023-02-06,PROD00504,Sports,Central,27.98,76.94,-48.959999999999994,Cheaper,Significantly Cheaper,26,727.48
2023-02-06,PROD00423,Sports,North,30.35,15.01,15.340000000000002,More Expensive,Significantly More Expensive,25,607.0
2023-02-06,PROD00321,Books,East,17.52,24.73,-7.210000000000001,Cheaper,Significantly Cheaper,40,595.68
2023-02-06,PROD01193,Sports,West,80.38,53.59,26.789999999999992,More Expensive,Significantly More Expensive,9,506.39
2023-02-06,PROD00036,Electronics,West,52.61,23.44,29.169999999999998,More Expensive,Significantly More Expensive,25,1183.73
2023-02-06,PROD01098,Electronics,East,25.85,22.92,2.9299999999999997,More Expensive,Normal Competitive Range,49,1266.65
2023-02-07,PROD01061,Toys,West,45.29,62.3,-17.009999999999998,Cheaper,Significantly Cheaper,47,1702.9
2023-02-07,PROD00431,Electronics,North,24.31,52.25,-27.94,Cheaper,Significantly Cheaper,47,914.06
2023-02-07,PROD01084,Fashion,South,131.02,18.82,112.20000000000002,More Expensive,Significantly More Expensive,9,1120.22
2023-02-07,PROD00986,Books,Central,12.89,76.84,-63.95,Cheaper,Significantly Cheaper,76,881.68
2023-02-07,PROD00198,Sports,South,38.35,131.09,-92.74000000000001,Cheaper,Significantly Cheaper,48,1564.68
2023-02-07,PROD00882,Home & Kitchen,East,19.06,23.48,-4.420000000000002,Cheaper,Normal Competitive Range,33,534.63
2023-02-07,PROD00980,Fashion,West,31.81,21.1,10.709999999999997,More Expensive,Significantly More Expensive,26,785.71
2023-02-08,PROD00884,Electronics,Central,28.09,30.75,-2.66,Cheaper,Normal Competitive Range,28,786.52
2023-02-08,PROD00653,Grocery,West,14.4,42.04,-27.64,Cheaper,Significantly Cheaper,33,403.92
2023-02-08,PROD00948,Books,South,16.48,23.57,-7.09,Cheaper,Significantly Cheaper,17,280.16
2023-02-08,PROD00661,Fashion,South,61.48,69.69,-8.21,Cheaper,Normal Competitive Range,32,1868.99
2023-02-08,PROD00958,Home & Kitchen,North,21.28,11.89,9.39,More Expensive,Significantly More Expensive,37,669.26
2023-02-08,PROD00005,Sports,West,23.3,20.48,2.8200000000000003,More Expensive,Normal Competitive Range,74,1465.57
2023-02-08,PROD00174,Books,East,156.69,16.3,140.39,More Expensive,Significantly More Expensive,2,250.7
2023-02-08,PROD00564,Fashion,South,24.48,35.41,-10.929999999999996,Cheaper,Significantly Cheaper,60,1321.92
2023-02-09,PROD00080,Sports,South,82.62,28.95,53.67,More Expensive,Significantly More Expensive,6,446.15
2023-02-10,PROD00834,Electronics,North,25.66,16.96,8.7,More Expensive,Significantly More Expensive,24,554.26
2023-02-10,PROD00382,Toys,Central,23.45,8.05,15.399999999999999,More Expensive,Significantly More Expensive,17,358.78
2023-02-10,PROD00119,Home & Kitchen,East,51.82,33.95,17.869999999999997,More Expensive,Significantly More Expensive,13,639.98
2023-02-10,PROD00126,Grocery,Central,58.14,21.01,37.129999999999995,More Expensive,Significantly More Expensive,21,1037.8
2023-02-10,PROD00500,Fashion,South,64.17,67.64,-3.469999999999999,Cheaper,Normal Competitive Range,18,1039.55
2023-02-10,PROD01045,Beauty,Central,31.6,28.33,3.270000000000003,More Expensive,Normal Competitive Range,35,884.8
2023-02-11,PROD00984,Home & Kitchen,East,75.49,32.84,42.64999999999999,More Expensive,Significantly More Expensive,9,611.47
2023-02-11,PROD01064,Books,South,61.27,36.04,25.230000000000004,More Expensive,Significantly More Expensive,20,919.05
2023-02-11,PROD00996,Electronics,West,49.78,112.87,-63.09,Cheaper,Significantly Cheaper,52,2459.13
2023-02-11,PROD00378,Toys,East,64.09,49.67,14.420000000000002,More Expensive,Significantly More Expensive,17,762.67
2023-02-11,PROD00912,Books,South,34.13,34.57,-0.4399999999999977,Similar,Normal Competitive Range,22,713.32
2023-02-11,PROD00544,Toys,West,29.13,28.0,1.129999999999999,Similar,Normal Competitive Range,20,582.6
2023-02-12,PROD00081,Fashion,South,13.3,7.11,6.19,More Expensive,Significantly More Expensive,51,542.64
2023-02-12,PROD00395,Sports,Central,28.17,9.68,18.490000000000002,More Expensive,Significantly More Expensive,35,887.36
2023-02-12,PROD00275,Home & Kitchen,West,59.22,47.58,11.64,More Expensive,Significantly More Expensive,30,1510.11
2023-02-13,PROD00211,Electronics,West,10.11,24.05,-13.940000000000001,Cheaper,Significantly Cheaper,67,541.9
2023-02-13,PROD00248,Toys,South,27.97,17.48,10.489999999999998,More Expensive,Significantly More Expensive,14,332.84
2023-02-13,PROD00305,Fashion,West,16.58,28.52,-11.940000000000001,Cheaper,Significantly Cheaper,32,477.5
2023-02-13,PROD01174,Home & Kitchen,East,129.81,39.74,90.07,More Expensive,Significantly More Expensive,5,551.69
2023-02-13,PROD00288,Books,East,30.47,11.77,18.7,More Expensive,Significantly More Expensive,29,883.63
2023-02-14,PROD00216,Home & Kitchen,East,22.12,20.17,1.9499999999999993,More Expensive,Normal Competitive Range,53,1055.12
2023-02-14,PROD00823,Electronics,Central,20.93,57.4,-36.47,Cheaper,Significantly Cheaper,73,1298.71
2023-02-14,PROD00786,Sports,West,105.67,50.46,55.21,More Expensive,Significantly More Expensive,9,808.38
2023-02-14,PROD00975,Electronics,South,9.78,39.53,-29.75,Cheaper,Significantly Cheaper,98,958.44
2023-02-14,PROD01168,Fashion,North,40.6,31.4,9.200000000000003,More Expensive,Significantly More Expensive,32,974.4
2023-02-15,PROD00042,Home & Kitchen,South,55.58,22.9,32.68,More Expensive,Significantly More Expensive,25,1320.02
2023-02-15,PROD00236,Fashion,South,31.79,17.65,14.14,More Expensive,Significantly More Expensive,35,778.85
2023-02-15,PROD00618,Books,Central,30.6,11.69,18.910000000000004,More Expensive,Significantly More Expensive,12,367.2
2023-02-15,PROD00730,Toys,East,19.48,18.06,1.4200000000000017,More Expensive,Normal Competitive Range,30,496.74
2023-02-16,PROD01174,Toys,North,28.33,35.52,-7.190000000000005,Cheaper,Significantly Cheaper,30,637.42
2023-02-16,PROD01149,Toys,East,36.94,39.0,-2.0600000000000023,Cheaper,Normal Competitive Range,26,720.33
2023-02-16,PROD01103,Fashion,North,43.48,32.61,10.869999999999997,More Expensive,Significantly More Expensive,16,695.68
2023-02-16,PROD00478,Beauty,East,70.77,33.92,36.849999999999994,More Expensive,Significantly More Expensive,13,874.01
2023-02-16,PROD00193,Electronics,South,40.47,29.94,10.529999999999998,More Expensive,Significantly More Expensive,55,1891.97
2023-02-17,PROD00571,Beauty,West,24.42,30.56,-6.139999999999997,Cheaper,Significantly Cheaper,71,1647.13
2023-02-17,PROD00303,Beauty,East,28.06,26.06,2.0,More Expensive,Normal Competitive Range,43,1206.58
2023-02-18,PROD00168,Beauty,South,39.45,67.39,-27.939999999999998,Cheaper,Significantly Cheaper,24,852.12
2023-02-18,PROD00847,Electronics,West,21.12,26.67,-5.550000000000001,Cheaper,Significantly Cheaper,57,1203.84
2023-02-18,PROD00181,Beauty,South,39.92,15.72,24.200000000000003,More Expensive,Significantly More Expensive,19,720.56
2023-02-18,PROD00192,Books,West,46.58,35.86,10.719999999999999,More Expensive,Significantly More Expensive,28,1239.03
2023-02-18,PROD01145,Sports,East,16.43,17.14,-0.7100000000000009,Similar,Normal Competitive Range,11,171.69
2023-02-18,PROD00694,Grocery,North,15.53,11.58,3.9499999999999993,More Expensive,Significantly More Expensive,88,1366.64
2023-02-19,PROD01115,Electronics,South,17.05,17.95,-0.8999999999999986,Cheaper,Normal Competitive Range,54,874.66
2023-02-19,PROD00678,Beauty,West,29.85,8.65,21.200000000000003,More Expensive,Significantly More Expensive,35,888.04
2023-02-19,PROD01075,Fashion,South,17.35,26.11,-8.759999999999998,Cheaper,Significantly Cheaper,41,604.65
2023-02-19,PROD00702,Sports,West,21.91,74.38,-52.47,Cheaper,Significantly Cheaper,30,624.43
2023-02-19,PROD00493,Grocery,Central,13.81,5.92,7.890000000000001,More Expensive,Significantly More Expensive,46,508.21
2023-02-20,PROD00511,Grocery,Central,61.81,46.79,15.020000000000003,More Expensive,Significantly More Expensive,33,1733.77
2023-02-21,PROD00802,Grocery,West,64.05,22.14,41.91,More Expensive,Significantly More Expensive,23,1399.49
2023-02-21,PROD00120,Beauty,Central,47.23,59.18,-11.950000000000003,Cheaper,Significantly Cheaper,29,1027.25
2023-02-21,PROD01017,Grocery,Central,50.78,28.19,22.59,More Expensive,Significantly More Expensive,43,1637.66
2023-02-21,PROD00273,Beauty,West,15.7,76.6,-60.89999999999999,Cheaper,Significantly Cheaper,40,565.2
2023-02-21,PROD00983,Toys,North,88.33,44.37,43.96,More Expensive,Significantly More Expensive,14,1051.13
2023-02-21,PROD00521,Electronics,South,17.74,30.16,-12.420000000000002,Cheaper,Significantly Cheaper,58,1028.92
2023-02-21,PROD00351,Home & Kitchen,North,31.04,9.82,21.22,More Expensive,Significantly More Expensive,35,923.44
2023-02-21,PROD01173,Toys,North,61.8,33.95,27.849999999999994,More Expensive,Significantly More Expensive,25,1467.75
2023-02-21,PROD01125,Beauty,West,52.23,29.62,22.609999999999996,More Expensive,Significantly More Expensive,34,1509.45
2023-02-22,PROD00666,Sports,North,53.41,6.79,46.62,More Expensive,Significantly More Expensive,27,1153.66
2023-02-22,PROD00681,Books,West,19.92,27.59,-7.669999999999998,Cheaper,Significantly Cheaper,29,519.91
2023-02-22,PROD00268,Beauty,North,14.36,32.05,-17.689999999999998,Cheaper,Significantly Cheaper,26,280.02
2023-02-22,PROD01106,Electronics,East,31.99,38.89,-6.900000000000002,Cheaper,Normal Competitive Range,36,1151.64
2023-02-22,PROD00878,Sports,South,22.95,31.29,-8.34,Cheaper,Significantly Cheaper,30,619.65
2023-02-22,PROD00441,Electronics,West,34.4,16.72,17.68,More Expensive,Significantly More Expensive,74,1781.92
2023-02-22,PROD00635,Home & Kitchen,South,27.05,13.67,13.38,More Expensive,Significantly More Expensive,24,649.2
2023-02-22,PROD00559,Toys,South,37.1,30.96,6.140000000000001,More Expensive,Normal Competitive Range,14,441.49
2023-02-22,PROD00281,Fashion,Central,29.66,19.64,10.02,More Expensive,Significantly More Expensive,29,688.11
2023-02-22,PROD00328,Grocery,North,27.04,24.42,2.6199999999999974,More Expensive,Normal Competitive Range,53,1218.15
2023-02-23,PROD00929,Toys,North,28.46,52.92,-24.46,Cheaper,Significantly Cheaper,31,794.03
2023-02-23,PROD00456,Beauty,West,9.35,21.95,-12.6,Cheaper,Significantly Cheaper,72,673.2
2023-02-23,PROD00847,Books,Central,43.58,59.81,-16.230000000000004,Cheaper,Significantly Cheaper,15,490.28
2023-02-23,PROD01136,Electronics,South,6.25,38.52,-32.27,Cheaper,Significantly Cheaper,69,431.25
2023-02-24,PROD00931,Electronics,Central,38.75,162.94,-124.19,Cheaper,Significantly Cheaper,72,2511.0
2023-02-24,PROD00285,Fashion,East,12.45,33.65,-21.2,Cheaper,Significantly Cheaper,59,661.1
2023-02-24,PROD00056,Home & Kitchen,South,28.53,34.92,-6.390000000000001,Cheaper,Normal Competitive Range,17,436.51
2023-02-24,PROD00663,Home & Kitchen,West,36.86,10.82,26.04,More Expensive,Significantly More Expensive,44,1621.84
2023-02-25,PROD00147,Electronics,East,103.14,11.35,91.79,More Expensive,Significantly More Expensive,23,2016.39
2023-02-25,PROD00333,Sports,West,19.86,16.4,3.460000000000001,More Expensive,Significantly More Expensive,22,436.92
2023-02-25,PROD00571,Books,North,6.27,67.56,-61.290000000000006,Cheaper,Significantly Cheaper,48,270.86
2023-02-25,PROD00571,Books,North,6.27,67.56,-61.290000000000006,Cheaper,Significantly Cheaper,38,254.45
2023-02-25,PROD00571,Home & Kitchen,Central,8.37,51.08,-42.71,Cheaper,Significantly Cheaper,48,270.86
2023-02-25,PROD00571,Home & Kitchen,Central,8.37,51.08,-42.71,Cheaper,Significantly Cheaper,38,254.45
2023-02-25,PROD00046,Beauty,North,23.63,46.99,-23.360000000000003,Cheaper,Significantly Cheaper,32,604.93
2023-02-26,PROD00489,Home & Kitchen,West,35.36,20.41,14.95,More Expensive,Significantly More Expensive,38,1142.13
2023-02-26,PROD00359,Grocery,Central,59.37,16.68,42.69,More Expensive,Significantly More Expensive,16,949.92
2023-02-26,PROD00279,Books,Central,14.33,44.16,-29.83,Cheaper,Significantly Cheaper,38,490.09
2023-02-26,PROD00881,Fashion,South,9.91,67.22,-57.31,Cheaper,Significantly Cheaper,22,152.61
2023-02-26,PROD00638,Fashion,South,34.08,24.93,9.149999999999999,More Expensive,Significantly More Expensive,66,2136.82
2023-02-26,PROD01089,Fashion,Central,53.08,13.06,40.019999999999996,More Expensive,Significantly More Expensive,11,525.49
2023-02-27,PROD00780,Grocery,West,18.81,43.32,-24.51,Cheaper,Significantly Cheaper,74,1391.94
2023-02-27,PROD00972,Sports,West,23.39,37.93,-14.54,Cheaper,Significantly Cheaper,53,1177.69
2023-02-27,PROD00296,Fashion,North,32.02,36.92,-4.899999999999999,Cheaper,Normal Competitive Range,69,1657.04
2023-02-27,PROD00585,Electronics,South,39.45,41.03,-1.5799999999999983,Similar,Normal Competitive Range,39,1461.62
2023-02-27,PROD00273,Toys,West,27.5,28.02,-0.5199999999999996,Similar,Normal Competitive Range,39,1018.88
2023-02-27,PROD00413,Fashion,West,23.68,63.64,-39.96,Cheaper,Significantly Cheaper,77,1641.02
2023-02-27,PROD00022,Sports,West,28.47,16.87,11.599999999999998,More Expensive,Significantly More Expensive,43,1040.58
2023-02-27,PROD00455,Books,Central,11.8,23.24,-11.439999999999998,Cheaper,Significantly Cheaper,64,755.2
2023-02-27,PROD00534,Grocery,East,42.51,37.55,4.960000000000001,More Expensive,Normal Competitive Range,57,2301.92
2023-02-28,PROD00069,Beauty,South,47.17,79.97,-32.8,Cheaper,Significantly Cheaper,29,1231.14
2023-02-28,PROD00101,Beauty,North,31.01,28.84,2.1700000000000017,More Expensive,Normal Competitive Range,62,1538.1
2023-02-28,PROD00789,Sports,North,8.79,40.03,-31.240000000000002,Cheaper,Significantly Cheaper,95,835.05
2023-02-28,PROD00371,Electronics,North,7.94,31.74,-23.799999999999997,Cheaper,Significantly Cheaper,86,682.84
2023-02-28,PROD00872,Grocery,South,18.35,56.62,-38.269999999999996,Cheaper,Significantly Cheaper,80,1247.8
2023-02-28,PROD00892,Toys,West,29.25,27.75,1.5,More Expensive,Normal Competitive Range,38,1000.35
2023-02-28,PROD00697,Toys,South,21.23,38.8,-17.569999999999997,Cheaper,Significantly Cheaper,30,636.9
2023-03-01,PROD00183,Beauty,South,15.51,54.42,-38.910000000000004,Cheaper,Significantly Cheaper,37,487.79
2023-03-01,PROD00137,Electronics,North,24.39,82.14,-57.75,Cheaper,Significantly Cheaper,88,1824.37
2023-03-01,PROD00120,Fashion,North,21.65,27.4,-5.75,Cheaper,Significantly Cheaper,31,570.48
2023-03-01,PROD01165,Fashion,West,21.21,22.62,-1.4100000000000001,Cheaper,Normal Competitive Range,76,1289.57
2023-03-02,PROD00566,Books,Central,30.56,33.61,-3.0500000000000007,Cheaper,Normal Competitive Range,27,825.12
2023-03-02,PROD00738,Grocery,North,14.53,29.45,-14.92,Cheaper,Significantly Cheaper,45,490.39
2023-03-02,PROD00608,Electronics,West,47.73,32.69,15.04,More Expensive,Significantly More Expensive,38,1632.37
2023-03-02,PROD00702,Sports,West,41.56,86.82,-45.25999999999999,Cheaper,Significantly Cheaper,18,635.87
2023-03-02,PROD00903,Sports,North,63.62,36.13,27.489999999999995,More Expensive,Significantly More Expensive,14,846.15
2023-03-02,PROD00742,Home & Kitchen,East,21.94,67.01,-45.07000000000001,Cheaper,Significantly Cheaper,56,1105.78
2023-03-02,PROD00893,Fashion,East,12.39,33.14,-20.75,Cheaper,Significantly Cheaper,91,1014.74
2023-03-03,PROD01084,Electronics,South,23.32,49.32,-26.0,Cheaper,Significantly Cheaper,74,1639.4
2023-03-03,PROD00121,Toys,East,29.74,41.56,-11.820000000000004,Cheaper,Significantly Cheaper,27,562.09
2023-03-03,PROD00728,Fashion,North,34.81,16.24,18.570000000000004,More Expensive,Significantly More Expensive,44,1531.64
2023-03-03,PROD01180,Toys,South,56.08,22.03,34.05,More Expensive,Significantly More Expensive,50,1962.8
2023-03-03,PROD00992,Sports,South,15.16,37.25,-22.09,Cheaper,Significantly Cheaper,80,1030.88
2023-03-04,PROD01172,Electronics,West,21.9,14.37,7.529999999999999,More Expensive,Significantly More Expensive,127,2085.98
2023-03-04,PROD00164,Electronics,North,13.16,23.69,-10.530000000000001,Cheaper,Significantly Cheaper,104,1368.64
2023-03-04,PROD00907,Home & Kitchen,East,97.82,15.25,82.57,More Expensive,Significantly More Expensive,12,1173.84
2023-03-04,PROD00136,Sports,East,50.47,10.55,39.92,More Expensive,Significantly More Expensive,27,1158.29
2023-03-05,PROD00084,Beauty,South,76.89,24.99,51.900000000000006,More Expensive,Significantly More Expensive,15,1038.01
2023-03-05,PROD00808,Toys,South,23.76,16.66,7.100000000000001,More Expensive,Significantly More Expensive,30,712.8
2023-03-05,PROD00533,Toys,South,37.77,33.76,4.010000000000005,More Expensive,Normal Competitive Range,56,1586.34
2023-03-05,PROD00453,Toys,Central,11.22,92.77,-81.55,Cheaper,Significantly Cheaper,44,345.58
2023-03-05,PROD00971,Electronics,North,38.29,27.52,10.77,More Expensive,Significantly More Expensive,44,1432.05
2023-03-05,PROD00066,Beauty,West,34.86,13.94,20.92,More Expensive,Significantly More Expensive,38,1125.98
2023-03-06,PROD00242,Beauty,Central,13.72,29.53,-15.81,Cheaper,Significantly Cheaper,65,802.62
2023-03-06,PROD00404,Fashion,East,41.4,25.07,16.33,More Expensive,Significantly More Expensive,43,1691.19
2023-03-06,PROD00491,Beauty,East,32.92,80.69,-47.769999999999996,Cheaper,Significantly Cheaper,28,875.67
2023-03-06,PROD00711,Books,North,41.88,37.32,4.560000000000002,More Expensive,Normal Competitive Range,20,837.6
2023-03-07,PROD00459,Grocery,North,73.38,54.04,19.339999999999996,More Expensive,Significantly More Expensive,19,1045.66
2023-03-07,PROD00816,Home & Kitchen,West,23.46,29.62,-6.16,Cheaper,Significantly Cheaper,43,857.46
2023-03-07,PROD00122,Books,Central,17.76,56.13,-38.370000000000005,Cheaper,Significantly Cheaper,36,575.42
2023-03-07,PROD00633,Sports,East,16.66,44.46,-27.8,Cheaper,Significantly Cheaper,34,453.15
2023-03-07,PROD00948,Grocery,South,16.89,60.75,-43.86,Cheaper,Significantly Cheaper,32,513.46
2023-03-08,PROD00494,Fashion,East,59.84,22.29,37.550000000000004,More Expensive,Significantly More Expensive,17,762.96
2023-03-08,PROD00186,Sports,East,9.46,26.51,-17.05,Cheaper,Significantly Cheaper,38,305.56
2023-03-08,PROD00195,Toys,North,47.61,24.31,23.3,More Expensive,Significantly More Expensive,39,1392.59
2023-03-08,PROD00254,Sports,North,25.11,33.78,-8.670000000000002,Cheaper,Significantly Cheaper,17,426.87
2023-03-08,PROD00801,Electronics,East,31.09,27.19,3.8999999999999986,More Expensive,Normal Competitive Range,47,1242.05
2023-03-08,PROD00985,Grocery,East,5.16,135.74,-130.58,Cheaper,Significantly Cheaper,105,541.8
2023-03-09,PROD00476,Toys,North,30.73,21.17,9.559999999999999,More Expensive,Significantly More Expensive,28,774.4
2023-03-09,PROD00111,Electronics,Central,21.14,40.3,-19.159999999999997,Cheaper,Significantly Cheaper,59,997.81
2023-03-09,PROD00982,Toys,Central,44.78,52.2,-7.420000000000002,Cheaper,Normal Competitive Range,18,725.44
2023-03-09,PROD00025,Sports,South,18.56,24.49,-5.93,Cheaper,Significantly Cheaper,39,542.88
2023-03-09,PROD00755,Home & Kitchen,East,28.19,12.02,16.17,More Expensive,Significantly More Expensive,97,1914.1
2023-03-09,PROD00544,Toys,West,27.19,67.72,-40.53,Cheaper,Significantly Cheaper,24,489.42
2023-03-09,PROD00091,Grocery,West,27.39,17.31,10.080000000000002,More Expensive,Significantly More Expensive,106,2322.67
2023-03-10,PROD00822,Home & Kitchen,North,12.13,25.06,-12.929999999999998,Cheaper,Significantly Cheaper,51,556.77
2023-03-10,PROD00135,Fashion,South,24.19,28.04,-3.849999999999998,Cheaper,Normal Competitive Range,53,1153.86
2023-03-10,PROD00147,Beauty,North,47.67,49.52,-1.8500000000000014,Similar,Normal Competitive Range,32,1449.17
2023-03-10,PROD00045,Electronics,North,13.81,24.54,-10.729999999999999,Cheaper,Significantly Cheaper,170,1878.16
2023-03-11,PROD00771,Electronics,Central,9.63,52.64,-43.01,Cheaper,Significantly Cheaper,66,540.24
2023-03-11,PROD00397,Home & Kitchen,South,27.11,8.01,19.1,More Expensive,Significantly More Expensive,15,386.32
2023-03-11,PROD00011,Toys,East,19.9,61.43,-41.53,Cheaper,Significantly Cheaper,43,684.56
2023-03-11,PROD00698,Home & Kitchen,North,61.26,58.14,3.1199999999999974,More Expensive,Normal Competitive Range,22,1145.56
2023-03-12,PROD00184,Books,West,25.02,25.81,-0.7899999999999991,Similar,Normal Competitive Range,13,276.47
2023-03-12,PROD01032,Electronics,North,51.45,23.71,27.740000000000002,More Expensive,Significantly More Expensive,24,1111.32
2023-03-12,PROD00111,Home & Kitchen,North,18.81,24.95,-6.140000000000001,Cheaper,Significantly Cheaper,29,463.67
2023-03-12,PROD00860,Home & Kitchen,North,12.81,75.42,-62.61,Cheaper,Significantly Cheaper,70,717.36
2023-03-13,PROD00230,Grocery,West,49.89,40.08,9.810000000000002,More Expensive,Significantly More Expensive,24,838.15
2023-03-13,PROD00244,Sports,West,15.14,165.47,-150.32999999999998,Cheaper,Significantly Cheaper,68,875.09
2023-03-13,PROD01181,Books,Central,9.77,12.15,-2.380000000000001,Cheaper,Normal Competitive Range,46,382.01
2023-03-13,PROD00617,Books,Central,10.26,35.6,-25.340000000000003,Cheaper,Significantly Cheaper,25,230.85
2023-03-13,PROD00702,Books,Central,27.89,18.29,9.600000000000001,More Expensive,Significantly More Expensive,19,397.43
2023-03-14,PROD00971,Toys,East,55.73,105.84,-50.11000000000001,Cheaper,Significantly Cheaper,26,1231.63
2023-03-14,PROD00408,Beauty,East,109.17,41.51,67.66,More Expensive,Significantly More Expensive,8,829.69
2023-03-14,PROD00585,Toys,East,16.02,40.04,-24.02,Cheaper,Significantly Cheaper,48,730.51
2023-03-14,PROD00154,Beauty,East,37.64,9.34,28.3,More Expensive,Significantly More Expensive,23,735.86
2023-03-14,PROD00928,Fashion,East,17.58,36.44,-18.86,Cheaper,Significantly Cheaper,59,829.78
2023-03-14,PROD00873,Electronics,North,19.37,35.77,-16.400000000000002,Cheaper,Significantly Cheaper,58,954.94
2023-03-14,PROD01129,Sports,East,24.24,42.39,-18.150000000000002,Cheaper,Significantly Cheaper,36,741.74
2023-03-14,PROD00645,Beauty,West,17.71,24.94,-7.23,Cheaper,Significantly Cheaper,63,1004.16
2023-03-14,PROD00909,Fashion,Central,41.03,20.43,20.6,More Expensive,Significantly More Expensive,28,976.51
2023-03-14,PROD00921,Fashion,Central,43.54,12.16,31.38,More Expensive,Significantly More Expensive,17,592.14
2023-03-15,PROD00911,Electronics,West,136.04,31.13,104.91,More Expensive,Significantly More Expensive,5,544.16
2023-03-15,PROD00258,Home & Kitchen,East,17.79,20.18,-2.3900000000000006,Cheaper,Normal Competitive Range,65,1098.53
2023-03-15,PROD01165,Beauty,West,41.53,21.2,20.330000000000002,More Expensive,Significantly More Expensive,49,1627.98
2023-03-15,PROD00797,Toys,East,34.33,19.17,15.159999999999997,More Expensive,Significantly More Expensive,30,978.4
2023-03-16,PROD00086,Sports,North,21.6,21.84,-0.23999999999999844,Similar,Normal Competitive Range,34,587.52
2023-03-16,PROD00251,Grocery,West,44.93,6.44,38.49,More Expensive,Significantly More Expensive,40,1437.76
2023-03-16,PROD00937,Home & Kitchen,South,25.79,17.47,8.32,More Expensive,Significantly More Expensive,58,1421.03
2023-03-16,PROD01193,Home & Kitchen,Central,23.88,129.07,-105.19,Cheaper,Significantly Cheaper,27,515.81
2023-03-16,PROD01041,Home & Kitchen,East,59.72,62.4,-2.6799999999999997,Similar,Normal Competitive Range,15,806.22
2023-03-16,PROD00072,Beauty,West,97.86,41.12,56.74,More Expensive,Significantly More Expensive,6,587.16
2023-03-17,PROD00287,Grocery,East,9.88,46.44,-36.559999999999995,Cheaper,Significantly Cheaper,50,419.9
2023-03-17,PROD00899,Sports,Central,29.33,30.12,-0.7900000000000027,Similar,Normal Competitive Range,31,863.77
2023-03-17,PROD01147,Beauty,West,51.04,21.03,30.009999999999998,More Expensive,Significantly More Expensive,23,939.14
2023-03-17,PROD00691,Grocery,North,56.05,12.68,43.37,More Expensive,Significantly More Expensive,23,1031.32
2023-03-17,PROD00227,Sports,East,66.79,52.4,14.390000000000008,More Expensive,Significantly More Expensive,13,651.2
2023-03-18,PROD00853,Toys,South,9.57,15.18,-5.609999999999999,Cheaper,Significantly Cheaper,47,427.3
2023-03-18,PROD00931,Home & Kitchen,East,17.44,15.39,2.0500000000000007,More Expensive,Normal Competitive Range,60,941.76
2023-03-18,PROD00961,Fashion,North,65.52,21.65,43.87,More Expensive,Significantly More Expensive,15,884.52
2023-03-18,PROD00071,Grocery,North,105.4,46.86,58.540000000000006,More Expensive,Significantly More Expensive,13,1301.69
2023-03-18,PROD00956,Beauty,East,20.94,89.07,-68.13,Cheaper,Significantly Cheaper,84,1758.96
2023-03-18,PROD00114,Toys,Central,124.45,47.56,76.89,More Expensive,Significantly More Expensive,6,634.7
2023-03-18,PROD00213,Sports,West,13.7,29.23,-15.530000000000001,Cheaper,Significantly Cheaper,44,482.24
2023-03-18,PROD00880,Fashion,East,16.36,12.85,3.51,More Expensive,Significantly More Expensive,102,1418.41
2023-03-19,PROD00508,Home & Kitchen,East,24.96,70.52,-45.559999999999995,Cheaper,Significantly Cheaper,12,254.59
2023-03-19,PROD00760,Fashion,Central,108.48,26.92,81.56,More Expensive,Significantly More Expensive,9,927.5
2023-03-19,PROD00218,Grocery,West,11.79,45.64,-33.85,Cheaper,Significantly Cheaper,93,822.35
2023-03-19,PROD01002,Grocery,West,59.51,45.23,14.280000000000001,More Expensive,Significantly More Expensive,36,1821.01
2023-03-19,PROD00150,Fashion,North,84.42,48.61,35.81,More Expensive,Significantly More Expensive,21,1684.18
2023-03-19,PROD00356,Electronics,West,29.5,18.54,10.96,More Expensive,Significantly More Expensive,75,2101.88
2023-03-19,PROD00009,Fashion,East,25.99,24.22,1.7699999999999996,More Expensive,Normal Competitive Range,31,725.12
2023-03-20,PROD00540,Beauty,West,21.06,18.05,3.009999999999998,More Expensive,Normal Competitive Range,37,584.42
2023-03-20,PROD00876,Books,South,43.17,42.31,0.8599999999999994,Similar,Normal Competitive Range,15,485.66
2023-03-20,PROD00765,Sports,West,27.54,10.42,17.119999999999997,More Expensive,Significantly More Expensive,15,413.1
2023-03-21,PROD00675,Fashion,Central,38.73,13.86,24.869999999999997,More Expensive,Significantly More Expensive,40,1316.82
2023-03-21,PROD00091,Grocery,East,17.19,29.5,-12.309999999999999,Cheaper,Significantly Cheaper,31,452.96
2023-03-21,PROD01115,Toys,South,35.6,78.24,-42.63999999999999,Cheaper,Significantly Cheaper,37,1053.76
2023-03-22,PROD00626,Electronics,East,28.03,41.91,-13.879999999999995,Cheaper,Significantly Cheaper,53,1188.47
2023-03-22,PROD00220,Beauty,North,18.66,74.93,-56.27000000000001,Cheaper,Significantly Cheaper,31,520.61
2023-03-22,PROD00522,Home & Kitchen,North,79.73,11.62,68.11,More Expensive,Significantly More Expensive,7,558.11
2023-03-22,PROD00411,Toys,West,14.89,72.16,-57.269999999999996,Cheaper,Significantly Cheaper,24,339.49
2023-03-23,PROD00456,Electronics,East,43.85,45.39,-1.5399999999999991,Similar,Normal Competitive Range,30,1183.95
2023-03-23,PROD00235,Beauty,North,48.18,25.78,22.4,More Expensive,Significantly More Expensive,19,823.88
2023-03-23,PROD00242,Fashion,South,10.4,71.33,-60.93,Cheaper,Significantly Cheaper,39,385.32
2023-03-24,PROD01195,Sports,East,21.42,11.72,9.700000000000001,More Expensive,Significantly More Expensive,33,600.83
2023-03-24,PROD00657,Books,South,23.95,4.37,19.58,More Expensive,Significantly More Expensive,15,287.4
2023-03-24,PROD00553,Toys,East,36.33,32.95,3.3799999999999955,More Expensive,Normal Competitive Range,16,406.9
2023-03-24,PROD00862,Fashion,East,45.6,8.25,37.35,More Expensive,Significantly More Expensive,33,1354.32
2023-03-24,PROD00465,Fashion,Central,55.59,61.44,-5.849999999999994,Cheaper,Normal Competitive Range,15,625.39
2023-03-24,PROD00128,Electronics,South,26.69,25.76,0.9299999999999997,Similar,Normal Competitive Range,86,2065.81
2023-03-25,PROD00294,Sports,Central,26.68,8.48,18.2,More Expensive,Significantly More Expensive,44,939.14
2023-03-25,PROD00880,Home & Kitchen,West,12.76,20.9,-8.139999999999999,Cheaper,Significantly Cheaper,30,344.52
2023-03-25,PROD00715,Home & Kitchen,South,40.28,44.95,-4.670000000000002,Cheaper,Normal Competitive Range,40,1530.64
2023-03-25,PROD01160,Grocery,Central,21.16,41.74,-20.580000000000002,Cheaper,Significantly Cheaper,41,737.43
2023-03-25,PROD01189,Toys,Central,154.53,79.02,75.51,More Expensive,Significantly More Expensive,4,463.59
2023-03-26,PROD00507,Beauty,North,25.93,37.08,-11.149999999999999,Cheaper,Significantly Cheaper,29,676.77
2023-03-26,PROD00208,Sports,North,17.37,25.59,-8.219999999999999,Cheaper,Significantly Cheaper,14,206.7
2023-03-26,PROD01001,Fashion,East,78.85,50.52,28.32999999999999,More Expensive,Significantly More Expensive,14,1048.7
2023-03-26,PROD01087,Electronics,North,24.21,50.26,-26.049999999999997,Cheaper,Significantly Cheaper,54,980.51
2023-03-26,PROD00259,Grocery,East,26.48,61.05,-34.56999999999999,Cheaper,Significantly Cheaper,56,1334.59
2023-03-26,PROD00741,Electronics,Central,42.18,86.0,-43.82,Cheaper,Significantly Cheaper,13,438.67
2023-03-26,PROD00420,Sports,West,54.29,60.21,-5.920000000000002,Cheaper,Normal Competitive Range,26,1199.81
2023-03-27,PROD00831,Grocery,North,17.39,48.07,-30.68,Cheaper,Significantly Cheaper,52,813.85
2023-03-27,PROD00926,Sports,East,34.24,54.07,-19.83,Cheaper,Significantly Cheaper,28,910.78
2023-03-27,PROD01107,Fashion,Central,49.88,62.69,-12.809999999999995,Cheaper,Significantly Cheaper,6,269.35
2023-03-27,PROD01051,Books,West,27.59,8.08,19.509999999999998,More Expensive,Significantly More Expensive,31,855.29
2023-03-27,PROD00426,Fashion,South,11.15,28.83,-17.68,Cheaper,Significantly Cheaper,29,258.68
2023-03-27,PROD00684,Electronics,Central,10.96,27.45,-16.49,Cheaper,Significantly Cheaper,36,374.83
2023-03-27,PROD00893,Books,East,48.49,19.32,29.17,More Expensive,Significantly More Expensive,44,1813.53
2023-03-28,PROD00498,Grocery,South,24.37,24.7,-0.3299999999999983,Similar,Normal Competitive Range,72,1491.44
2023-03-28,PROD00100,Home & Kitchen,East,23.1,19.43,3.6700000000000017,More Expensive,Normal Competitive Range,37,854.7
2023-03-28,PROD00364,Toys,East,28.08,41.49,-13.410000000000004,Cheaper,Significantly Cheaper,30,673.92
2023-03-28,PROD00821,Sports,South,9.96,78.26,-68.30000000000001,Cheaper,Significantly Cheaper,48,406.37
2023-03-29,PROD00805,Beauty,East,21.44,77.59,-56.150000000000006,Cheaper,Significantly Cheaper,54,1099.87
2023-03-29,PROD00650,Toys,South,11.72,14.6,-2.879999999999999,Cheaper,Normal Competitive Range,27,284.8
2023-03-29,PROD00018,Fashion,Central,8.83,124.5,-115.67,Cheaper,Significantly Cheaper,63,500.66
2023-03-29,PROD01198,Books,South,23.25,7.67,15.58,More Expensive,Significantly More Expensive,20,395.25
2023-03-29,PROD00585,Grocery,East,7.27,61.61,-54.34,Cheaper,Significantly Cheaper,51,370.77
2023-03-30,PROD00553,Grocery,South,23.15,46.87,-23.72,Cheaper,Significantly Cheaper,51,1121.62
2023-03-30,PROD01075,Electronics,South,22.99,24.14,-1.1500000000000021,Similar,Normal Competitive Range,77,1593.21
2023-03-30,PROD01018,Fashion,West,8.71,56.09,-47.38,Cheaper,Significantly Cheaper,112,731.64
2023-03-30,PROD00641,Electronics,West,12.67,94.92,-82.25,Cheaper,Significantly Cheaper,31,294.58
2023-03-30,PROD00210,Toys,North,24.83,16.68,8.149999999999999,More Expensive,Significantly More Expensive,28,556.19
2023-03-30,PROD00158,Home & Kitchen,West,9.91,22.96,-13.05,Cheaper,Significantly Cheaper,54,454.87
2023-03-31,PROD00978,Fashion,East,57.98,60.82,-2.8400000000000034,Similar,Normal Competitive Range,24,1182.79
2023-03-31,PROD00322,Beauty,West,54.5,31.28,23.22,More Expensive,Significantly More Expensive,55,2547.88
2023-03-31,PROD00070,Toys,North,45.34,35.76,9.580000000000005,More Expensive,Significantly More Expensive,18,816.12
2023-03-31,PROD00394,Sports,North,47.36,79.49,-32.129999999999995,Cheaper,Significantly Cheaper,12,454.66
2023-03-31,PROD00297,Home & Kitchen,Central,24.53,14.94,9.590000000000002,More Expensive,Significantly More Expensive,56,1098.94
2023-03-31,PROD00335,Toys,Central,34.38,55.88,-21.5,Cheaper,Significantly Cheaper,35,1203.3
2023-03-31,PROD00919,Books,East,17.38,16.2,1.1799999999999997,More Expensive,Normal Competitive Range,45,664.78
2023-03-31,PROD00856,Beauty,South,41.39,12.58,28.810000000000002,More Expensive,Significantly More Expensive,43,1690.78
2023-03-31,PROD00663,Grocery,East,28.0,20.96,7.039999999999999,More Expensive,Significantly More Expensive,111,2486.4
2023-04-01,PROD01166,Beauty,East,30.0,22.71,7.289999999999999,More Expensive,Significantly More Expensive,28,798.0
2023-04-01,PROD00609,Home & Kitchen,South,110.2,28.14,82.06,More Expensive,Significantly More Expensive,10,1046.9
2023-04-01,PROD00084,Home & Kitchen,South,29.03,18.21,10.82,More Expensive,Significantly More Expensive,28,690.91
2023-04-01,PROD00515,Sports,East,29.45,39.35,-9.900000000000002,Cheaper,Significantly Cheaper,33,777.48
2023-04-01,PROD00320,Electronics,South,77.72,24.71,53.01,More Expensive,Significantly More Expensive,21,1550.51
2023-04-02,PROD00983,Grocery,Central,103.06,21.61,81.45,More Expensive,Significantly More Expensive,16,1484.06
2023-04-02,PROD00350,Electronics,East,11.1,44.66,-33.559999999999995,Cheaper,Significantly Cheaper,61,609.39
2023-04-02,PROD00243,Beauty,North,17.43,18.02,-0.5899999999999999,Similar,Normal Competitive Range,20,313.74
2023-04-02,PROD00481,Toys,Central,54.64,46.64,8.0,More Expensive,Normal Competitive Range,12,622.9
2023-04-02,PROD00721,Toys,North,45.7,41.35,4.350000000000001,More Expensive,Normal Competitive Range,17,582.68
2023-04-02,PROD00514,Sports,North,16.18,71.96,-55.779999999999994,Cheaper,Significantly Cheaper,51,660.14
2023-04-03,PROD00349,Toys,Central,53.75,110.36,-56.61,Cheaper,Significantly Cheaper,17,639.62
2023-04-03,PROD00531,Books,East,9.75,16.23,-6.48,Cheaper,Significantly Cheaper,19,185.25
2023-04-03,PROD00091,Books,West,17.17,53.53,-36.36,Cheaper,Significantly Cheaper,25,386.33
2023-04-03,PROD00492,Electronics,North,64.65,34.38,30.270000000000003,More Expensive,Significantly More Expensive,22,1422.3
2023-04-03,PROD00432,Fashion,Central,48.57,57.37,-8.799999999999997,Cheaper,Normal Competitive Range,18,874.26
2023-04-04,PROD00188,Sports,North,24.89,36.16,-11.269999999999996,Cheaper,Significantly Cheaper,40,746.7
2023-04-04,PROD00177,Beauty,East,21.53,23.41,-1.879999999999999,Cheaper,Normal Competitive Range,45,968.85
2023-04-05,PROD00810,Grocery,West,34.45,34.07,0.38000000000000256,Similar,Normal Competitive Range,26,806.13
2023-04-05,PROD00323,Grocery,North,27.29,60.07,-32.78,Cheaper,Significantly Cheaper,37,1009.73
2023-04-05,PROD01067,Beauty,South,31.03,35.72,-4.689999999999998,Cheaper,Normal Competitive Range,27,628.36
2023-04-05,PROD00679,Beauty,Central,28.0,27.74,0.26000000000000156,Similar,Normal Competitive Range,37,828.8
2023-04-05,PROD00825,Home & Kitchen,South,25.96,22.87,3.09,More Expensive,Normal Competitive Range,32,789.18
2023-04-05,PROD00676,Fashion,Central,90.94,48.21,42.73,More Expensive,Significantly More Expensive,11,900.31
2023-04-06,PROD00153,Electronics,East,16.78,22.13,-5.349999999999998,Cheaper,Significantly Cheaper,30,453.06
2023-04-06,PROD00850,Sports,East,23.1,10.86,12.240000000000002,More Expensive,Significantly More Expensive,21,388.08
2023-04-06,PROD01145,Books,West,42.96,47.19,-4.229999999999997,Cheaper,Normal Competitive Range,22,756.1
2023-04-06,PROD00855,Sports,Central,41.34,71.73,-30.39,Cheaper,Significantly Cheaper,32,992.16
2023-04-06,PROD00142,Beauty,East,10.8,18.2,-7.399999999999999,Cheaper,Significantly Cheaper,32,328.32
2023-04-06,PROD00329,Electronics,East,40.26,32.73,7.530000000000001,More Expensive,Significantly More Expensive,35,1338.64
2023-04-06,PROD00548,Beauty,West,27.99,13.61,14.379999999999999,More Expensive,Significantly More Expensive,15,419.85
2023-04-06,PROD00485,Home & Kitchen,West,22.92,46.97,-24.049999999999997,Cheaper,Significantly Cheaper,41,704.79
2023-04-07,PROD01171,Grocery,East,71.6,12.52,59.08,More Expensive,Significantly More Expensive,18,1288.8
2023-04-07,PROD01055,Fashion,West,19.16,42.33,-23.169999999999998,Cheaper,Significantly Cheaper,51,928.3
2023-04-07,PROD01064,Home & Kitchen,North,20.05,80.06,-60.010000000000005,Cheaper,Significantly Cheaper,56,898.24
2023-04-07,PROD01168,Beauty,East,28.82,16.76,12.059999999999999,More Expensive,Significantly More Expensive,22,634.04
2023-04-07,PROD01172,Books,West,27.12,15.84,11.280000000000001,More Expensive,Significantly More Expensive,20,379.68
2023-04-07,PROD00921,Fashion,North,19.2,34.57,-15.370000000000001,Cheaper,Significantly Cheaper,55,739.2
2023-04-08,PROD00562,Fashion,East,14.87,31.17,-16.300000000000004,Cheaper,Significantly Cheaper,63,749.45
2023-04-08,PROD00745,Fashion,South,21.74,6.61,15.129999999999999,More Expensive,Significantly More Expensive,140,2587.06
2023-04-08,PROD00920,Toys,Central,87.45,27.95,59.5,More Expensive,Significantly More Expensive,7,581.54
2023-04-08,PROD00321,Grocery,North,15.15,21.35,-6.200000000000001,Cheaper,Significantly Cheaper,34,489.34
2023-04-08,PROD00522,Grocery,South,35.99,71.79,-35.800000000000004,Cheaper,Significantly Cheaper,51,1376.62
2023-04-08,PROD00098,Beauty,South,26.32,12.99,13.33,More Expensive,Significantly More Expensive,57,1200.19
2023-04-09,PROD00115,Grocery,East,37.91,35.28,2.6299999999999955,More Expensive,Normal Competitive Range,48,1364.76
2023-04-09,PROD00982,Grocery,North,17.09,38.42,-21.330000000000002,Cheaper,Significantly Cheaper,62,847.66
2023-04-09,PROD00650,Grocery,West,21.16,11.49,9.67,More Expensive,Significantly More Expensive,59,1061.17
2023-04-09,PROD00762,Books,East,17.01,18.56,-1.5499999999999972,Cheaper,Normal Competitive Range,18,306.18
2023-04-10,PROD01129,Home & Kitchen,South,37.36,13.94,23.42,More Expensive,Significantly More Expensive,39,1457.04
2023-04-11,PROD00471,Books,Central,120.5,18.03,102.47,More Expensive,Significantly More Expensive,2,228.95
2023-04-11,PROD00845,Fashion,Central,14.37,9.24,5.129999999999999,More Expensive,Significantly More Expensive,90,1099.3
2023-04-11,PROD00172,Grocery,South,25.23,7.9,17.33,More Expensive,Significantly More Expensive,91,2181.13
2023-04-11,PROD00248,Electronics,North,15.98,24.4,-8.419999999999998,Cheaper,Significantly Cheaper,84,1006.74
2023-04-11,PROD01129,Grocery,West,55.74,15.01,40.730000000000004,More Expensive,Significantly More Expensive,24,936.43
2023-04-12,PROD00705,Books,West,46.75,25.48,21.27,More Expensive,Significantly More Expensive,16,523.6
2023-04-12,PROD00988,Beauty,West,79.96,103.43,-23.470000000000013,Cheaper,Significantly Cheaper,9,575.71
2023-04-12,PROD00691,Books,Central,19.96,41.43,-21.47,Cheaper,Significantly Cheaper,15,299.4
2023-04-12,PROD00530,Fashion,South,75.02,114.25,-39.230000000000004,Cheaper,Significantly Cheaper,20,1500.4
2023-04-13,PROD00720,Sports,North,32.7,17.43,15.270000000000003,More Expensive,Significantly More Expensive,40,1111.8
2023-04-13,PROD01028,Home & Kitchen,East,34.43,51.05,-16.619999999999997,Cheaper,Significantly Cheaper,70,2048.58
2023-04-13,PROD00104,Beauty,North,36.5,28.34,8.16,More Expensive,Significantly More Expensive,34,992.8
2023-04-13,PROD00433,Books,North,47.25,30.84,16.41,More Expensive,Significantly More Expensive,11,389.81
2023-04-13,PROD00300,Grocery,North,21.95,11.14,10.809999999999999,More Expensive,Significantly More Expensive,69,1287.37
2023-04-13,PROD01067,Sports,West,39.44,62.88,-23.440000000000005,Cheaper,Significantly Cheaper,39,1230.53
2023-04-13,PROD01085,Sports,West,45.04,18.77,26.27,More Expensive,Significantly More Expensive,40,1441.28
2023-04-13,PROD00293,Sports,South,30.98,29.95,1.0300000000000011,Similar,Normal Competitive Range,21,618.05
2023-04-14,PROD00994,Beauty,South,49.28,27.68,21.6,More Expensive,Significantly More Expensive,25,1047.2
2023-04-14,PROD00686,Home & Kitchen,South,17.81,49.05,-31.24,Cheaper,Significantly Cheaper,52,833.51
2023-04-14,PROD00326,Sports,South,82.32,146.6,-64.28,Cheaper,Significantly Cheaper,11,860.24
2023-04-14,PROD00224,Toys,West,7.58,33.52,-25.940000000000005,Cheaper,Significantly Cheaper,50,341.1
2023-04-15,PROD00722,Books,Central,30.61,16.22,14.39,More Expensive,Significantly More Expensive,27,743.82
2023-04-15,PROD00121,Home & Kitchen,South,14.38,16.8,-2.42,Cheaper,Normal Competitive Range,82,1120.2
2023-04-15,PROD00675,Grocery,North,73.65,20.9,52.75000000000001,More Expensive,Significantly More Expensive,22,1539.28
2023-04-15,PROD00992,Sports,West,40.18,13.18,27.0,More Expensive,Significantly More Expensive,22,751.37
2023-04-15,PROD00664,Sports,West,28.18,95.76,-67.58000000000001,Cheaper,Significantly Cheaper,70,1479.45
2023-04-16,PROD00415,Toys,Central,34.0,57.88,-23.880000000000003,Cheaper,Significantly Cheaper,27,780.3
2023-04-16,PROD00856,Home & Kitchen,West,49.38,71.16,-21.779999999999994,Cheaper,Significantly Cheaper,21,933.28
2023-04-16,PROD00825,Electronics,West,33.89,52.36,-18.47,Cheaper,Significantly Cheaper,30,1016.7
2023-04-16,PROD00792,Grocery,East,23.6,41.08,-17.479999999999997,Cheaper,Significantly Cheaper,52,1227.2
2023-04-16,PROD00302,Beauty,North,15.59,36.6,-21.01,Cheaper,Significantly Cheaper,27,378.84
2023-04-16,PROD00363,Toys,West,23.95,60.85,-36.900000000000006,Cheaper,Significantly Cheaper,22,474.21
2023-04-17,PROD01083,Sports,Central,45.03,43.75,1.2800000000000011,Similar,Normal Competitive Range,40,1711.14
2023-04-17,PROD00634,Sports,West,41.25,29.25,12.0,More Expensive,Significantly More Expensive,22,816.75
2023-04-17,PROD00443,Sports,North,47.24,43.12,4.1200000000000045,More Expensive,Normal Competitive Range,16,642.46
2023-04-17,PROD00674,Home & Kitchen,West,41.77,60.01,-18.239999999999995,Cheaper,Significantly Cheaper,27,958.62
2023-04-18,PROD00641,Electronics,South,35.12,31.54,3.5799999999999983,More Expensive,Normal Competitive Range,47,1485.58
2023-04-18,PROD00941,Sports,West,33.14,38.06,-4.920000000000002,Cheaper,Normal Competitive Range,40,1193.04
2023-04-18,PROD00188,Toys,North,38.35,35.2,3.1499999999999986,More Expensive,Normal Competitive Range,16,552.24
2023-04-18,PROD00744,Electronics,South,23.71,31.44,-7.73,Cheaper,Significantly Cheaper,30,675.74
2023-04-18,PROD01071,Sports,Central,22.67,76.93,-54.260000000000005,Cheaper,Significantly Cheaper,18,367.25
2023-04-18,PROD00301,Fashion,South,46.7,31.27,15.430000000000003,More Expensive,Significantly More Expensive,34,1429.02
2023-04-19,PROD00601,Beauty,South,50.54,21.51,29.029999999999998,More Expensive,Significantly More Expensive,41,1968.53
2023-04-19,PROD00938,Sports,South,21.42,17.71,3.710000000000001,More Expensive,Significantly More Expensive,29,434.83
2023-04-19,PROD00006,Toys,East,64.24,104.59,-40.35000000000001,Cheaper,Significantly Cheaper,12,655.25
2023-04-19,PROD00741,Fashion,Central,32.02,24.76,7.260000000000002,More Expensive,Significantly More Expensive,32,768.48
2023-04-19,PROD01051,Grocery,West,18.55,24.93,-6.379999999999999,Cheaper,Significantly Cheaper,26,458.18
2023-04-19,PROD01193,Sports,South,20.14,32.1,-11.96,Cheaper,Significantly Cheaper,50,704.9
2023-04-19,PROD00869,Books,North,22.48,68.83,-46.349999999999994,Cheaper,Significantly Cheaper,46,930.67
2023-04-19,PROD01058,Beauty,West,89.43,26.62,62.81,More Expensive,Significantly More Expensive,9,724.38
2023-04-20,PROD00210,Beauty,Central,14.23,13.14,1.0899999999999999,More Expensive,Normal Competitive Range,40,512.28
2023-04-21,PROD00618,Fashion,Central,44.65,33.98,10.670000000000002,More Expensive,Significantly More Expensive,26,870.68
2023-04-21,PROD00822,Fashion,North,36.03,12.2,23.830000000000002,More Expensive,Significantly More Expensive,19,650.34
2023-04-21,PROD00861,Books,Central,22.65,25.18,-2.530000000000001,Cheaper,Normal Competitive Range,13,279.73
2023-04-21,PROD00504,Home & Kitchen,East,14.88,29.02,-14.139999999999999,Cheaper,Significantly Cheaper,79,999.19
2023-04-22,PROD00670,Grocery,West,13.18,26.79,-13.61,Cheaper,Significantly Cheaper,80,843.52
2023-04-22,PROD00234,Toys,North,11.37,31.69,-20.32,Cheaper,Significantly Cheaper,47,427.51
2023-04-22,PROD00139,Beauty,Central,18.94,74.89,-55.95,Cheaper,Significantly Cheaper,35,596.61
2023-04-22,PROD00890,Beauty,Central,23.86,33.31,-9.450000000000003,Cheaper,Significantly Cheaper,31,739.66
2023-04-22,PROD00362,Toys,North,8.17,21.92,-13.750000000000002,Cheaper,Significantly Cheaper,90,551.47
2023-04-23,PROD00153,Fashion,West,55.14,57.66,-2.519999999999996,Similar,Normal Competitive Range,29,1359.2
2023-04-23,PROD00495,Beauty,South,38.72,23.04,15.68,More Expensive,Significantly More Expensive,13,503.36
2023-04-23,PROD00147,Sports,North,41.75,15.88,25.869999999999997,More Expensive,Significantly More Expensive,30,1189.88
2023-04-23,PROD00688,Sports,North,22.2,11.85,10.35,More Expensive,Significantly More Expensive,22,488.4
2023-04-23,PROD01129,Books,Central,34.78,14.17,20.61,More Expensive,Significantly More Expensive,22,650.39
2023-04-24,PROD00517,Electronics,East,42.05,91.27,-49.22,Cheaper,Significantly Cheaper,26,983.97
2023-04-24,PROD00788,Fashion,Central,10.21,32.55,-22.339999999999996,Cheaper,Significantly Cheaper,49,450.26
2023-04-24,PROD00344,Books,Central,33.46,87.55,-54.089999999999996,Cheaper,Significantly Cheaper,15,501.9
2023-04-24,PROD00619,Sports,Central,134.16,15.56,118.6,More Expensive,Significantly More Expensive,3,402.48
2023-04-24,PROD00171,Grocery,East,76.52,46.91,29.61,More Expensive,Significantly More Expensive,15,918.24
2023-04-24,PROD01112,Toys,North,20.85,28.67,-7.82,Cheaper,Significantly Cheaper,44,825.66
2023-04-24,PROD00467,Beauty,West,43.14,19.55,23.59,More Expensive,Significantly More Expensive,34,1246.75
2023-04-24,PROD00963,Sports,South,62.79,37.32,25.47,More Expensive,Significantly More Expensive,9,480.34
2023-04-24,PROD00313,Sports,South,26.57,11.43,15.14,More Expensive,Significantly More Expensive,33,701.45
2023-04-24,PROD00184,Home & Kitchen,West,18.58,40.83,-22.25,Cheaper,Significantly Cheaper,24,445.92
2023-04-24,PROD00551,Home & Kitchen,East,92.96,16.34,76.61999999999999,More Expensive,Significantly More Expensive,13,966.78
2023-04-25,PROD00364,Beauty,East,43.48,17.01,26.469999999999995,More Expensive,Significantly More Expensive,19,826.12
2023-04-25,PROD00875,Electronics,West,21.15,14.56,6.589999999999998,More Expensive,Significantly More Expensive,39,824.85
2023-04-25,PROD00215,Books,West,27.93,24.88,3.0500000000000007,More Expensive,Normal Competitive Range,27,527.88
2023-04-25,PROD00830,Electronics,West,14.76,39.07,-24.310000000000002,Cheaper,Significantly Cheaper,44,649.44
2023-04-25,PROD00190,Fashion,West,12.75,71.25,-58.5,Cheaper,Significantly Cheaper,50,573.75
2023-04-25,PROD01130,Beauty,South,161.81,52.76,109.05000000000001,More Expensive,Significantly More Expensive,2,291.26
2023-04-26,PROD01026,Beauty,East,46.3,18.24,28.06,More Expensive,Significantly More Expensive,11,432.9
2023-04-26,PROD01088,Electronics,North,27.25,47.66,-20.409999999999997,Cheaper,Significantly Cheaper,45,981.0
2023-04-26,PROD00364,Beauty,North,32.11,112.66,-80.55,Cheaper,Significantly Cheaper,28,674.31
2023-04-26,PROD00296,Grocery,West,17.88,8.21,9.669999999999998,More Expensive,Significantly More Expensive,42,750.96
2023-04-26,PROD00044,Electronics,North,86.0,14.49,71.51,More Expensive,Significantly More Expensive,7,541.8
2023-04-26,PROD00891,Fashion,West,51.02,25.52,25.500000000000004,More Expensive,Significantly More Expensive,53,2163.25
2023-04-26,PROD01005,Books,West,33.95,34.08,-0.12999999999999545,Similar,Normal Competitive Range,16,461.72
2023-04-26,PROD00402,Electronics,Central,10.15,91.01,-80.86,Cheaper,Significantly Cheaper,31,267.45
2023-04-26,PROD01130,Books,South,21.03,50.82,-29.79,Cheaper,Significantly Cheaper,30,567.81
2023-04-27,PROD00818,Electronics,West,17.96,12.69,5.270000000000001,More Expensive,Significantly More Expensive,57,972.53
2023-04-27,PROD00092,Home & Kitchen,South,92.56,55.07,37.49,More Expensive,Significantly More Expensive,8,703.46
2023-04-27,PROD01059,Grocery,South,30.7,30.53,0.16999999999999815,Similar,Normal Competitive Range,65,1696.18
2023-04-28,PROD00211,Grocery,South,18.22,12.77,5.449999999999999,More Expensive,Significantly More Expensive,93,1355.57
2023-04-28,PROD00301,Grocery,North,33.42,89.65,-56.230000000000004,Cheaper,Significantly Cheaper,18,601.56
2023-04-28,PROD00317,Electronics,South,11.22,20.21,-8.99,Cheaper,Significantly Cheaper,102,1030.0
2023-04-28,PROD01021,Electronics,Central,55.11,18.4,36.71,More Expensive,Significantly More Expensive,24,1124.24
2023-04-28,PROD00639,Toys,Central,104.7,21.05,83.65,More Expensive,Significantly More Expensive,11,863.78
2023-04-28,PROD00200,Grocery,East,25.13,16.97,8.16,More Expensive,Significantly More Expensive,105,1847.05
2023-04-28,PROD00687,Grocery,North,40.98,17.98,22.999999999999996,More Expensive,Significantly More Expensive,61,2124.81
2023-04-28,PROD00434,Fashion,South,32.46,30.47,1.990000000000002,More Expensive,Normal Competitive Range,18,555.07
2023-04-29,PROD00016,Books,West,13.86,30.9,-17.04,Cheaper,Significantly Cheaper,20,263.34
2023-04-29,PROD00277,Books,East,28.7,87.5,-58.8,Cheaper,Significantly Cheaper,22,568.26
2023-04-29,PROD01034,Electronics,North,26.47,31.88,-5.41,Cheaper,Normal Competitive Range,68,1439.97
2023-04-29,PROD00839,Books,East,42.31,58.64,-16.33,Cheaper,Significantly Cheaper,24,1015.44
2023-04-29,PROD00957,Grocery,Central,148.71,23.29,125.42000000000002,More Expensive,Significantly More Expensive,3,356.9
2023-04-30,PROD00322,Sports,South,5.81,15.79,-9.98,Cheaper,Significantly Cheaper,43,249.83
2023-04-30,PROD01032,Home & Kitchen,Central,19.65,18.32,1.3299999999999983,More Expensive,Normal Competitive Range,49,914.71
2023-05-01,PROD00149,Fashion,Central,74.25,17.9,56.35,More Expensive,Significantly More Expensive,14,1039.5
2023-05-01,PROD00673,Home & Kitchen,South,49.42,38.12,11.300000000000004,More Expensive,Significantly More Expensive,28,1107.01
2023-05-01,PROD00277,Fashion,Central,20.07,22.08,-2.009999999999998,Cheaper,Normal Competitive Range,39,704.46
2023-05-01,PROD00563,Sports,North,36.51,31.78,4.729999999999997,More Expensive,Normal Competitive Range,15,438.12
2023-05-01,PROD00071,Beauty,North,24.51,36.4,-11.889999999999997,Cheaper,Significantly Cheaper,30,661.77
2023-05-01,PROD00063,Grocery,South,14.04,24.53,-10.490000000000002,Cheaper,Significantly Cheaper,38,426.82
2023-05-01,PROD00047,Electronics,Central,13.55,34.86,-21.31,Cheaper,Significantly Cheaper,66,804.87
2023-05-01,PROD00480,Sports,East,18.54,30.11,-11.57,Cheaper,Significantly Cheaper,15,236.38
2023-05-01,PROD00278,Sports,West,9.84,11.1,-1.2599999999999998,Cheaper,Normal Competitive Range,30,265.68
2023-05-02,PROD00971,Books,East,27.83,21.44,6.389999999999997,More Expensive,Significantly More Expensive,16,378.49
2023-05-02,PROD00838,Toys,West,69.88,22.84,47.03999999999999,More Expensive,Significantly More Expensive,23,1526.88
2023-05-02,PROD00099,Fashion,East,45.17,4.4,40.77,More Expensive,Significantly More Expensive,20,813.06
2023-05-03,PROD00344,Toys,South,15.21,28.58,-13.369999999999997,Cheaper,Significantly Cheaper,35,479.12
2023-05-03,PROD00605,Electronics,West,40.45,39.77,0.6799999999999997,Similar,Normal Competitive Range,50,2022.5
2023-05-03,PROD00881,Electronics,West,65.53,16.9,48.63,More Expensive,Significantly More Expensive,20,917.42
2023-05-03,PROD01110,Electronics,South,46.95,29.1,17.85,More Expensive,Significantly More Expensive,35,1478.92
2023-05-04,PROD00385,Beauty,East,40.0,3.65,36.35,More Expensive,Significantly More Expensive,12,432.0
2023-05-04,PROD01136,Electronics,Central,27.7,52.92,-25.220000000000002,Cheaper,Significantly Cheaper,30,664.8
2023-05-04,PROD01129,Fashion,Central,27.28,11.3,15.98,More Expensive,Significantly More Expensive,30,695.64
2023-05-04,PROD00980,Grocery,South,29.67,28.4,1.2700000000000031,Similar,Normal Competitive Range,53,1415.26
2023-05-05,PROD00209,Books,North,13.48,11.75,1.7300000000000004,More Expensive,Normal Competitive Range,37,423.95
2023-05-05,PROD00413,Fashion,West,41.31,54.0,-12.689999999999998,Cheaper,Significantly Cheaper,41,1439.65
2023-05-05,PROD00426,Home & Kitchen,East,44.82,12.64,32.18,More Expensive,Significantly More Expensive,17,647.65
2023-05-05,PROD00016,Grocery,East,19.43,56.64,-37.21,Cheaper,Significantly Cheaper,58,1070.59
2023-05-06,PROD00499,Sports,West,26.2,39.96,-13.760000000000002,Cheaper,Significantly Cheaper,18,377.28
2023-05-06,PROD00802,Sports,East,35.16,50.49,-15.330000000000005,Cheaper,Significantly Cheaper,28,935.26
2023-05-06,PROD00673,Home & Kitchen,North,8.37,45.52,-37.150000000000006,Cheaper,Significantly Cheaper,90,640.3
2023-05-06,PROD00599,Grocery,South,55.82,40.89,14.93,More Expensive,Significantly More Expensive,27,1281.07
2023-05-06,PROD01032,Sports,South,16.66,18.64,-1.9800000000000004,Cheaper,Normal Competitive Range,17,254.9
2023-05-07,PROD00524,Electronics,East,50.95,21.87,29.080000000000002,More Expensive,Significantly More Expensive,26,1126.0
2023-05-07,PROD00964,Books,West,34.73,36.15,-1.4200000000000017,Similar,Normal Competitive Range,27,890.82
2023-05-07,PROD00127,Sports,South,52.47,16.94,35.53,More Expensive,Significantly More Expensive,12,503.71
2023-05-07,PROD00599,Home & Kitchen,South,28.07,19.82,8.25,More Expensive,Significantly More Expensive,37,830.87
2023-05-07,PROD00325,Beauty,North,16.66,39.97,-23.31,Cheaper,Significantly Cheaper,41,614.75
2023-05-07,PROD00535,Grocery,South,38.08,51.52,-13.440000000000005,Cheaper,Significantly Cheaper,15,514.08
2023-05-08,PROD00390,Sports,West,41.52,40.07,1.4500000000000028,Similar,Normal Competitive Range,28,930.05
2023-05-08,PROD01030,Books,North,13.54,28.4,-14.86,Cheaper,Significantly Cheaper,20,270.8
2023-05-08,PROD00531,Grocery,South,19.76,35.82,-16.06,Cheaper,Significantly Cheaper,37,584.9
2023-05-08,PROD00931,Grocery,East,83.6,58.66,24.939999999999998,More Expensive,Significantly More Expensive,38,2700.28
2023-05-09,PROD01146,Grocery,North,17.23,29.57,-12.34,Cheaper,Significantly Cheaper,53,776.21
2023-05-09,PROD00920,Toys,North,34.32,22.6,11.719999999999999,More Expensive,Significantly More Expensive,24,741.31
2023-05-09,PROD01082,Fashion,North,24.74,45.24,-20.500000000000004,Cheaper,Significantly Cheaper,41,1014.34
2023-05-09,PROD00274,Grocery,East,38.17,30.51,7.66,More Expensive,Significantly More Expensive,29,1106.93
2023-05-09,PROD00476,Books,Central,53.76,19.5,34.26,More Expensive,Significantly More Expensive,28,1430.02
2023-05-09,PROD00395,Beauty,West,33.75,19.05,14.7,More Expensive,Significantly More Expensive,20,573.75
2023-05-10,PROD00989,Fashion,South,63.96,13.11,50.85,More Expensive,Significantly More Expensive,14,895.44
2023-05-10,PROD00175,Fashion,West,7.44,64.08,-56.64,Cheaper,Significantly Cheaper,78,580.32
2023-05-10,PROD00286,Books,West,64.42,15.89,48.53,More Expensive,Significantly More Expensive,22,1275.52
2023-05-10,PROD00039,Grocery,Central,75.39,33.27,42.12,More Expensive,Significantly More Expensive,16,1145.93
2023-05-10,PROD00697,Home & Kitchen,North,21.26,46.89,-25.63,Cheaper,Significantly Cheaper,95,1716.74
2023-05-10,PROD00189,Grocery,North,5.94,14.07,-8.129999999999999,Cheaper,Significantly Cheaper,50,252.45
2023-05-10,PROD00794,Beauty,North,13.44,9.95,3.49,More Expensive,Significantly More Expensive,32,365.57
2023-05-10,PROD01041,Grocery,South,31.94,105.92,-73.98,Cheaper,Significantly Cheaper,29,879.95
2023-05-10,PROD00215,Home & Kitchen,Central,29.17,41.84,-12.670000000000002,Cheaper,Significantly Cheaper,44,1219.31
2023-05-10,PROD00275,Beauty,East,23.83,23.0,0.8299999999999983,Similar,Normal Competitive Range,24,428.94
2023-05-11,PROD00895,Home & Kitchen,South,17.32,113.78,-96.46000000000001,Cheaper,Significantly Cheaper,29,502.28
2023-05-11,PROD00471,Electronics,North,31.23,28.26,2.969999999999999,More Expensive,Normal Competitive Range,44,1236.71
2023-05-11,PROD00387,Home & Kitchen,Central,28.67,41.57,-12.899999999999999,Cheaper,Significantly Cheaper,21,511.76
2023-05-11,PROD00239,Home & Kitchen,North,21.77,21.57,0.1999999999999993,Similar,Normal Competitive Range,32,522.48
2023-05-12,PROD01081,Sports,South,14.82,14.8,0.019999999999999574,Similar,Normal Competitive Range,58,687.65
2023-05-12,PROD00941,Fashion,East,67.68,23.74,43.94000000000001,More Expensive,Significantly More Expensive,9,609.12
2023-05-12,PROD00709,Beauty,South,110.76,21.1,89.66,More Expensive,Significantly More Expensive,6,631.33
2023-05-13,PROD01040,Books,Central,31.64,19.09,12.55,More Expensive,Significantly More Expensive,16,455.62
2023-05-13,PROD01138,Grocery,South,26.45,62.32,-35.870000000000005,Cheaper,Significantly Cheaper,32,634.8
2023-05-13,PROD00878,Fashion,South,4.27,14.37,-10.1,Cheaper,Significantly Cheaper,40,162.26
2023-05-13,PROD00503,Sports,South,39.82,35.72,4.100000000000001,More Expensive,Normal Competitive Range,7,264.8
2023-05-13,PROD00015,Home & Kitchen,Central,22.11,38.05,-15.939999999999998,Cheaper,Significantly Cheaper,28,557.17
2023-05-13,PROD00727,Books,Central,21.71,27.36,-5.649999999999999,Cheaper,Significantly Cheaper,42,775.05
2023-05-14,PROD00253,Books,South,12.75,4.88,7.87,More Expensive,Significantly More Expensive,22,266.47
2023-05-14,PROD00091,Fashion,Central,80.83,32.03,48.8,More Expensive,Significantly More Expensive,11,755.76
2023-05-14,PROD00367,Beauty,South,25.21,43.82,-18.61,Cheaper,Significantly Cheaper,41,930.25
2023-05-14,PROD00250,Beauty,Central,30.5,31.43,-0.9299999999999997,Similar,Normal Competitive Range,25,724.38
2023-05-15,PROD00158,Books,Central,21.36,15.78,5.58,More Expensive,Significantly More Expensive,22,375.94
2023-05-15,PROD00893,Grocery,South,18.61,51.03,-32.42,Cheaper,Significantly Cheaper,45,628.09
2023-05-15,PROD00493,Beauty,East,37.85,25.17,12.68,More Expensive,Significantly More Expensive,22,791.06
2023-05-15,PROD00034,Grocery,East,43.52,23.16,20.360000000000003,More Expensive,Significantly More Expensive,45,1860.48
2023-05-16,PROD00906,Electronics,North,5.78,30.96,-25.18,Cheaper,Significantly Cheaper,140,606.9
2023-05-16,PROD00356,Beauty,North,50.54,21.11,29.43,More Expensive,Significantly More Expensive,21,1061.34
2023-05-16,PROD00941,Beauty,North,80.47,26.01,54.459999999999994,More Expensive,Significantly More Expensive,19,1223.14
2023-05-16,PROD00597,Sports,West,18.38,26.08,-7.699999999999999,Cheaper,Significantly Cheaper,51,890.51
2023-05-16,PROD01082,Fashion,Central,47.85,15.94,31.910000000000004,More Expensive,Significantly More Expensive,27,1098.16
2023-05-16,PROD00987,Toys,East,32.67,32.33,0.3400000000000034,Similar,Normal Competitive Range,16,496.58
2023-05-16,PROD00560,Home & Kitchen,West,30.73,18.83,11.900000000000002,More Expensive,Significantly More Expensive,30,829.71
2023-05-17,PROD00104,Grocery,West,62.49,28.19,34.3,More Expensive,Significantly More Expensive,12,674.89
2023-05-17,PROD00649,Toys,East,22.31,11.41,10.899999999999999,More Expensive,Significantly More Expensive,13,290.03
2023-05-17,PROD00120,Fashion,West,18.01,15.84,2.1700000000000017,More Expensive,Normal Competitive Range,64,979.74
2023-05-17,PROD00945,Fashion,Central,19.13,40.56,-21.430000000000003,Cheaper,Significantly Cheaper,84,1365.88
2023-05-17,PROD00167,Grocery,Central,49.14,12.58,36.56,More Expensive,Significantly More Expensive,26,958.23
2023-05-17,PROD00621,Books,South,69.94,5.62,64.32,More Expensive,Significantly More Expensive,5,297.24
2023-05-17,PROD00522,Fashion,West,194.97,15.37,179.6,More Expensive,Significantly More Expensive,1,146.23
2023-05-17,PROD00457,Sports,North,29.35,18.04,11.310000000000002,More Expensive,Significantly More Expensive,28,821.8
2023-05-17,PROD01118,Fashion,East,25.99,21.25,4.739999999999998,More Expensive,Significantly More Expensive,38,790.1
2023-05-17,PROD00410,Books,South,26.27,76.56,-50.290000000000006,Cheaper,Significantly Cheaper,12,315.24
2023-05-18,PROD00875,Books,Central,32.83,82.74,-49.91,Cheaper,Significantly Cheaper,14,390.68
2023-05-18,PROD01133,Sports,East,39.76,12.68,27.08,More Expensive,Significantly More Expensive,35,1182.86
2023-05-18,PROD00415,Books,West,31.11,23.04,8.07,More Expensive,Significantly More Expensive,47,1315.95
2023-05-18,PROD00622,Sports,East,53.56,42.55,11.010000000000005,More Expensive,Significantly More Expensive,20,1071.2
2023-05-19,PROD00527,Fashion,South,16.05,45.14,-29.09,Cheaper,Significantly Cheaper,57,777.62
2023-05-19,PROD00552,Home & Kitchen,West,25.72,28.97,-3.25,Cheaper,Normal Competitive Range,81,1874.99
2023-05-19,PROD00981,Fashion,East,55.0,46.5,8.5,More Expensive,Normal Competitive Range,24,1188.0
2023-05-20,PROD00494,Grocery,North,30.22,16.0,14.219999999999999,More Expensive,Significantly More Expensive,30,815.94
2023-05-20,PROD00777,Books,South,44.16,31.06,13.099999999999998,More Expensive,Significantly More Expensive,9,317.95
2023-05-20,PROD00255,Fashion,North,16.93,21.66,-4.73,Cheaper,Significantly Cheaper,74,1190.18
2023-05-20,PROD00587,Home & Kitchen,East,10.65,42.7,-32.050000000000004,Cheaper,Significantly Cheaper,94,1001.1
2023-05-21,PROD00956,Sports,West,33.08,14.68,18.4,More Expensive,Significantly More Expensive,22,618.6
2023-05-21,PROD00213,Toys,East,22.28,12.83,9.450000000000001,More Expensive,Significantly More Expensive,35,584.85
2023-05-21,PROD00190,Toys,East,72.74,71.88,0.8599999999999994,Similar,Normal Competitive Range,12,741.95
2023-05-21,PROD00886,Home & Kitchen,Central,57.56,10.27,47.290000000000006,More Expensive,Significantly More Expensive,16,690.72
2023-05-21,PROD00710,Beauty,East,49.9,12.93,36.97,More Expensive,Significantly More Expensive,70,2969.05
2023-05-21,PROD00561,Electronics,West,15.9,44.1,-28.200000000000003,Cheaper,Significantly Cheaper,22,297.33
2023-05-21,PROD01083,Toys,North,66.05,45.9,20.15,More Expensive,Significantly More Expensive,12,673.71
2023-05-22,PROD00890,Sports,North,11.37,16.14,-4.770000000000001,Cheaper,Significantly Cheaper,42,477.54
2023-05-22,PROD00837,Grocery,Central,27.69,53.48,-25.789999999999996,Cheaper,Significantly Cheaper,73,1414.96
2023-05-22,PROD00749,Sports,South,38.6,30.63,7.970000000000002,More Expensive,Significantly More Expensive,16,586.72
2023-05-22,PROD00770,Home & Kitchen,Central,35.69,37.55,-1.8599999999999994,Similar,Normal Competitive Range,51,1729.18
2023-05-22,PROD00737,Grocery,Central,65.95,51.56,14.39,More Expensive,Significantly More Expensive,22,1233.27
2023-05-22,PROD00931,Grocery,North,35.46,24.17,11.29,More Expensive,Significantly More Expensive,42,1340.39
2023-05-22,PROD00732,Fashion,Central,12.95,59.43,-46.480000000000004,Cheaper,Significantly Cheaper,35,453.25
2023-05-23,PROD00735,Electronics,Central,13.64,25.01,-11.370000000000001,Cheaper,Significantly Cheaper,60,736.56
2023-05-23,PROD00240,Books,West,56.05,31.32,24.729999999999997,More Expensive,Significantly More Expensive,27,1210.68
2023-05-23,PROD00826,Fashion,Central,29.03,57.9,-28.869999999999997,Cheaper,Significantly Cheaper,28,690.91
2023-05-24,PROD00551,Grocery,East,12.7,22.87,-10.170000000000002,Cheaper,Significantly Cheaper,39,445.77
2023-05-24,PROD00217,Beauty,South,20.26,48.73,-28.469999999999995,Cheaper,Significantly Cheaper,22,334.29
2023-05-24,PROD00383,Home & Kitchen,East,59.21,121.75,-62.54,Cheaper,Significantly Cheaper,21,1119.07
2023-05-24,PROD00086,Books,Central,93.83,25.78,68.05,More Expensive,Significantly More Expensive,16,1276.09
2023-05-24,PROD00073,Sports,North,56.04,17.51,38.53,More Expensive,Significantly More Expensive,27,1210.46
2023-05-24,PROD00264,Sports,Central,60.13,13.89,46.24,More Expensive,Significantly More Expensive,6,324.7
2023-05-24,PROD00194,Electronics,West,26.94,57.93,-30.99,Cheaper,Significantly Cheaper,39,893.06
2023-05-24,PROD00586,Home & Kitchen,West,48.6,14.53,34.07,More Expensive,Significantly More Expensive,19,784.89
2023-05-25,PROD00069,Home & Kitchen,Central,44.76,6.48,38.28,More Expensive,Significantly More Expensive,20,760.92
2023-05-25,PROD00964,Books,North,37.56,12.42,25.14,More Expensive,Significantly More Expensive,19,570.91
2023-05-25,PROD00341,Beauty,West,52.56,34.06,18.5,More Expensive,Significantly More Expensive,16,714.82
2023-05-25,PROD00646,Books,Central,37.74,39.34,-1.6000000000000014,Similar,Normal Competitive Range,16,483.07
2023-05-26,PROD00707,Grocery,North,76.72,40.92,35.8,More Expensive,Significantly More Expensive,13,698.15
2023-05-26,PROD01181,Sports,South,22.56,10.59,11.969999999999999,More Expensive,Significantly More Expensive,35,750.12
2023-05-27,PROD00819,Home & Kitchen,North,14.98,22.92,-7.940000000000001,Cheaper,Significantly Cheaper,47,633.65
2023-05-27,PROD00251,Grocery,Central,46.02,20.94,25.080000000000002,More Expensive,Significantly More Expensive,18,662.69
2023-05-27,PROD01026,Books,North,96.31,16.9,79.41,More Expensive,Significantly More Expensive,6,577.86
2023-05-27,PROD00913,Fashion,Central,22.56,40.87,-18.31,Cheaper,Significantly Cheaper,39,703.87
2023-05-28,PROD00052,Fashion,West,29.83,46.31,-16.480000000000004,Cheaper,Significantly Cheaper,64,1527.3
2023-05-28,PROD00984,Home & Kitchen,East,59.91,57.31,2.5999999999999943,Similar,Normal Competitive Range,42,2012.98
2023-05-28,PROD00496,Books,North,25.86,54.43,-28.57,Cheaper,Significantly Cheaper,27,558.58
2023-05-28,PROD00776,Beauty,Central,48.67,57.3,-8.629999999999995,Cheaper,Normal Competitive Range,17,744.65
2023-05-28,PROD00069,Sports,West,34.2,4.71,29.490000000000002,More Expensive,Significantly More Expensive,43,1029.42
2023-05-28,PROD00700,Toys,West,39.95,17.82,22.130000000000003,More Expensive,Significantly More Expensive,13,441.45
2023-05-29,PROD00815,Home & Kitchen,East,12.84,11.68,1.1600000000000001,More Expensive,Normal Competitive Range,55,529.65
2023-05-29,PROD00516,Fashion,South,13.66,28.82,-15.16,Cheaper,Significantly Cheaper,34,394.77
2023-05-29,PROD00880,Electronics,North,16.91,24.09,-7.18,Cheaper,Significantly Cheaper,35,562.26
2023-05-30,PROD00131,Fashion,South,11.93,21.27,-9.34,Cheaper,Significantly Cheaper,74,706.26
2023-05-30,PROD01195,Electronics,West,67.88,27.91,39.97,More Expensive,Significantly More Expensive,12,610.92
2023-05-30,PROD01134,Home & Kitchen,North,18.35,5.0,13.350000000000001,More Expensive,Significantly More Expensive,32,440.4
2023-05-30,PROD00616,Books,North,41.96,14.57,27.39,More Expensive,Significantly More Expensive,13,545.48
2023-05-30,PROD00021,Grocery,South,131.11,67.8,63.31000000000002,More Expensive,Significantly More Expensive,8,943.99
2023-05-31,PROD00369,Home & Kitchen,Central,14.27,69.86,-55.59,Cheaper,Significantly Cheaper,43,582.93
2023-05-31,PROD00165,Grocery,West,37.05,77.34,-40.290000000000006,Cheaper,Significantly Cheaper,29,805.84
2023-05-31,PROD00213,Grocery,North,16.23,62.56,-46.33,Cheaper,Significantly Cheaper,71,979.48
2023-05-31,PROD00308,Toys,West,7.78,40.55,-32.769999999999996,Cheaper,Significantly Cheaper,48,336.1
2023-05-31,PROD00082,Beauty,East,32.35,22.92,9.43,More Expensive,Significantly More Expensive,44,1209.89
2023-05-31,PROD00981,Books,North,88.61,16.65,71.96000000000001,More Expensive,Significantly More Expensive,10,753.18
2023-05-31,PROD00324,Home & Kitchen,East,35.03,46.46,-11.43,Cheaper,Significantly Cheaper,40,1120.96
2023-05-31,PROD00324,Home & Kitchen,East,35.03,46.46,-11.43,Cheaper,Significantly Cheaper,56,2223.23
2023-05-31,PROD00324,Beauty,North,41.79,49.22,-7.43,Cheaper,Normal Competitive Range,40,1120.96
2023-05-31,PROD00324,Beauty,North,41.79,49.22,-7.43,Cheaper,Normal Competitive Range,56,2223.23
2023-05-31,PROD00451,Sports,Central,58.84,13.32,45.52,More Expensive,Significantly More Expensive,14,782.57
2023-06-01,PROD00818,Sports,Central,22.14,9.37,12.770000000000001,More Expensive,Significantly More Expensive,48,903.31
2023-06-01,PROD00582,Grocery,West,35.56,207.08,-171.52,Cheaper,Significantly Cheaper,25,711.2
2023-06-01,PROD01142,Sports,East,17.29,26.24,-8.95,Cheaper,Significantly Cheaper,51,661.34
2023-06-01,PROD00711,Beauty,Central,51.65,19.79,31.86,More Expensive,Significantly More Expensive,28,1301.58
2023-06-01,PROD00636,Books,South,50.54,34.92,15.619999999999997,More Expensive,Significantly More Expensive,10,505.4
2023-06-01,PROD00536,Toys,East,23.01,25.47,-2.4599999999999973,Cheaper,Normal Competitive Range,16,312.94
2023-06-01,PROD00896,Sports,East,21.99,87.15,-65.16000000000001,Cheaper,Significantly Cheaper,34,710.28
2023-06-01,PROD00160,Beauty,West,71.07,31.97,39.099999999999994,More Expensive,Significantly More Expensive,16,852.84
2023-06-01,PROD00163,Toys,West,38.58,57.07,-18.490000000000002,Cheaper,Significantly Cheaper,15,520.83
2023-06-01,PROD00090,Sports,North,14.58,22.17,-7.590000000000002,Cheaper,Significantly Cheaper,29,380.54
2023-06-02,PROD00782,Electronics,Central,60.89,14.37,46.52,More Expensive,Significantly More Expensive,18,1096.02
2023-06-02,PROD00413,Sports,West,28.36,20.46,7.899999999999999,More Expensive,Significantly More Expensive,17,433.91
2023-06-02,PROD00999,Fashion,West,42.32,89.57,-47.24999999999999,Cheaper,Significantly Cheaper,21,799.85
2023-06-02,PROD00544,Electronics,South,22.48,67.57,-45.08999999999999,Cheaper,Significantly Cheaper,25,477.7
2023-06-02,PROD00205,Grocery,South,64.3,40.82,23.479999999999997,More Expensive,Significantly More Expensive,25,1366.38
2023-06-03,PROD01066,Grocery,North,46.85,19.38,27.470000000000002,More Expensive,Significantly More Expensive,25,937.0
2023-06-03,PROD00135,Beauty,North,35.47,55.9,-20.43,Cheaper,Significantly Cheaper,28,993.16
2023-06-03,PROD00698,Beauty,North,8.72,44.91,-36.19,Cheaper,Significantly Cheaper,91,634.82
2023-06-03,PROD00448,Electronics,South,19.66,6.74,12.92,More Expensive,Significantly More Expensive,75,1105.88
2023-06-03,PROD01091,Fashion,Central,33.49,11.63,21.86,More Expensive,Significantly More Expensive,35,996.33
2023-06-03,PROD00769,Beauty,South,26.5,14.75,11.75,More Expensive,Significantly More Expensive,44,932.8
2023-06-03,PROD00339,Electronics,East,17.3,54.74,-37.44,Cheaper,Significantly Cheaper,90,1167.75
2023-06-04,PROD00016,Home & Kitchen,East,22.44,16.96,5.48,More Expensive,Significantly More Expensive,35,785.4
2023-06-04,PROD00277,Toys,North,24.64,12.66,11.98,More Expensive,Significantly More Expensive,22,460.77
2023-06-04,PROD00047,Fashion,South,42.95,77.08,-34.129999999999995,Cheaper,Significantly Cheaper,30,1095.22
2023-06-05,PROD00713,Home & Kitchen,South,38.43,105.13,-66.69999999999999,Cheaper,Significantly Cheaper,40,1460.34
2023-06-05,PROD00116,Fashion,East,14.45,24.6,-10.150000000000002,Cheaper,Significantly Cheaper,40,520.2
2023-06-05,PROD00507,Grocery,West,35.08,23.46,11.619999999999997,More Expensive,Significantly More Expensive,36,1136.59
2023-06-05,PROD00442,Grocery,North,42.42,38.63,3.789999999999999,More Expensive,Normal Competitive Range,93,2958.8
2023-06-06,PROD00712,Sports,North,31.49,27.7,3.789999999999999,More Expensive,Normal Competitive Range,29,776.23
2023-06-06,PROD00106,Beauty,North,87.22,51.19,36.03,More Expensive,Significantly More Expensive,13,1020.47
2023-06-06,PROD00601,Books,East,84.5,41.12,43.38,More Expensive,Significantly More Expensive,3,177.45
2023-06-06,PROD00038,Fashion,West,20.36,73.78,-53.42,Cheaper,Significantly Cheaper,42,598.58
2023-06-06,PROD00069,Beauty,East,40.4,27.53,12.869999999999997,More Expensive,Significantly More Expensive,21,763.56
2023-06-06,PROD00611,Beauty,Central,28.45,37.36,-8.91,Cheaper,Significantly Cheaper,31,793.76
2023-06-06,PROD00482,Electronics,North,27.52,27.42,0.09999999999999787,Similar,Normal Competitive Range,61,1510.85
2023-06-06,PROD00654,Sports,East,45.47,68.96,-23.489999999999995,Cheaper,Significantly Cheaper,13,472.89
2023-06-06,PROD00436,Books,Central,9.31,10.75,-1.4399999999999995,Cheaper,Normal Competitive Range,27,201.1
2023-06-07,PROD00665,Electronics,South,17.46,35.55,-18.089999999999996,Cheaper,Significantly Cheaper,44,691.42
2023-06-07,PROD01003,Toys,Central,32.9,28.61,4.289999999999999,More Expensive,Normal Competitive Range,26,812.63
2023-06-07,PROD00603,Home & Kitchen,Central,6.17,21.37,-15.200000000000001,Cheaper,Significantly Cheaper,118,546.04
2023-06-07,PROD00163,Home & Kitchen,South,56.55,31.19,25.359999999999996,More Expensive,Significantly More Expensive,27,1221.48
2023-06-07,PROD01112,Electronics,East,92.67,51.13,41.54,More Expensive,Significantly More Expensive,14,1102.77
2023-06-08,PROD00373,Beauty,South,17.44,37.42,-19.98,Cheaper,Significantly Cheaper,18,251.14
2023-06-08,PROD00934,Sports,Central,29.66,44.64,-14.98,Cheaper,Significantly Cheaper,19,479.01
2023-06-08,PROD01154,Books,West,16.27,26.72,-10.45,Cheaper,Significantly Cheaper,47,535.28
2023-06-08,PROD00428,Sports,North,12.88,23.32,-10.44,Cheaper,Significantly Cheaper,38,489.44
2023-06-09,PROD00185,Grocery,East,25.47,10.7,14.77,More Expensive,Significantly More Expensive,77,1765.07
2023-06-09,PROD00864,Fashion,South,32.05,20.99,11.059999999999999,More Expensive,Significantly More Expensive,61,1564.04
2023-06-09,PROD00535,Toys,Central,10.05,30.88,-20.83,Cheaper,Significantly Cheaper,39,333.16
2023-06-09,PROD00650,Grocery,North,9.16,96.01,-86.85000000000001,Cheaper,Significantly Cheaper,37,288.08
2023-06-09,PROD00426,Sports,Central,21.84,66.9,-45.06,Cheaper,Significantly Cheaper,37,808.08
2023-06-10,PROD00227,Home & Kitchen,West,12.32,19.67,-7.350000000000001,Cheaper,Significantly Cheaper,60,591.36
2023-06-11,PROD00200,Beauty,West,34.38,9.83,24.550000000000004,More Expensive,Significantly More Expensive,27,881.85
2023-06-11,PROD01102,Electronics,West,12.88,31.88,-19.0,Cheaper,Significantly Cheaper,89,917.06
2023-06-11,PROD00147,Electronics,Central,24.87,11.6,13.270000000000001,More Expensive,Significantly More Expensive,65,1535.72
2023-06-11,PROD00938,Beauty,South,22.31,56.62,-34.31,Cheaper,Significantly Cheaper,31,518.71
2023-06-11,PROD00478,Beauty,South,95.11,23.29,71.82,More Expensive,Significantly More Expensive,7,532.62
2023-06-11,PROD00522,Toys,West,14.17,72.84,-58.67,Cheaper,Significantly Cheaper,30,425.1
2023-06-12,PROD00311,Sports,South,56.23,24.63,31.599999999999998,More Expensive,Significantly More Expensive,20,955.91
2023-06-12,PROD00343,Fashion,West,97.34,30.87,66.47,More Expensive,Significantly More Expensive,10,681.38
2023-06-12,PROD01126,Books,South,61.85,46.11,15.740000000000002,More Expensive,Significantly More Expensive,11,646.33
2023-06-12,PROD00954,Home & Kitchen,East,30.45,31.85,-1.4000000000000021,Similar,Normal Competitive Range,63,1918.35
2023-06-12,PROD01150,Grocery,North,18.85,10.33,8.520000000000001,More Expensive,Significantly More Expensive,42,712.53
2023-06-12,PROD00919,Books,Central,84.12,14.13,69.99000000000001,More Expensive,Significantly More Expensive,6,479.48
2023-06-12,PROD00827,Grocery,North,33.91,46.64,-12.730000000000004,Cheaper,Significantly Cheaper,33,1007.13
2023-06-13,PROD00654,Toys,Central,37.36,51.3,-13.939999999999998,Cheaper,Significantly Cheaper,23,687.42
2023-06-13,PROD00642,Toys,East,43.27,37.42,5.850000000000001,More Expensive,Normal Competitive Range,11,356.98
2023-06-13,PROD00612,Fashion,North,20.49,51.26,-30.77,Cheaper,Significantly Cheaper,59,967.13
2023-06-13,PROD00329,Sports,South,15.41,27.17,-11.760000000000002,Cheaper,Significantly Cheaper,27,374.46
2023-06-14,PROD00113,Books,Central,17.5,50.21,-32.71,Cheaper,Significantly Cheaper,61,960.75
2023-06-14,PROD01116,Toys,East,15.06,35.43,-20.369999999999997,Cheaper,Significantly Cheaper,20,286.14
2023-06-15,PROD01114,Fashion,East,30.51,44.9,-14.389999999999997,Cheaper,Significantly Cheaper,17,492.74
2023-06-15,PROD00498,Home & Kitchen,Central,29.58,17.56,12.02,More Expensive,Significantly More Expensive,59,1657.96
2023-06-16,PROD00138,Fashion,North,20.91,51.41,-30.499999999999996,Cheaper,Significantly Cheaper,48,853.13
2023-06-16,PROD00231,Home & Kitchen,East,35.96,42.63,-6.670000000000002,Cheaper,Normal Competitive Range,21,755.16
2023-06-16,PROD00840,Electronics,South,57.06,7.2,49.86,More Expensive,Significantly More Expensive,31,1591.97
2023-06-16,PROD00280,Books,North,19.28,28.47,-9.189999999999998,Cheaper,Significantly Cheaper,15,274.74
2023-06-16,PROD00867,Toys,East,111.78,18.12,93.66,More Expensive,Significantly More Expensive,5,558.9
2023-06-16,PROD00451,Fashion,Central,20.72,66.07,-45.349999999999994,Cheaper,Significantly Cheaper,56,928.26
2023-06-17,PROD00907,Sports,North,17.14,34.82,-17.68,Cheaper,Significantly Cheaper,8,130.26
2023-06-17,PROD00945,Home & Kitchen,North,76.13,81.64,-5.510000000000005,Cheaper,Normal Competitive Range,11,711.82
2023-06-17,PROD00093,Toys,North,187.99,14.92,173.07000000000002,More Expensive,Significantly More Expensive,2,338.38
2023-06-17,PROD00006,Grocery,Central,53.67,86.18,-32.510000000000005,Cheaper,Significantly Cheaper,16,772.85
2023-06-18,PROD00033,Sports,East,17.25,34.63,-17.380000000000003,Cheaper,Significantly Cheaper,29,450.22
2023-06-18,PROD01003,Fashion,South,37.09,55.33,-18.239999999999995,Cheaper,Significantly Cheaper,26,723.26
2023-06-18,PROD00937,Electronics,East,24.21,50.15,-25.939999999999998,Cheaper,Significantly Cheaper,132,2716.36
2023-06-18,PROD01171,Fashion,South,17.25,31.04,-13.79,Cheaper,Significantly Cheaper,56,869.4
2023-06-19,PROD00125,Home & Kitchen,East,25.6,55.87,-30.269999999999996,Cheaper,Significantly Cheaper,42,913.92
2023-06-19,PROD01058,Home & Kitchen,North,55.96,42.59,13.369999999999997,More Expensive,Significantly More Expensive,13,654.73
2023-06-19,PROD00547,Toys,East,14.06,33.63,-19.57,Cheaper,Significantly Cheaper,48,472.42
2023-06-19,PROD00615,Toys,East,7.89,64.56,-56.67,Cheaper,Significantly Cheaper,24,189.36
2023-06-19,PROD00568,Electronics,South,54.36,14.87,39.49,More Expensive,Significantly More Expensive,40,1739.52
2023-06-19,PROD01162,Electronics,East,40.81,43.05,-2.239999999999995,Cheaper,Normal Competitive Range,19,697.85
2023-06-19,PROD00010,Grocery,South,15.95,24.6,-8.650000000000002,Cheaper,Significantly Cheaper,39,622.05
2023-06-20,PROD00314,Electronics,West,50.68,13.57,37.11,More Expensive,Significantly More Expensive,47,1905.57
2023-06-20,PROD00743,Electronics,South,64.98,47.56,17.42,More Expensive,Significantly More Expensive,29,1601.76
2023-06-20,PROD00438,Books,North,8.48,7.75,0.7300000000000004,More Expensive,Normal Competitive Range,19,145.01
2023-06-20,PROD00954,Sports,South,16.45,8.57,7.879999999999999,More Expensive,Significantly More Expensive,67,881.72
2023-06-21,PROD00453,Grocery,East,36.2,42.45,-6.25,Cheaper,Normal Competitive Range,26,847.08
2023-06-21,PROD00937,Electronics,Central,15.48,31.63,-16.15,Cheaper,Significantly Cheaper,46,605.27
2023-06-21,PROD00939,Electronics,East,45.72,45.33,0.39000000000000057,Similar,Normal Competitive Range,29,1193.29
2023-06-22,PROD00884,Books,East,29.26,24.98,4.280000000000001,More Expensive,Normal Competitive Range,21,553.01
2023-06-22,PROD00881,Home & Kitchen,South,26.15,61.49,-35.34,Cheaper,Significantly Cheaper,63,1400.33
2023-06-22,PROD01019,Grocery,South,46.03,58.91,-12.879999999999995,Cheaper,Significantly Cheaper,29,1067.9
2023-06-22,PROD00312,Sports,North,22.01,25.44,-3.4299999999999997,Cheaper,Normal Competitive Range,18,316.94
2023-06-22,PROD00011,Books,South,41.26,97.56,-56.300000000000004,Cheaper,Significantly Cheaper,11,453.86
2023-06-22,PROD00017,Electronics,South,24.88,76.77,-51.89,Cheaper,Significantly Cheaper,48,1194.24
2023-06-22,PROD01095,Toys,Central,20.83,21.52,-0.6900000000000013,Similar,Normal Competitive Range,31,613.44
2023-06-22,PROD00328,Grocery,West,31.95,23.26,8.689999999999998,More Expensive,Significantly More Expensive,47,1051.15
2023-06-23,PROD00944,Sports,North,78.51,31.45,47.06,More Expensive,Significantly More Expensive,14,1099.14
2023-06-23,PROD00652,Books,North,40.04,38.95,1.0899999999999963,Similar,Normal Competitive Range,26,832.83
2023-06-23,PROD00184,Books,North,33.89,36.22,-2.3299999999999983,Cheaper,Normal Competitive Range,30,762.53
2023-06-23,PROD00796,Home & Kitchen,South,24.87,40.71,-15.84,Cheaper,Significantly Cheaper,37,874.18
2023-06-23,PROD00947,Sports,West,31.42,66.05,-34.629999999999995,Cheaper,Significantly Cheaper,55,1382.48
2023-06-23,PROD01049,Toys,West,20.77,15.11,5.66,More Expensive,Significantly More Expensive,49,814.18
2023-06-23,PROD00992,Sports,West,40.96,22.5,18.46,More Expensive,Significantly More Expensive,16,491.52
2023-06-24,PROD00324,Grocery,Central,60.95,7.02,53.93000000000001,More Expensive,Significantly More Expensive,42,2303.91
2023-06-24,PROD00812,Grocery,East,30.32,68.51,-38.190000000000005,Cheaper,Significantly Cheaper,77,2334.64
2023-06-24,PROD00590,Books,North,65.46,27.47,37.989999999999995,More Expensive,Significantly More Expensive,9,500.77
2023-06-24,PROD01081,Home & Kitchen,East,25.42,28.68,-3.259999999999998,Cheaper,Normal Competitive Range,35,800.73
2023-06-24,PROD00767,Toys,North,26.93,15.63,11.299999999999999,More Expensive,Significantly More Expensive,68,1373.43
2023-06-24,PROD00962,Fashion,East,66.4,59.65,6.750000000000007,More Expensive,Normal Competitive Range,40,2124.8
2023-06-24,PROD01007,Beauty,South,28.41,14.09,14.32,More Expensive,Significantly More Expensive,33,796.9
2023-06-24,PROD00572,Grocery,West,114.18,17.76,96.42,More Expensive,Significantly More Expensive,10,913.44
2023-06-24,PROD00205,Books,East,40.86,31.52,9.34,More Expensive,Significantly More Expensive,36,1250.32
2023-06-24,PROD00180,Books,West,58.06,32.09,25.97,More Expensive,Significantly More Expensive,19,1047.98
2023-06-24,PROD00568,Fashion,West,45.48,65.58,-20.1,Cheaper,Significantly Cheaper,38,1382.59
2023-06-24,PROD00956,Sports,West,55.81,38.77,17.04,More Expensive,Significantly More Expensive,18,904.12
2023-06-25,PROD01031,Home & Kitchen,North,22.43,33.89,-11.46,Cheaper,Significantly Cheaper,55,1048.6
2023-06-25,PROD00531,Home & Kitchen,South,29.28,30.75,-1.4699999999999989,Similar,Normal Competitive Range,58,1443.5
2023-06-25,PROD00124,Grocery,South,242.35,27.81,214.54,More Expensive,Significantly More Expensive,1,230.23
2023-06-25,PROD00490,Home & Kitchen,East,88.09,10.55,77.54,More Expensive,Significantly More Expensive,8,634.25
2023-06-26,PROD01118,Fashion,Central,56.2,23.31,32.89,More Expensive,Significantly More Expensive,21,1062.18
2023-06-26,PROD01117,Electronics,South,17.28,24.81,-7.529999999999998,Cheaper,Significantly Cheaper,52,628.99
2023-06-26,PROD00159,Grocery,East,75.45,30.38,45.07000000000001,More Expensive,Significantly More Expensive,11,746.96
2023-06-26,PROD00943,Fashion,East,18.03,62.85,-44.82,Cheaper,Significantly Cheaper,49,795.12
2023-06-26,PROD00767,Sports,North,29.29,21.02,8.27,More Expensive,Significantly More Expensive,40,878.7
2023-06-26,PROD00630,Beauty,Central,11.01,17.07,-6.0600000000000005,Cheaper,Significantly Cheaper,71,664.45
2023-06-27,PROD00836,Beauty,Central,29.46,21.68,7.780000000000001,More Expensive,Significantly More Expensive,56,1484.78
2023-06-27,PROD01102,Beauty,West,19.08,28.87,-9.790000000000003,Cheaper,Significantly Cheaper,29,470.32
2023-06-27,PROD00019,Grocery,North,49.43,52.22,-2.789999999999999,Cheaper,Normal Competitive Range,31,1072.63
2023-06-27,PROD00916,Books,South,30.6,54.94,-24.339999999999996,Cheaper,Significantly Cheaper,20,581.4
2023-06-27,PROD01135,Home & Kitchen,West,14.89,22.43,-7.539999999999999,Cheaper,Significantly Cheaper,52,774.28
2023-06-28,PROD00269,Sports,North,42.35,28.63,13.720000000000002,More Expensive,Significantly More Expensive,28,1007.93
2023-06-28,PROD00426,Books,South,10.89,18.23,-7.34,Cheaper,Significantly Cheaper,35,304.92
2023-06-28,PROD00432,Home & Kitchen,West,33.29,14.77,18.52,More Expensive,Significantly More Expensive,24,679.12
2023-06-28,PROD00123,Beauty,West,15.23,13.8,1.4299999999999997,More Expensive,Normal Competitive Range,62,849.83
2023-06-29,PROD01139,Books,East,24.49,52.69,-28.2,Cheaper,Significantly Cheaper,25,581.64
2023-06-29,PROD01007,Home & Kitchen,Central,35.82,33.11,2.710000000000001,More Expensive,Normal Competitive Range,22,788.04
2023-06-29,PROD00116,Books,East,65.27,38.89,26.379999999999995,More Expensive,Significantly More Expensive,5,310.03
2023-06-29,PROD00879,Beauty,East,33.72,24.68,9.04,More Expensive,Significantly More Expensive,30,910.44
2023-06-29,PROD00635,Electronics,North,78.45,21.6,56.85,More Expensive,Significantly More Expensive,11,690.36
2023-06-29,PROD00801,Grocery,South,19.65,18.56,1.0899999999999999,More Expensive,Normal Competitive Range,22,345.84
2023-06-30,PROD00189,Grocery,West,49.39,35.73,13.660000000000004,More Expensive,Significantly More Expensive,36,1778.04
2023-06-30,PROD00679,Beauty,North,15.84,10.91,4.93,More Expensive,Significantly More Expensive,39,617.76
2023-06-30,PROD00100,Electronics,Central,46.33,50.53,-4.200000000000003,Cheaper,Normal Competitive Range,55,2293.34
2023-06-30,PROD01003,Sports,North,25.62,32.86,-7.239999999999998,Cheaper,Significantly Cheaper,44,958.19
2023-07-01,PROD00618,Books,North,11.96,10.94,1.0200000000000014,More Expensive,Normal Competitive Range,24,272.69
2023-07-01,PROD00818,Beauty,North,77.45,10.84,66.61,More Expensive,Significantly More Expensive,17,1316.65
2023-07-01,PROD00694,Toys,Central,31.76,55.16,-23.399999999999995,Cheaper,Significantly Cheaper,17,539.92
2023-07-01,PROD00685,Home & Kitchen,North,17.87,24.8,-6.93,Cheaper,Significantly Cheaper,23,411.01
2023-07-01,PROD00393,Electronics,North,67.87,26.0,41.870000000000005,More Expensive,Significantly More Expensive,12,733.0
2023-07-02,PROD00899,Sports,North,52.52,21.55,30.970000000000002,More Expensive,Significantly More Expensive,15,709.02
2023-07-02,PROD00888,Fashion,South,26.24,14.79,11.45,More Expensive,Significantly More Expensive,32,797.7
2023-07-02,PROD00182,Sports,Central,28.21,43.39,-15.18,Cheaper,Significantly Cheaper,18,482.39
2023-07-02,PROD00093,Beauty,South,139.91,28.4,111.50999999999999,More Expensive,Significantly More Expensive,4,531.66
2023-07-02,PROD00084,Books,West,57.16,18.95,38.209999999999994,More Expensive,Significantly More Expensive,12,617.33
2023-07-02,PROD01072,Books,North,30.71,22.03,8.68,More Expensive,Significantly More Expensive,20,522.07
2023-07-02,PROD00395,Toys,North,136.3,11.51,124.79,More Expensive,Significantly More Expensive,5,647.42
2023-07-02,PROD00831,Toys,North,28.7,10.16,18.54,More Expensive,Significantly More Expensive,24,619.92
2023-07-02,PROD00443,Electronics,North,14.56,42.69,-28.129999999999995,Cheaper,Significantly Cheaper,51,705.43
2023-07-02,PROD01103,Beauty,East,37.07,17.15,19.92,More Expensive,Significantly More Expensive,16,474.5
2023-07-02,PROD00749,Electronics,West,23.99,13.76,10.229999999999999,More Expensive,Significantly More Expensive,31,669.32
2023-07-02,PROD00643,Home & Kitchen,East,34.72,14.54,20.18,More Expensive,Significantly More Expensive,36,1187.42
2023-07-03,PROD00610,Sports,Central,27.16,15.36,11.8,More Expensive,Significantly More Expensive,20,488.88
2023-07-03,PROD00037,Toys,North,74.3,17.59,56.709999999999994,More Expensive,Significantly More Expensive,9,568.4
2023-07-03,PROD00908,Fashion,Central,16.04,29.57,-13.530000000000001,Cheaper,Significantly Cheaper,47,716.19
2023-07-03,PROD00318,Books,West,27.58,26.2,1.379999999999999,More Expensive,Normal Competitive Range,21,463.34
2023-07-03,PROD00459,Home & Kitchen,Central,25.98,20.19,5.789999999999999,More Expensive,Significantly More Expensive,88,1943.3
2023-07-03,PROD00799,Sports,East,15.18,25.74,-10.559999999999999,Cheaper,Significantly Cheaper,37,505.49
2023-07-04,PROD00604,Books,South,19.3,9.55,9.75,More Expensive,Significantly More Expensive,67,969.82
2023-07-04,PROD00271,Toys,East,27.68,68.67,-40.99,Cheaper,Significantly Cheaper,40,885.76
2023-07-04,PROD00454,Home & Kitchen,Central,48.19,26.11,22.08,More Expensive,Significantly More Expensive,22,954.16
2023-07-04,PROD00587,Books,East,32.16,26.55,5.609999999999996,More Expensive,Significantly More Expensive,12,366.62
2023-07-04,PROD00320,Sports,East,10.48,93.51,-83.03,Cheaper,Significantly Cheaper,46,361.56
2023-07-04,PROD00474,Sports,Central,33.23,12.04,21.189999999999998,More Expensive,Significantly More Expensive,18,598.14
2023-07-04,PROD00025,Electronics,East,99.1,19.99,79.11,More Expensive,Significantly More Expensive,14,1318.03
2023-07-05,PROD00158,Toys,West,15.73,19.52,-3.789999999999999,Cheaper,Normal Competitive Range,26,368.08
2023-07-05,PROD00011,Electronics,Central,35.0,14.08,20.92,More Expensive,Significantly More Expensive,71,1739.5
2023-07-05,PROD00403,Books,Central,60.21,21.26,38.95,More Expensive,Significantly More Expensive,11,596.08
2023-07-05,PROD00275,Toys,Central,59.45,39.39,20.060000000000002,More Expensive,Significantly More Expensive,14,582.61
2023-07-05,PROD00222,Grocery,South,10.64,32.99,-22.35,Cheaper,Significantly Cheaper,35,316.54
2023-07-05,PROD00492,Toys,South,12.74,42.75,-30.009999999999998,Cheaper,Significantly Cheaper,25,318.5
2023-07-05,PROD01088,Electronics,South,31.11,9.5,21.61,More Expensive,Significantly More Expensive,56,1567.94
2023-07-05,PROD00767,Beauty,East,35.12,110.38,-75.25999999999999,Cheaper,Significantly Cheaper,20,667.28
2023-07-05,PROD00560,Toys,South,64.3,46.52,17.779999999999994,More Expensive,Significantly More Expensive,12,617.28
2023-07-06,PROD00976,Grocery,West,39.54,25.45,14.09,More Expensive,Significantly More Expensive,52,1747.67
2023-07-06,PROD00045,Toys,West,17.37,32.25,-14.879999999999999,Cheaper,Significantly Cheaper,41,569.74
2023-07-06,PROD00553,Sports,West,32.62,18.2,14.419999999999998,More Expensive,Significantly More Expensive,36,998.17
2023-07-06,PROD00072,Beauty,West,10.17,77.91,-67.74,Cheaper,Significantly Cheaper,96,683.42
2023-07-06,PROD00701,Toys,South,14.5,18.09,-3.59,Cheaper,Normal Competitive Range,78,1131.0
2023-07-06,PROD00597,Books,West,31.17,44.07,-12.899999999999999,Cheaper,Significantly Cheaper,18,533.01
2023-07-06,PROD00362,Beauty,Central,28.83,21.69,7.139999999999997,More Expensive,Significantly More Expensive,60,1383.84
2023-07-07,PROD01117,Beauty,South,12.15,20.93,-8.78,Cheaper,Significantly Cheaper,34,371.79
2023-07-07,PROD00160,Books,South,80.37,9.1,71.27000000000001,More Expensive,Significantly More Expensive,6,409.89
2023-07-07,PROD00445,Grocery,South,23.76,79.87,-56.11,Cheaper,Significantly Cheaper,33,744.88
2023-07-07,PROD01083,Home & Kitchen,East,29.18,24.32,4.859999999999999,More Expensive,Normal Competitive Range,27,669.68
2023-07-07,PROD01181,Beauty,West,45.43,27.7,17.73,More Expensive,Significantly More Expensive,39,1417.42
2023-07-07,PROD00545,Electronics,North,39.7,17.61,22.090000000000003,More Expensive,Significantly More Expensive,47,1586.02
2023-07-07,PROD01099,Beauty,East,21.4,19.31,2.09,More Expensive,Normal Competitive Range,18,288.9
2023-07-08,PROD00259,Home & Kitchen,North,49.31,32.33,16.980000000000004,More Expensive,Significantly More Expensive,18,798.82
2023-07-08,PROD01089,Fashion,North,54.01,46.31,7.699999999999996,More Expensive,Normal Competitive Range,29,1331.35
2023-07-08,PROD00902,Grocery,East,24.18,18.02,6.16,More Expensive,Significantly More Expensive,48,1160.64
2023-07-08,PROD00867,Electronics,South,33.23,66.0,-32.77,Cheaper,Significantly Cheaper,18,598.14
2023-07-08,PROD00676,Home & Kitchen,North,61.28,34.08,27.200000000000003,More Expensive,Significantly More Expensive,16,833.41
2023-07-09,PROD00375,Grocery,West,47.45,38.94,8.510000000000005,More Expensive,Significantly More Expensive,30,1138.8
2023-07-09,PROD01076,Beauty,North,10.05,69.67,-59.620000000000005,Cheaper,Significantly Cheaper,42,401.0
2023-07-09,PROD00275,Grocery,North,18.28,23.14,-4.859999999999999,Cheaper,Significantly Cheaper,86,1336.27
2023-07-09,PROD01101,Sports,Central,38.17,5.76,32.410000000000004,More Expensive,Significantly More Expensive,17,551.56
2023-07-09,PROD00559,Beauty,North,28.14,41.06,-12.920000000000002,Cheaper,Significantly Cheaper,62,1570.21
2023-07-09,PROD01169,Fashion,North,19.06,40.79,-21.73,Cheaper,Significantly Cheaper,41,586.09
2023-07-09,PROD00890,Electronics,Central,142.64,40.77,101.86999999999998,More Expensive,Significantly More Expensive,10,1212.44
2023-07-10,PROD00795,Electronics,East,17.05,67.28,-50.230000000000004,Cheaper,Significantly Cheaper,41,594.19
2023-07-10,PROD00189,Beauty,Central,23.39,16.77,6.620000000000001,More Expensive,Significantly More Expensive,60,1263.06
2023-07-10,PROD00718,Fashion,West,116.89,26.25,90.64,More Expensive,Significantly More Expensive,13,1291.63
2023-07-10,PROD00892,Sports,South,12.37,18.82,-6.450000000000001,Cheaper,Significantly Cheaper,46,569.02
2023-07-10,PROD00670,Fashion,East,51.86,39.79,12.07,More Expensive,Significantly More Expensive,39,1618.03
2023-07-10,PROD01157,Fashion,North,41.31,55.94,-14.629999999999995,Cheaper,Significantly Cheaper,24,694.01
2023-07-10,PROD00214,Electronics,North,27.44,32.8,-5.359999999999996,Cheaper,Normal Competitive Range,45,1049.58
2023-07-10,PROD00151,Grocery,East,40.66,52.0,-11.340000000000003,Cheaper,Significantly Cheaper,29,1061.23
2023-07-11,PROD00646,Grocery,South,31.23,39.68,-8.45,Cheaper,Significantly Cheaper,70,1858.18
2023-07-11,PROD00645,Sports,South,24.92,32.38,-7.460000000000001,Cheaper,Significantly Cheaper,74,1290.86
2023-07-11,PROD00469,Grocery,East,38.09,29.1,8.990000000000002,More Expensive,Significantly More Expensive,19,651.34
2023-07-12,PROD01069,Sports,West,21.4,22.51,-1.110000000000003,Similar,Normal Competitive Range,24,436.56
2023-07-12,PROD01091,Home & Kitchen,Central,23.63,9.01,14.62,More Expensive,Significantly More Expensive,25,561.21
2023-07-12,PROD00639,Books,South,63.92,122.27,-58.349999999999994,Cheaper,Significantly Cheaper,19,971.58
2023-07-12,PROD00141,Home & Kitchen,Central,23.69,69.42,-45.730000000000004,Cheaper,Significantly Cheaper,39,785.32
2023-07-12,PROD00092,Toys,Central,46.95,24.19,22.76,More Expensive,Significantly More Expensive,27,1140.89
2023-07-12,PROD01089,Beauty,South,24.77,19.02,5.75,More Expensive,Significantly More Expensive,35,823.6
2023-07-12,PROD00434,Sports,East,66.82,37.13,29.68999999999999,More Expensive,Significantly More Expensive,23,1383.17
2023-07-12,PROD00146,Fashion,South,11.1,37.5,-26.4,Cheaper,Significantly Cheaper,108,1018.98
2023-07-13,PROD00052,Electronics,Central,22.52,19.4,3.120000000000001,More Expensive,Normal Competitive Range,76,1369.22
2023-07-13,PROD01184,Fashion,East,28.58,11.78,16.799999999999997,More Expensive,Significantly More Expensive,32,823.1
2023-07-13,PROD00737,Beauty,Central,94.37,52.45,41.92,More Expensive,Significantly More Expensive,5,448.26
2023-07-13,PROD00818,Home & Kitchen,West,92.07,18.87,73.19999999999999,More Expensive,Significantly More Expensive,15,1381.05
2023-07-14,PROD00462,Toys,North,73.44,12.96,60.48,More Expensive,Significantly More Expensive,16,1116.29
2023-07-14,PROD00787,Grocery,North,19.95,28.27,-8.32,Cheaper,Significantly Cheaper,90,1526.18
2023-07-14,PROD00663,Beauty,East,13.17,12.88,0.28999999999999915,Similar,Normal Competitive Range,54,675.62
2023-07-14,PROD00084,Grocery,North,79.11,27.68,51.43,More Expensive,Significantly More Expensive,29,1835.35
2023-07-14,PROD00448,Beauty,South,14.83,25.23,-10.4,Cheaper,Significantly Cheaper,22,293.63
2023-07-14,PROD01001,Fashion,West,21.37,113.89,-92.52,Cheaper,Significantly Cheaper,42,897.54
2023-07-14,PROD00617,Home & Kitchen,West,25.41,46.53,-21.12,Cheaper,Significantly Cheaper,27,686.07
2023-07-14,PROD01122,Toys,North,43.2,18.86,24.340000000000003,More Expensive,Significantly More Expensive,35,1436.4
2023-07-14,PROD00198,Books,South,21.9,30.37,-8.470000000000002,Cheaper,Significantly Cheaper,60,1116.9
2023-07-14,PROD00139,Grocery,East,33.99,17.58,16.410000000000004,More Expensive,Significantly More Expensive,43,1388.49
2023-07-14,PROD00270,Beauty,South,33.93,49.53,-15.600000000000001,Cheaper,Significantly Cheaper,128,4125.89
2023-07-15,PROD00585,Electronics,Central,28.59,42.89,-14.3,Cheaper,Significantly Cheaper,39,836.26
2023-07-15,PROD01188,Sports,Central,33.02,8.99,24.03,More Expensive,Significantly More Expensive,33,926.21
2023-07-16,PROD01139,Beauty,West,36.5,11.02,25.48,More Expensive,Significantly More Expensive,17,558.45
2023-07-16,PROD01058,Toys,South,10.91,23.23,-12.32,Cheaper,Significantly Cheaper,29,268.93
2023-07-16,PROD00713,Toys,East,25.76,33.09,-7.330000000000002,Cheaper,Significantly Cheaper,39,703.25
2023-07-16,PROD00494,Home & Kitchen,West,23.84,50.73,-26.889999999999997,Cheaper,Significantly Cheaper,45,911.88
2023-07-16,PROD00438,Toys,West,35.37,23.71,11.659999999999997,More Expensive,Significantly More Expensive,38,1008.04
2023-07-17,PROD00996,Home & Kitchen,Central,49.0,44.96,4.039999999999999,More Expensive,Normal Competitive Range,24,999.6
2023-07-17,PROD00147,Fashion,South,61.76,19.91,41.849999999999994,More Expensive,Significantly More Expensive,37,1828.1
2023-07-17,PROD00015,Sports,North,12.93,13.49,-0.5600000000000005,Similar,Normal Competitive Range,64,744.77
2023-07-17,PROD00440,Sports,North,20.69,15.52,5.170000000000002,More Expensive,Significantly More Expensive,21,391.04
2023-07-18,PROD00174,Books,West,27.1,23.01,4.09,More Expensive,Normal Competitive Range,38,926.82
2023-07-18,PROD00089,Beauty,West,43.98,52.66,-8.68,Cheaper,Normal Competitive Range,12,448.6
2023-07-18,PROD00673,Grocery,Central,9.76,26.4,-16.64,Cheaper,Significantly Cheaper,55,509.96
2023-07-18,PROD00673,Grocery,Central,9.76,26.4,-16.64,Cheaper,Significantly Cheaper,17,930.29
2023-07-18,PROD00673,Sports,East,64.38,20.5,43.879999999999995,More Expensive,Significantly More Expensive,55,509.96
2023-07-18,PROD00673,Sports,East,64.38,20.5,43.879999999999995,More Expensive,Significantly More Expensive,17,930.29
2023-07-18,PROD00382,Books,East,60.01,53.92,6.089999999999996,More Expensive,Normal Competitive Range,10,570.1
2023-07-19,PROD00018,Books,East,45.68,44.57,1.1099999999999994,Similar,Normal Competitive Range,25,1084.9
2023-07-19,PROD00517,Grocery,West,44.65,70.05,-25.4,Cheaper,Significantly Cheaper,28,1062.67
2023-07-20,PROD00422,Home & Kitchen,West,15.44,72.73,-57.290000000000006,Cheaper,Significantly Cheaper,35,513.38
2023-07-20,PROD00350,Grocery,South,132.96,13.91,119.05000000000001,More Expensive,Significantly More Expensive,7,837.65
2023-07-20,PROD01176,Beauty,West,20.48,14.14,6.34,More Expensive,Significantly More Expensive,39,758.78
2023-07-20,PROD00715,Grocery,North,26.03,18.91,7.120000000000001,More Expensive,Significantly More Expensive,69,1616.46
2023-07-20,PROD00904,Electronics,South,23.28,38.96,-15.68,Cheaper,Significantly Cheaper,100,1862.4
2023-07-20,PROD00657,Fashion,West,60.99,18.76,42.230000000000004,More Expensive,Significantly More Expensive,15,869.11
2023-07-20,PROD00924,Grocery,West,20.24,26.76,-6.520000000000003,Cheaper,Significantly Cheaper,47,761.02
2023-07-20,PROD01121,Grocery,South,25.53,13.32,12.21,More Expensive,Significantly More Expensive,28,679.1
2023-07-21,PROD00752,Beauty,North,38.64,26.87,11.77,More Expensive,Significantly More Expensive,32,1112.83
2023-07-21,PROD01091,Sports,West,154.33,28.95,125.38000000000001,More Expensive,Significantly More Expensive,5,694.49
2023-07-22,PROD00073,Electronics,East,15.77,12.23,3.539999999999999,More Expensive,Significantly More Expensive,29,411.6
2023-07-22,PROD00756,Toys,South,36.11,47.51,-11.399999999999999,Cheaper,Significantly Cheaper,28,758.31
2023-07-22,PROD00059,Grocery,West,72.86,16.23,56.629999999999995,More Expensive,Significantly More Expensive,15,1092.9
2023-07-23,PROD00715,Fashion,East,6.53,17.09,-10.559999999999999,Cheaper,Significantly Cheaper,54,317.36
2023-07-23,PROD00228,Home & Kitchen,East,21.94,28.52,-6.579999999999998,Cheaper,Significantly Cheaper,86,1603.81
2023-07-23,PROD00541,Beauty,East,46.27,36.27,10.0,More Expensive,Significantly More Expensive,42,1457.5
2023-07-23,PROD00109,Toys,East,44.12,31.04,13.079999999999998,More Expensive,Significantly More Expensive,14,555.91
2023-07-23,PROD00734,Books,West,32.75,170.43,-137.68,Cheaper,Significantly Cheaper,20,622.25
2023-07-23,PROD00439,Fashion,Central,48.9,16.52,32.379999999999995,More Expensive,Significantly More Expensive,29,1347.2
2023-07-23,PROD01146,Electronics,West,17.32,69.01,-51.690000000000005,Cheaper,Significantly Cheaper,40,484.96
2023-07-23,PROD00980,Books,North,48.67,41.84,6.829999999999998,More Expensive,Normal Competitive Range,10,413.7
2023-07-24,PROD00963,Beauty,South,55.38,24.11,31.270000000000003,More Expensive,Significantly More Expensive,20,941.46
2023-07-24,PROD00126,Grocery,South,18.2,7.88,10.32,More Expensive,Significantly More Expensive,69,1004.64
2023-07-24,PROD00209,Books,Central,29.83,25.5,4.329999999999998,More Expensive,Normal Competitive Range,21,501.14
2023-07-24,PROD01090,Home & Kitchen,South,41.27,20.82,20.450000000000003,More Expensive,Significantly More Expensive,36,1411.43
2023-07-24,PROD00871,Sports,South,27.25,73.57,-46.31999999999999,Cheaper,Significantly Cheaper,53,1227.61
2023-07-24,PROD00753,Toys,Central,35.05,18.34,16.709999999999997,More Expensive,Significantly More Expensive,30,1051.5
2023-07-24,PROD01192,Grocery,West,63.23,70.31,-7.080000000000005,Cheaper,Normal Competitive Range,28,1239.31
2023-07-25,PROD00742,Books,East,41.82,22.0,19.82,More Expensive,Significantly More Expensive,49,1639.34
2023-07-25,PROD00752,Grocery,South,38.81,22.35,16.46,More Expensive,Significantly More Expensive,55,1600.91
2023-07-25,PROD00083,Sports,North,23.02,11.05,11.969999999999999,More Expensive,Significantly More Expensive,47,973.75
2023-07-25,PROD00776,Home & Kitchen,East,36.14,22.64,13.5,More Expensive,Significantly More Expensive,30,921.57
2023-07-25,PROD01000,Toys,South,17.85,15.46,2.3900000000000006,More Expensive,Normal Competitive Range,36,578.34
2023-07-26,PROD00883,Grocery,North,22.61,12.68,9.93,More Expensive,Significantly More Expensive,41,927.01
2023-07-26,PROD00651,Fashion,North,40.73,58.67,-17.940000000000005,Cheaper,Significantly Cheaper,83,3042.53
2023-07-26,PROD00914,Toys,Central,17.96,69.8,-51.839999999999996,Cheaper,Significantly Cheaper,32,517.25
2023-07-26,PROD01173,Grocery,North,35.07,15.3,19.77,More Expensive,Significantly More Expensive,41,1294.08
2023-07-26,PROD00494,Home & Kitchen,East,26.31,32.14,-5.830000000000002,Cheaper,Normal Competitive Range,33,738.0
2023-07-26,PROD00784,Home & Kitchen,East,32.29,61.86,-29.57,Cheaper,Significantly Cheaper,32,878.29
2023-07-26,PROD00536,Grocery,North,33.83,19.93,13.899999999999999,More Expensive,Significantly More Expensive,37,1063.95
2023-07-26,PROD00045,Books,West,14.46,50.39,-35.93,Cheaper,Significantly Cheaper,28,404.88
2023-07-26,PROD00129,Home & Kitchen,South,86.21,54.16,32.05,More Expensive,Significantly More Expensive,13,952.62
2023-07-26,PROD00163,Sports,North,26.58,13.5,13.079999999999998,More Expensive,Significantly More Expensive,25,598.05
2023-07-27,PROD00789,Books,North,45.16,12.59,32.56999999999999,More Expensive,Significantly More Expensive,12,487.73
2023-07-27,PROD00885,Toys,South,17.9,5.97,11.93,More Expensive,Significantly More Expensive,55,738.37
2023-07-27,PROD00082,Toys,South,18.89,26.03,-7.140000000000001,Cheaper,Significantly Cheaper,43,568.59
2023-07-27,PROD00422,Toys,North,11.52,40.26,-28.74,Cheaper,Significantly Cheaper,68,587.52
2023-07-28,PROD00069,Books,South,19.45,55.72,-36.269999999999996,Cheaper,Significantly Cheaper,40,700.2
2023-07-28,PROD01144,Beauty,South,74.07,43.56,30.50999999999999,More Expensive,Significantly More Expensive,23,1362.89
2023-07-28,PROD00854,Beauty,North,15.42,36.7,-21.28,Cheaper,Significantly Cheaper,44,508.86
2023-07-28,PROD00902,Electronics,West,30.45,28.8,1.6499999999999986,More Expensive,Normal Competitive Range,33,753.64
2023-07-29,PROD00494,Home & Kitchen,Central,44.39,57.44,-13.049999999999997,Cheaper,Significantly Cheaper,31,1307.29
2023-07-29,PROD00820,Toys,West,38.14,11.66,26.48,More Expensive,Significantly More Expensive,24,823.82
2023-07-29,PROD01100,Beauty,North,60.98,23.3,37.67999999999999,More Expensive,Significantly More Expensive,25,1295.82
2023-07-29,PROD00522,Books,East,79.28,42.42,36.86,More Expensive,Significantly More Expensive,22,1569.74
2023-07-29,PROD00017,Fashion,East,27.74,17.99,9.75,More Expensive,Significantly More Expensive,60,1664.4
2023-07-30,PROD00908,Grocery,West,24.91,52.5,-27.59,Cheaper,Significantly Cheaper,39,728.62
2023-07-30,PROD00586,Beauty,North,37.06,16.51,20.55,More Expensive,Significantly More Expensive,18,633.73
2023-07-30,PROD00365,Home & Kitchen,Central,28.44,49.98,-21.539999999999996,Cheaper,Significantly Cheaper,30,767.88
2023-07-30,PROD00991,Books,South,75.09,23.83,51.260000000000005,More Expensive,Significantly More Expensive,16,1081.3
2023-07-30,PROD00618,Books,East,17.03,61.4,-44.37,Cheaper,Significantly Cheaper,38,517.71
2023-07-30,PROD00622,Grocery,South,14.2,55.23,-41.03,Cheaper,Significantly Cheaper,34,482.8
2023-07-30,PROD00573,Beauty,West,67.05,26.67,40.379999999999995,More Expensive,Significantly More Expensive,24,1287.36
2023-07-30,PROD01175,Toys,East,15.5,24.26,-8.760000000000002,Cheaper,Significantly Cheaper,20,310.0
2023-07-30,PROD00356,Books,West,10.09,38.41,-28.319999999999997,Cheaper,Significantly Cheaper,50,403.6
2023-07-31,PROD01003,Books,West,32.24,36.75,-4.509999999999998,Cheaper,Normal Competitive Range,35,1015.56
2023-07-31,PROD00047,Electronics,North,18.9,48.52,-29.620000000000005,Cheaper,Significantly Cheaper,73,1241.73
2023-07-31,PROD00591,Fashion,East,20.58,72.34,-51.760000000000005,Cheaper,Significantly Cheaper,39,642.1
2023-07-31,PROD00964,Grocery,West,44.43,43.61,0.8200000000000003,Similar,Normal Competitive Range,29,1159.62
2023-07-31,PROD00624,Grocery,West,14.94,99.38,-84.44,Cheaper,Significantly Cheaper,40,597.6
2023-07-31,PROD00838,Books,South,77.24,27.79,49.449999999999996,More Expensive,Significantly More Expensive,6,463.44
2023-08-01,PROD00594,Home & Kitchen,South,46.92,23.93,22.990000000000002,More Expensive,Significantly More Expensive,44,1961.26
2023-08-01,PROD01116,Home & Kitchen,South,82.76,78.63,4.13000000000001,More Expensive,Normal Competitive Range,12,993.12
2023-08-01,PROD00111,Toys,South,29.59,50.45,-20.860000000000003,Cheaper,Significantly Cheaper,29,729.39
2023-08-01,PROD00244,Grocery,North,34.19,20.82,13.369999999999997,More Expensive,Significantly More Expensive,31,900.91
2023-08-01,PROD00858,Grocery,West,47.69,44.31,3.3799999999999955,More Expensive,Normal Competitive Range,39,1766.91
2023-08-01,PROD00826,Fashion,Central,67.47,30.31,37.16,More Expensive,Significantly More Expensive,24,1376.39
2023-08-02,PROD00472,Sports,North,55.3,3.68,51.62,More Expensive,Significantly More Expensive,17,893.09
2023-08-02,PROD00507,Fashion,West,29.67,42.74,-13.07,Cheaper,Significantly Cheaper,18,480.65
2023-08-02,PROD00823,Toys,West,16.94,61.8,-44.86,Cheaper,Significantly Cheaper,21,320.17
2023-08-02,PROD01069,Sports,South,22.61,18.41,4.199999999999999,More Expensive,Significantly More Expensive,69,1404.08
2023-08-03,PROD00919,Beauty,Central,56.38,19.76,36.620000000000005,More Expensive,Significantly More Expensive,18,811.87
2023-08-03,PROD00768,Electronics,North,49.53,59.21,-9.68,Cheaper,Normal Competitive Range,24,1069.85
2023-08-03,PROD00587,Fashion,South,18.02,26.42,-8.400000000000002,Cheaper,Significantly Cheaper,85,1148.78
2023-08-04,PROD01198,Books,South,26.73,34.85,-8.120000000000001,Cheaper,Significantly Cheaper,20,481.14
2023-08-04,PROD00325,Fashion,East,140.29,9.27,131.01999999999998,More Expensive,Significantly More Expensive,4,392.81
2023-08-05,PROD01052,Fashion,East,61.12,49.19,11.93,More Expensive,Significantly More Expensive,22,1008.48
2023-08-05,PROD00799,Fashion,Central,25.58,39.08,-13.5,Cheaper,Significantly Cheaper,41,1048.78
2023-08-05,PROD01139,Fashion,North,90.72,63.24,27.479999999999997,More Expensive,Significantly More Expensive,17,1233.79
2023-08-06,PROD00754,Sports,North,30.47,64.52,-34.05,Cheaper,Significantly Cheaper,24,511.9
2023-08-06,PROD00944,Sports,West,17.97,30.98,-13.010000000000002,Cheaper,Significantly Cheaper,43,618.17
2023-08-06,PROD00806,Electronics,South,24.54,19.16,5.379999999999999,More Expensive,Significantly More Expensive,47,922.7
2023-08-06,PROD00769,Grocery,North,44.64,8.54,36.1,More Expensive,Significantly More Expensive,43,1823.54
2023-08-07,PROD00055,Sports,Central,17.29,35.99,-18.700000000000003,Cheaper,Significantly Cheaper,44,760.76
2023-08-07,PROD00770,Electronics,South,79.34,47.89,31.450000000000003,More Expensive,Significantly More Expensive,14,999.68
2023-08-07,PROD00994,Home & Kitchen,West,44.52,19.66,24.860000000000003,More Expensive,Significantly More Expensive,25,779.1
2023-08-07,PROD00921,Grocery,Central,35.28,17.27,18.01,More Expensive,Significantly More Expensive,63,1889.24
2023-08-08,PROD00965,Beauty,North,26.99,9.68,17.31,More Expensive,Significantly More Expensive,38,923.06
2023-08-08,PROD01004,Books,West,40.42,33.64,6.780000000000001,More Expensive,Significantly More Expensive,17,549.71
2023-08-08,PROD00280,Toys,South,20.35,9.96,10.39,More Expensive,Significantly More Expensive,11,201.47
2023-08-08,PROD00495,Electronics,Central,100.4,21.34,79.06,More Expensive,Significantly More Expensive,7,527.1
2023-08-08,PROD00588,Toys,North,38.37,34.8,3.5700000000000003,More Expensive,Normal Competitive Range,27,880.59
2023-08-09,PROD01190,Books,North,63.65,7.6,56.05,More Expensive,Significantly More Expensive,24,1298.46
2023-08-09,PROD00950,Home & Kitchen,West,28.63,63.37,-34.739999999999995,Cheaper,Significantly Cheaper,21,541.11
2023-08-09,PROD00474,Grocery,Central,20.5,68.78,-48.28,Cheaper,Significantly Cheaper,81,1411.42
2023-08-09,PROD00543,Electronics,East,27.29,23.22,4.07,More Expensive,Normal Competitive Range,110,2701.71
2023-08-09,PROD00101,Electronics,West,21.62,33.36,-11.739999999999998,Cheaper,Significantly Cheaper,153,2977.07
2023-08-09,PROD00525,Beauty,West,48.4,74.42,-26.020000000000003,Cheaper,Significantly Cheaper,14,542.08
2023-08-09,PROD01133,Sports,South,11.01,35.29,-24.28,Cheaper,Significantly Cheaper,68,598.94
2023-08-10,PROD00789,Fashion,South,15.71,15.89,-0.17999999999999972,Similar,Normal Competitive Range,51,801.21
2023-08-10,PROD01147,Beauty,South,58.94,20.59,38.349999999999994,More Expensive,Significantly More Expensive,30,1326.15
2023-08-10,PROD00750,Toys,North,75.3,40.9,34.4,More Expensive,Significantly More Expensive,9,508.28
2023-08-10,PROD00272,Sports,Central,52.18,37.01,15.170000000000002,More Expensive,Significantly More Expensive,16,709.65
2023-08-10,PROD00517,Fashion,East,61.74,29.2,32.540000000000006,More Expensive,Significantly More Expensive,24,1333.58
2023-08-10,PROD00015,Home & Kitchen,East,71.77,82.23,-10.460000000000008,Cheaper,Normal Competitive Range,31,1891.14
2023-08-10,PROD00378,Grocery,South,27.67,36.2,-8.530000000000001,Cheaper,Significantly Cheaper,57,1261.75
2023-08-10,PROD01096,Grocery,North,55.6,9.74,45.86,More Expensive,Significantly More Expensive,42,1984.92
2023-08-10,PROD00680,Fashion,Central,30.37,47.48,-17.109999999999996,Cheaper,Significantly Cheaper,59,1523.06
2023-08-11,PROD01021,Books,South,65.79,28.54,37.25000000000001,More Expensive,Significantly More Expensive,26,1368.43
2023-08-11,PROD00115,Fashion,Central,59.16,28.65,30.509999999999998,More Expensive,Significantly More Expensive,21,1118.12
2023-08-11,PROD00901,Books,East,19.41,12.67,6.74,More Expensive,Significantly More Expensive,24,395.96
2023-08-11,PROD00094,Electronics,West,45.68,38.11,7.57,More Expensive,Normal Competitive Range,38,1301.88
2023-08-11,PROD00394,Grocery,West,17.42,52.35,-34.93,Cheaper,Significantly Cheaper,65,962.46
2023-08-12,PROD00198,Books,North,20.6,40.5,-19.9,Cheaper,Significantly Cheaper,27,444.96
2023-08-12,PROD00949,Electronics,West,11.23,73.83,-62.599999999999994,Cheaper,Significantly Cheaper,96,916.37
2023-08-12,PROD01022,Home & Kitchen,North,38.07,20.96,17.11,More Expensive,Significantly More Expensive,40,1294.38
2023-08-13,PROD00648,Books,South,14.25,14.39,-0.14000000000000057,Similar,Normal Competitive Range,33,470.25
2023-08-13,PROD00216,Beauty,West,25.84,11.3,14.54,More Expensive,Significantly More Expensive,43,1000.01
2023-08-13,PROD01145,Sports,West,35.15,34.99,0.1599999999999966,Similar,Normal Competitive Range,39,1370.85
2023-08-13,PROD00045,Fashion,East,74.36,19.3,55.06,More Expensive,Significantly More Expensive,11,777.06
2023-08-13,PROD01085,Sports,North,25.95,49.19,-23.24,Cheaper,Significantly Cheaper,30,778.5
2023-08-13,PROD00704,Electronics,Central,17.67,13.46,4.210000000000001,More Expensive,Significantly More Expensive,88,1477.21
2023-08-13,PROD01163,Home & Kitchen,West,19.88,34.98,-15.099999999999998,Cheaper,Significantly Cheaper,20,397.6
2023-08-14,PROD00082,Home & Kitchen,Central,21.67,57.31,-35.64,Cheaper,Significantly Cheaper,67,1088.92
2023-08-14,PROD00206,Toys,West,94.88,31.15,63.73,More Expensive,Significantly More Expensive,4,322.59
2023-08-14,PROD00439,Sports,Central,8.17,60.55,-52.379999999999995,Cheaper,Significantly Cheaper,31,240.61
2023-08-15,PROD01187,Books,East,33.32,18.27,15.05,More Expensive,Significantly More Expensive,19,633.08
2023-08-15,PROD00708,Fashion,Central,18.03,38.03,-20.0,Cheaper,Significantly Cheaper,51,735.62
2023-08-15,PROD00348,Home & Kitchen,East,28.17,81.45,-53.28,Cheaper,Significantly Cheaper,34,670.45
2023-08-15,PROD01027,Toys,North,5.82,91.79,-85.97,Cheaper,Significantly Cheaper,51,237.46
2023-08-16,PROD00754,Books,North,48.19,42.51,5.68,More Expensive,Normal Competitive Range,14,607.19
2023-08-16,PROD00200,Beauty,North,45.63,26.19,19.44,More Expensive,Significantly More Expensive,22,903.47
2023-08-16,PROD00670,Sports,South,28.32,22.54,5.780000000000001,More Expensive,Significantly More Expensive,38,968.54
2023-08-16,PROD00608,Books,Central,15.12,19.11,-3.99,Cheaper,Significantly Cheaper,8,96.77
2023-08-16,PROD00572,Grocery,Central,14.51,47.74,-33.230000000000004,Cheaper,Significantly Cheaper,46,667.46
2023-08-16,PROD00796,Sports,North,8.19,41.72,-33.53,Cheaper,Significantly Cheaper,54,442.26
2023-08-17,PROD01144,Electronics,East,79.61,22.87,56.739999999999995,More Expensive,Significantly More Expensive,17,1285.7
2023-08-17,PROD00727,Grocery,East,62.34,8.4,53.940000000000005,More Expensive,Significantly More Expensive,24,1271.74
2023-08-17,PROD00871,Grocery,Central,20.25,79.13,-58.879999999999995,Cheaper,Significantly Cheaper,33,634.84
2023-08-18,PROD00216,Electronics,South,66.29,74.77,-8.47999999999999,Cheaper,Normal Competitive Range,24,1272.77
2023-08-18,PROD00858,Books,Central,17.82,53.7,-35.88,Cheaper,Significantly Cheaper,20,267.3
2023-08-18,PROD00601,Books,West,40.95,19.58,21.370000000000005,More Expensive,Significantly More Expensive,24,786.24
2023-08-18,PROD00614,Beauty,North,19.0,67.18,-48.18000000000001,Cheaper,Significantly Cheaper,38,685.9
2023-08-18,PROD00782,Home & Kitchen,Central,51.58,22.32,29.259999999999998,More Expensive,Significantly More Expensive,30,1470.03
2023-08-18,PROD00416,Beauty,South,52.32,104.4,-52.080000000000005,Cheaper,Significantly Cheaper,24,1192.9
2023-08-19,PROD00610,Beauty,South,25.32,38.9,-13.579999999999998,Cheaper,Significantly Cheaper,66,1336.9
2023-08-19,PROD00288,Toys,Central,25.05,34.54,-9.489999999999998,Cheaper,Significantly Cheaper,32,681.36
2023-08-19,PROD00900,Fashion,Central,38.24,13.48,24.76,More Expensive,Significantly More Expensive,50,1434.0
2023-08-20,PROD00716,Toys,Central,81.67,32.97,48.7,More Expensive,Significantly More Expensive,10,612.53
2023-08-20,PROD00679,Electronics,West,8.06,33.06,-25.0,Cheaper,Significantly Cheaper,58,397.36
2023-08-20,PROD00564,Sports,South,20.73,44.62,-23.889999999999997,Cheaper,Significantly Cheaper,74,1303.92
2023-08-20,PROD00885,Grocery,East,31.27,48.51,-17.24,Cheaper,Significantly Cheaper,60,1782.39
2023-08-20,PROD00305,Electronics,North,47.49,8.95,38.540000000000006,More Expensive,Significantly More Expensive,26,1173.0
2023-08-20,PROD00352,Home & Kitchen,North,40.31,169.28,-128.97,Cheaper,Significantly Cheaper,46,1668.83
2023-08-21,PROD00740,Toys,West,10.99,21.25,-10.26,Cheaper,Significantly Cheaper,34,298.93
2023-08-21,PROD00046,Home & Kitchen,East,34.4,17.41,16.99,More Expensive,Significantly More Expensive,38,1111.12
2023-08-22,PROD00916,Grocery,South,54.64,52.8,1.8400000000000034,Similar,Normal Competitive Range,15,778.62
2023-08-22,PROD00011,Sports,North,33.27,25.93,7.340000000000003,More Expensive,Significantly More Expensive,36,1137.83
2023-08-22,PROD00342,Beauty,West,25.5,49.23,-23.729999999999997,Cheaper,Significantly Cheaper,31,711.45
2023-08-22,PROD00521,Toys,West,53.71,37.72,15.990000000000002,More Expensive,Significantly More Expensive,34,1460.91
2023-08-22,PROD00668,Beauty,East,71.29,35.14,36.150000000000006,More Expensive,Significantly More Expensive,15,962.42
2023-08-23,PROD00382,Books,North,18.75,13.86,4.890000000000001,More Expensive,Significantly More Expensive,15,281.25
2023-08-23,PROD00590,Grocery,North,52.82,37.87,14.950000000000003,More Expensive,Significantly More Expensive,35,1756.26
2023-08-23,PROD00754,Electronics,East,52.64,24.9,27.740000000000002,More Expensive,Significantly More Expensive,47,2350.38
2023-08-23,PROD00231,Fashion,North,53.81,22.98,30.830000000000002,More Expensive,Significantly More Expensive,26,1259.15
2023-08-23,PROD00063,Home & Kitchen,North,12.57,16.46,-3.8900000000000006,Cheaper,Significantly Cheaper,56,633.53
2023-08-23,PROD00586,Grocery,Central,13.95,30.0,-16.05,Cheaper,Significantly Cheaper,115,1363.61
2023-08-23,PROD01084,Toys,Central,16.14,11.78,4.360000000000001,More Expensive,Significantly More Expensive,38,429.32
2023-08-24,PROD00745,Beauty,Central,109.34,36.74,72.6,More Expensive,Significantly More Expensive,13,1350.35
2023-08-24,PROD00287,Grocery,East,30.59,11.32,19.27,More Expensive,Significantly More Expensive,38,988.06
2023-08-24,PROD00272,Fashion,West,15.39,13.52,1.870000000000001,More Expensive,Normal Competitive Range,41,567.89
2023-08-24,PROD01129,Books,Central,16.12,24.63,-8.509999999999998,Cheaper,Significantly Cheaper,62,849.52
2023-08-24,PROD00973,Home & Kitchen,East,11.04,134.87,-123.83000000000001,Cheaper,Significantly Cheaper,68,525.5
2023-08-24,PROD00348,Fashion,North,33.14,23.48,9.66,More Expensive,Significantly More Expensive,26,732.39
2023-08-24,PROD00821,Grocery,Central,43.17,18.92,24.25,More Expensive,Significantly More Expensive,24,984.28
2023-08-24,PROD01000,Electronics,East,71.69,17.02,54.67,More Expensive,Significantly More Expensive,28,1605.86
2023-08-24,PROD00895,Grocery,West,50.57,9.87,40.7,More Expensive,Significantly More Expensive,19,816.71
2023-08-25,PROD00683,Toys,East,16.01,21.72,-5.709999999999997,Cheaper,Significantly Cheaper,46,625.99
2023-08-25,PROD00175,Fashion,North,33.47,11.23,22.24,More Expensive,Significantly More Expensive,82,2332.86
2023-08-25,PROD00724,Home & Kitchen,South,18.05,90.76,-72.71000000000001,Cheaper,Significantly Cheaper,32,519.84
2023-08-25,PROD00023,Fashion,West,19.43,6.65,12.78,More Expensive,Significantly More Expensive,26,479.92
2023-08-26,PROD01168,Electronics,North,23.32,68.64,-45.32,Cheaper,Significantly Cheaper,43,1002.76
2023-08-26,PROD00197,Home & Kitchen,North,32.97,69.77,-36.8,Cheaper,Significantly Cheaper,24,672.59
2023-08-26,PROD01044,Toys,East,67.83,38.26,29.57,More Expensive,Significantly More Expensive,13,749.52
2023-08-26,PROD00341,Toys,Central,19.52,19.59,-0.07000000000000028,Similar,Normal Competitive Range,14,232.29
2023-08-26,PROD00459,Sports,Central,157.7,27.53,130.17,More Expensive,Significantly More Expensive,3,354.82
2023-08-26,PROD00737,Electronics,West,29.69,51.32,-21.63,Cheaper,Significantly Cheaper,60,1246.98
2023-08-27,PROD00417,Beauty,North,10.82,9.59,1.2300000000000004,More Expensive,Normal Competitive Range,86,697.89
2023-08-27,PROD00703,Toys,West,21.17,23.47,-2.299999999999997,Cheaper,Normal Competitive Range,27,514.43
2023-08-28,PROD00877,Electronics,West,84.6,31.01,53.58999999999999,More Expensive,Significantly More Expensive,11,791.01
2023-08-28,PROD01109,Electronics,East,39.14,47.0,-7.859999999999999,Cheaper,Normal Competitive Range,88,2927.67
2023-08-29,PROD00347,Beauty,East,36.85,19.01,17.84,More Expensive,Significantly More Expensive,15,469.84
2023-08-29,PROD01092,Books,West,11.06,15.87,-4.809999999999999,Cheaper,Significantly Cheaper,37,388.76
2023-08-29,PROD00845,Books,West,16.24,45.5,-29.26,Cheaper,Significantly Cheaper,17,276.08
2023-08-29,PROD00706,Home & Kitchen,Central,9.6,25.99,-16.39,Cheaper,Significantly Cheaper,29,264.48
2023-08-29,PROD00791,Fashion,Central,37.64,15.35,22.29,More Expensive,Significantly More Expensive,48,1535.71
2023-08-29,PROD00896,Books,North,10.56,65.2,-54.64,Cheaper,Significantly Cheaper,24,253.44
2023-08-29,PROD00627,Fashion,East,29.94,46.3,-16.359999999999996,Cheaper,Significantly Cheaper,53,1269.46
2023-08-29,PROD00523,Sports,East,8.26,23.44,-15.180000000000001,Cheaper,Significantly Cheaper,30,210.63
2023-08-29,PROD00386,Books,Central,39.61,30.04,9.57,More Expensive,Significantly More Expensive,21,831.81
2023-08-29,PROD00888,Grocery,Central,31.56,9.41,22.15,More Expensive,Significantly More Expensive,27,766.91
2023-08-29,PROD01179,Books,North,42.26,20.43,21.83,More Expensive,Significantly More Expensive,22,790.26
2023-08-30,PROD00090,Toys,East,9.86,72.39,-62.53,Cheaper,Significantly Cheaper,39,346.09
2023-08-30,PROD00474,Fashion,Central,23.33,21.02,2.3099999999999987,More Expensive,Normal Competitive Range,67,1094.18
2023-08-30,PROD00468,Sports,Central,15.88,27.56,-11.679999999999998,Cheaper,Significantly Cheaper,60,762.24
2023-08-30,PROD00193,Books,East,33.19,62.47,-29.28,Cheaper,Significantly Cheaper,23,610.7
2023-08-30,PROD01161,Toys,North,48.5,29.03,19.47,More Expensive,Significantly More Expensive,22,1013.65
2023-08-31,PROD00956,Home & Kitchen,North,108.28,57.44,50.84,More Expensive,Significantly More Expensive,9,779.62
2023-08-31,PROD00696,Books,East,17.2,32.53,-15.330000000000002,Cheaper,Significantly Cheaper,22,359.48
2023-08-31,PROD00664,Home & Kitchen,South,20.76,28.71,-7.949999999999999,Cheaper,Significantly Cheaper,74,1305.8
2023-08-31,PROD00516,Electronics,North,27.01,32.55,-5.539999999999996,Cheaper,Normal Competitive Range,71,1438.28
2023-08-31,PROD00691,Beauty,West,38.44,62.08,-23.64,Cheaper,Significantly Cheaper,57,1752.86
2023-08-31,PROD00869,Home & Kitchen,North,33.32,53.51,-20.189999999999998,Cheaper,Significantly Cheaper,67,1897.57
2023-08-31,PROD00109,Toys,North,11.8,41.7,-29.900000000000002,Cheaper,Significantly Cheaper,44,441.32
2023-09-01,PROD00297,Home & Kitchen,Central,79.47,51.66,27.810000000000002,More Expensive,Significantly More Expensive,15,953.64
2023-09-01,PROD00132,Grocery,North,21.88,121.74,-99.86,Cheaper,Significantly Cheaper,64,1190.27
2023-09-01,PROD00213,Books,North,80.02,29.82,50.199999999999996,More Expensive,Significantly More Expensive,7,448.11
2023-09-01,PROD00354,Beauty,West,41.3,32.21,9.089999999999996,More Expensive,Significantly More Expensive,45,1393.87
2023-09-01,PROD00648,Grocery,Central,30.14,12.55,17.59,More Expensive,Significantly More Expensive,26,783.64
2023-09-01,PROD01030,Home & Kitchen,Central,21.02,11.34,9.68,More Expensive,Significantly More Expensive,22,462.44
2023-09-01,PROD00611,Sports,South,42.91,31.35,11.559999999999995,More Expensive,Significantly More Expensive,51,1969.57
2023-09-01,PROD01188,Fashion,South,36.9,76.66,-39.76,Cheaper,Significantly Cheaper,31,1086.7
2023-09-01,PROD00555,Sports,East,16.32,99.81,-83.49000000000001,Cheaper,Significantly Cheaper,39,445.54
2023-09-02,PROD00388,Toys,East,94.53,19.95,74.58,More Expensive,Significantly More Expensive,6,538.82
2023-09-02,PROD00559,Books,South,24.99,16.08,8.91,More Expensive,Significantly More Expensive,20,499.8
2023-09-02,PROD00116,Toys,Central,13.39,24.52,-11.129999999999999,Cheaper,Significantly Cheaper,22,279.85
2023-09-02,PROD00813,Grocery,South,14.34,20.53,-6.190000000000001,Cheaper,Significantly Cheaper,55,630.96
2023-09-02,PROD00674,Fashion,West,29.04,20.08,8.96,More Expensive,Significantly More Expensive,41,892.98
2023-09-03,PROD00238,Books,Central,13.31,45.41,-32.099999999999994,Cheaper,Significantly Cheaper,73,874.47
2023-09-03,PROD00204,Books,Central,25.2,51.83,-26.63,Cheaper,Significantly Cheaper,42,793.8
2023-09-03,PROD00996,Fashion,West,37.12,56.3,-19.18,Cheaper,Significantly Cheaper,68,2145.54
2023-09-03,PROD00540,Toys,South,19.07,31.87,-12.8,Cheaper,Significantly Cheaper,54,875.31
2023-09-03,PROD00573,Books,West,16.63,27.64,-11.010000000000002,Cheaper,Significantly Cheaper,19,236.98
2023-09-03,PROD00763,Grocery,West,19.1,298.92,-279.82,Cheaper,Significantly Cheaper,27,438.34
2023-09-03,PROD00929,Fashion,North,40.71,49.69,-8.979999999999997,Cheaper,Normal Competitive Range,29,1062.53
2023-09-04,PROD00852,Books,Central,38.58,13.27,25.31,More Expensive,Significantly More Expensive,16,555.55
2023-09-04,PROD00112,Toys,Central,28.39,9.93,18.46,More Expensive,Significantly More Expensive,36,868.73
2023-09-04,PROD00382,Grocery,West,40.3,42.89,-2.5900000000000034,Cheaper,Normal Competitive Range,38,1531.4
2023-09-04,PROD00080,Sports,West,48.52,23.36,25.160000000000004,More Expensive,Significantly More Expensive,52,2270.74
2023-09-04,PROD00025,Fashion,East,18.25,30.69,-12.440000000000001,Cheaper,Significantly Cheaper,29,529.25
2023-09-04,PROD01134,Grocery,West,10.39,6.39,4.000000000000001,More Expensive,Significantly More Expensive,51,503.4
2023-09-04,PROD00065,Grocery,North,8.54,23.13,-14.59,Cheaper,Significantly Cheaper,70,538.02
2023-09-05,PROD01004,Sports,North,84.53,52.91,31.620000000000005,More Expensive,Significantly More Expensive,11,790.36
2023-09-05,PROD01056,Toys,West,48.94,18.94,29.999999999999996,More Expensive,Significantly More Expensive,17,748.78
2023-09-05,PROD00336,Grocery,East,19.19,16.74,2.450000000000003,More Expensive,Normal Competitive Range,82,1416.22
2023-09-05,PROD01157,Grocery,North,32.47,100.06,-67.59,Cheaper,Significantly Cheaper,51,1490.37
2023-09-05,PROD01049,Fashion,Central,33.14,43.82,-10.68,Cheaper,Significantly Cheaper,44,1020.71
2023-09-05,PROD00379,Books,West,81.15,12.48,68.67,More Expensive,Significantly More Expensive,5,365.18
2023-09-06,PROD00359,Grocery,Central,18.89,41.27,-22.380000000000003,Cheaper,Significantly Cheaper,56,899.16
2023-09-06,PROD00022,Electronics,South,14.7,33.61,-18.91,Cheaper,Significantly Cheaper,77,905.52
2023-09-07,PROD00168,Toys,West,19.01,16.59,2.4200000000000017,More Expensive,Normal Competitive Range,56,904.88
2023-09-07,PROD00404,Home & Kitchen,Central,89.72,84.11,5.609999999999999,More Expensive,Normal Competitive Range,14,1193.28
2023-09-07,PROD00675,Sports,North,38.85,134.67,-95.82,Cheaper,Significantly Cheaper,26,1010.1
2023-09-07,PROD01166,Toys,West,45.44,19.31,26.13,More Expensive,Significantly More Expensive,23,836.1
2023-09-08,PROD00390,Fashion,South,115.28,15.42,99.86,More Expensive,Significantly More Expensive,8,737.79
2023-09-08,PROD01117,Fashion,South,51.02,23.37,27.650000000000002,More Expensive,Significantly More Expensive,15,573.98
2023-09-08,PROD00869,Fashion,East,15.64,22.99,-7.349999999999998,Cheaper,Significantly Cheaper,45,598.23
2023-09-08,PROD01007,Grocery,Central,50.53,25.23,25.3,More Expensive,Significantly More Expensive,34,1460.32
2023-09-08,PROD00102,Grocery,Central,29.36,26.52,2.84,More Expensive,Normal Competitive Range,56,1479.74
2023-09-09,PROD00941,Toys,South,28.02,25.51,2.509999999999998,More Expensive,Normal Competitive Range,44,924.66
2023-09-09,PROD00711,Toys,West,69.47,33.31,36.16,More Expensive,Significantly More Expensive,18,1000.37
2023-09-09,PROD00451,Electronics,Central,24.64,22.28,2.3599999999999994,More Expensive,Normal Competitive Range,31,572.88
2023-09-10,PROD00008,Toys,East,11.32,32.48,-21.159999999999997,Cheaper,Significantly Cheaper,30,322.62
2023-09-10,PROD01010,Electronics,North,67.68,36.42,31.260000000000005,More Expensive,Significantly More Expensive,37,1878.12
2023-09-10,PROD00066,Books,North,50.98,49.07,1.9099999999999966,Similar,Normal Competitive Range,17,779.99
2023-09-10,PROD00710,Fashion,West,12.93,26.78,-13.850000000000001,Cheaper,Significantly Cheaper,58,674.95
2023-09-10,PROD00891,Sports,East,71.8,52.64,19.159999999999997,More Expensive,Significantly More Expensive,34,2075.02
2023-09-11,PROD01034,Toys,South,14.82,38.64,-23.82,Cheaper,Significantly Cheaper,42,497.95
2023-09-11,PROD00275,Electronics,North,15.52,60.32,-44.8,Cheaper,Significantly Cheaper,37,430.68
2023-09-11,PROD00790,Beauty,West,40.5,57.78,-17.28,Cheaper,Significantly Cheaper,17,585.22
2023-09-11,PROD00745,Fashion,Central,14.37,32.51,-18.14,Cheaper,Significantly Cheaper,76,873.7
2023-09-12,PROD00293,Fashion,South,8.94,58.95,-50.010000000000005,Cheaper,Significantly Cheaper,28,250.32
2023-09-12,PROD00256,Home & Kitchen,Central,33.21,14.0,19.21,More Expensive,Significantly More Expensive,24,597.78
2023-09-12,PROD00130,Toys,East,17.21,16.82,0.39000000000000057,Similar,Normal Competitive Range,76,1046.37
2023-09-12,PROD00090,Grocery,Central,15.53,42.81,-27.28,Cheaper,Significantly Cheaper,87,1148.44
2023-09-12,PROD01187,Electronics,Central,92.13,34.41,57.72,More Expensive,Significantly More Expensive,17,1252.97
2023-09-13,PROD00121,Toys,West,12.39,28.9,-16.509999999999998,Cheaper,Significantly Cheaper,37,412.59
2023-09-13,PROD00644,Home & Kitchen,East,28.38,13.55,14.829999999999998,More Expensive,Significantly More Expensive,13,313.6
2023-09-13,PROD00807,Fashion,West,25.61,38.0,-12.39,Cheaper,Significantly Cheaper,45,921.96
2023-09-13,PROD00299,Books,North,64.54,24.49,40.05000000000001,More Expensive,Significantly More Expensive,10,645.4
2023-09-13,PROD00053,Fashion,East,78.69,61.76,16.93,More Expensive,Significantly More Expensive,9,601.98
2023-09-13,PROD00053,Fashion,East,78.69,61.76,16.93,More Expensive,Significantly More Expensive,58,904.66
2023-09-13,PROD00683,Fashion,North,29.68,78.0,-48.32,Cheaper,Significantly Cheaper,36,854.78
2023-09-13,PROD00053,Sports,North,18.35,30.33,-11.979999999999997,Cheaper,Significantly Cheaper,9,601.98
2023-09-13,PROD00053,Sports,North,18.35,30.33,-11.979999999999997,Cheaper,Significantly Cheaper,58,904.66
2023-09-13,PROD00994,Books,East,67.91,19.31,48.599999999999994,More Expensive,Significantly More Expensive,16,814.92
2023-09-14,PROD01186,Toys,Central,35.06,38.52,-3.460000000000001,Cheaper,Normal Competitive Range,21,589.01
2023-09-14,PROD00895,Toys,Central,46.03,80.04,-34.010000000000005,Cheaper,Significantly Cheaper,36,1242.81
2023-09-14,PROD00253,Electronics,Central,62.4,47.12,15.280000000000001,More Expensive,Significantly More Expensive,41,2046.72
2023-09-14,PROD00744,Books,North,17.81,22.06,-4.25,Cheaper,Normal Competitive Range,43,612.66
2023-09-14,PROD01171,Electronics,East,32.86,21.75,11.11,More Expensive,Significantly More Expensive,64,1997.89
2023-09-14,PROD00255,Home & Kitchen,East,36.06,31.68,4.380000000000003,More Expensive,Normal Competitive Range,66,1665.97
2023-09-14,PROD00679,Toys,Central,27.11,24.55,2.5599999999999987,More Expensive,Normal Competitive Range,61,1405.65
2023-09-15,PROD00802,Home & Kitchen,Central,40.87,38.43,2.4399999999999977,More Expensive,Normal Competitive Range,25,817.4
2023-09-15,PROD00762,Sports,North,4.77,16.74,-11.969999999999999,Cheaper,Significantly Cheaper,32,129.74
2023-09-15,PROD00870,Books,West,14.84,10.27,4.57,More Expensive,Significantly More Expensive,64,712.32
2023-09-15,PROD01054,Fashion,Central,14.84,32.29,-17.45,Cheaper,Significantly Cheaper,54,801.36
2023-09-15,PROD00622,Beauty,South,145.21,19.95,125.26,More Expensive,Significantly More Expensive,7,864.0
2023-09-15,PROD00016,Books,West,20.87,30.09,-9.219999999999999,Cheaper,Significantly Cheaper,22,344.36
2023-09-15,PROD01153,Home & Kitchen,West,11.82,15.02,-3.1999999999999993,Cheaper,Significantly Cheaper,29,342.78
2023-09-16,PROD01052,Electronics,Central,19.89,58.12,-38.23,Cheaper,Significantly Cheaper,55,929.86
2023-09-16,PROD00886,Home & Kitchen,South,14.06,17.72,-3.6599999999999984,Cheaper,Significantly Cheaper,34,382.43
2023-09-16,PROD00013,Sports,South,5.42,29.83,-24.409999999999997,Cheaper,Significantly Cheaper,78,380.48
2023-09-16,PROD01001,Books,Central,24.2,32.75,-8.55,Cheaper,Significantly Cheaper,7,160.93
2023-09-16,PROD01141,Grocery,East,59.87,12.24,47.629999999999995,More Expensive,Significantly More Expensive,28,1173.45
2023-09-16,PROD01079,Electronics,Central,16.14,24.16,-8.02,Cheaper,Significantly Cheaper,29,374.45
2023-09-17,PROD00397,Electronics,Central,21.68,23.6,-1.9200000000000017,Cheaper,Normal Competitive Range,50,1029.8
2023-09-17,PROD00425,Electronics,South,16.67,11.66,5.010000000000002,More Expensive,Significantly More Expensive,39,617.62
2023-09-17,PROD01139,Fashion,South,40.55,39.65,0.8999999999999986,Similar,Normal Competitive Range,37,1050.24
2023-09-17,PROD00023,Grocery,South,19.9,43.05,-23.15,Cheaper,Significantly Cheaper,95,1701.45
2023-09-17,PROD00400,Sports,West,9.09,80.21,-71.11999999999999,Cheaper,Significantly Cheaper,46,376.33
2023-09-17,PROD01070,Toys,East,66.36,24.94,41.42,More Expensive,Significantly More Expensive,15,846.09
2023-09-17,PROD00841,Home & Kitchen,East,113.09,8.3,104.79,More Expensive,Significantly More Expensive,10,1074.36
2023-09-18,PROD00398,Grocery,Central,51.28,29.93,21.35,More Expensive,Significantly More Expensive,34,1481.99
2023-09-18,PROD00976,Electronics,Central,10.56,40.7,-30.14,Cheaper,Significantly Cheaper,35,332.64
2023-09-18,PROD01190,Grocery,North,36.68,21.63,15.05,More Expensive,Significantly More Expensive,17,623.56
2023-09-18,PROD00087,Fashion,Central,31.27,58.73,-27.459999999999997,Cheaper,Significantly Cheaper,28,788.0
2023-09-19,PROD00263,Beauty,North,17.96,4.96,13.0,More Expensive,Significantly More Expensive,37,564.84
2023-09-19,PROD00445,Toys,North,34.23,25.69,8.539999999999996,More Expensive,Significantly More Expensive,14,455.26
2023-09-19,PROD00518,Home & Kitchen,South,123.49,56.79,66.69999999999999,More Expensive,Significantly More Expensive,7,648.32
2023-09-19,PROD00477,Sports,East,31.69,19.94,11.75,More Expensive,Significantly More Expensive,33,993.48
2023-09-20,PROD00796,Toys,East,47.65,30.87,16.779999999999998,More Expensive,Significantly More Expensive,14,633.74
2023-09-20,PROD00154,Grocery,North,22.21,20.72,1.490000000000002,More Expensive,Normal Competitive Range,50,888.4
2023-09-20,PROD00552,Electronics,West,58.47,19.94,38.53,More Expensive,Significantly More Expensive,23,1143.09
2023-09-20,PROD00120,Toys,East,12.68,41.36,-28.68,Cheaper,Significantly Cheaper,40,431.12
2023-09-20,PROD00468,Toys,East,35.77,113.84,-78.07,Cheaper,Significantly Cheaper,28,801.25
2023-09-20,PROD01119,Electronics,Central,28.06,52.37,-24.31,Cheaper,Significantly Cheaper,48,1346.88
2023-09-21,PROD00890,Electronics,North,86.33,43.73,42.6,More Expensive,Significantly More Expensive,16,1105.02
2023-09-21,PROD00760,Sports,Central,61.8,20.67,41.129999999999995,More Expensive,Significantly More Expensive,18,1056.78
2023-09-21,PROD00643,Toys,Central,39.3,26.38,12.919999999999998,More Expensive,Significantly More Expensive,22,864.6
2023-09-21,PROD00684,Grocery,Central,23.17,32.06,-8.89,Cheaper,Significantly Cheaper,58,1276.67
2023-09-21,PROD00742,Books,North,30.45,17.82,12.629999999999999,More Expensive,Significantly More Expensive,25,685.12
2023-09-22,PROD00034,Fashion,Central,39.58,47.47,-7.890000000000001,Cheaper,Normal Competitive Range,22,653.07
2023-09-22,PROD00257,Electronics,Central,30.55,27.72,2.830000000000002,More Expensive,Normal Competitive Range,76,1857.44
2023-09-22,PROD00429,Sports,South,17.75,24.86,-7.109999999999999,Cheaper,Significantly Cheaper,22,370.98
2023-09-22,PROD00410,Beauty,North,19.19,49.52,-30.330000000000002,Cheaper,Significantly Cheaper,39,598.73
2023-09-22,PROD00275,Grocery,West,31.41,90.57,-59.16,Cheaper,Significantly Cheaper,33,881.05
2023-09-23,PROD00375,Toys,East,30.77,44.63,-13.860000000000003,Cheaper,Significantly Cheaper,24,664.63
2023-09-24,PROD00771,Beauty,North,12.25,39.54,-27.29,Cheaper,Significantly Cheaper,42,463.05
2023-09-24,PROD00334,Grocery,Central,35.5,51.99,-16.490000000000002,Cheaper,Significantly Cheaper,28,695.8
2023-09-24,PROD00229,Books,Central,35.23,17.29,17.939999999999998,More Expensive,Significantly More Expensive,16,507.31
2023-09-24,PROD00606,Grocery,North,32.53,16.38,16.150000000000002,More Expensive,Significantly More Expensive,41,1066.98
2023-09-25,PROD00992,Home & Kitchen,East,74.89,24.4,50.49,More Expensive,Significantly More Expensive,21,1100.88
2023-09-25,PROD00426,Fashion,South,40.59,7.99,32.6,More Expensive,Significantly More Expensive,40,1298.88
2023-09-25,PROD00929,Toys,North,17.08,31.19,-14.110000000000003,Cheaper,Significantly Cheaper,40,580.72
2023-09-25,PROD00502,Electronics,North,13.77,14.22,-0.45000000000000107,Similar,Normal Competitive Range,72,941.87
2023-09-25,PROD01043,Toys,Central,39.89,19.49,20.400000000000002,More Expensive,Significantly More Expensive,22,789.82
2023-09-25,PROD00292,Books,North,27.43,126.42,-98.99000000000001,Cheaper,Significantly Cheaper,42,864.04
2023-09-25,PROD00632,Toys,North,40.07,20.9,19.17,More Expensive,Significantly More Expensive,30,1202.1
2023-09-25,PROD00256,Toys,North,31.52,37.61,-6.09,Cheaper,Normal Competitive Range,30,898.32
2023-09-25,PROD00863,Toys,South,84.09,15.14,68.95,More Expensive,Significantly More Expensive,19,1517.82
2023-09-26,PROD00665,Toys,Central,56.15,29.05,27.099999999999998,More Expensive,Significantly More Expensive,14,746.8
2023-09-26,PROD01114,Electronics,West,35.38,75.01,-39.63,Cheaper,Significantly Cheaper,24,806.66
2023-09-26,PROD01029,Fashion,East,32.78,26.56,6.220000000000002,More Expensive,Significantly More Expensive,41,1075.18
2023-09-26,PROD00461,Electronics,South,37.78,46.24,-8.46,Cheaper,Normal Competitive Range,59,2006.12
2023-09-26,PROD00675,Fashion,West,54.8,27.84,26.959999999999997,More Expensive,Significantly More Expensive,41,2022.12
2023-09-26,PROD01101,Sports,Central,40.71,23.97,16.740000000000002,More Expensive,Significantly More Expensive,25,915.98
2023-09-26,PROD01129,Electronics,South,24.25,62.95,-38.7,Cheaper,Significantly Cheaper,42,1018.5
2023-09-27,PROD00519,Home & Kitchen,West,44.42,41.92,2.5,More Expensive,Normal Competitive Range,41,1548.04
2023-09-27,PROD00704,Fashion,East,44.59,39.93,4.660000000000004,More Expensive,Normal Competitive Range,64,2425.7
2023-09-27,PROD00849,Books,North,31.04,31.47,-0.4299999999999997,Similar,Normal Competitive Range,42,1173.31
2023-09-28,PROD00098,Books,South,22.91,38.21,-15.3,Cheaper,Significantly Cheaper,36,783.52
2023-09-28,PROD01171,Electronics,Central,16.35,19.66,-3.3099999999999987,Cheaper,Normal Competitive Range,54,750.46
2023-09-28,PROD00777,Grocery,South,14.18,36.79,-22.61,Cheaper,Significantly Cheaper,39,442.42
2023-09-28,PROD00009,Sports,East,8.42,28.2,-19.78,Cheaper,Significantly Cheaper,25,168.4
2023-09-29,PROD00202,Beauty,Central,12.83,25.83,-12.999999999999998,Cheaper,Significantly Cheaper,24,292.52
2023-09-29,PROD01118,Books,South,48.69,59.95,-11.260000000000005,Cheaper,Normal Competitive Range,33,1446.09
2023-09-29,PROD00781,Grocery,Central,112.05,12.33,99.72,More Expensive,Significantly More Expensive,10,1008.45
2023-09-29,PROD00911,Toys,South,15.71,61.7,-45.99,Cheaper,Significantly Cheaper,14,197.95
2023-09-29,PROD00651,Sports,North,29.17,11.07,18.1,More Expensive,Significantly More Expensive,68,1586.85
2023-09-29,PROD00120,Electronics,North,14.2,13.47,0.7299999999999986,More Expensive,Normal Competitive Range,54,690.12
2023-09-29,PROD01087,Toys,Central,9.49,6.15,3.34,More Expensive,Significantly More Expensive,87,784.35
2023-09-30,PROD01010,Grocery,West,53.68,26.79,26.89,More Expensive,Significantly More Expensive,21,958.19
2023-09-30,PROD00083,Toys,South,26.19,21.02,5.170000000000002,More Expensive,Significantly More Expensive,44,864.27
2023-09-30,PROD00423,Grocery,North,59.49,53.57,5.920000000000002,More Expensive,Normal Competitive Range,35,1665.72
2023-09-30,PROD00348,Books,Central,23.32,29.68,-6.359999999999999,Cheaper,Significantly Cheaper,34,673.95
2023-09-30,PROD00288,Sports,East,23.46,24.45,-0.9899999999999984,Similar,Normal Competitive Range,22,387.09
2023-09-30,PROD01100,Toys,North,27.45,100.06,-72.61,Cheaper,Significantly Cheaper,44,1026.63
2023-09-30,PROD00563,Sports,Central,56.29,16.93,39.36,More Expensive,Significantly More Expensive,24,1148.32
2023-09-30,PROD00676,Sports,Central,22.12,79.08,-56.959999999999994,Cheaper,Significantly Cheaper,36,716.69
2023-09-30,PROD01097,Beauty,North,16.04,28.58,-12.54,Cheaper,Significantly Cheaper,38,579.04
2023-09-30,PROD00161,Toys,West,51.1,47.28,3.8200000000000003,More Expensive,Normal Competitive Range,22,1067.99
2023-09-30,PROD00616,Toys,West,90.15,33.79,56.36000000000001,More Expensive,Significantly More Expensive,6,513.86
2023-10-01,PROD00424,Grocery,Central,48.5,56.35,-7.850000000000001,Cheaper,Normal Competitive Range,21,967.58
2023-10-01,PROD00451,Electronics,West,15.07,65.98,-50.910000000000004,Cheaper,Significantly Cheaper,138,1663.73
2023-10-01,PROD00840,Sports,West,81.96,24.32,57.63999999999999,More Expensive,Significantly More Expensive,8,590.11
2023-10-01,PROD00346,Beauty,North,33.52,17.97,15.550000000000004,More Expensive,Significantly More Expensive,37,1240.24
2023-10-01,PROD01091,Electronics,North,27.85,20.22,7.630000000000003,More Expensive,Significantly More Expensive,38,952.47
2023-10-01,PROD00312,Toys,Central,36.27,21.12,15.150000000000002,More Expensive,Significantly More Expensive,41,1338.36
2023-10-01,PROD00153,Electronics,South,51.61,41.9,9.71,More Expensive,Significantly More Expensive,42,1734.1
2023-10-02,PROD00045,Grocery,West,33.33,80.07,-46.739999999999995,Cheaper,Significantly Cheaper,59,1474.85
2023-10-02,PROD00096,Home & Kitchen,North,20.44,11.2,9.240000000000002,More Expensive,Significantly More Expensive,80,1389.92
2023-10-02,PROD00677,Grocery,South,18.47,32.4,-13.93,Cheaper,Significantly Cheaper,78,1368.63
2023-10-02,PROD00576,Grocery,East,14.85,10.55,4.299999999999999,More Expensive,Significantly More Expensive,45,501.19
2023-10-02,PROD00243,Toys,Central,47.27,41.89,5.380000000000003,More Expensive,Normal Competitive Range,17,763.41
2023-10-02,PROD00048,Sports,Central,57.98,24.76,33.22,More Expensive,Significantly More Expensive,20,927.68
2023-10-02,PROD00364,Electronics,South,36.19,27.04,9.149999999999999,More Expensive,Significantly More Expensive,36,1237.7
2023-10-02,PROD00821,Sports,West,26.2,46.98,-20.779999999999998,Cheaper,Significantly Cheaper,57,1269.39
2023-10-02,PROD00056,Home & Kitchen,Central,21.93,18.19,3.7399999999999984,More Expensive,Significantly More Expensive,66,1375.01
2023-10-03,PROD01200,Fashion,West,51.35,32.79,18.560000000000002,More Expensive,Significantly More Expensive,45,2195.21
2023-10-03,PROD00970,Home & Kitchen,East,63.22,14.42,48.8,More Expensive,Significantly More Expensive,26,1397.16
2023-10-03,PROD00908,Toys,West,26.74,31.63,-4.890000000000001,Cheaper,Normal Competitive Range,38,812.9
2023-10-03,PROD00089,Toys,West,26.81,81.24,-54.42999999999999,Cheaper,Significantly Cheaper,31,748.0
2023-10-03,PROD01141,Home & Kitchen,East,49.29,17.67,31.619999999999997,More Expensive,Significantly More Expensive,53,1959.28
2023-10-03,PROD00905,Beauty,East,20.87,19.79,1.0800000000000018,More Expensive,Normal Competitive Range,57,951.67
2023-10-03,PROD00606,Grocery,Central,9.84,42.72,-32.879999999999995,Cheaper,Significantly Cheaper,58,513.65
2023-10-03,PROD00288,Toys,East,59.92,50.99,8.93,More Expensive,Normal Competitive Range,19,910.78
2023-10-03,PROD01087,Beauty,East,8.35,20.2,-11.85,Cheaper,Significantly Cheaper,43,269.29
2023-10-03,PROD00555,Electronics,West,13.09,30.2,-17.11,Cheaper,Significantly Cheaper,73,955.57
2023-10-04,PROD01173,Grocery,North,23.36,10.5,12.86,More Expensive,Significantly More Expensive,31,543.12
2023-10-04,PROD00037,Home & Kitchen,Central,56.24,7.87,48.370000000000005,More Expensive,Significantly More Expensive,14,708.62
2023-10-04,PROD00745,Home & Kitchen,North,102.13,14.13,88.0,More Expensive,Significantly More Expensive,7,536.18
2023-10-04,PROD00193,Books,North,25.06,54.51,-29.45,Cheaper,Significantly Cheaper,48,902.16
2023-10-04,PROD00863,Beauty,South,6.33,59.58,-53.25,Cheaper,Significantly Cheaper,109,586.47
2023-10-05,PROD01159,Beauty,Central,13.23,23.35,-10.120000000000001,Cheaper,Significantly Cheaper,110,1309.77
2023-10-05,PROD00842,Beauty,East,59.71,45.24,14.469999999999999,More Expensive,Significantly More Expensive,34,1624.11
2023-10-05,PROD00819,Toys,Central,25.29,38.45,-13.160000000000004,Cheaper,Significantly Cheaper,21,424.87
2023-10-06,PROD00166,Toys,Central,39.25,134.46,-95.21000000000001,Cheaper,Significantly Cheaper,34,1201.05
2023-10-06,PROD00833,Electronics,East,13.29,23.82,-10.530000000000001,Cheaper,Significantly Cheaper,41,544.89
2023-10-06,PROD00864,Electronics,North,7.07,50.98,-43.91,Cheaper,Significantly Cheaper,37,209.27
2023-10-06,PROD00653,Electronics,East,20.48,31.69,-11.21,Cheaper,Significantly Cheaper,73,1196.03
2023-10-06,PROD00542,Books,North,172.39,106.27,66.11999999999999,More Expensive,Significantly More Expensive,2,327.54
2023-10-07,PROD00619,Home & Kitchen,Central,70.19,50.84,19.349999999999994,More Expensive,Significantly More Expensive,17,1073.91
2023-10-07,PROD01049,Fashion,South,176.75,26.83,149.92000000000002,More Expensive,Significantly More Expensive,3,503.74
2023-10-07,PROD01181,Toys,South,25.91,53.18,-27.27,Cheaper,Significantly Cheaper,32,621.84
2023-10-07,PROD01061,Books,Central,48.54,79.58,-31.04,Cheaper,Significantly Cheaper,28,1223.21
2023-10-07,PROD00115,Grocery,East,30.66,38.37,-7.709999999999997,Cheaper,Significantly Cheaper,49,1502.34
2023-10-07,PROD00087,Grocery,West,28.85,21.34,7.510000000000002,More Expensive,Significantly More Expensive,23,630.37
2023-10-07,PROD00721,Electronics,East,64.43,43.32,21.110000000000007,More Expensive,Significantly More Expensive,45,2174.51
2023-10-07,PROD00807,Fashion,Central,83.33,62.87,20.46,More Expensive,Significantly More Expensive,19,1345.78
2023-10-07,PROD00019,Books,North,60.12,74.54,-14.420000000000009,Cheaper,Normal Competitive Range,15,721.44
2023-10-08,PROD00971,Grocery,North,29.25,41.52,-12.270000000000003,Cheaper,Significantly Cheaper,79,1848.6
2023-10-08,PROD00881,Grocery,East,121.4,62.82,58.580000000000005,More Expensive,Significantly More Expensive,18,1857.42
2023-10-08,PROD00151,Electronics,North,49.33,24.02,25.31,More Expensive,Significantly More Expensive,25,986.6
2023-10-08,PROD01150,Grocery,East,19.34,31.1,-11.760000000000002,Cheaper,Significantly Cheaper,27,496.07
2023-10-08,PROD01199,Sports,West,21.96,12.44,9.520000000000001,More Expensive,Significantly More Expensive,22,410.65
2023-10-08,PROD00308,Books,South,67.23,27.22,40.010000000000005,More Expensive,Significantly More Expensive,10,605.07
2023-10-08,PROD00778,Books,East,78.97,59.04,19.93,More Expensive,Significantly More Expensive,7,497.51
2023-10-09,PROD00063,Fashion,East,28.23,13.25,14.98,More Expensive,Significantly More Expensive,22,621.06
2023-10-09,PROD00376,Home & Kitchen,North,21.26,31.29,-10.029999999999998,Cheaper,Significantly Cheaper,24,459.22
2023-10-09,PROD00632,Books,North,31.97,17.05,14.919999999999998,More Expensive,Significantly More Expensive,28,760.89
2023-10-09,PROD00448,Beauty,Central,20.71,16.09,4.620000000000001,More Expensive,Significantly More Expensive,63,913.31
2023-10-09,PROD00704,Electronics,North,38.64,10.65,27.990000000000002,More Expensive,Significantly More Expensive,82,2851.63
2023-10-09,PROD01093,Sports,North,17.15,36.67,-19.520000000000003,Cheaper,Significantly Cheaper,67,1091.6
2023-10-09,PROD00804,Electronics,North,36.14,28.03,8.11,More Expensive,Significantly More Expensive,41,1333.57
2023-10-09,PROD00680,Sports,North,15.57,26.21,-10.64,Cheaper,Significantly Cheaper,39,546.51
2023-10-10,PROD00616,Sports,East,27.65,43.41,-15.759999999999998,Cheaper,Significantly Cheaper,32,884.8
2023-10-10,PROD01061,Fashion,North,25.32,65.48,-40.160000000000004,Cheaper,Significantly Cheaper,53,1207.76
2023-10-10,PROD00996,Sports,Central,49.48,66.12,-16.640000000000008,Cheaper,Significantly Cheaper,34,1177.62
2023-10-10,PROD00248,Grocery,North,34.48,50.96,-16.480000000000004,Cheaper,Significantly Cheaper,45,1086.12
2023-10-10,PROD00593,Grocery,South,11.94,50.37,-38.43,Cheaper,Significantly Cheaper,128,1528.32
2023-10-10,PROD00569,Electronics,Central,31.93,40.8,-8.869999999999997,Cheaper,Significantly Cheaper,51,1384.17
2023-10-10,PROD00563,Fashion,Central,21.5,19.41,2.09,More Expensive,Normal Competitive Range,38,776.15
2023-10-11,PROD00491,Fashion,East,54.84,24.97,29.870000000000005,More Expensive,Significantly More Expensive,14,690.98
2023-10-11,PROD01044,Beauty,East,46.45,40.06,6.390000000000001,More Expensive,Normal Competitive Range,30,1184.47
2023-10-11,PROD00084,Sports,Central,64.45,13.76,50.690000000000005,More Expensive,Significantly More Expensive,25,1369.56
2023-10-12,PROD00240,Fashion,East,37.24,21.69,15.55,More Expensive,Significantly More Expensive,40,1117.2
2023-10-12,PROD00873,Fashion,South,24.99,20.8,4.189999999999998,More Expensive,Significantly More Expensive,86,2149.14
2023-10-12,PROD01060,Beauty,Central,43.85,8.73,35.120000000000005,More Expensive,Significantly More Expensive,32,1192.72
2023-10-13,PROD01096,Electronics,North,62.65,30.0,32.65,More Expensive,Significantly More Expensive,35,1863.84
2023-10-13,PROD00138,Books,West,38.03,33.99,4.039999999999999,More Expensive,Normal Competitive Range,37,1196.04
2023-10-13,PROD00880,Beauty,West,64.01,28.84,35.17,More Expensive,Significantly More Expensive,35,2128.33
2023-10-13,PROD00733,Grocery,East,52.29,33.23,19.060000000000002,More Expensive,Significantly More Expensive,25,915.08
2023-10-14,PROD00893,Electronics,Central,31.91,33.1,-1.1900000000000013,Similar,Normal Competitive Range,21,603.1
2023-10-14,PROD00767,Books,South,16.64,62.29,-45.65,Cheaper,Significantly Cheaper,30,399.36
2023-10-14,PROD01168,Grocery,West,25.26,42.4,-17.139999999999997,Cheaper,Significantly Cheaper,84,2015.75
2023-10-14,PROD00031,Electronics,Central,85.4,52.61,32.790000000000006,More Expensive,Significantly More Expensive,23,1669.57
2023-10-14,PROD00056,Home & Kitchen,East,24.23,11.73,12.5,More Expensive,Significantly More Expensive,56,1085.5
2023-10-14,PROD01104,Toys,West,57.34,8.78,48.56,More Expensive,Significantly More Expensive,17,828.56
2023-10-15,PROD00255,Home & Kitchen,West,24.68,18.32,6.359999999999999,More Expensive,Significantly More Expensive,27,499.77
2023-10-15,PROD01001,Electronics,West,27.78,26.13,1.6500000000000021,More Expensive,Normal Competitive Range,29,684.78
2023-10-15,PROD00242,Grocery,North,56.74,36.17,20.57,More Expensive,Significantly More Expensive,43,1707.87
2023-10-15,PROD01129,Home & Kitchen,East,32.62,23.58,9.04,More Expensive,Significantly More Expensive,43,1192.26
2023-10-15,PROD01158,Electronics,South,43.01,23.95,19.06,More Expensive,Significantly More Expensive,50,1827.92
2023-10-15,PROD00751,Beauty,East,27.68,51.05,-23.369999999999997,Cheaper,Significantly Cheaper,28,581.28
2023-10-15,PROD00133,Fashion,East,19.32,26.3,-6.98,Cheaper,Significantly Cheaper,51,985.32
2023-10-17,PROD00227,Home & Kitchen,North,29.39,34.77,-5.380000000000003,Cheaper,Normal Competitive Range,65,1528.28
2023-10-17,PROD01167,Grocery,East,11.89,31.67,-19.78,Cheaper,Significantly Cheaper,113,1209.21
2023-10-18,PROD00452,Grocery,Central,40.09,84.85,-44.75999999999999,Cheaper,Significantly Cheaper,39,1407.16
2023-10-18,PROD00396,Grocery,South,61.3,25.88,35.42,More Expensive,Significantly More Expensive,26,1514.11
2023-10-18,PROD00877,Home & Kitchen,South,35.08,28.69,6.389999999999997,More Expensive,Significantly More Expensive,27,852.44
2023-10-18,PROD00273,Electronics,West,18.44,12.56,5.880000000000001,More Expensive,Significantly More Expensive,75,1383.0
2023-10-18,PROD00227,Sports,North,36.04,35.87,0.1700000000000017,Similar,Normal Competitive Range,68,2083.11
2023-10-19,PROD00313,Books,West,78.79,34.03,44.760000000000005,More Expensive,Significantly More Expensive,11,823.36
2023-10-19,PROD01031,Sports,North,117.37,15.04,102.33000000000001,More Expensive,Significantly More Expensive,4,422.53
2023-10-19,PROD00632,Fashion,West,52.35,36.36,15.990000000000002,More Expensive,Significantly More Expensive,29,1442.24
2023-10-19,PROD00534,Toys,Central,36.59,54.25,-17.659999999999997,Cheaper,Significantly Cheaper,26,856.21
2023-10-19,PROD00322,Beauty,Central,81.91,13.86,68.05,More Expensive,Significantly More Expensive,15,921.49
2023-10-19,PROD00048,Toys,North,154.96,11.47,143.49,More Expensive,Significantly More Expensive,3,395.15
2023-10-19,PROD00601,Books,West,86.34,29.01,57.33,More Expensive,Significantly More Expensive,7,543.94
2023-10-19,PROD00112,Grocery,South,21.57,37.86,-16.29,Cheaper,Significantly Cheaper,59,1081.74
2023-10-19,PROD00884,Electronics,South,29.26,13.88,15.38,More Expensive,Significantly More Expensive,38,1056.29
2023-10-20,PROD00633,Beauty,North,30.4,23.17,7.229999999999997,More Expensive,Significantly More Expensive,51,1395.36
2023-10-20,PROD00957,Toys,Central,43.22,12.88,30.339999999999996,More Expensive,Significantly More Expensive,21,726.1
2023-10-20,PROD00693,Electronics,North,21.69,30.87,-9.18,Cheaper,Significantly Cheaper,68,1327.43
2023-10-21,PROD00520,Beauty,South,11.23,62.67,-51.44,Cheaper,Significantly Cheaper,54,576.1
2023-10-21,PROD01129,Home & Kitchen,East,49.97,21.42,28.549999999999997,More Expensive,Significantly More Expensive,14,594.64
2023-10-21,PROD01056,Books,South,36.88,44.13,-7.25,Cheaper,Normal Competitive Range,32,944.13
2023-10-21,PROD00857,Electronics,East,24.33,17.35,6.979999999999997,More Expensive,Significantly More Expensive,46,951.3
2023-10-22,PROD01154,Electronics,South,22.07,16.52,5.550000000000001,More Expensive,Significantly More Expensive,79,1220.47
2023-10-22,PROD00609,Toys,Central,20.59,31.35,-10.760000000000002,Cheaper,Significantly Cheaper,48,691.82
2023-10-22,PROD00834,Beauty,Central,13.75,83.57,-69.82,Cheaper,Significantly Cheaper,47,549.31
2023-10-22,PROD00354,Electronics,Central,56.58,87.56,-30.980000000000004,Cheaper,Significantly Cheaper,26,1323.97
2023-10-22,PROD00542,Home & Kitchen,West,18.78,33.79,-15.009999999999998,Cheaper,Significantly Cheaper,34,542.74
2023-10-22,PROD00005,Books,North,12.44,125.55,-113.11,Cheaper,Significantly Cheaper,40,348.32
2023-10-22,PROD00171,Grocery,East,20.37,13.31,7.0600000000000005,More Expensive,Significantly More Expensive,74,1281.27
2023-10-22,PROD01186,Home & Kitchen,West,82.56,45.7,36.86,More Expensive,Significantly More Expensive,25,1857.6
2023-10-23,PROD00485,Toys,North,28.21,48.61,-20.4,Cheaper,Significantly Cheaper,19,509.19
2023-10-23,PROD01080,Grocery,Central,34.13,8.31,25.82,More Expensive,Significantly More Expensive,30,1023.9
2023-10-23,PROD00680,Toys,North,79.62,31.79,47.830000000000005,More Expensive,Significantly More Expensive,12,859.9
2023-10-23,PROD01182,Grocery,South,16.79,23.23,-6.440000000000001,Cheaper,Significantly Cheaper,29,438.22
2023-10-23,PROD00104,Electronics,Central,26.97,14.45,12.52,More Expensive,Significantly More Expensive,43,1043.74
2023-10-23,PROD00539,Grocery,North,21.67,34.76,-13.089999999999996,Cheaper,Significantly Cheaper,45,780.12
2023-10-23,PROD00323,Fashion,North,7.25,53.75,-46.5,Cheaper,Significantly Cheaper,52,320.45
2023-10-23,PROD00279,Home & Kitchen,East,29.36,39.86,-10.5,Cheaper,Significantly Cheaper,46,1080.45
2023-10-24,PROD01003,Books,North,55.3,22.46,32.839999999999996,More Expensive,Significantly More Expensive,10,497.7
2023-10-24,PROD00531,Toys,Central,20.76,12.64,8.120000000000001,More Expensive,Significantly More Expensive,42,741.13
2023-10-24,PROD00804,Beauty,South,67.09,80.17,-13.079999999999998,Cheaper,Normal Competitive Range,17,1083.5
2023-10-24,PROD00519,Home & Kitchen,Central,22.54,46.91,-24.369999999999997,Cheaper,Significantly Cheaper,67,1208.14
2023-10-24,PROD00115,Sports,East,29.11,47.57,-18.46,Cheaper,Significantly Cheaper,30,654.97
2023-10-25,PROD01124,Electronics,East,32.4,23.25,9.149999999999999,More Expensive,Significantly More Expensive,80,2203.2
2023-10-25,PROD00474,Beauty,West,71.49,31.31,40.17999999999999,More Expensive,Significantly More Expensive,39,2369.89
2023-10-25,PROD00255,Fashion,Central,74.33,49.18,25.15,More Expensive,Significantly More Expensive,22,1635.26
2023-10-25,PROD00355,Grocery,South,55.19,35.57,19.619999999999997,More Expensive,Significantly More Expensive,58,2560.82
2023-10-25,PROD00301,Books,North,34.35,10.67,23.68,More Expensive,Significantly More Expensive,17,583.95
2023-10-25,PROD01034,Home & Kitchen,Central,95.56,24.8,70.76,More Expensive,Significantly More Expensive,17,1299.62
2023-10-25,PROD00377,Grocery,Central,13.94,37.95,-24.010000000000005,Cheaper,Significantly Cheaper,56,585.48
2023-10-26,PROD00179,Sports,South,38.2,17.84,20.360000000000003,More Expensive,Significantly More Expensive,54,1650.24
2023-10-26,PROD01049,Beauty,North,14.79,49.13,-34.34,Cheaper,Significantly Cheaper,52,538.36
2023-10-26,PROD00686,Books,South,18.07,63.68,-45.61,Cheaper,Significantly Cheaper,66,954.1
2023-10-26,PROD00024,Beauty,East,26.03,39.05,-13.019999999999996,Cheaper,Significantly Cheaper,53,1034.69
2023-10-26,PROD01056,Toys,North,7.66,44.09,-36.43000000000001,Cheaper,Significantly Cheaper,24,147.07
2023-10-26,PROD00430,Sports,Central,11.38,16.92,-5.540000000000001,Cheaper,Significantly Cheaper,34,309.54
2023-10-27,PROD00814,Sports,East,14.68,40.29,-25.61,Cheaper,Significantly Cheaper,55,686.29
2023-10-27,PROD00447,Sports,North,51.14,59.24,-8.100000000000001,Cheaper,Normal Competitive Range,12,552.31
2023-10-27,PROD01116,Sports,South,27.78,28.87,-1.0899999999999999,Similar,Normal Competitive Range,22,550.04
2023-10-27,PROD00658,Beauty,East,17.39,39.89,-22.5,Cheaper,Significantly Cheaper,20,313.02
2023-10-27,PROD00597,Sports,South,26.02,48.03,-22.01,Cheaper,Significantly Cheaper,54,1334.83
2023-10-27,PROD00976,Beauty,Central,24.13,24.62,-0.490000000000002,Similar,Normal Competitive Range,25,422.28
2023-10-27,PROD00060,Books,Central,40.06,60.39,-20.33,Cheaper,Significantly Cheaper,33,1123.68
2023-10-27,PROD01046,Toys,North,23.21,7.96,15.25,More Expensive,Significantly More Expensive,27,595.34
2023-10-28,PROD00169,Grocery,Central,145.64,12.84,132.79999999999998,More Expensive,Significantly More Expensive,3,393.23
2023-10-28,PROD00945,Sports,Central,36.76,69.29,-32.53000000000001,Cheaper,Significantly Cheaper,33,1152.43
2023-10-28,PROD00086,Sports,South,52.32,11.87,40.45,More Expensive,Significantly More Expensive,25,1111.8
2023-10-28,PROD00297,Beauty,North,20.89,17.72,3.1700000000000017,More Expensive,Normal Competitive Range,50,783.38
2023-10-29,PROD00480,Fashion,Central,20.4,22.88,-2.4800000000000004,Cheaper,Normal Competitive Range,44,807.84
2023-10-29,PROD00299,Beauty,West,35.61,25.82,9.79,More Expensive,Significantly More Expensive,12,363.22
2023-10-29,PROD00623,Beauty,South,19.15,37.15,-18.0,Cheaper,Significantly Cheaper,52,846.43
2023-10-29,PROD00415,Sports,Central,24.58,44.15,-19.57,Cheaper,Significantly Cheaper,20,467.02
2023-10-29,PROD00907,Sports,West,23.18,45.11,-21.93,Cheaper,Significantly Cheaper,28,649.04
2023-10-29,PROD00689,Toys,East,19.9,41.79,-21.89,Cheaper,Significantly Cheaper,35,626.85
2023-10-30,PROD00094,Home & Kitchen,North,18.45,19.45,-1.0,Cheaper,Normal Competitive Range,55,761.06
2023-10-30,PROD01020,Fashion,South,39.16,26.32,12.839999999999996,More Expensive,Significantly More Expensive,49,1822.9
2023-10-30,PROD00735,Electronics,North,17.96,72.88,-54.919999999999995,Cheaper,Significantly Cheaper,86,1390.1
2023-10-30,PROD00985,Fashion,Central,30.18,12.81,17.369999999999997,More Expensive,Significantly More Expensive,29,787.7
2023-10-30,PROD00134,Electronics,Central,10.24,24.54,-14.299999999999999,Cheaper,Significantly Cheaper,39,319.49
2023-10-31,PROD00428,Grocery,West,27.98,15.33,12.65,More Expensive,Significantly More Expensive,27,642.14
2023-10-31,PROD00400,Books,East,31.84,33.02,-1.1800000000000033,Similar,Normal Competitive Range,41,1044.35
2023-10-31,PROD00707,Sports,North,34.84,30.74,4.100000000000005,More Expensive,Normal Competitive Range,49,1195.01
2023-10-31,PROD00438,Electronics,East,14.95,16.31,-1.3599999999999994,Cheaper,Normal Competitive Range,51,762.45
2023-11-01,PROD00042,Grocery,Central,9.14,7.31,1.830000000000001,More Expensive,Significantly More Expensive,57,520.98
2023-11-01,PROD00976,Fashion,South,31.56,22.04,9.52,More Expensive,Significantly More Expensive,72,2272.32
2023-11-01,PROD00678,Beauty,North,29.11,29.41,-0.3000000000000007,Similar,Normal Competitive Range,40,989.74
2023-11-01,PROD01182,Toys,East,35.77,47.83,-12.059999999999995,Cheaper,Significantly Cheaper,15,456.07
2023-11-01,PROD01050,Beauty,East,5.42,91.68,-86.26,Cheaper,Significantly Cheaper,125,609.75
2023-11-02,PROD00144,Beauty,South,28.43,85.87,-57.440000000000005,Cheaper,Significantly Cheaper,28,676.63
2023-11-02,PROD00129,Beauty,East,7.63,15.16,-7.53,Cheaper,Significantly Cheaper,111,762.24
2023-11-02,PROD01133,Grocery,East,29.0,21.99,7.010000000000002,More Expensive,Significantly More Expensive,70,1522.5
2023-11-02,PROD01003,Sports,West,15.18,94.98,-79.80000000000001,Cheaper,Significantly Cheaper,53,683.86
2023-11-02,PROD00106,Sports,South,25.45,51.39,-25.94,Cheaper,Significantly Cheaper,79,1708.97
2023-11-02,PROD00763,Toys,East,34.64,21.16,13.48,More Expensive,Significantly More Expensive,28,872.93
2023-11-02,PROD00666,Fashion,East,80.5,86.84,-6.340000000000003,Cheaper,Normal Competitive Range,10,724.5
2023-11-02,PROD00705,Electronics,East,18.98,22.63,-3.6499999999999986,Cheaper,Normal Competitive Range,36,580.79
2023-11-03,PROD00132,Fashion,East,22.02,69.17,-47.150000000000006,Cheaper,Significantly Cheaper,24,475.63
2023-11-03,PROD00606,Fashion,South,102.66,51.38,51.279999999999994,More Expensive,Significantly More Expensive,22,1919.74
2023-11-03,PROD00539,Sports,South,36.04,79.87,-43.830000000000005,Cheaper,Significantly Cheaper,60,1838.04
2023-11-04,PROD00553,Grocery,North,19.31,93.48,-74.17,Cheaper,Significantly Cheaper,37,571.58
2023-11-04,PROD00596,Electronics,South,48.58,24.0,24.58,More Expensive,Significantly More Expensive,39,1610.43
2023-11-04,PROD00324,Home & Kitchen,South,16.36,13.87,2.49,More Expensive,Normal Competitive Range,94,1384.06
2023-11-04,PROD00771,Sports,South,46.64,44.87,1.7700000000000031,Similar,Normal Competitive Range,27,1133.35
2023-11-05,PROD00999,Fashion,Central,31.81,18.34,13.469999999999999,More Expensive,Significantly More Expensive,50,1351.92
2023-11-05,PROD00108,Sports,North,35.0,17.97,17.03,More Expensive,Significantly More Expensive,25,700.0
2023-11-05,PROD00507,Toys,West,143.37,30.32,113.05000000000001,More Expensive,Significantly More Expensive,10,1218.64
2023-11-05,PROD00297,Toys,West,34.44,60.5,-26.060000000000002,Cheaper,Significantly Cheaper,28,867.89
2023-11-05,PROD00880,Fashion,East,16.54,36.71,-20.17,Cheaper,Significantly Cheaper,43,568.98
2023-11-05,PROD00583,Sports,West,63.21,48.57,14.64,More Expensive,Significantly More Expensive,25,1264.2
2023-11-05,PROD00222,Toys,West,50.05,23.46,26.589999999999996,More Expensive,Significantly More Expensive,11,495.49
2023-11-06,PROD00633,Fashion,Central,49.98,35.87,14.11,More Expensive,Significantly More Expensive,57,2279.09
2023-11-06,PROD00035,Sports,West,44.23,25.68,18.549999999999997,More Expensive,Significantly More Expensive,23,813.83
2023-11-06,PROD00560,Books,Central,31.23,59.58,-28.349999999999998,Cheaper,Significantly Cheaper,33,979.06
2023-11-07,PROD00402,Grocery,North,76.52,111.03,-34.510000000000005,Cheaper,Significantly Cheaper,13,945.02
2023-11-07,PROD00097,Beauty,North,34.66,29.9,4.759999999999998,More Expensive,Normal Competitive Range,51,1767.66
2023-11-07,PROD00975,Home & Kitchen,West,26.83,12.48,14.349999999999998,More Expensive,Significantly More Expensive,42,901.49
2023-11-08,PROD00718,Books,South,21.37,39.73,-18.359999999999996,Cheaper,Significantly Cheaper,51,1035.38
2023-11-08,PROD01182,Electronics,Central,8.24,26.63,-18.39,Cheaper,Significantly Cheaper,52,407.06
2023-11-09,PROD00367,Toys,West,27.08,64.09,-37.010000000000005,Cheaper,Significantly Cheaper,44,953.22
2023-11-09,PROD00700,Fashion,South,22.55,25.5,-2.9499999999999993,Cheaper,Normal Competitive Range,28,599.83
2023-11-09,PROD00885,Fashion,Central,42.78,30.31,12.470000000000002,More Expensive,Significantly More Expensive,19,731.54
2023-11-09,PROD00301,Home & Kitchen,West,113.23,75.13,38.10000000000001,More Expensive,Significantly More Expensive,9,815.26
2023-11-09,PROD00226,Books,East,46.2,26.64,19.560000000000002,More Expensive,Significantly More Expensive,9,332.64
2023-11-09,PROD00165,Beauty,North,35.69,18.8,16.889999999999997,More Expensive,Significantly More Expensive,14,499.66
2023-11-09,PROD00608,Fashion,East,46.23,28.05,18.179999999999996,More Expensive,Significantly More Expensive,30,1317.55
2023-11-09,PROD00008,Fashion,Central,32.58,58.07,-25.490000000000002,Cheaper,Significantly Cheaper,44,1218.49
2023-11-10,PROD00042,Books,South,17.95,15.92,2.0299999999999994,More Expensive,Normal Competitive Range,32,459.52
2023-11-10,PROD00520,Books,West,27.27,23.65,3.620000000000001,More Expensive,Normal Competitive Range,55,1424.86
2023-11-10,PROD00937,Toys,East,18.03,50.22,-32.19,Cheaper,Significantly Cheaper,65,1054.76
2023-11-10,PROD00850,Sports,North,9.85,12.46,-2.610000000000001,Cheaper,Significantly Cheaper,51,452.11
2023-11-10,PROD00298,Home & Kitchen,South,48.05,19.87,28.179999999999996,More Expensive,Significantly More Expensive,28,1143.59
2023-11-10,PROD01047,Toys,North,19.88,23.64,-3.7600000000000016,Cheaper,Normal Competitive Range,29,490.04
2023-11-11,PROD00575,Toys,East,62.52,49.07,13.450000000000003,More Expensive,Significantly More Expensive,7,415.76
2023-11-11,PROD00324,Beauty,South,11.1,32.74,-21.64,Cheaper,Significantly Cheaper,87,820.84
2023-11-11,PROD00370,Fashion,South,17.23,26.54,-9.309999999999999,Cheaper,Significantly Cheaper,55,805.5
2023-11-12,PROD00178,Grocery,East,46.88,58.19,-11.309999999999995,Cheaper,Normal Competitive Range,22,979.79
2023-11-12,PROD00534,Electronics,Central,18.27,17.61,0.6600000000000001,Similar,Normal Competitive Range,47,815.76
2023-11-12,PROD00644,Grocery,West,10.37,9.54,0.8300000000000001,More Expensive,Normal Competitive Range,122,885.6
2023-11-12,PROD00820,Books,Central,51.82,34.48,17.340000000000003,More Expensive,Significantly More Expensive,11,541.52
2023-11-12,PROD00356,Toys,East,29.33,31.79,-2.460000000000001,Cheaper,Normal Competitive Range,30,747.92
2023-11-12,PROD00922,Home & Kitchen,Central,23.02,11.12,11.9,More Expensive,Significantly More Expensive,26,538.67
2023-11-12,PROD00111,Home & Kitchen,West,14.63,13.92,0.7100000000000009,More Expensive,Normal Competitive Range,35,460.85
2023-11-13,PROD00734,Electronics,West,23.77,9.4,14.37,More Expensive,Significantly More Expensive,25,594.25
2023-11-13,PROD00589,Fashion,North,65.27,22.24,43.03,More Expensive,Significantly More Expensive,15,734.29
2023-11-14,PROD00101,Electronics,Central,31.69,40.59,-8.900000000000002,Cheaper,Significantly Cheaper,21,632.22
2023-11-14,PROD00280,Books,West,16.09,21.85,-5.760000000000002,Cheaper,Significantly Cheaper,48,772.32
2023-11-14,PROD00030,Electronics,East,34.03,59.77,-25.740000000000002,Cheaper,Significantly Cheaper,65,1769.56
2023-11-14,PROD00199,Sports,South,28.18,4.36,23.82,More Expensive,Significantly More Expensive,33,836.95
2023-11-14,PROD00524,Electronics,South,65.17,44.83,20.340000000000003,More Expensive,Significantly More Expensive,26,1609.7
2023-11-14,PROD00042,Beauty,North,18.25,44.75,-26.5,Cheaper,Significantly Cheaper,25,433.44
2023-11-14,PROD01040,Electronics,North,18.73,14.86,3.870000000000001,More Expensive,Significantly More Expensive,45,800.71
2023-11-14,PROD00232,Fashion,Central,23.61,21.89,1.7199999999999989,More Expensive,Normal Competitive Range,34,722.47
2023-11-14,PROD00214,Beauty,Central,69.91,18.54,51.37,More Expensive,Significantly More Expensive,9,503.35
2023-11-14,PROD00450,Electronics,East,49.48,39.37,10.11,More Expensive,Significantly More Expensive,46,2048.47
2023-11-14,PROD00345,Home & Kitchen,North,21.79,18.5,3.289999999999999,More Expensive,Normal Competitive Range,55,1018.68
2023-11-15,PROD00573,Grocery,West,36.35,42.44,-6.089999999999996,Cheaper,Normal Competitive Range,25,908.75
2023-11-15,PROD00620,Fashion,East,76.18,31.66,44.52000000000001,More Expensive,Significantly More Expensive,35,2133.04
2023-11-15,PROD00747,Sports,North,35.26,35.86,-0.6000000000000014,Similar,Normal Competitive Range,33,814.51
2023-11-15,PROD00897,Electronics,West,34.96,39.75,-4.789999999999999,Cheaper,Normal Competitive Range,38,1328.48
2023-11-16,PROD00733,Electronics,West,115.58,32.53,83.05,More Expensive,Significantly More Expensive,7,687.7
2023-11-16,PROD00515,Sports,Central,50.08,36.06,14.019999999999996,More Expensive,Significantly More Expensive,25,1252.0
2023-11-16,PROD00927,Grocery,Central,42.29,22.67,19.619999999999997,More Expensive,Significantly More Expensive,46,1361.74
2023-11-16,PROD01184,Sports,East,63.59,20.18,43.410000000000004,More Expensive,Significantly More Expensive,25,1589.75
2023-11-16,PROD00860,Grocery,Central,34.73,57.14,-22.410000000000004,Cheaper,Significantly Cheaper,69,2396.37
2023-11-17,PROD00950,Books,North,76.26,110.52,-34.25999999999999,Cheaper,Significantly Cheaper,4,244.03
2023-11-17,PROD00160,Beauty,East,45.07,35.68,9.39,More Expensive,Significantly More Expensive,19,685.06
2023-11-17,PROD00875,Electronics,West,121.0,85.95,35.05,More Expensive,Significantly More Expensive,7,762.3
2023-11-17,PROD00489,Fashion,North,245.65,26.69,218.96,More Expensive,Significantly More Expensive,1,233.37
2023-11-17,PROD00333,Home & Kitchen,South,10.26,25.82,-15.56,Cheaper,Significantly Cheaper,44,361.15
2023-11-17,PROD01171,Grocery,North,20.95,24.7,-3.75,Cheaper,Normal Competitive Range,36,754.2
2023-11-18,PROD00811,Books,West,49.11,23.74,25.37,More Expensive,Significantly More Expensive,13,574.59
2023-11-18,PROD00014,Books,South,6.54,21.39,-14.850000000000001,Cheaper,Significantly Cheaper,29,170.69
2023-11-18,PROD01068,Fashion,East,14.61,43.5,-28.89,Cheaper,Significantly Cheaper,56,695.44
2023-11-18,PROD00149,Sports,Central,98.81,18.17,80.64,More Expensive,Significantly More Expensive,22,1847.75
2023-11-18,PROD00157,Fashion,Central,27.19,165.71,-138.52,Cheaper,Significantly Cheaper,49,1199.08
2023-11-19,PROD00220,Beauty,East,49.14,70.36,-21.22,Cheaper,Significantly Cheaper,29,1211.3
2023-11-19,PROD00851,Books,East,28.84,19.57,9.27,More Expensive,Significantly More Expensive,40,980.56
2023-11-19,PROD00229,Grocery,South,50.96,6.9,44.06,More Expensive,Significantly More Expensive,21,856.13
2023-11-19,PROD00883,Electronics,West,23.58,13.62,9.959999999999999,More Expensive,Significantly More Expensive,85,1904.08
2023-11-19,PROD00706,Sports,North,57.31,31.13,26.180000000000003,More Expensive,Significantly More Expensive,17,925.56
2023-11-19,PROD00457,Toys,South,43.43,105.4,-61.970000000000006,Cheaper,Significantly Cheaper,20,651.45
2023-11-20,PROD00893,Toys,West,54.0,47.51,6.490000000000002,More Expensive,Normal Competitive Range,22,1009.8
2023-11-20,PROD00412,Sports,Central,28.4,8.24,20.159999999999997,More Expensive,Significantly More Expensive,45,894.6
2023-11-20,PROD00678,Grocery,Central,74.9,20.46,54.440000000000005,More Expensive,Significantly More Expensive,6,359.52
2023-11-20,PROD00406,Electronics,South,33.98,54.35,-20.370000000000005,Cheaper,Significantly Cheaper,29,936.15
2023-11-20,PROD00904,Beauty,East,76.05,14.86,61.19,More Expensive,Significantly More Expensive,21,1597.05
2023-11-20,PROD00937,Home & Kitchen,South,8.31,22.66,-14.35,Cheaper,Significantly Cheaper,37,230.6
2023-11-20,PROD00644,Home & Kitchen,Central,40.85,24.38,16.470000000000002,More Expensive,Significantly More Expensive,31,1266.35
2023-11-20,PROD00483,Beauty,East,37.65,36.18,1.4699999999999989,Similar,Normal Competitive Range,21,711.58
2023-11-20,PROD00178,Toys,West,13.43,14.77,-1.3399999999999999,Cheaper,Normal Competitive Range,32,429.76
2023-11-21,PROD00470,Sports,North,45.34,46.4,-1.0599999999999952,Similar,Normal Competitive Range,11,498.74
2023-11-21,PROD01133,Beauty,Central,26.05,5.62,20.43,More Expensive,Significantly More Expensive,65,1185.27
2023-11-21,PROD00405,Toys,Central,17.49,47.14,-29.650000000000002,Cheaper,Significantly Cheaper,37,550.06
2023-11-22,PROD00287,Books,South,38.17,10.25,27.92,More Expensive,Significantly More Expensive,22,671.79
2023-11-22,PROD00253,Books,South,56.0,22.96,33.04,More Expensive,Significantly More Expensive,12,537.6
2023-11-22,PROD00876,Electronics,North,94.48,153.15,-58.67,Cheaper,Significantly Cheaper,31,2489.55
2023-11-23,PROD01040,Electronics,South,97.12,20.88,76.24000000000001,More Expensive,Significantly More Expensive,12,874.08
2023-11-23,PROD01198,Home & Kitchen,Central,15.48,38.05,-22.569999999999997,Cheaper,Significantly Cheaper,44,544.9
2023-11-23,PROD00810,Home & Kitchen,West,39.46,40.5,-1.0399999999999991,Similar,Normal Competitive Range,22,824.71
2023-11-24,PROD00887,Grocery,West,9.99,23.33,-13.339999999999998,Cheaper,Significantly Cheaper,86,773.23
2023-11-24,PROD00995,Fashion,South,26.39,37.2,-10.810000000000002,Cheaper,Significantly Cheaper,47,868.23
2023-11-24,PROD00602,Grocery,West,34.65,30.1,4.549999999999997,More Expensive,Normal Competitive Range,36,1185.03
2023-11-24,PROD01087,Home & Kitchen,North,9.26,16.72,-7.459999999999999,Cheaper,Significantly Cheaper,73,608.38
2023-11-24,PROD00204,Electronics,West,103.15,22.89,80.26,More Expensive,Significantly More Expensive,17,1402.84
2023-11-24,PROD00568,Sports,South,17.08,20.2,-3.120000000000001,Cheaper,Normal Competitive Range,57,973.56
2023-11-24,PROD01120,Sports,Central,24.17,8.84,15.330000000000002,More Expensive,Significantly More Expensive,45,978.89
2023-11-25,PROD00644,Fashion,East,55.3,32.32,22.979999999999997,More Expensive,Significantly More Expensive,19,945.63
2023-11-25,PROD00477,Home & Kitchen,West,25.68,32.43,-6.75,Cheaper,Significantly Cheaper,43,1049.03
2023-11-25,PROD00160,Home & Kitchen,West,52.17,20.38,31.790000000000003,More Expensive,Significantly More Expensive,38,1585.97
2023-11-25,PROD01159,Sports,Central,24.14,9.48,14.66,More Expensive,Significantly More Expensive,38,733.86
2023-11-25,PROD00674,Electronics,East,14.56,40.12,-25.559999999999995,Cheaper,Significantly Cheaper,69,803.71
2023-11-25,PROD00225,Grocery,East,43.65,59.6,-15.950000000000003,Cheaper,Significantly Cheaper,36,1335.69
2023-11-26,PROD00375,Home & Kitchen,East,34.56,39.24,-4.68,Cheaper,Normal Competitive Range,36,995.33
2023-11-26,PROD00676,Sports,South,42.22,31.03,11.189999999999998,More Expensive,Significantly More Expensive,26,768.4
2023-11-26,PROD00226,Home & Kitchen,South,13.61,43.69,-30.08,Cheaper,Significantly Cheaper,24,293.98
2023-11-26,PROD00586,Sports,Central,53.73,75.71,-21.979999999999997,Cheaper,Significantly Cheaper,15,805.95
2023-11-27,PROD00498,Toys,Central,88.33,17.37,70.96,More Expensive,Significantly More Expensive,14,1112.96
2023-11-27,PROD00008,Grocery,South,54.9,23.21,31.689999999999998,More Expensive,Significantly More Expensive,33,1721.12
2023-11-27,PROD00950,Sports,Central,71.25,87.59,-16.340000000000003,Cheaper,Normal Competitive Range,13,741.0
2023-11-27,PROD00236,Electronics,East,18.91,29.21,-10.3,Cheaper,Significantly Cheaper,64,968.19
2023-11-28,PROD00326,Fashion,West,5.7,38.87,-33.169999999999995,Cheaper,Significantly Cheaper,110,595.65
2023-11-28,PROD00236,Books,West,39.68,6.6,33.08,More Expensive,Significantly More Expensive,22,872.96
2023-11-28,PROD00003,Fashion,West,19.01,46.09,-27.080000000000002,Cheaper,Significantly Cheaper,77,1317.39
2023-11-29,PROD00842,Home & Kitchen,Central,33.11,31.37,1.7399999999999984,More Expensive,Normal Competitive Range,69,1827.67
2023-11-29,PROD00482,Toys,West,25.03,39.27,-14.240000000000002,Cheaper,Significantly Cheaper,54,946.13
2023-11-29,PROD01031,Books,South,33.72,13.5,20.22,More Expensive,Significantly More Expensive,14,424.87
2023-11-29,PROD00406,Sports,North,12.27,20.98,-8.71,Cheaper,Significantly Cheaper,38,396.32
2023-11-29,PROD01095,Fashion,East,27.04,34.32,-7.280000000000001,Cheaper,Significantly Cheaper,79,1922.54
2023-11-29,PROD00613,Fashion,Central,71.73,28.8,42.93000000000001,More Expensive,Significantly More Expensive,21,1129.75
2023-11-30,PROD00620,Beauty,East,25.78,105.75,-79.97,Cheaper,Significantly Cheaper,26,603.25
2023-11-30,PROD00536,Fashion,North,14.98,9.23,5.75,More Expensive,Significantly More Expensive,65,730.28
2023-11-30,PROD00408,Beauty,West,49.97,46.01,3.960000000000001,More Expensive,Normal Competitive Range,21,1049.37
2023-11-30,PROD00767,Sports,West,17.96,21.93,-3.969999999999999,Cheaper,Normal Competitive Range,30,431.04
2023-11-30,PROD00316,Beauty,East,13.92,56.49,-42.57,Cheaper,Significantly Cheaper,23,304.15
2023-12-01,PROD00859,Beauty,South,43.95,28.66,15.290000000000003,More Expensive,Significantly More Expensive,31,1089.96
2023-12-01,PROD00473,Toys,North,44.66,28.26,16.399999999999995,More Expensive,Significantly More Expensive,17,645.34
2023-12-02,PROD00097,Fashion,Central,24.03,11.03,13.000000000000002,More Expensive,Significantly More Expensive,99,2141.07
2023-12-02,PROD00652,Electronics,West,30.93,45.6,-14.670000000000002,Cheaper,Significantly Cheaper,30,742.32
2023-12-02,PROD00221,Beauty,South,33.12,87.43,-54.31000000000001,Cheaper,Significantly Cheaper,17,506.74
2023-12-02,PROD00030,Books,East,19.28,36.11,-16.83,Cheaper,Significantly Cheaper,43,621.78
2023-12-02,PROD00168,Home & Kitchen,South,29.0,60.75,-31.75,Cheaper,Significantly Cheaper,46,1000.5
2023-12-03,PROD00050,Home & Kitchen,North,121.18,38.82,82.36000000000001,More Expensive,Significantly More Expensive,13,1260.27
2023-12-03,PROD00539,Electronics,South,11.89,48.57,-36.68,Cheaper,Significantly Cheaper,74,659.9
2023-12-03,PROD00924,Books,North,27.48,17.8,9.68,More Expensive,Significantly More Expensive,40,769.44
2023-12-04,PROD01078,Beauty,South,90.02,76.44,13.579999999999998,More Expensive,Normal Competitive Range,10,675.15
2023-12-04,PROD00843,Home & Kitchen,East,50.13,42.34,7.789999999999999,More Expensive,Normal Competitive Range,28,1193.09
2023-12-04,PROD00264,Grocery,North,26.32,99.99,-73.66999999999999,Cheaper,Significantly Cheaper,38,1000.16
2023-12-04,PROD00133,Electronics,Central,58.73,28.51,30.219999999999995,More Expensive,Significantly More Expensive,27,1347.85
2023-12-04,PROD00440,Toys,East,70.81,99.56,-28.75,Cheaper,Significantly Cheaper,17,842.64
2023-12-05,PROD00453,Fashion,West,105.49,33.86,71.63,More Expensive,Significantly More Expensive,15,1424.12
2023-12-05,PROD00704,Electronics,North,12.51,41.87,-29.36,Cheaper,Significantly Cheaper,99,1114.64
2023-12-05,PROD00645,Home & Kitchen,South,23.32,47.33,-24.009999999999998,Cheaper,Significantly Cheaper,18,419.76
2023-12-05,PROD00913,Sports,West,8.04,116.08,-108.03999999999999,Cheaper,Significantly Cheaper,56,382.7
2023-12-05,PROD00772,Toys,West,34.12,19.29,14.829999999999998,More Expensive,Significantly More Expensive,25,810.35
2023-12-05,PROD00772,Toys,West,34.12,19.29,14.829999999999998,More Expensive,Significantly More Expensive,17,1560.74
2023-12-05,PROD00391,Home & Kitchen,West,35.64,16.58,19.060000000000002,More Expensive,Significantly More Expensive,27,817.94
2023-12-05,PROD00442,Books,North,26.25,47.64,-21.39,Cheaper,Significantly Cheaper,35,826.88
2023-12-05,PROD00772,Grocery,East,96.64,6.52,90.12,More Expensive,Significantly More Expensive,25,810.35
2023-12-05,PROD00772,Grocery,East,96.64,6.52,90.12,More Expensive,Significantly More Expensive,17,1560.74
2023-12-05,PROD00004,Grocery,East,36.59,61.11,-24.519999999999996,Cheaper,Significantly Cheaper,25,823.28
2023-12-05,PROD00664,Grocery,West,67.31,26.26,41.05,More Expensive,Significantly More Expensive,11,740.41
2023-12-05,PROD00363,Fashion,West,25.39,10.19,15.200000000000001,More Expensive,Significantly More Expensive,57,1374.87
2023-12-06,PROD00540,Home & Kitchen,North,16.37,69.76,-53.39,Cheaper,Significantly Cheaper,63,979.74
2023-12-06,PROD01011,Home & Kitchen,East,55.16,53.91,1.25,Similar,Normal Competitive Range,29,1279.71
2023-12-06,PROD00774,Electronics,West,53.6,15.87,37.730000000000004,More Expensive,Significantly More Expensive,28,1500.8
2023-12-07,PROD00518,Electronics,East,6.12,72.17,-66.05,Cheaper,Significantly Cheaper,45,247.86
2023-12-07,PROD00818,Books,Central,44.8,17.34,27.459999999999997,More Expensive,Significantly More Expensive,15,604.8
2023-12-07,PROD00236,Grocery,East,34.92,36.59,-1.6700000000000017,Similar,Normal Competitive Range,11,307.3
2023-12-07,PROD00254,Grocery,West,14.46,10.24,4.220000000000001,More Expensive,Significantly More Expensive,135,1952.1
2023-12-07,PROD00055,Toys,East,9.36,85.56,-76.2,Cheaper,Significantly Cheaper,40,374.4
2023-12-07,PROD01193,Electronics,West,20.91,5.8,15.11,More Expensive,Significantly More Expensive,75,1333.01
2023-12-08,PROD01159,Toys,East,48.43,15.99,32.44,More Expensive,Significantly More Expensive,43,1665.99
2023-12-08,PROD00805,Books,West,57.51,85.58,-28.07,Cheaper,Significantly Cheaper,11,537.72
2023-12-08,PROD01061,Grocery,West,12.33,85.72,-73.39,Cheaper,Significantly Cheaper,77,949.41
2023-12-09,PROD00455,Grocery,Central,57.18,53.09,4.089999999999996,More Expensive,Normal Competitive Range,24,1303.7
2023-12-09,PROD00046,Beauty,North,65.34,9.75,55.59,More Expensive,Significantly More Expensive,33,1724.98
2023-12-09,PROD00573,Electronics,South,46.27,70.84,-24.57,Cheaper,Significantly Cheaper,24,1110.48
2023-12-09,PROD00182,Sports,North,23.05,20.07,2.9800000000000004,More Expensive,Normal Competitive Range,42,774.48
2023-12-09,PROD00775,Fashion,Central,14.18,62.9,-48.72,Cheaper,Significantly Cheaper,105,1265.56
2023-12-10,PROD00479,Fashion,East,18.71,36.65,-17.939999999999998,Cheaper,Significantly Cheaper,87,1302.22
2023-12-10,PROD00050,Sports,North,18.71,63.14,-44.43,Cheaper,Significantly Cheaper,38,710.98
2023-12-10,PROD00233,Books,South,32.02,20.84,11.180000000000003,More Expensive,Significantly More Expensive,37,1066.27
2023-12-11,PROD00100,Sports,North,26.86,28.06,-1.1999999999999993,Similar,Normal Competitive Range,66,1418.21
2023-12-11,PROD00431,Sports,East,34.29,11.51,22.78,More Expensive,Significantly More Expensive,41,1124.71
2023-12-11,PROD01184,Sports,South,71.9,23.64,48.260000000000005,More Expensive,Significantly More Expensive,15,1024.58
2023-12-11,PROD00945,Sports,West,14.79,20.4,-5.609999999999999,Cheaper,Significantly Cheaper,36,479.2
2023-12-12,PROD00807,Fashion,North,19.26,23.0,-3.7399999999999984,Cheaper,Normal Competitive Range,61,1174.86
2023-12-12,PROD00807,Fashion,North,19.26,23.0,-3.7399999999999984,Cheaper,Normal Competitive Range,34,443.16
2023-12-12,PROD00819,Electronics,Central,57.58,63.39,-5.810000000000002,Cheaper,Normal Competitive Range,20,978.86
2023-12-12,PROD00807,Toys,South,13.72,37.69,-23.97,Cheaper,Significantly Cheaper,61,1174.86
2023-12-12,PROD00807,Toys,South,13.72,37.69,-23.97,Cheaper,Significantly Cheaper,34,443.16
2023-12-12,PROD00172,Sports,South,30.76,11.52,19.240000000000002,More Expensive,Significantly More Expensive,17,496.77
2023-12-12,PROD00884,Toys,West,23.76,75.1,-51.33999999999999,Cheaper,Significantly Cheaper,19,406.3
2023-12-12,PROD00783,Grocery,South,16.66,40.87,-24.209999999999997,Cheaper,Significantly Cheaper,61,965.45
2023-12-12,PROD00404,Sports,South,17.42,26.39,-8.969999999999999,Cheaper,Significantly Cheaper,41,642.8
2023-12-12,PROD00226,Toys,North,49.75,25.33,24.42,More Expensive,Significantly More Expensive,17,676.6
2023-12-13,PROD00012,Beauty,East,13.98,18.22,-4.239999999999998,Cheaper,Significantly Cheaper,46,514.46
2023-12-13,PROD00384,Sports,South,17.65,21.7,-4.050000000000001,Cheaper,Normal Competitive Range,31,519.79
2023-12-13,PROD00688,Toys,South,35.46,81.92,-46.46,Cheaper,Significantly Cheaper,41,1308.47
2023-12-14,PROD01129,Beauty,West,18.23,35.54,-17.31,Cheaper,Significantly Cheaper,107,1853.08
2023-12-14,PROD00368,Books,North,21.85,7.77,14.080000000000002,More Expensive,Significantly More Expensive,56,1101.24
2023-12-14,PROD00342,Fashion,East,90.11,68.42,21.689999999999998,More Expensive,Significantly More Expensive,20,1802.2
2023-12-14,PROD00305,Books,East,45.4,23.27,22.13,More Expensive,Significantly More Expensive,27,919.35
2023-12-14,PROD00789,Sports,West,27.26,16.93,10.330000000000002,More Expensive,Significantly More Expensive,21,400.72
2023-12-14,PROD00173,Toys,North,15.08,18.95,-3.869999999999999,Cheaper,Significantly Cheaper,33,497.64
2023-12-14,PROD00100,Home & Kitchen,Central,29.26,13.78,15.480000000000002,More Expensive,Significantly More Expensive,53,1550.78
2023-12-14,PROD01000,Sports,North,28.48,48.0,-19.52,Cheaper,Significantly Cheaper,22,595.23
2023-12-15,PROD00990,Fashion,East,115.97,19.71,96.25999999999999,More Expensive,Significantly More Expensive,8,927.76
2023-12-15,PROD00699,Home & Kitchen,Central,12.61,53.57,-40.96,Cheaper,Significantly Cheaper,26,262.29
2023-12-15,PROD00941,Electronics,South,56.29,40.29,16.0,More Expensive,Significantly More Expensive,30,1604.26
2023-12-15,PROD00505,Home & Kitchen,South,28.6,23.31,5.290000000000003,More Expensive,Significantly More Expensive,36,720.72
2023-12-15,PROD00869,Beauty,Central,70.52,31.12,39.39999999999999,More Expensive,Significantly More Expensive,26,1466.82
2023-12-16,PROD00921,Home & Kitchen,South,29.47,18.89,10.579999999999998,More Expensive,Significantly More Expensive,106,2342.86
2023-12-16,PROD00944,Grocery,Central,43.55,41.64,1.9099999999999966,Similar,Normal Competitive Range,42,1646.19
2023-12-16,PROD01053,Beauty,West,185.6,25.13,160.47,More Expensive,Significantly More Expensive,3,501.12
2023-12-16,PROD00895,Beauty,West,44.92,31.91,13.010000000000002,More Expensive,Significantly More Expensive,19,682.78
2023-12-16,PROD01067,Sports,East,62.85,35.78,27.07,More Expensive,Significantly More Expensive,18,905.04
2023-12-16,PROD01126,Grocery,West,20.58,20.08,0.5,Similar,Normal Competitive Range,53,1090.74
2023-12-16,PROD00396,Books,South,16.87,54.05,-37.17999999999999,Cheaper,Significantly Cheaper,23,291.01
2023-12-17,PROD01090,Home & Kitchen,South,105.75,38.56,67.19,More Expensive,Significantly More Expensive,12,1269.0
2023-12-17,PROD00690,Fashion,East,76.89,18.29,58.6,More Expensive,Significantly More Expensive,17,1176.42
2023-12-18,PROD00487,Grocery,East,18.81,52.95,-34.14,Cheaper,Significantly Cheaper,68,1023.26
2023-12-18,PROD01154,Toys,North,65.16,15.89,49.269999999999996,More Expensive,Significantly More Expensive,22,1433.52
2023-12-18,PROD00188,Electronics,East,24.91,50.99,-26.080000000000002,Cheaper,Significantly Cheaper,63,1412.4
2023-12-19,PROD00524,Toys,South,51.14,40.66,10.480000000000004,More Expensive,Significantly More Expensive,26,1196.68
2023-12-19,PROD01041,Grocery,North,19.18,14.73,4.449999999999999,More Expensive,Significantly More Expensive,42,684.73
2023-12-19,PROD01014,Home & Kitchen,Central,27.46,43.42,-15.96,Cheaper,Significantly Cheaper,53,1382.61
2023-12-19,PROD00824,Home & Kitchen,South,22.74,62.4,-39.66,Cheaper,Significantly Cheaper,57,1166.56
2023-12-19,PROD00307,Home & Kitchen,West,32.86,55.36,-22.5,Cheaper,Significantly Cheaper,30,788.64
2023-12-20,PROD00680,Grocery,South,17.0,44.61,-27.61,Cheaper,Significantly Cheaper,46,547.4
2023-12-21,PROD01060,Toys,North,24.38,23.82,0.5599999999999987,Similar,Normal Competitive Range,64,1092.22
2023-12-21,PROD01131,Toys,West,50.2,54.4,-4.199999999999996,Cheaper,Normal Competitive Range,25,878.5
2023-12-21,PROD00101,Books,South,7.71,43.25,-35.54,Cheaper,Significantly Cheaper,37,271.01
2023-12-21,PROD00443,Toys,West,26.51,29.89,-3.379999999999999,Cheaper,Normal Competitive Range,29,576.59
2023-12-21,PROD00620,Sports,Central,28.35,29.53,-1.1799999999999997,Similar,Normal Competitive Range,33,795.22
2023-12-22,PROD00897,Sports,Central,36.04,59.82,-23.78,Cheaper,Significantly Cheaper,18,583.85
2023-12-22,PROD00301,Fashion,North,65.5,25.4,40.1,More Expensive,Significantly More Expensive,27,1237.95
2023-12-22,PROD00115,Electronics,East,28.24,73.85,-45.61,Cheaper,Significantly Cheaper,111,2664.44
2023-12-22,PROD00694,Home & Kitchen,South,37.46,49.06,-11.600000000000001,Cheaper,Significantly Cheaper,26,681.77
2023-12-22,PROD00601,Sports,West,19.19,9.63,9.56,More Expensive,Significantly More Expensive,16,291.69
2023-12-22,PROD00558,Grocery,West,20.96,67.23,-46.27,Cheaper,Significantly Cheaper,47,985.12
2023-12-23,PROD00378,Home & Kitchen,East,18.02,43.81,-25.790000000000003,Cheaper,Significantly Cheaper,88,1268.61
2023-12-23,PROD00002,Grocery,Central,17.29,7.82,9.469999999999999,More Expensive,Significantly More Expensive,94,1462.73
2023-12-23,PROD00960,Toys,East,18.89,21.37,-2.4800000000000004,Cheaper,Normal Competitive Range,26,368.36
2023-12-23,PROD00034,Sports,West,9.71,63.66,-53.949999999999996,Cheaper,Significantly Cheaper,54,445.69
2023-12-23,PROD00341,Beauty,North,26.17,18.95,7.220000000000002,More Expensive,Significantly More Expensive,22,489.38
2023-12-23,PROD00877,Beauty,North,68.44,30.61,37.83,More Expensive,Significantly More Expensive,21,1221.65
2023-12-23,PROD00870,Fashion,Central,37.66,6.81,30.849999999999998,More Expensive,Significantly More Expensive,63,2135.32
2023-12-23,PROD00649,Beauty,West,41.16,18.66,22.499999999999996,More Expensive,Significantly More Expensive,13,481.57
2023-12-23,PROD00309,Toys,West,34.36,27.49,6.870000000000001,More Expensive,Significantly More Expensive,18,618.48
2023-12-24,PROD00606,Books,West,22.24,14.31,7.929999999999998,More Expensive,Significantly More Expensive,13,274.66
2023-12-24,PROD00421,Books,West,24.89,24.34,0.5500000000000007,Similar,Normal Competitive Range,31,733.01
2023-12-24,PROD00315,Beauty,East,21.64,12.97,8.67,More Expensive,Significantly More Expensive,46,846.12
2023-12-24,PROD00683,Sports,West,52.75,14.79,37.96,More Expensive,Significantly More Expensive,19,952.14
2023-12-24,PROD00059,Home & Kitchen,West,17.36,45.4,-28.04,Cheaper,Significantly Cheaper,57,791.62
2023-12-25,PROD01159,Grocery,South,30.99,28.85,2.139999999999997,More Expensive,Normal Competitive Range,73,2149.16
2023-12-25,PROD01148,Sports,West,62.31,9.41,52.900000000000006,More Expensive,Significantly More Expensive,13,688.53
2023-12-25,PROD00547,Toys,North,12.36,20.92,-8.560000000000002,Cheaper,Significantly Cheaper,36,355.97
2023-12-25,PROD00212,Books,Central,41.8,11.57,30.229999999999997,More Expensive,Significantly More Expensive,39,1630.2
2023-12-26,PROD00703,Toys,North,73.08,32.69,40.39,More Expensive,Significantly More Expensive,18,1249.67
2023-12-26,PROD00044,Beauty,West,165.19,34.65,130.54,More Expensive,Significantly More Expensive,2,297.34
2023-12-26,PROD00428,Beauty,South,36.8,23.2,13.599999999999998,More Expensive,Significantly More Expensive,23,592.48
2023-12-26,PROD00618,Sports,East,47.8,17.15,30.65,More Expensive,Significantly More Expensive,41,1665.83
2023-12-26,PROD00404,Grocery,East,10.6,23.21,-12.610000000000001,Cheaper,Significantly Cheaper,127,1144.27
2023-12-27,PROD00460,Electronics,West,42.76,45.14,-2.3800000000000026,Cheaper,Normal Competitive Range,79,2702.43
2023-12-27,PROD00740,Fashion,West,33.89,37.69,-3.799999999999997,Cheaper,Normal Competitive Range,103,2792.54
2023-12-27,PROD00522,Grocery,North,10.05,51.58,-41.53,Cheaper,Significantly Cheaper,79,595.46
2023-12-27,PROD00456,Home & Kitchen,Central,53.0,39.16,13.840000000000003,More Expensive,Significantly More Expensive,42,2114.7
2023-12-27,PROD00061,Sports,South,55.14,55.88,-0.740000000000002,Similar,Normal Competitive Range,8,419.06
2023-12-27,PROD00240,Electronics,East,37.36,13.38,23.979999999999997,More Expensive,Significantly More Expensive,63,2118.31
2023-12-28,PROD00988,Beauty,South,14.47,17.99,-3.519999999999998,Cheaper,Normal Competitive Range,22,302.42
2023-12-28,PROD01026,Books,Central,39.57,40.43,-0.8599999999999994,Similar,Normal Competitive Range,7,207.74
2023-12-28,PROD00779,Toys,North,12.14,28.83,-16.689999999999998,Cheaper,Significantly Cheaper,60,728.4
2023-12-28,PROD00583,Beauty,East,28.01,20.98,7.030000000000001,More Expensive,Significantly More Expensive,39,1037.77
2023-12-28,PROD00276,Fashion,North,31.43,24.27,7.16,More Expensive,Significantly More Expensive,69,1626.5
2023-12-28,PROD00251,Home & Kitchen,West,10.35,16.53,-6.1800000000000015,Cheaper,Significantly Cheaper,61,568.22
2023-12-28,PROD00886,Home & Kitchen,North,10.51,33.9,-23.39,Cheaper,Significantly Cheaper,24,214.4
2023-12-29,PROD01001,Home & Kitchen,South,28.81,27.39,1.4199999999999982,More Expensive,Normal Competitive Range,133,3065.38
2023-12-29,PROD00956,Home & Kitchen,South,14.78,19.14,-4.360000000000001,Cheaper,Significantly Cheaper,38,533.56
2023-12-29,PROD00722,Sports,Central,29.97,49.87,-19.9,Cheaper,Significantly Cheaper,51,1375.62
2023-12-29,PROD00117,Electronics,West,20.97,34.82,-13.850000000000001,Cheaper,Significantly Cheaper,182,3434.89
2023-12-29,PROD00090,Toys,South,21.4,25.37,-3.9700000000000024,Cheaper,Normal Competitive Range,60,1219.8
2023-12-29,PROD00227,Sports,North,28.07,8.61,19.46,More Expensive,Significantly More Expensive,43,1025.96
2023-12-30,PROD00231,Fashion,North,25.86,55.9,-30.04,Cheaper,Significantly Cheaper,59,1525.74
2023-12-30,PROD00030,Toys,North,67.39,31.73,35.66,More Expensive,Significantly More Expensive,10,606.51
2023-12-30,PROD00587,Grocery,West,10.12,60.79,-50.67,Cheaper,Significantly Cheaper,140,1275.12
2023-12-30,PROD01075,Home & Kitchen,Central,46.43,17.0,29.43,More Expensive,Significantly More Expensive,39,1539.15
2023-12-30,PROD00733,Home & Kitchen,Central,32.57,22.75,9.82,More Expensive,Significantly More Expensive,38,1175.78
2023-12-30,PROD00430,Books,South,16.6,55.67,-39.07,Cheaper,Significantly Cheaper,32,451.52
2023-12-30,PROD00191,Books,South,30.24,47.73,-17.49,Cheaper,Significantly Cheaper,24,616.9
2023-12-30,PROD00854,Books,North,18.98,63.88,-44.900000000000006,Cheaper,Significantly Cheaper,27,512.46
2023-12-30,PROD00027,Grocery,South,33.09,25.41,7.680000000000003,More Expensive,Significantly More Expensive,34,1012.55
2023-12-31,PROD01098,Sports,North,77.11,85.0,-7.890000000000001,Cheaper,Normal Competitive Range,22,1611.6
2023-12-31,PROD00451,Beauty,North,74.39,37.51,36.88,More Expensive,Significantly More Expensive,30,1785.36
2023-12-31,PROD01172,Sports,West,14.71,7.36,7.3500000000000005,More Expensive,Significantly More Expensive,111,1551.17
2023-12-31,PROD00836,Grocery,South,31.74,26.89,4.849999999999998,More Expensive,Normal Competitive Range,25,793.5
2023-12-31,PROD00265,Beauty,North,15.39,63.47,-48.08,Cheaper,Significantly Cheaper,43,595.59
2023-12-31,PROD00894,Books,East,95.32,22.06,73.25999999999999,More Expensive,Significantly More Expensive,10,762.56
2023-12-31,PROD00456,Beauty,West,47.01,30.88,16.13,More Expensive,Significantly More Expensive,34,1358.59
2023-12-31,PROD00098,Electronics,East,22.95,21.11,1.8399999999999999,More Expensive,Normal Competitive Range,91,1775.18
2024-01-01,PROD00910,Sports,North,37.28,44.02,-6.740000000000002,Cheaper,Normal Competitive Range,45,1509.84
2024-01-01,PROD00336,Home & Kitchen,West,42.5,19.38,23.12,More Expensive,Significantly More Expensive,36,1377.0
2024-01-01,PROD00400,Sports,Central,21.89,46.87,-24.979999999999997,Cheaper,Significantly Cheaper,28,459.69
2024-01-01,PROD00685,Home & Kitchen,East,24.92,8.46,16.46,More Expensive,Significantly More Expensive,33,740.12
2024-01-01,PROD00569,Grocery,North,21.61,30.5,-8.89,Cheaper,Significantly Cheaper,85,1561.32
2024-01-01,PROD00088,Home & Kitchen,South,33.33,32.68,0.6499999999999986,Similar,Normal Competitive Range,27,854.91
2024-01-01,PROD00702,Books,East,14.32,69.37,-55.050000000000004,Cheaper,Significantly Cheaper,29,311.46
2024-01-02,PROD01136,Grocery,North,20.55,11.95,8.600000000000001,More Expensive,Significantly More Expensive,47,772.68
2024-01-02,PROD00212,Books,East,24.12,24.46,-0.33999999999999986,Similar,Normal Competitive Range,46,943.09
2024-01-02,PROD00359,Home & Kitchen,South,66.58,48.0,18.58,More Expensive,Significantly More Expensive,19,1075.27
2024-01-02,PROD00947,Sports,East,18.48,34.83,-16.349999999999998,Cheaper,Significantly Cheaper,37,649.57
2024-01-02,PROD01120,Beauty,Central,40.34,23.7,16.640000000000004,More Expensive,Significantly More Expensive,27,871.34
2024-01-02,PROD01084,Toys,East,6.63,40.26,-33.629999999999995,Cheaper,Significantly Cheaper,19,125.97
2024-01-02,PROD00086,Sports,West,58.2,13.72,44.480000000000004,More Expensive,Significantly More Expensive,14,774.06
2024-01-02,PROD00098,Electronics,Central,37.06,48.78,-11.719999999999999,Cheaper,Significantly Cheaper,49,1271.16
2024-01-03,PROD00133,Electronics,West,32.0,8.41,23.59,More Expensive,Significantly More Expensive,40,1216.0
2024-01-04,PROD00487,Sports,Central,78.25,8.55,69.7,More Expensive,Significantly More Expensive,21,1478.92
2024-01-04,PROD00961,Home & Kitchen,East,34.35,12.91,21.44,More Expensive,Significantly More Expensive,70,1803.38
2024-01-04,PROD00244,Beauty,North,56.64,24.59,32.05,More Expensive,Significantly More Expensive,10,509.76
2024-01-04,PROD00018,Sports,North,54.6,30.09,24.51,More Expensive,Significantly More Expensive,18,982.8
2024-01-04,PROD00568,Books,Central,60.95,15.99,44.96,More Expensive,Significantly More Expensive,18,987.39
2024-01-04,PROD00180,Beauty,South,18.92,22.41,-3.4899999999999984,Cheaper,Normal Competitive Range,31,527.87
2024-01-04,PROD01026,Electronics,Central,11.82,21.45,-9.629999999999999,Cheaper,Significantly Cheaper,50,561.45
2024-01-04,PROD00467,Toys,North,10.09,27.8,-17.71,Cheaper,Significantly Cheaper,22,199.78
2024-01-04,PROD00128,Beauty,West,38.48,24.78,13.699999999999996,More Expensive,Significantly More Expensive,24,738.82
2024-01-05,PROD00220,Home & Kitchen,East,18.16,95.81,-77.65,Cheaper,Significantly Cheaper,48,828.1
2024-01-05,PROD00311,Fashion,West,53.56,18.21,35.35,More Expensive,Significantly More Expensive,20,1017.64
2024-01-05,PROD00517,Toys,East,19.4,93.9,-74.5,Cheaper,Significantly Cheaper,39,718.77
2024-01-05,PROD00797,Electronics,North,90.26,39.91,50.35000000000001,More Expensive,Significantly More Expensive,14,1263.64
2024-01-05,PROD00821,Toys,North,28.61,7.05,21.56,More Expensive,Significantly More Expensive,60,1459.11
2024-01-05,PROD00015,Books,North,21.48,34.41,-12.929999999999996,Cheaper,Significantly Cheaper,82,1232.95
2024-01-05,PROD00112,Beauty,East,23.14,6.63,16.51,More Expensive,Significantly More Expensive,18,374.87
2024-01-06,PROD00670,Electronics,South,40.76,39.68,1.0799999999999983,Similar,Normal Competitive Range,17,658.27
2024-01-06,PROD00760,Home & Kitchen,North,45.05,16.08,28.97,More Expensive,Significantly More Expensive,16,648.72
2024-01-06,PROD00069,Home & Kitchen,North,48.03,22.89,25.14,More Expensive,Significantly More Expensive,21,1008.63
2024-01-06,PROD01004,Fashion,West,37.68,26.34,11.34,More Expensive,Significantly More Expensive,64,2170.37
2024-01-06,PROD00411,Home & Kitchen,West,20.27,39.99,-19.720000000000002,Cheaper,Significantly Cheaper,58,881.75
2024-01-06,PROD00639,Toys,West,16.12,24.06,-7.939999999999998,Cheaper,Significantly Cheaper,33,398.97
2024-01-06,PROD01070,Electronics,South,40.11,26.49,13.620000000000001,More Expensive,Significantly More Expensive,44,1500.11
2024-01-07,PROD00365,Toys,Central,13.32,52.2,-38.88,Cheaper,Significantly Cheaper,46,520.81
2024-01-07,PROD00130,Toys,North,23.52,9.05,14.469999999999999,More Expensive,Significantly More Expensive,40,658.56
2024-01-07,PROD00518,Beauty,East,17.55,81.46,-63.91,Cheaper,Significantly Cheaper,32,561.6
2024-01-07,PROD00137,Grocery,North,12.68,17.59,-4.91,Cheaper,Significantly Cheaper,42,505.93
2024-01-07,PROD00008,Grocery,East,60.39,83.5,-23.11,Cheaper,Significantly Cheaper,27,1385.95
2024-01-08,PROD00846,Books,South,30.54,56.8,-26.259999999999998,Cheaper,Significantly Cheaper,18,412.29
2024-01-08,PROD01183,Books,Central,27.55,24.67,2.879999999999999,More Expensive,Normal Competitive Range,33,636.4
2024-01-08,PROD00346,Books,South,61.26,25.84,35.42,More Expensive,Significantly More Expensive,14,857.64
2024-01-08,PROD00941,Grocery,Central,17.66,64.17,-46.510000000000005,Cheaper,Significantly Cheaper,36,508.61
2024-01-08,PROD00948,Books,East,65.43,28.27,37.16000000000001,More Expensive,Significantly More Expensive,5,310.79
2024-01-08,PROD00551,Books,East,19.69,50.08,-30.389999999999997,Cheaper,Significantly Cheaper,22,389.86
2024-01-09,PROD00334,Home & Kitchen,South,25.45,65.8,-40.349999999999994,Cheaper,Significantly Cheaper,37,847.48
2024-01-10,PROD00803,Books,North,73.89,23.39,50.5,More Expensive,Significantly More Expensive,12,753.68
2024-01-10,PROD00716,Books,Central,38.85,44.11,-5.259999999999998,Cheaper,Normal Competitive Range,17,528.36
2024-01-10,PROD00400,Fashion,West,36.23,29.08,7.149999999999999,More Expensive,Significantly More Expensive,36,1304.28
2024-01-10,PROD00589,Fashion,East,25.72,12.29,13.43,More Expensive,Significantly More Expensive,36,740.74
2024-01-10,PROD00827,Home & Kitchen,Central,20.43,48.19,-27.759999999999998,Cheaper,Significantly Cheaper,33,640.48
2024-01-10,PROD01022,Sports,South,38.35,21.88,16.470000000000002,More Expensive,Significantly More Expensive,42,1449.63
2024-01-10,PROD00278,Books,West,37.75,39.58,-1.8299999999999983,Similar,Normal Competitive Range,19,502.08
2024-01-10,PROD00197,Sports,Central,44.13,40.79,3.3400000000000034,More Expensive,Normal Competitive Range,31,1094.42
2024-01-10,PROD00511,Home & Kitchen,East,34.2,33.0,1.2000000000000028,Similar,Normal Competitive Range,30,820.8
2024-01-10,PROD01176,Fashion,North,107.12,78.95,28.17,More Expensive,Significantly More Expensive,14,1274.73
2024-01-11,PROD01033,Toys,North,9.98,37.87,-27.889999999999997,Cheaper,Significantly Cheaper,36,287.42
2024-01-11,PROD01164,Sports,West,17.84,67.21,-49.36999999999999,Cheaper,Significantly Cheaper,37,495.06
2024-01-11,PROD00942,Electronics,Central,15.81,23.21,-7.4,Cheaper,Significantly Cheaper,38,600.78
2024-01-11,PROD00938,Grocery,North,23.84,12.74,11.1,More Expensive,Significantly More Expensive,84,1602.05
2024-01-12,PROD00167,Fashion,South,29.37,48.14,-18.77,Cheaper,Significantly Cheaper,90,2643.3
2024-01-12,PROD00624,Fashion,East,68.06,29.69,38.370000000000005,More Expensive,Significantly More Expensive,12,735.05
2024-01-12,PROD00756,Grocery,West,34.31,17.31,17.000000000000004,More Expensive,Significantly More Expensive,63,1513.07
2024-01-12,PROD00114,Home & Kitchen,North,25.69,16.43,9.260000000000002,More Expensive,Significantly More Expensive,51,1310.19
2024-01-12,PROD01179,Beauty,North,32.82,68.65,-35.830000000000005,Cheaper,Significantly Cheaper,37,971.47
2024-01-12,PROD00771,Books,East,54.46,17.03,37.43,More Expensive,Significantly More Expensive,13,530.98
2024-01-12,PROD00346,Beauty,North,55.69,31.48,24.209999999999997,More Expensive,Significantly More Expensive,26,1158.35
2024-01-13,PROD00846,Electronics,South,59.02,85.17,-26.15,Cheaper,Significantly Cheaper,41,1814.87
2024-01-13,PROD01186,Home & Kitchen,West,17.7,48.17,-30.470000000000002,Cheaper,Significantly Cheaper,38,672.6
2024-01-13,PROD01137,Books,West,30.16,23.41,6.75,More Expensive,Significantly More Expensive,34,974.17
2024-01-13,PROD00401,Toys,Central,45.24,11.6,33.64,More Expensive,Significantly More Expensive,26,823.37
2024-01-13,PROD00429,Books,North,14.46,22.95,-8.489999999999998,Cheaper,Significantly Cheaper,32,393.31
2024-01-13,PROD00090,Sports,Central,9.03,99.14,-90.11,Cheaper,Significantly Cheaper,72,520.13
2024-01-14,PROD00810,Sports,West,25.01,8.06,16.950000000000003,More Expensive,Significantly More Expensive,59,1328.03
2024-01-14,PROD00137,Electronics,North,20.97,16.74,4.23,More Expensive,Significantly More Expensive,105,1761.48
2024-01-14,PROD00984,Home & Kitchen,North,64.72,96.84,-32.120000000000005,Cheaper,Significantly Cheaper,20,970.8
2024-01-14,PROD00572,Home & Kitchen,North,10.44,6.03,4.409999999999999,More Expensive,Significantly More Expensive,50,495.9
2024-01-14,PROD00930,Books,South,49.99,36.91,13.080000000000005,More Expensive,Significantly More Expensive,13,617.38
2024-01-14,PROD01017,Fashion,Central,7.0,37.7,-30.700000000000003,Cheaper,Significantly Cheaper,47,296.1
2024-01-14,PROD00099,Home & Kitchen,East,17.27,40.08,-22.81,Cheaper,Significantly Cheaper,29,500.83
2024-01-14,PROD00961,Home & Kitchen,North,61.85,17.09,44.760000000000005,More Expensive,Significantly More Expensive,20,1051.45
2024-01-14,PROD00771,Fashion,South,56.78,24.87,31.91,More Expensive,Significantly More Expensive,32,1816.96
2024-01-15,PROD00333,Electronics,North,22.09,19.74,2.3500000000000014,More Expensive,Normal Competitive Range,83,1650.12
2024-01-15,PROD01002,Sports,West,10.62,147.61,-136.99,Cheaper,Significantly Cheaper,106,844.29
2024-01-15,PROD01167,Grocery,East,11.41,5.66,5.75,More Expensive,Significantly More Expensive,58,628.69
2024-01-15,PROD00437,Home & Kitchen,South,58.61,63.25,-4.640000000000001,Cheaper,Normal Competitive Range,26,1295.28
2024-01-15,PROD00178,Electronics,South,21.97,38.54,-16.57,Cheaper,Significantly Cheaper,95,1669.72
2024-01-15,PROD01133,Toys,North,14.02,16.54,-2.5199999999999996,Cheaper,Normal Competitive Range,36,479.48
2024-01-16,PROD00593,Books,North,25.54,46.4,-20.86,Cheaper,Significantly Cheaper,36,827.5
2024-01-16,PROD00122,Beauty,Central,30.69,90.8,-60.11,Cheaper,Significantly Cheaper,26,718.15
2024-01-16,PROD00999,Toys,West,26.54,130.28,-103.74000000000001,Cheaper,Significantly Cheaper,36,764.35
2024-01-17,PROD00356,Fashion,Central,47.5,13.73,33.769999999999996,More Expensive,Significantly More Expensive,24,1026.0
2024-01-17,PROD00306,Sports,East,34.71,11.78,22.93,More Expensive,Significantly More Expensive,46,1117.66
2024-01-17,PROD00010,Sports,West,34.63,118.38,-83.75,Cheaper,Significantly Cheaper,27,888.26
2024-01-17,PROD00665,Toys,East,34.99,89.01,-54.02,Cheaper,Significantly Cheaper,52,1273.64
2024-01-17,PROD00750,Beauty,North,69.54,74.37,-4.829999999999998,Cheaper,Normal Competitive Range,12,709.31
2024-01-17,PROD00216,Fashion,South,13.28,40.22,-26.939999999999998,Cheaper,Significantly Cheaper,81,860.54
2024-01-18,PROD00410,Electronics,Central,27.0,20.92,6.079999999999998,More Expensive,Significantly More Expensive,37,799.2
2024-01-18,PROD00957,Electronics,South,12.98,27.17,-14.190000000000001,Cheaper,Significantly Cheaper,57,554.9
2024-01-18,PROD01106,Grocery,South,14.23,76.46,-62.22999999999999,Cheaper,Significantly Cheaper,90,896.49
2024-01-19,PROD00709,Sports,Central,16.73,35.03,-18.3,Cheaper,Significantly Cheaper,50,585.55
2024-01-19,PROD00190,Home & Kitchen,East,84.05,39.48,44.57,More Expensive,Significantly More Expensive,8,571.54
2024-01-19,PROD00368,Beauty,North,36.13,35.67,0.46000000000000085,Similar,Normal Competitive Range,44,1510.23
2024-01-19,PROD00155,Beauty,Central,35.12,97.11,-61.99,Cheaper,Significantly Cheaper,34,1014.97
2024-01-20,PROD00089,Sports,South,19.96,18.29,1.6700000000000017,More Expensive,Normal Competitive Range,27,538.92
2024-01-20,PROD01199,Beauty,West,17.7,26.79,-9.09,Cheaper,Significantly Cheaper,26,391.17
2024-01-20,PROD00074,Grocery,East,72.31,10.73,61.58,More Expensive,Significantly More Expensive,9,585.71
2024-01-20,PROD00091,Toys,West,26.05,38.39,-12.34,Cheaper,Significantly Cheaper,36,656.46
2024-01-20,PROD00138,Beauty,Central,32.55,50.37,-17.82,Cheaper,Significantly Cheaper,14,341.78
2024-01-21,PROD00228,Home & Kitchen,West,40.97,34.0,6.969999999999999,More Expensive,Significantly More Expensive,40,1556.86
2024-01-21,PROD00861,Beauty,North,29.05,35.45,-6.400000000000002,Cheaper,Normal Competitive Range,35,915.08
2024-01-21,PROD00022,Grocery,West,29.98,52.06,-22.080000000000002,Cheaper,Significantly Cheaper,81,1942.7
2024-01-21,PROD00283,Toys,South,19.76,21.53,-1.7699999999999996,Cheaper,Normal Competitive Range,65,1284.4
2024-01-21,PROD00818,Books,West,25.93,20.73,5.199999999999999,More Expensive,Significantly More Expensive,26,471.93
2024-01-21,PROD00164,Electronics,Central,41.58,32.76,8.82,More Expensive,Significantly More Expensive,39,1378.38
2024-01-21,PROD00091,Sports,West,11.05,22.11,-11.059999999999999,Cheaper,Significantly Cheaper,45,497.25
2024-01-22,PROD00761,Grocery,East,47.4,28.18,19.22,More Expensive,Significantly More Expensive,32,1213.44
2024-01-22,PROD00419,Home & Kitchen,South,14.62,78.85,-64.22999999999999,Cheaper,Significantly Cheaper,44,643.28
2024-01-22,PROD00349,Home & Kitchen,East,15.4,35.8,-20.4,Cheaper,Significantly Cheaper,50,616.0
2024-01-22,PROD00936,Sports,West,44.05,24.44,19.609999999999996,More Expensive,Significantly More Expensive,25,936.06
2024-01-22,PROD00804,Fashion,South,79.17,20.69,58.480000000000004,More Expensive,Significantly More Expensive,23,1456.73
2024-01-23,PROD00941,Fashion,East,28.59,35.67,-7.080000000000002,Cheaper,Normal Competitive Range,40,972.06
2024-01-24,PROD00145,Sports,East,42.18,40.81,1.3699999999999974,Similar,Normal Competitive Range,24,911.09
2024-01-24,PROD00989,Toys,North,65.74,43.35,22.389999999999993,More Expensive,Significantly More Expensive,14,828.32
2024-01-24,PROD00989,Toys,North,65.74,43.35,22.389999999999993,More Expensive,Significantly More Expensive,75,661.8
2024-01-24,PROD00450,Fashion,North,35.3,2.44,32.86,More Expensive,Significantly More Expensive,84,2520.42
2024-01-24,PROD00708,Home & Kitchen,East,34.13,26.28,7.850000000000001,More Expensive,Significantly More Expensive,34,1102.4
2024-01-24,PROD00496,Sports,North,146.0,243.43,-97.43,Cheaper,Significantly Cheaper,3,372.3
2024-01-24,PROD00989,Grocery,North,11.03,15.13,-4.100000000000001,Cheaper,Significantly Cheaper,14,828.32
2024-01-24,PROD00989,Grocery,North,11.03,15.13,-4.100000000000001,Cheaper,Significantly Cheaper,75,661.8
2024-01-24,PROD01141,Sports,South,67.01,9.54,57.470000000000006,More Expensive,Significantly More Expensive,20,1139.17
2024-01-25,PROD01052,Books,South,26.91,69.27,-42.36,Cheaper,Significantly Cheaper,10,242.19
2024-01-25,PROD00170,Toys,Central,53.25,22.04,31.21,More Expensive,Significantly More Expensive,18,958.5
2024-01-25,PROD00302,Home & Kitchen,East,32.38,64.48,-32.1,Cheaper,Significantly Cheaper,30,922.83
2024-01-25,PROD00329,Sports,North,18.06,33.08,-15.02,Cheaper,Significantly Cheaper,37,534.58
2024-01-26,PROD00954,Grocery,Central,41.53,69.84,-28.310000000000002,Cheaper,Significantly Cheaper,30,1183.6
2024-01-26,PROD01116,Beauty,Central,74.79,32.27,42.52,More Expensive,Significantly More Expensive,8,598.32
2024-01-26,PROD00607,Toys,South,27.89,22.73,5.16,More Expensive,Significantly More Expensive,47,1179.75
2024-01-26,PROD00414,Sports,East,33.16,20.29,12.869999999999997,More Expensive,Significantly More Expensive,26,646.62
2024-01-26,PROD01059,Beauty,East,33.4,72.12,-38.720000000000006,Cheaper,Significantly Cheaper,24,801.6
2024-01-26,PROD00839,Electronics,East,21.11,20.88,0.23000000000000043,Similar,Normal Competitive Range,114,1684.58
2024-01-27,PROD00801,Home & Kitchen,South,23.34,9.87,13.47,More Expensive,Significantly More Expensive,28,620.84
2024-01-27,PROD00562,Grocery,West,30.12,25.38,4.740000000000002,More Expensive,Normal Competitive Range,64,1445.76
2024-01-27,PROD01012,Toys,West,41.13,32.69,8.440000000000005,More Expensive,Significantly More Expensive,31,1083.78
2024-01-28,PROD00028,Grocery,West,22.39,26.83,-4.439999999999998,Cheaper,Normal Competitive Range,82,1560.58
2024-01-28,PROD01083,Grocery,West,22.69,8.88,13.81,More Expensive,Significantly More Expensive,36,694.31
2024-01-28,PROD00544,Toys,North,8.6,19.25,-10.65,Cheaper,Significantly Cheaper,52,424.84
2024-01-28,PROD00286,Electronics,South,14.02,33.39,-19.37,Cheaper,Significantly Cheaper,63,750.77
2024-01-28,PROD00688,Electronics,East,76.94,29.57,47.37,More Expensive,Significantly More Expensive,14,915.59
2024-01-28,PROD00631,Books,North,23.72,26.36,-2.6400000000000006,Cheaper,Normal Competitive Range,17,383.08
2024-01-28,PROD01174,Toys,South,21.96,11.01,10.950000000000001,More Expensive,Significantly More Expensive,38,709.31
2024-01-28,PROD01036,Fashion,West,66.98,56.98,10.000000000000007,More Expensive,Normal Competitive Range,35,2109.87
2024-01-29,PROD00370,Grocery,Central,24.66,22.8,1.8599999999999994,More Expensive,Normal Competitive Range,51,1257.66
2024-01-29,PROD00768,Fashion,West,71.97,43.78,28.189999999999998,More Expensive,Significantly More Expensive,8,460.61
2024-01-29,PROD00901,Beauty,West,23.86,39.32,-15.46,Cheaper,Significantly Cheaper,56,1269.35
2024-01-29,PROD00475,Toys,North,13.79,28.37,-14.580000000000002,Cheaper,Significantly Cheaper,46,444.04
2024-01-29,PROD00865,Grocery,South,22.61,31.16,-8.55,Cheaper,Significantly Cheaper,98,1883.41
2024-01-30,PROD01082,Electronics,West,16.08,15.37,0.7099999999999991,Similar,Normal Competitive Range,136,1968.19
2024-01-30,PROD00785,Fashion,North,11.37,63.72,-52.35,Cheaper,Significantly Cheaper,97,827.17
2024-01-30,PROD00650,Fashion,Central,120.3,19.19,101.11,More Expensive,Significantly More Expensive,5,601.5
2024-01-30,PROD01155,Beauty,East,29.8,33.9,-4.099999999999998,Cheaper,Normal Competitive Range,29,820.99
2024-01-30,PROD00066,Home & Kitchen,West,18.04,36.1,-18.060000000000002,Cheaper,Significantly Cheaper,62,1006.63
2024-01-30,PROD00926,Fashion,North,50.29,27.5,22.79,More Expensive,Significantly More Expensive,38,1815.47
2024-01-31,PROD00563,Home & Kitchen,North,12.33,22.35,-10.020000000000001,Cheaper,Significantly Cheaper,95,995.65
2024-01-31,PROD01075,Books,East,19.46,24.04,-4.579999999999998,Cheaper,Normal Competitive Range,37,612.02
2024-01-31,PROD00391,Sports,North,32.16,15.12,17.04,More Expensive,Significantly More Expensive,19,611.04
2024-01-31,PROD00047,Electronics,East,13.05,18.96,-5.91,Cheaper,Significantly Cheaper,89,813.02
2024-01-31,PROD00389,Electronics,West,30.85,22.07,8.780000000000001,More Expensive,Significantly More Expensive,112,2936.92
2024-01-31,PROD00672,Grocery,East,25.42,112.18,-86.76,Cheaper,Significantly Cheaper,56,1138.82
2024-01-31,PROD00464,Grocery,North,46.18,15.68,30.5,More Expensive,Significantly More Expensive,51,1766.38
2024-01-31,PROD01068,Electronics,South,6.16,26.28,-20.12,Cheaper,Significantly Cheaper,69,382.54
2024-02-01,PROD01131,Grocery,South,23.28,25.24,-1.9599999999999973,Cheaper,Normal Competitive Range,48,1061.57
2024-02-01,PROD01131,Grocery,South,23.28,25.24,-1.9599999999999973,Cheaper,Normal Competitive Range,56,548.35
2024-02-01,PROD00763,Beauty,North,13.65,14.0,-0.34999999999999964,Similar,Normal Competitive Range,29,356.27
2024-02-01,PROD00499,Beauty,Central,19.61,48.02,-28.410000000000004,Cheaper,Significantly Cheaper,81,1191.31
2024-02-01,PROD01035,Grocery,West,20.23,113.36,-93.13,Cheaper,Significantly Cheaper,81,1392.84
2024-02-01,PROD00910,Beauty,North,15.61,24.24,-8.629999999999999,Cheaper,Significantly Cheaper,45,526.84
2024-02-01,PROD00846,Fashion,East,22.09,52.4,-30.31,Cheaper,Significantly Cheaper,60,1060.32
2024-02-01,PROD00787,Beauty,Central,24.5,14.16,10.34,More Expensive,Significantly More Expensive,82,1406.3
2024-02-01,PROD00300,Grocery,Central,38.01,73.35,-35.339999999999996,Cheaper,Significantly Cheaper,74,2672.1
2024-02-01,PROD00692,Electronics,East,25.3,40.59,-15.290000000000003,Cheaper,Significantly Cheaper,58,1320.66
2024-02-01,PROD01131,Fashion,Central,10.88,88.48,-77.60000000000001,Cheaper,Significantly Cheaper,48,1061.57
2024-02-01,PROD01131,Fashion,Central,10.88,88.48,-77.60000000000001,Cheaper,Significantly Cheaper,56,548.35
2024-02-02,PROD01059,Fashion,South,47.95,18.45,29.500000000000004,More Expensive,Significantly More Expensive,35,1594.34
2024-02-02,PROD00249,Fashion,West,26.59,21.29,5.300000000000001,More Expensive,Significantly More Expensive,36,717.93
2024-02-02,PROD00021,Home & Kitchen,North,33.31,46.71,-13.399999999999999,Cheaper,Significantly Cheaper,35,990.97
2024-02-03,PROD00005,Sports,West,15.31,25.06,-9.749999999999998,Cheaper,Significantly Cheaper,66,909.41
2024-02-03,PROD00216,Beauty,South,17.86,46.99,-29.130000000000003,Cheaper,Significantly Cheaper,73,1108.21
2024-02-03,PROD01129,Beauty,South,28.21,122.46,-94.25,Cheaper,Significantly Cheaper,62,1486.67
2024-02-03,PROD00296,Home & Kitchen,North,21.05,32.68,-11.629999999999999,Cheaper,Significantly Cheaper,51,912.52
2024-02-03,PROD00755,Sports,North,40.75,45.51,-4.759999999999998,Cheaper,Normal Competitive Range,23,843.52
2024-02-03,PROD01066,Books,North,23.56,19.27,4.289999999999999,More Expensive,Significantly More Expensive,16,320.42
2024-02-03,PROD00622,Toys,West,39.29,23.1,16.189999999999998,More Expensive,Significantly More Expensive,23,768.12
2024-02-03,PROD00741,Home & Kitchen,East,10.56,28.3,-17.740000000000002,Cheaper,Significantly Cheaper,67,707.52
2024-02-03,PROD00590,Electronics,Central,42.43,22.15,20.28,More Expensive,Significantly More Expensive,58,2214.85
2024-02-04,PROD00869,Sports,South,22.16,16.68,5.48,More Expensive,Significantly More Expensive,22,365.64
2024-02-04,PROD00182,Home & Kitchen,Central,43.2,40.78,2.4200000000000017,More Expensive,Normal Competitive Range,34,1321.92
2024-02-04,PROD00386,Grocery,Central,14.68,27.79,-13.11,Cheaper,Significantly Cheaper,93,1296.98
2024-02-04,PROD00697,Grocery,East,84.18,34.38,49.800000000000004,More Expensive,Significantly More Expensive,18,1363.72
2024-02-04,PROD00537,Fashion,North,29.88,7.78,22.099999999999998,More Expensive,Significantly More Expensive,61,1549.28
2024-02-04,PROD00994,Beauty,East,36.22,7.7,28.52,More Expensive,Significantly More Expensive,41,1262.27
2024-02-04,PROD00957,Toys,Central,6.0,18.0,-12.0,Cheaper,Significantly Cheaper,49,264.6
2024-02-05,PROD00273,Fashion,West,20.15,32.56,-12.410000000000004,Cheaper,Significantly Cheaper,64,1160.64
2024-02-05,PROD01014,Grocery,East,27.18,140.21,-113.03,Cheaper,Significantly Cheaper,41,947.22
2024-02-05,PROD00363,Fashion,West,48.94,12.03,36.91,More Expensive,Significantly More Expensive,30,1174.56
2024-02-05,PROD00189,Grocery,Central,74.79,30.2,44.59,More Expensive,Significantly More Expensive,34,2034.29
2024-02-05,PROD00217,Books,North,31.2,30.56,0.6400000000000006,Similar,Normal Competitive Range,23,502.32
2024-02-06,PROD00395,Electronics,South,19.35,49.85,-30.5,Cheaper,Significantly Cheaper,61,1121.33
2024-02-06,PROD00699,Toys,South,88.22,52.44,35.78,More Expensive,Significantly More Expensive,11,776.34
2024-02-06,PROD00463,Home & Kitchen,North,3.88,60.02,-56.14,Cheaper,Significantly Cheaper,47,155.01
2024-02-06,PROD01042,Fashion,Central,13.31,95.03,-81.72,Cheaper,Significantly Cheaper,39,519.09
2024-02-06,PROD00014,Toys,Central,9.07,33.7,-24.630000000000003,Cheaper,Significantly Cheaper,68,555.08
2024-02-06,PROD00941,Home & Kitchen,West,15.5,35.57,-20.07,Cheaper,Significantly Cheaper,67,1038.5
2024-02-07,PROD00379,Sports,Central,51.62,30.63,20.99,More Expensive,Significantly More Expensive,31,1120.15
2024-02-07,PROD00105,Grocery,Central,21.83,37.13,-15.300000000000004,Cheaper,Significantly Cheaper,26,510.82
2024-02-08,PROD00213,Electronics,North,48.11,55.8,-7.689999999999998,Cheaper,Normal Competitive Range,65,2658.08
2024-02-08,PROD00056,Fashion,East,19.37,31.13,-11.759999999999998,Cheaper,Significantly Cheaper,47,773.83
2024-02-08,PROD00191,Beauty,West,28.88,9.0,19.88,More Expensive,Significantly More Expensive,55,1111.88
2024-02-08,PROD01055,Home & Kitchen,South,31.52,14.21,17.31,More Expensive,Significantly More Expensive,34,857.34
2024-02-08,PROD00864,Sports,South,31.74,38.73,-6.989999999999998,Cheaper,Normal Competitive Range,29,690.34
2024-02-08,PROD00377,Beauty,Central,22.11,58.48,-36.37,Cheaper,Significantly Cheaper,49,1083.39
2024-02-08,PROD00966,Grocery,South,10.45,36.36,-25.91,Cheaper,Significantly Cheaper,42,416.96
2024-02-08,PROD01067,Books,Central,10.26,37.37,-27.11,Cheaper,Significantly Cheaper,18,147.74
2024-02-09,PROD00116,Electronics,Central,10.75,90.88,-80.13,Cheaper,Significantly Cheaper,84,812.7
2024-02-09,PROD00532,Sports,South,24.19,12.42,11.770000000000001,More Expensive,Significantly More Expensive,43,728.12
2024-02-09,PROD00235,Grocery,West,23.38,60.58,-37.2,Cheaper,Significantly Cheaper,67,1409.81
2024-02-09,PROD00212,Grocery,Central,23.45,10.07,13.379999999999999,More Expensive,Significantly More Expensive,47,1102.15
2024-02-10,PROD00436,Home & Kitchen,West,46.07,25.57,20.5,More Expensive,Significantly More Expensive,40,1289.96
2024-02-10,PROD00005,Toys,North,30.6,74.52,-43.919999999999995,Cheaper,Significantly Cheaper,32,685.44
2024-02-10,PROD01105,Home & Kitchen,South,16.67,81.16,-64.49,Cheaper,Significantly Cheaper,34,538.44
2024-02-10,PROD00852,Sports,East,24.56,54.77,-30.210000000000004,Cheaper,Significantly Cheaper,75,1289.4
2024-02-10,PROD00321,Sports,West,118.57,18.18,100.38999999999999,More Expensive,Significantly More Expensive,5,563.21
2024-02-10,PROD00686,Books,South,11.93,42.95,-31.020000000000003,Cheaper,Significantly Cheaper,26,248.14
2024-02-10,PROD00606,Toys,North,14.59,30.26,-15.670000000000002,Cheaper,Significantly Cheaper,23,285.23
2024-02-11,PROD00919,Books,South,33.38,101.33,-67.94999999999999,Cheaper,Significantly Cheaper,15,425.6
2024-02-11,PROD00820,Beauty,West,42.63,91.95,-49.32,Cheaper,Significantly Cheaper,23,833.42
2024-02-11,PROD01153,Books,West,23.12,30.72,-7.599999999999998,Cheaper,Significantly Cheaper,18,332.93
2024-02-11,PROD00592,Grocery,West,11.64,41.66,-30.019999999999996,Cheaper,Significantly Cheaper,23,267.72
2024-02-12,PROD00717,Toys,Central,25.22,47.43,-22.21,Cheaper,Significantly Cheaper,47,1007.54
2024-02-12,PROD00897,Home & Kitchen,West,133.61,33.76,99.85000000000002,More Expensive,Significantly More Expensive,8,1068.88
2024-02-12,PROD00393,Electronics,North,45.69,26.31,19.38,More Expensive,Significantly More Expensive,25,1142.25
2024-02-12,PROD01122,Books,South,17.93,55.28,-37.35,Cheaper,Significantly Cheaper,24,387.29
2024-02-12,PROD01166,Toys,East,17.65,13.37,4.279999999999999,More Expensive,Significantly More Expensive,68,900.15
2024-02-13,PROD00293,Grocery,West,17.67,23.71,-6.039999999999999,Cheaper,Significantly Cheaper,47,830.49
2024-02-13,PROD00506,Fashion,East,15.83,36.24,-20.410000000000004,Cheaper,Significantly Cheaper,75,949.8
2024-02-13,PROD00577,Books,West,25.68,31.37,-5.690000000000001,Cheaper,Normal Competitive Range,26,534.14
2024-02-14,PROD00959,Books,West,30.93,28.09,2.84,More Expensive,Normal Competitive Range,27,668.09
2024-02-14,PROD00938,Fashion,North,24.45,90.46,-66.00999999999999,Cheaper,Significantly Cheaper,44,1075.8
2024-02-14,PROD00665,Toys,West,16.55,38.9,-22.349999999999998,Cheaper,Significantly Cheaper,45,595.8
2024-02-14,PROD00727,Electronics,East,26.5,18.57,7.93,More Expensive,Significantly More Expensive,78,1963.65
2024-02-15,PROD01084,Home & Kitchen,West,42.37,13.15,29.22,More Expensive,Significantly More Expensive,33,1258.39
2024-02-15,PROD00549,Electronics,East,35.53,18.32,17.21,More Expensive,Significantly More Expensive,42,1268.42
2024-02-15,PROD00605,Home & Kitchen,South,95.22,43.5,51.72,More Expensive,Significantly More Expensive,14,1066.46
2024-02-16,PROD00234,Beauty,West,37.3,55.13,-17.830000000000005,Cheaper,Significantly Cheaper,25,792.62
2024-02-16,PROD01021,Toys,Central,38.26,33.92,4.339999999999996,More Expensive,Normal Competitive Range,52,1691.09
2024-02-16,PROD00103,Fashion,West,87.0,29.15,57.85,More Expensive,Significantly More Expensive,10,696.0
2024-02-16,PROD00254,Fashion,Central,48.96,30.03,18.93,More Expensive,Significantly More Expensive,33,1292.54
2024-02-16,PROD00239,Grocery,Central,33.74,18.4,15.340000000000003,More Expensive,Significantly More Expensive,43,1233.2
2024-02-16,PROD01188,Sports,East,15.53,25.73,-10.200000000000001,Cheaper,Significantly Cheaper,41,541.22
2024-02-16,PROD01105,Fashion,Central,49.9,40.43,9.469999999999999,More Expensive,Significantly More Expensive,32,1357.28
2024-02-17,PROD00112,Books,South,17.4,64.29,-46.89000000000001,Cheaper,Significantly Cheaper,22,325.38
2024-02-17,PROD01000,Books,East,14.16,49.23,-35.06999999999999,Cheaper,Significantly Cheaper,22,264.79
2024-02-17,PROD00970,Sports,East,34.68,72.08,-37.4,Cheaper,Significantly Cheaper,44,1525.92
2024-02-18,PROD01085,Fashion,West,38.12,18.55,19.569999999999997,More Expensive,Significantly More Expensive,18,548.93
2024-02-18,PROD00860,Grocery,West,17.89,28.94,-11.05,Cheaper,Significantly Cheaper,25,424.89
2024-02-18,PROD00172,Beauty,South,18.71,42.75,-24.04,Cheaper,Significantly Cheaper,47,791.43
2024-02-18,PROD00170,Home & Kitchen,North,63.64,120.17,-56.53,Cheaper,Significantly Cheaper,15,715.95
2024-02-18,PROD01036,Toys,South,51.16,33.86,17.299999999999997,More Expensive,Significantly More Expensive,16,654.85
2024-02-18,PROD00849,Beauty,North,14.66,30.29,-15.629999999999999,Cheaper,Significantly Cheaper,52,647.97
2024-02-18,PROD00749,Grocery,North,23.61,23.06,0.5500000000000007,Similar,Normal Competitive Range,24,453.31
2024-02-19,PROD01142,Books,North,29.5,18.53,10.969999999999999,More Expensive,Significantly More Expensive,34,952.85
2024-02-19,PROD01073,Beauty,East,22.0,32.94,-10.939999999999998,Cheaper,Significantly Cheaper,26,486.2
2024-02-19,PROD00664,Sports,Central,27.66,122.22,-94.56,Cheaper,Significantly Cheaper,35,774.48
2024-02-19,PROD00826,Beauty,East,54.54,23.9,30.64,More Expensive,Significantly More Expensive,29,1186.25
2024-02-19,PROD01175,Books,Central,22.52,26.32,-3.8000000000000007,Cheaper,Normal Competitive Range,43,726.27
2024-02-19,PROD00666,Books,North,26.56,20.2,6.359999999999999,More Expensive,Significantly More Expensive,46,977.41
2024-02-20,PROD00659,Fashion,Central,34.99,29.2,5.790000000000003,More Expensive,Normal Competitive Range,60,1784.49
2024-02-20,PROD01068,Sports,West,12.38,168.01,-155.63,Cheaper,Significantly Cheaper,57,635.09
2024-02-20,PROD00837,Sports,East,41.55,144.09,-102.54,Cheaper,Significantly Cheaper,53,2202.15
2024-02-20,PROD00800,Electronics,South,22.77,21.74,1.0300000000000011,Similar,Normal Competitive Range,56,1147.61
2024-02-21,PROD00392,Fashion,Central,11.65,54.74,-43.09,Cheaper,Significantly Cheaper,36,419.4
2024-02-21,PROD00149,Electronics,North,27.75,13.53,14.22,More Expensive,Significantly More Expensive,51,1273.73
2024-02-21,PROD00272,Books,South,44.32,17.86,26.46,More Expensive,Significantly More Expensive,11,365.64
2024-02-21,PROD01196,Grocery,North,85.43,27.82,57.61000000000001,More Expensive,Significantly More Expensive,13,999.53
2024-02-21,PROD01074,Grocery,West,12.6,43.21,-30.61,Cheaper,Significantly Cheaper,96,1088.64
2024-02-22,PROD00913,Grocery,West,42.72,26.85,15.869999999999997,More Expensive,Significantly More Expensive,24,768.96
2024-02-22,PROD00577,Books,West,36.42,13.24,23.18,More Expensive,Significantly More Expensive,11,360.56
2024-02-22,PROD01001,Books,East,23.6,15.88,7.720000000000001,More Expensive,Significantly More Expensive,36,722.16
2024-02-22,PROD00232,Grocery,North,22.45,55.93,-33.480000000000004,Cheaper,Significantly Cheaper,35,785.75
2024-02-22,PROD00974,Beauty,North,49.58,11.91,37.67,More Expensive,Significantly More Expensive,35,1648.54
2024-02-22,PROD00728,Home & Kitchen,West,84.89,22.72,62.17,More Expensive,Significantly More Expensive,17,1370.97
2024-02-22,PROD00993,Electronics,West,21.24,56.75,-35.510000000000005,Cheaper,Significantly Cheaper,57,908.01
2024-02-22,PROD00385,Grocery,South,58.93,20.61,38.32,More Expensive,Significantly More Expensive,28,1650.04
2024-02-23,PROD00589,Beauty,North,48.39,51.51,-3.1199999999999974,Cheaper,Normal Competitive Range,25,967.8
2024-02-23,PROD00864,Electronics,East,9.76,44.32,-34.56,Cheaper,Significantly Cheaper,82,720.29
2024-02-23,PROD00887,Grocery,West,19.9,17.39,2.509999999999998,More Expensive,Normal Competitive Range,55,1039.77
2024-02-23,PROD01073,Electronics,Central,37.94,17.67,20.269999999999996,More Expensive,Significantly More Expensive,66,2378.84
2024-02-24,PROD01058,Grocery,North,75.08,18.49,56.59,More Expensive,Significantly More Expensive,31,1861.98
2024-02-24,PROD00714,Sports,West,32.59,60.96,-28.369999999999997,Cheaper,Significantly Cheaper,36,938.59
2024-02-24,PROD00120,Books,North,43.18,86.64,-43.46,Cheaper,Significantly Cheaper,30,1101.09
2024-02-24,PROD00932,Fashion,West,25.83,19.38,6.449999999999999,More Expensive,Significantly More Expensive,67,1384.49
2024-02-24,PROD00693,Grocery,West,21.81,16.02,5.789999999999999,More Expensive,Significantly More Expensive,80,1221.36
2024-02-25,PROD00721,Fashion,West,29.81,16.24,13.57,More Expensive,Significantly More Expensive,59,1758.79
2024-02-25,PROD00191,Grocery,South,32.64,34.55,-1.9099999999999966,Cheaper,Normal Competitive Range,56,1827.84
2024-02-25,PROD00057,Electronics,North,32.81,11.3,21.51,More Expensive,Significantly More Expensive,80,2624.8
2024-02-25,PROD00652,Sports,Central,27.03,47.54,-20.509999999999998,Cheaper,Significantly Cheaper,19,462.21
2024-02-25,PROD00039,Sports,West,8.21,12.2,-3.9899999999999984,Cheaper,Significantly Cheaper,25,205.25
2024-02-25,PROD00358,Electronics,West,36.12,5.89,30.229999999999997,More Expensive,Significantly More Expensive,57,2058.84
2024-02-25,PROD00751,Home & Kitchen,West,8.04,40.46,-32.42,Cheaper,Significantly Cheaper,59,474.36
2024-02-26,PROD01169,Electronics,Central,27.44,32.61,-5.169999999999998,Cheaper,Normal Competitive Range,38,938.45
2024-02-26,PROD00925,Home & Kitchen,North,29.51,45.24,-15.73,Cheaper,Significantly Cheaper,32,944.32
2024-02-26,PROD00476,Home & Kitchen,North,97.92,19.55,78.37,More Expensive,Significantly More Expensive,12,1057.54
2024-02-26,PROD00449,Fashion,Central,18.77,81.17,-62.400000000000006,Cheaper,Significantly Cheaper,40,750.8
2024-02-26,PROD00249,Beauty,Central,35.16,18.56,16.599999999999998,More Expensive,Significantly More Expensive,23,687.38
2024-02-27,PROD01187,Beauty,West,28.47,24.41,4.059999999999999,More Expensive,Normal Competitive Range,31,794.31
2024-02-27,PROD00322,Electronics,South,11.24,12.92,-1.6799999999999997,Cheaper,Normal Competitive Range,47,422.62
2024-02-27,PROD01001,Books,South,49.89,28.98,20.91,More Expensive,Significantly More Expensive,20,798.24
2024-02-28,PROD00207,Sports,West,8.01,19.39,-11.38,Cheaper,Significantly Cheaper,56,381.28
2024-02-28,PROD00643,Home & Kitchen,North,33.85,22.74,11.110000000000003,More Expensive,Significantly More Expensive,45,1294.76
2024-02-28,PROD00568,Home & Kitchen,Central,39.4,9.87,29.53,More Expensive,Significantly More Expensive,42,1489.32
2024-02-28,PROD00788,Beauty,West,30.34,10.75,19.59,More Expensive,Significantly More Expensive,27,737.26
2024-02-28,PROD00990,Toys,West,16.78,23.21,-6.43,Cheaper,Significantly Cheaper,75,1069.72
2024-02-28,PROD00161,Books,East,89.34,19.53,69.81,More Expensive,Significantly More Expensive,6,482.44
2024-02-28,PROD00276,Fashion,South,14.08,21.52,-7.4399999999999995,Cheaper,Significantly Cheaper,35,492.8
2024-02-29,PROD00867,Sports,South,19.5,19.82,-0.3200000000000003,Similar,Normal Competitive Range,41,679.58
2024-02-29,PROD00272,Electronics,East,15.14,37.98,-22.839999999999996,Cheaper,Significantly Cheaper,82,1055.26
2024-02-29,PROD00007,Grocery,North,17.78,23.16,-5.379999999999999,Cheaper,Significantly Cheaper,59,944.12
2024-02-29,PROD00747,Books,Central,41.43,19.41,22.02,More Expensive,Significantly More Expensive,19,551.02
2024-02-29,PROD01094,Fashion,West,48.65,19.15,29.5,More Expensive,Significantly More Expensive,17,702.99
2024-02-29,PROD00016,Toys,North,18.92,20.42,-1.5,Cheaper,Normal Competitive Range,19,341.51
2024-02-29,PROD00687,Home & Kitchen,North,39.95,32.41,7.540000000000006,More Expensive,Significantly More Expensive,28,1118.6
2024-02-29,PROD00450,Home & Kitchen,East,29.81,11.88,17.93,More Expensive,Significantly More Expensive,55,1475.6
2024-02-29,PROD00580,Sports,North,35.73,84.37,-48.64000000000001,Cheaper,Significantly Cheaper,58,1554.25
2024-02-29,PROD01022,Fashion,South,46.43,34.07,12.36,More Expensive,Significantly More Expensive,48,2228.64
2024-02-29,PROD00404,Books,West,73.98,13.7,60.28,More Expensive,Significantly More Expensive,5,314.42
2024-03-01,PROD00269,Fashion,West,50.46,37.56,12.899999999999999,More Expensive,Significantly More Expensive,26,1311.96
2024-03-01,PROD00986,Home & Kitchen,West,31.03,27.05,3.9800000000000004,More Expensive,Normal Competitive Range,18,558.54
2024-03-01,PROD00017,Fashion,West,168.48,25.57,142.91,More Expensive,Significantly More Expensive,4,505.44
2024-03-01,PROD00774,Grocery,South,10.43,22.21,-11.780000000000001,Cheaper,Significantly Cheaper,51,531.93
2024-03-01,PROD00622,Fashion,South,14.39,29.54,-15.149999999999999,Cheaper,Significantly Cheaper,33,332.41
2024-03-02,PROD00507,Electronics,East,24.82,19.82,5.0,More Expensive,Significantly More Expensive,60,1191.36
2024-03-02,PROD00356,Books,South,20.62,24.89,-4.27,Cheaper,Normal Competitive Range,24,445.39
2024-03-02,PROD00034,Electronics,North,27.3,37.32,-10.02,Cheaper,Significantly Cheaper,53,1446.9
2024-03-02,PROD00797,Sports,South,9.86,23.36,-13.5,Cheaper,Significantly Cheaper,43,360.38
2024-03-02,PROD00894,Fashion,South,36.55,91.11,-54.56,Cheaper,Significantly Cheaper,42,1535.1
2024-03-02,PROD00810,Fashion,East,40.51,14.52,25.99,More Expensive,Significantly More Expensive,41,1411.77
2024-03-02,PROD01199,Beauty,North,14.66,35.14,-20.48,Cheaper,Significantly Cheaper,44,548.28
2024-03-02,PROD00531,Beauty,North,13.25,31.82,-18.57,Cheaper,Significantly Cheaper,56,704.9
2024-03-02,PROD00888,Fashion,South,49.89,19.27,30.62,More Expensive,Significantly More Expensive,25,1122.53
2024-03-03,PROD00245,Electronics,South,34.33,37.14,-2.8100000000000023,Cheaper,Normal Competitive Range,58,1792.03
2024-03-03,PROD00262,Sports,South,19.65,37.47,-17.82,Cheaper,Significantly Cheaper,54,1008.04
2024-03-03,PROD00155,Sports,Central,41.55,22.61,18.939999999999998,More Expensive,Significantly More Expensive,65,2160.6
2024-03-03,PROD00155,Sports,Central,41.55,22.61,18.939999999999998,More Expensive,Significantly More Expensive,23,1072.47
2024-03-03,PROD00179,Grocery,Central,20.81,29.84,-9.030000000000001,Cheaper,Significantly Cheaper,59,920.84
2024-03-03,PROD00751,Fashion,East,43.68,27.24,16.44,More Expensive,Significantly More Expensive,37,1454.54
2024-03-03,PROD00155,Sports,Central,51.81,31.41,20.400000000000002,More Expensive,Significantly More Expensive,65,2160.6
2024-03-03,PROD00155,Sports,Central,51.81,31.41,20.400000000000002,More Expensive,Significantly More Expensive,23,1072.47
2024-03-03,PROD00806,Toys,West,43.0,10.09,32.91,More Expensive,Significantly More Expensive,21,812.7
2024-03-04,PROD00551,Sports,North,18.19,42.81,-24.62,Cheaper,Significantly Cheaper,21,305.59
2024-03-04,PROD00062,Grocery,South,40.86,7.26,33.6,More Expensive,Significantly More Expensive,19,582.26
2024-03-04,PROD00833,Sports,East,15.43,22.84,-7.41,Cheaper,Significantly Cheaper,39,541.59
2024-03-04,PROD01073,Beauty,East,16.4,20.09,-3.6900000000000013,Cheaper,Normal Competitive Range,31,508.4
2024-03-04,PROD00877,Toys,Central,47.14,31.58,15.560000000000002,More Expensive,Significantly More Expensive,16,678.82
2024-03-04,PROD00490,Home & Kitchen,South,23.93,90.89,-66.96000000000001,Cheaper,Significantly Cheaper,43,926.09
2024-03-04,PROD00823,Toys,Central,27.99,29.99,-2.0,Cheaper,Normal Competitive Range,27,755.73
2024-03-05,PROD00428,Home & Kitchen,North,68.82,8.88,59.93999999999999,More Expensive,Significantly More Expensive,25,1548.45
2024-03-05,PROD00369,Grocery,Central,7.57,37.8,-30.229999999999997,Cheaper,Significantly Cheaper,122,877.36
2024-03-05,PROD00320,Electronics,East,38.68,40.64,-1.9600000000000009,Similar,Normal Competitive Range,48,1485.31
2024-03-05,PROD00352,Beauty,East,31.13,28.53,2.599999999999998,More Expensive,Normal Competitive Range,34,952.58
2024-03-06,PROD00749,Sports,Central,30.81,84.41,-53.599999999999994,Cheaper,Significantly Cheaper,51,1414.18
2024-03-06,PROD00063,Fashion,East,71.79,16.37,55.42,More Expensive,Significantly More Expensive,16,976.34
2024-03-06,PROD01099,Fashion,Central,60.76,35.35,25.409999999999997,More Expensive,Significantly More Expensive,13,710.89
2024-03-06,PROD00346,Fashion,South,16.96,70.6,-53.63999999999999,Cheaper,Significantly Cheaper,30,508.8
2024-03-06,PROD00467,Toys,Central,92.4,243.06,-150.66,Cheaper,Significantly Cheaper,14,1164.24
2024-03-06,PROD00197,Home & Kitchen,South,36.73,45.57,-8.840000000000003,Cheaper,Normal Competitive Range,41,1355.34
2024-03-06,PROD00970,Beauty,East,35.74,10.4,25.340000000000003,More Expensive,Significantly More Expensive,34,972.13
2024-03-07,PROD00635,Fashion,North,35.91,45.54,-9.630000000000003,Cheaper,Significantly Cheaper,17,610.47
2024-03-07,PROD00172,Home & Kitchen,South,44.09,34.45,9.64,More Expensive,Significantly More Expensive,13,515.85
2024-03-07,PROD00361,Sports,East,15.48,101.14,-85.66,Cheaper,Significantly Cheaper,61,755.42
2024-03-07,PROD00200,Books,Central,28.77,8.61,20.16,More Expensive,Significantly More Expensive,49,1339.24
2024-03-08,PROD00450,Fashion,North,12.63,16.67,-4.040000000000001,Cheaper,Significantly Cheaper,33,354.27
2024-03-08,PROD00415,Fashion,West,41.02,37.65,3.3700000000000045,More Expensive,Normal Competitive Range,43,1499.28
2024-03-08,PROD00852,Electronics,South,70.3,41.44,28.86,More Expensive,Significantly More Expensive,22,1391.94
2024-03-08,PROD01038,Toys,West,71.81,14.1,57.71,More Expensive,Significantly More Expensive,13,793.5
2024-03-08,PROD01180,Electronics,Central,38.5,34.34,4.159999999999997,More Expensive,Normal Competitive Range,49,1886.5
2024-03-08,PROD01184,Fashion,West,18.43,11.99,6.4399999999999995,More Expensive,Significantly More Expensive,36,663.48
2024-03-09,PROD00628,Beauty,West,19.46,15.0,4.460000000000001,More Expensive,Significantly More Expensive,47,777.43
2024-03-09,PROD00592,Electronics,West,58.52,41.35,17.17,More Expensive,Significantly More Expensive,34,1890.2
2024-03-09,PROD00685,Electronics,West,78.91,37.98,40.93,More Expensive,Significantly More Expensive,17,1073.18
2024-03-09,PROD01042,Books,North,8.28,30.45,-22.17,Cheaper,Significantly Cheaper,70,434.7
2024-03-09,PROD00190,Grocery,South,70.14,60.42,9.719999999999999,More Expensive,Normal Competitive Range,25,1227.45
2024-03-09,PROD00985,Fashion,South,46.4,23.27,23.13,More Expensive,Significantly More Expensive,49,2273.6
2024-03-09,PROD00621,Toys,South,33.15,51.61,-18.46,Cheaper,Significantly Cheaper,49,1218.26
2024-03-09,PROD00233,Beauty,Central,13.43,23.84,-10.41,Cheaper,Significantly Cheaper,37,496.91
2024-03-09,PROD01091,Fashion,West,24.73,41.48,-16.749999999999996,Cheaper,Significantly Cheaper,46,1080.7
2024-03-09,PROD00188,Toys,East,22.0,57.88,-35.88,Cheaper,Significantly Cheaper,40,748.0
2024-03-09,PROD01068,Home & Kitchen,Central,15.55,33.92,-18.37,Cheaper,Significantly Cheaper,59,825.7
2024-03-10,PROD00468,Fashion,West,16.0,51.04,-35.04,Cheaper,Significantly Cheaper,41,656.0
2024-03-10,PROD01053,Sports,South,26.48,72.44,-45.959999999999994,Cheaper,Significantly Cheaper,93,1846.98
2024-03-10,PROD01187,Home & Kitchen,North,58.61,41.98,16.630000000000003,More Expensive,Significantly More Expensive,24,984.65
2024-03-10,PROD00277,Grocery,South,169.81,27.57,142.24,More Expensive,Significantly More Expensive,3,483.96
2024-03-10,PROD00916,Books,West,24.68,6.75,17.93,More Expensive,Significantly More Expensive,23,454.11
2024-03-10,PROD00666,Beauty,South,26.02,9.65,16.369999999999997,More Expensive,Significantly More Expensive,21,437.14
2024-03-10,PROD00826,Fashion,West,10.16,11.95,-1.7899999999999991,Cheaper,Normal Competitive Range,46,467.36
2024-03-10,PROD00976,Electronics,South,37.46,15.69,21.770000000000003,More Expensive,Significantly More Expensive,63,2005.98
2024-03-11,PROD00758,Toys,South,17.67,23.08,-5.409999999999997,Cheaper,Significantly Cheaper,35,463.84
2024-03-11,PROD00845,Sports,North,26.41,23.43,2.9800000000000004,More Expensive,Normal Competitive Range,23,607.43
2024-03-11,PROD00199,Home & Kitchen,North,60.13,60.37,-0.23999999999999488,Similar,Normal Competitive Range,28,1683.64
2024-03-11,PROD00016,Books,East,96.68,72.67,24.010000000000005,More Expensive,Significantly More Expensive,8,734.77
2024-03-12,PROD00845,Grocery,East,21.8,31.96,-10.16,Cheaper,Significantly Cheaper,22,407.66
2024-03-12,PROD01090,Home & Kitchen,South,36.8,15.14,21.659999999999997,More Expensive,Significantly More Expensive,45,1573.2
2024-03-12,PROD00109,Home & Kitchen,South,24.8,16.44,8.36,More Expensive,Significantly More Expensive,25,527.0
2024-03-12,PROD01055,Sports,East,23.82,103.19,-79.37,Cheaper,Significantly Cheaper,40,905.16
2024-03-12,PROD00251,Electronics,Central,44.19,48.97,-4.780000000000001,Cheaper,Normal Competitive Range,39,1637.24
2024-03-12,PROD00443,Sports,West,40.24,34.17,6.07,More Expensive,Normal Competitive Range,32,1158.91
2024-03-13,PROD01159,Books,North,52.35,83.74,-31.389999999999993,Cheaper,Significantly Cheaper,15,706.72
2024-03-13,PROD00557,Grocery,West,21.13,28.78,-7.650000000000002,Cheaper,Significantly Cheaper,32,642.35
2024-03-13,PROD01108,Books,North,50.72,34.27,16.449999999999996,More Expensive,Significantly More Expensive,20,1014.4
2024-03-13,PROD00885,Toys,North,31.84,132.75,-100.91,Cheaper,Significantly Cheaper,34,1028.43
2024-03-13,PROD00297,Home & Kitchen,East,29.83,18.59,11.239999999999998,More Expensive,Significantly More Expensive,50,1416.92
2024-03-13,PROD00098,Beauty,East,33.78,9.59,24.19,More Expensive,Significantly More Expensive,38,1155.28
2024-03-13,PROD00724,Beauty,West,21.76,22.95,-1.1899999999999977,Cheaper,Normal Competitive Range,119,2330.5
2024-03-13,PROD00580,Beauty,North,58.58,21.39,37.19,More Expensive,Significantly More Expensive,28,1312.19
2024-03-13,PROD00480,Home & Kitchen,East,18.02,52.11,-34.09,Cheaper,Significantly Cheaper,63,908.21
2024-03-14,PROD00790,Home & Kitchen,West,8.54,29.76,-21.220000000000002,Cheaper,Significantly Cheaper,77,624.7
2024-03-14,PROD01035,Beauty,South,34.43,13.4,21.03,More Expensive,Significantly More Expensive,21,506.12
2024-03-14,PROD01108,Books,South,33.87,40.97,-7.100000000000001,Cheaper,Normal Competitive Range,33,1005.94
2024-03-14,PROD00913,Electronics,North,12.78,37.96,-25.18,Cheaper,Significantly Cheaper,28,339.95
2024-03-15,PROD01157,Fashion,North,20.14,12.86,7.280000000000001,More Expensive,Significantly More Expensive,54,815.67
2024-03-15,PROD00989,Toys,West,6.6,35.75,-29.15,Cheaper,Significantly Cheaper,26,171.6
2024-03-15,PROD00588,Toys,Central,13.77,70.79,-57.02000000000001,Cheaper,Significantly Cheaper,37,458.54
2024-03-15,PROD00894,Home & Kitchen,North,9.49,134.95,-125.46,Cheaper,Significantly Cheaper,21,199.29
2024-03-15,PROD00557,Toys,Central,58.74,96.21,-37.46999999999999,Cheaper,Significantly Cheaper,15,837.04
2024-03-15,PROD01170,Sports,Central,39.29,41.32,-2.030000000000001,Similar,Normal Competitive Range,24,895.81
2024-03-16,PROD00548,Grocery,West,15.04,111.92,-96.88,Cheaper,Significantly Cheaper,79,1069.34
2024-03-16,PROD00241,Fashion,Central,14.29,42.82,-28.53,Cheaper,Significantly Cheaper,78,1114.62
2024-03-16,PROD00636,Home & Kitchen,West,53.04,17.49,35.55,More Expensive,Significantly More Expensive,19,1007.76
2024-03-16,PROD00957,Grocery,West,45.33,54.35,-9.020000000000003,Cheaper,Normal Competitive Range,33,1495.89
2024-03-16,PROD01004,Electronics,Central,77.26,59.04,18.220000000000006,More Expensive,Significantly More Expensive,17,919.39
2024-03-16,PROD00126,Toys,West,20.89,77.44,-56.55,Cheaper,Significantly Cheaper,12,225.61
2024-03-16,PROD00955,Beauty,Central,20.53,37.34,-16.810000000000002,Cheaper,Significantly Cheaper,10,205.3
2024-03-16,PROD00796,Toys,South,24.35,27.35,-3.0,Cheaper,Normal Competitive Range,60,1168.8
2024-03-17,PROD00985,Books,West,96.71,25.2,71.50999999999999,More Expensive,Significantly More Expensive,6,522.23
2024-03-17,PROD01149,Books,East,36.29,11.24,25.049999999999997,More Expensive,Significantly More Expensive,53,1731.03
2024-03-17,PROD00046,Grocery,South,44.77,189.93,-145.16,Cheaper,Significantly Cheaper,32,1432.64
2024-03-17,PROD00822,Sports,South,17.66,26.02,-8.36,Cheaper,Significantly Cheaper,39,550.99
2024-03-17,PROD00957,Sports,North,28.86,53.69,-24.83,Cheaper,Significantly Cheaper,23,497.84
2024-03-17,PROD00527,Beauty,East,11.38,61.77,-50.39,Cheaper,Significantly Cheaper,36,286.78
2024-03-18,PROD00753,Sports,East,61.1,56.29,4.810000000000002,More Expensive,Normal Competitive Range,55,2520.38
2024-03-18,PROD00183,Grocery,Central,31.63,24.65,6.98,More Expensive,Significantly More Expensive,25,751.21
2024-03-18,PROD01022,Fashion,Central,26.13,105.73,-79.60000000000001,Cheaper,Significantly Cheaper,25,555.26
2024-03-18,PROD01167,Home & Kitchen,East,33.96,37.53,-3.5700000000000003,Cheaper,Normal Competitive Range,19,645.24
2024-03-18,PROD00062,Books,East,22.85,15.68,7.170000000000002,More Expensive,Significantly More Expensive,26,534.69
2024-03-19,PROD00568,Books,West,37.86,41.82,-3.960000000000001,Cheaper,Normal Competitive Range,19,683.37
2024-03-19,PROD00852,Books,South,33.84,29.63,4.210000000000004,More Expensive,Normal Competitive Range,42,1208.09
2024-03-19,PROD00004,Beauty,West,46.85,6.52,40.33,More Expensive,Significantly More Expensive,29,1018.99
2024-03-19,PROD00946,Grocery,East,22.86,13.9,8.959999999999999,More Expensive,Significantly More Expensive,39,802.39
2024-03-19,PROD00096,Beauty,East,58.96,7.47,51.49,More Expensive,Significantly More Expensive,14,577.81
2024-03-19,PROD00788,Grocery,East,70.22,24.27,45.95,More Expensive,Significantly More Expensive,37,2468.23
2024-03-19,PROD00410,Electronics,North,37.65,41.95,-4.300000000000004,Cheaper,Normal Competitive Range,66,2236.41
2024-03-20,PROD00702,Sports,South,42.88,36.36,6.520000000000003,More Expensive,Normal Competitive Range,25,911.2
2024-03-20,PROD00861,Books,Central,134.72,15.58,119.14,More Expensive,Significantly More Expensive,5,572.56
2024-03-20,PROD00891,Sports,Central,32.46,55.87,-23.409999999999997,Cheaper,Significantly Cheaper,32,934.85
2024-03-20,PROD00321,Electronics,West,10.77,70.28,-59.510000000000005,Cheaper,Significantly Cheaper,96,982.22
2024-03-21,PROD01031,Toys,Central,22.42,13.85,8.570000000000002,More Expensive,Significantly More Expensive,43,915.86
2024-03-21,PROD00707,Sports,West,21.32,34.09,-12.770000000000003,Cheaper,Significantly Cheaper,49,992.45
2024-03-21,PROD00380,Grocery,East,18.09,56.13,-38.040000000000006,Cheaper,Significantly Cheaper,73,1122.48
2024-03-21,PROD00475,Home & Kitchen,North,35.98,62.9,-26.92,Cheaper,Significantly Cheaper,24,863.52
2024-03-21,PROD00022,Fashion,West,90.04,34.34,55.7,More Expensive,Significantly More Expensive,12,918.41
2024-03-21,PROD00803,Toys,East,9.63,21.84,-12.209999999999999,Cheaper,Significantly Cheaper,38,292.75
2024-03-21,PROD00954,Home & Kitchen,South,35.81,49.39,-13.579999999999998,Cheaper,Significantly Cheaper,21,639.21
2024-03-22,PROD00525,Beauty,North,22.96,61.3,-38.339999999999996,Cheaper,Significantly Cheaper,28,642.88
2024-03-22,PROD01010,Grocery,West,43.65,36.69,6.960000000000001,More Expensive,Normal Competitive Range,36,1257.12
2024-03-22,PROD00574,Sports,Central,20.49,59.24,-38.75,Cheaper,Significantly Cheaper,19,350.38
2024-03-22,PROD00505,Books,South,33.81,27.95,5.860000000000003,More Expensive,Significantly More Expensive,12,405.72
2024-03-23,PROD00325,Grocery,Central,55.66,4.85,50.809999999999995,More Expensive,Significantly More Expensive,35,1558.48
2024-03-23,PROD00138,Home & Kitchen,East,24.48,22.24,2.240000000000002,More Expensive,Normal Competitive Range,29,567.94
2024-03-23,PROD00153,Home & Kitchen,West,10.21,63.61,-53.4,Cheaper,Significantly Cheaper,89,863.26
2024-03-23,PROD00893,Books,East,74.63,24.37,50.25999999999999,More Expensive,Significantly More Expensive,9,470.17
2024-03-23,PROD00222,Beauty,Central,12.9,30.51,-17.61,Cheaper,Significantly Cheaper,111,1431.9
2024-03-23,PROD00642,Fashion,East,38.69,125.37,-86.68,Cheaper,Significantly Cheaper,72,1949.98
2024-03-23,PROD00859,Grocery,East,10.07,114.96,-104.88999999999999,Cheaper,Significantly Cheaper,48,362.52
2024-03-23,PROD00766,Home & Kitchen,Central,21.46,12.96,8.5,More Expensive,Significantly More Expensive,71,1142.75
2024-03-24,PROD00641,Home & Kitchen,North,17.18,48.24,-31.060000000000002,Cheaper,Significantly Cheaper,36,587.56
2024-03-24,PROD00469,Home & Kitchen,Central,26.19,105.62,-79.43,Cheaper,Significantly Cheaper,39,817.13
2024-03-24,PROD00142,Electronics,East,21.86,126.23,-104.37,Cheaper,Significantly Cheaper,52,1079.88
2024-03-24,PROD00200,Books,East,62.58,15.71,46.87,More Expensive,Significantly More Expensive,8,475.61
2024-03-24,PROD01138,Beauty,South,26.54,13.08,13.459999999999999,More Expensive,Significantly More Expensive,23,549.38
2024-03-24,PROD00427,Grocery,Central,15.15,30.01,-14.860000000000001,Cheaper,Significantly Cheaper,70,901.42
2024-03-24,PROD00318,Grocery,West,36.25,35.55,0.7000000000000028,Similar,Normal Competitive Range,54,1566.0
2024-03-24,PROD00375,Electronics,East,47.36,13.73,33.629999999999995,More Expensive,Significantly More Expensive,19,809.86
2024-03-24,PROD00107,Toys,South,11.62,49.15,-37.53,Cheaper,Significantly Cheaper,31,342.21
2024-03-24,PROD00249,Beauty,Central,15.66,15.16,0.5,Similar,Normal Competitive Range,58,772.04
2024-03-24,PROD00792,Fashion,South,120.73,33.89,86.84,More Expensive,Significantly More Expensive,9,1086.57
2024-03-24,PROD00509,Beauty,South,24.17,20.63,3.5400000000000027,More Expensive,Normal Competitive Range,51,1047.77
2024-03-24,PROD00903,Fashion,South,40.62,29.39,11.229999999999997,More Expensive,Significantly More Expensive,35,1208.44
2024-03-25,PROD00525,Sports,North,20.91,22.53,-1.620000000000001,Cheaper,Normal Competitive Range,41,771.58
2024-03-25,PROD01187,Electronics,West,21.38,40.19,-18.81,Cheaper,Significantly Cheaper,64,1163.07
2024-03-25,PROD00551,Fashion,East,23.29,125.42,-102.13,Cheaper,Significantly Cheaper,46,1071.34
2024-03-25,PROD00223,Sports,Central,9.93,21.98,-12.05,Cheaper,Significantly Cheaper,47,350.03
2024-03-25,PROD00429,Beauty,West,7.07,26.82,-19.75,Cheaper,Significantly Cheaper,69,414.66
2024-03-26,PROD00161,Fashion,North,31.9,15.87,16.03,More Expensive,Significantly More Expensive,34,867.68
2024-03-26,PROD00639,Grocery,North,126.07,107.38,18.689999999999998,More Expensive,Normal Competitive Range,12,1285.91
2024-03-26,PROD00579,Beauty,West,13.72,6.97,6.750000000000001,More Expensive,Significantly More Expensive,147,1613.47
2024-03-26,PROD00984,Fashion,North,15.84,15.19,0.6500000000000004,Similar,Normal Competitive Range,104,1647.36
2024-03-26,PROD00712,Home & Kitchen,South,50.43,34.5,15.93,More Expensive,Significantly More Expensive,45,1928.95
2024-03-26,PROD00981,Books,South,16.55,41.23,-24.679999999999996,Cheaper,Significantly Cheaper,22,327.69
2024-03-27,PROD00887,Toys,East,27.04,21.85,5.189999999999998,More Expensive,Significantly More Expensive,23,590.82
2024-03-27,PROD00124,Books,North,12.26,13.95,-1.6899999999999995,Cheaper,Normal Competitive Range,29,266.66
2024-03-27,PROD00005,Home & Kitchen,South,55.99,11.61,44.38,More Expensive,Significantly More Expensive,24,1142.2
2024-03-27,PROD00748,Home & Kitchen,North,51.65,74.27,-22.619999999999997,Cheaper,Significantly Cheaper,12,619.8
2024-03-27,PROD01047,Grocery,North,70.56,39.32,31.240000000000002,More Expensive,Significantly More Expensive,9,571.54
2024-03-27,PROD00897,Toys,North,114.54,16.75,97.79,More Expensive,Significantly More Expensive,6,687.24
2024-03-28,PROD01075,Beauty,Central,16.56,21.58,-5.02,Cheaper,Significantly Cheaper,40,629.28
2024-03-28,PROD00679,Toys,South,17.49,13.97,3.519999999999998,More Expensive,Significantly More Expensive,76,1063.39
2024-03-28,PROD00579,Home & Kitchen,West,8.04,30.87,-22.830000000000002,Cheaper,Significantly Cheaper,41,280.19
2024-03-28,PROD01146,Home & Kitchen,North,35.5,49.86,-14.36,Cheaper,Significantly Cheaper,22,702.9
2024-03-28,PROD00388,Toys,North,22.12,36.22,-14.099999999999998,Cheaper,Significantly Cheaper,30,630.42
2024-03-28,PROD00835,Home & Kitchen,East,22.94,139.55,-116.61000000000001,Cheaper,Significantly Cheaper,40,825.84
2024-03-29,PROD00376,Sports,East,25.27,15.87,9.4,More Expensive,Significantly More Expensive,15,322.19
2024-03-29,PROD00132,Fashion,North,15.28,55.16,-39.879999999999995,Cheaper,Significantly Cheaper,54,783.86
2024-03-30,PROD00776,Grocery,East,48.75,13.01,35.74,More Expensive,Significantly More Expensive,28,1092.0
2024-03-30,PROD00705,Books,South,7.11,40.1,-32.99,Cheaper,Significantly Cheaper,19,135.09
2024-03-30,PROD00490,Sports,West,45.24,24.82,20.42,More Expensive,Significantly More Expensive,22,945.52
2024-03-30,PROD00860,Toys,North,17.1,28.59,-11.489999999999998,Cheaper,Significantly Cheaper,41,595.94
2024-03-30,PROD00170,Beauty,North,87.61,22.19,65.42,More Expensive,Significantly More Expensive,6,499.38
2024-03-31,PROD00498,Toys,North,18.21,128.17,-109.95999999999998,Cheaper,Significantly Cheaper,39,603.66
2024-03-31,PROD00874,Fashion,Central,30.97,65.27,-34.3,Cheaper,Significantly Cheaper,22,579.14
2024-03-31,PROD00921,Sports,West,19.92,30.84,-10.919999999999998,Cheaper,Significantly Cheaper,44,657.36
2024-04-01,PROD00106,Home & Kitchen,North,84.77,29.52,55.25,More Expensive,Significantly More Expensive,11,792.6
2024-04-01,PROD00161,Books,West,23.21,19.96,3.25,More Expensive,Normal Competitive Range,14,227.46
2024-04-01,PROD00803,Grocery,South,12.66,53.75,-41.09,Cheaper,Significantly Cheaper,31,333.59
2024-04-01,PROD00180,Books,Central,14.01,47.2,-33.190000000000005,Cheaper,Significantly Cheaper,33,369.86
2024-04-01,PROD00944,Books,Central,17.01,17.73,-0.7199999999999989,Similar,Normal Competitive Range,16,231.34
2024-04-02,PROD00450,Home & Kitchen,West,32.94,18.84,14.099999999999998,More Expensive,Significantly More Expensive,53,1483.95
2024-04-02,PROD00131,Fashion,South,43.87,24.05,19.819999999999997,More Expensive,Significantly More Expensive,21,829.14
2024-04-02,PROD00488,Sports,South,21.56,41.04,-19.48,Cheaper,Significantly Cheaper,21,430.12
2024-04-03,PROD00686,Electronics,East,24.66,21.73,2.9299999999999997,More Expensive,Normal Competitive Range,72,1775.52
2024-04-03,PROD01018,Electronics,East,24.47,26.72,-2.25,Cheaper,Normal Competitive Range,27,528.55
2024-04-03,PROD00081,Books,East,23.64,17.54,6.100000000000001,More Expensive,Significantly More Expensive,17,341.6
2024-04-03,PROD01036,Fashion,West,61.73,207.02,-145.29000000000002,Cheaper,Significantly Cheaper,13,762.37
2024-04-03,PROD00553,Beauty,North,54.77,20.28,34.49,More Expensive,Significantly More Expensive,13,712.01
2024-04-04,PROD01149,Home & Kitchen,West,61.57,25.55,36.019999999999996,More Expensive,Significantly More Expensive,21,969.73
2024-04-04,PROD01131,Toys,North,14.77,35.11,-20.34,Cheaper,Significantly Cheaper,65,768.04
2024-04-05,PROD00652,Fashion,South,9.33,29.02,-19.689999999999998,Cheaper,Significantly Cheaper,41,363.4
2024-04-05,PROD00252,Electronics,East,47.22,18.95,28.27,More Expensive,Significantly More Expensive,16,604.42
2024-04-05,PROD00343,Grocery,East,33.44,32.85,0.5899999999999963,Similar,Normal Competitive Range,25,668.8
2024-04-05,PROD00565,Toys,West,18.71,20.7,-1.9899999999999984,Cheaper,Normal Competitive Range,34,508.91
2024-04-05,PROD00437,Grocery,Central,8.0,27.89,-19.89,Cheaper,Significantly Cheaper,77,554.4
2024-04-05,PROD00091,Grocery,East,58.53,14.16,44.370000000000005,More Expensive,Significantly More Expensive,21,1229.13
2024-04-06,PROD00275,Books,Central,112.18,114.34,-2.1599999999999966,Similar,Normal Competitive Range,3,286.06
2024-04-06,PROD00737,Fashion,South,20.16,20.31,-0.14999999999999858,Similar,Normal Competitive Range,23,463.68
2024-04-06,PROD00916,Beauty,North,102.41,19.47,82.94,More Expensive,Significantly More Expensive,9,875.61
2024-04-07,PROD01086,Home & Kitchen,South,78.94,21.63,57.31,More Expensive,Significantly More Expensive,22,1389.34
2024-04-07,PROD00979,Beauty,South,46.08,35.65,10.43,More Expensive,Significantly More Expensive,28,1032.19
2024-04-07,PROD00603,Home & Kitchen,North,74.64,62.45,12.189999999999998,More Expensive,Normal Competitive Range,10,746.4
2024-04-07,PROD00067,Home & Kitchen,West,42.9,25.06,17.84,More Expensive,Significantly More Expensive,19,652.08
2024-04-08,PROD00267,Electronics,North,80.14,55.4,24.740000000000002,More Expensive,Significantly More Expensive,11,881.54
2024-04-08,PROD00099,Fashion,South,52.84,61.54,-8.699999999999996,Cheaper,Normal Competitive Range,43,2044.91
2024-04-08,PROD00191,Home & Kitchen,North,37.85,30.11,7.740000000000002,More Expensive,Significantly More Expensive,65,1845.19
2024-04-08,PROD00001,Sports,Central,34.65,68.48,-33.830000000000005,Cheaper,Significantly Cheaper,24,790.02
2024-04-08,PROD00980,Home & Kitchen,Central,77.29,42.36,34.93000000000001,More Expensive,Significantly More Expensive,12,741.98
2024-04-09,PROD00416,Grocery,East,57.94,73.42,-15.480000000000004,Cheaper,Significantly Cheaper,42,2068.46
2024-04-09,PROD00450,Grocery,East,66.62,5.09,61.53,More Expensive,Significantly More Expensive,17,1132.54
2024-04-09,PROD00095,Books,West,8.95,17.46,-8.510000000000002,Cheaper,Significantly Cheaper,19,161.55
2024-04-09,PROD00114,Fashion,East,39.38,29.04,10.340000000000003,More Expensive,Significantly More Expensive,20,630.08
2024-04-09,PROD01177,Fashion,South,38.32,35.62,2.700000000000003,More Expensive,Normal Competitive Range,29,1055.72
2024-04-10,PROD00400,Electronics,West,25.65,33.28,-7.630000000000003,Cheaper,Significantly Cheaper,39,850.3
2024-04-10,PROD00506,Beauty,West,75.43,27.72,47.71000000000001,More Expensive,Significantly More Expensive,17,1089.96
2024-04-10,PROD00118,Grocery,North,12.34,11.4,0.9399999999999995,More Expensive,Normal Competitive Range,95,879.22
2024-04-10,PROD01156,Beauty,South,38.47,15.9,22.57,More Expensive,Significantly More Expensive,26,900.2
2024-04-10,PROD00016,Beauty,North,28.76,38.04,-9.279999999999998,Cheaper,Significantly Cheaper,25,647.1
2024-04-11,PROD00742,Home & Kitchen,South,37.44,39.24,-1.8000000000000043,Similar,Normal Competitive Range,37,1316.02
2024-04-11,PROD00993,Books,West,28.8,20.76,8.04,More Expensive,Significantly More Expensive,16,391.68
2024-04-12,PROD00099,Beauty,East,16.86,42.88,-26.020000000000003,Cheaper,Significantly Cheaper,39,591.79
2024-04-12,PROD00158,Home & Kitchen,West,19.83,39.26,-19.43,Cheaper,Significantly Cheaper,43,682.15
2024-04-12,PROD00984,Books,West,141.53,13.78,127.75,More Expensive,Significantly More Expensive,1,99.07
2024-04-12,PROD01194,Beauty,South,32.5,15.06,17.439999999999998,More Expensive,Significantly More Expensive,10,292.5
2024-04-12,PROD00813,Fashion,Central,22.47,27.5,-5.030000000000001,Cheaper,Normal Competitive Range,43,966.21
2024-04-12,PROD00326,Home & Kitchen,West,21.56,27.79,-6.23,Cheaper,Significantly Cheaper,95,1843.38
2024-04-12,PROD00614,Home & Kitchen,North,43.28,24.46,18.82,More Expensive,Significantly More Expensive,39,1434.73
2024-04-13,PROD00053,Fashion,East,20.18,24.9,-4.719999999999999,Cheaper,Normal Competitive Range,49,840.5
2024-04-13,PROD00607,Home & Kitchen,South,29.96,44.68,-14.719999999999999,Cheaper,Significantly Cheaper,37,1053.09
2024-04-13,PROD00792,Grocery,North,20.51,70.65,-50.14,Cheaper,Significantly Cheaper,20,410.2
2024-04-14,PROD00577,Beauty,North,47.94,39.91,8.030000000000001,More Expensive,Significantly More Expensive,33,1502.92
2024-04-14,PROD00243,Grocery,Central,44.05,12.84,31.209999999999997,More Expensive,Significantly More Expensive,23,861.18
2024-04-14,PROD00040,Home & Kitchen,West,4.45,19.5,-15.05,Cheaper,Significantly Cheaper,79,316.4
2024-04-14,PROD00511,Books,West,99.28,169.9,-70.62,Cheaper,Significantly Cheaper,9,804.17
2024-04-15,PROD00591,Fashion,North,36.21,40.33,-4.119999999999997,Cheaper,Normal Competitive Range,25,814.72
2024-04-15,PROD01107,Toys,South,48.0,56.73,-8.729999999999997,Cheaper,Normal Competitive Range,12,518.4
2024-04-15,PROD01020,Electronics,North,9.09,31.65,-22.56,Cheaper,Significantly Cheaper,26,200.89
2024-04-15,PROD00161,Toys,West,13.73,22.05,-8.32,Cheaper,Significantly Cheaper,23,268.42
2024-04-15,PROD00482,Sports,East,13.8,20.1,-6.300000000000001,Cheaper,Significantly Cheaper,56,656.88
2024-04-15,PROD00046,Grocery,West,45.96,14.85,31.11,More Expensive,Significantly More Expensive,59,2304.89
2024-04-16,PROD00205,Books,South,7.37,18.37,-11.0,Cheaper,Significantly Cheaper,24,168.04
2024-04-16,PROD00943,Beauty,North,13.3,21.77,-8.469999999999999,Cheaper,Significantly Cheaper,31,391.68
2024-04-17,PROD00740,Grocery,Central,13.21,21.52,-8.309999999999999,Cheaper,Significantly Cheaper,49,647.29
2024-04-17,PROD00736,Fashion,Central,44.93,34.25,10.68,More Expensive,Significantly More Expensive,37,1329.93
2024-04-17,PROD00815,Home & Kitchen,South,44.28,237.85,-193.57,Cheaper,Significantly Cheaper,33,1168.99
2024-04-18,PROD00983,Toys,Central,16.44,44.84,-28.400000000000002,Cheaper,Significantly Cheaper,121,1491.93
2024-04-18,PROD00565,Fashion,West,23.62,28.54,-4.919999999999998,Cheaper,Normal Competitive Range,52,982.59
2024-04-18,PROD00895,Beauty,North,26.04,27.24,-1.1999999999999993,Similar,Normal Competitive Range,34,752.56
2024-04-18,PROD00651,Sports,Central,27.67,25.8,1.870000000000001,More Expensive,Normal Competitive Range,31,729.1
2024-04-18,PROD00405,Beauty,West,18.43,49.7,-31.270000000000003,Cheaper,Significantly Cheaper,44,689.28
2024-04-19,PROD00509,Books,South,14.11,50.66,-36.55,Cheaper,Significantly Cheaper,37,469.86
2024-04-19,PROD00459,Books,East,96.86,19.12,77.74,More Expensive,Significantly More Expensive,4,387.44
2024-04-19,PROD00661,Books,West,89.48,48.97,40.510000000000005,More Expensive,Significantly More Expensive,8,680.05
2024-04-19,PROD00279,Beauty,West,38.92,29.09,9.830000000000002,More Expensive,Significantly More Expensive,27,945.76
2024-04-19,PROD00542,Toys,East,27.59,7.35,20.240000000000002,More Expensive,Significantly More Expensive,25,586.29
2024-04-19,PROD00057,Grocery,Central,28.29,19.84,8.45,More Expensive,Significantly More Expensive,41,1101.9
2024-04-19,PROD00827,Home & Kitchen,North,17.36,40.09,-22.730000000000004,Cheaper,Significantly Cheaper,27,421.85
2024-04-20,PROD00280,Beauty,West,35.56,95.33,-59.769999999999996,Cheaper,Significantly Cheaper,66,1642.87
2024-04-20,PROD00304,Sports,North,23.15,12.77,10.379999999999999,More Expensive,Significantly More Expensive,29,537.08
2024-04-20,PROD01190,Home & Kitchen,North,11.65,14.22,-2.5700000000000003,Cheaper,Normal Competitive Range,58,641.92
2024-04-21,PROD00150,Sports,North,36.94,19.28,17.659999999999997,More Expensive,Significantly More Expensive,23,849.62
2024-04-21,PROD00191,Grocery,North,70.06,18.0,52.06,More Expensive,Significantly More Expensive,10,525.45
2024-04-21,PROD00357,Electronics,South,48.86,31.75,17.11,More Expensive,Significantly More Expensive,17,706.03
2024-04-21,PROD00978,Toys,South,33.98,20.34,13.639999999999997,More Expensive,Significantly More Expensive,18,428.15
2024-04-22,PROD00809,Grocery,North,17.79,18.21,-0.4200000000000017,Similar,Normal Competitive Range,27,480.33
2024-04-22,PROD00347,Electronics,North,19.6,27.02,-7.419999999999998,Cheaper,Significantly Cheaper,97,1425.9
2024-04-22,PROD00661,Books,West,128.29,13.0,115.28999999999999,More Expensive,Significantly More Expensive,3,327.14
2024-04-23,PROD00209,Grocery,North,26.64,6.0,20.64,More Expensive,Significantly More Expensive,34,860.47
2024-04-23,PROD00298,Fashion,West,57.9,52.87,5.030000000000001,More Expensive,Normal Competitive Range,33,1624.1
2024-04-23,PROD00602,Home & Kitchen,East,20.97,123.4,-102.43,Cheaper,Significantly Cheaper,35,550.46
2024-04-23,PROD00965,Fashion,Central,39.9,61.78,-21.880000000000003,Cheaper,Significantly Cheaper,35,1187.02
2024-04-23,PROD00521,Toys,South,59.44,12.15,47.29,More Expensive,Significantly More Expensive,12,606.29
2024-04-24,PROD00156,Home & Kitchen,West,58.89,38.49,20.4,More Expensive,Significantly More Expensive,19,1118.91
2024-04-24,PROD00112,Sports,Central,24.5,31.8,-7.300000000000001,Cheaper,Significantly Cheaper,25,581.88
2024-04-24,PROD00145,Beauty,West,45.09,24.39,20.700000000000003,More Expensive,Significantly More Expensive,37,1418.08
2024-04-24,PROD00270,Grocery,North,35.19,68.95,-33.760000000000005,Cheaper,Significantly Cheaper,41,1154.23
2024-04-24,PROD01072,Toys,Central,24.21,70.35,-46.13999999999999,Cheaper,Significantly Cheaper,47,796.51
2024-04-24,PROD00092,Grocery,West,14.49,126.67,-112.18,Cheaper,Significantly Cheaper,40,579.6
2024-04-24,PROD00433,Sports,Central,71.88,27.55,44.33,More Expensive,Significantly More Expensive,12,690.05
2024-04-25,PROD00250,Sports,East,29.16,50.87,-21.709999999999997,Cheaper,Significantly Cheaper,30,831.06
2024-04-25,PROD00047,Grocery,South,23.41,22.78,0.629999999999999,Similar,Normal Competitive Range,48,898.94
2024-04-25,PROD00260,Beauty,West,27.97,33.25,-5.280000000000001,Cheaper,Normal Competitive Range,38,850.29
2024-04-25,PROD00399,Books,Central,41.65,30.41,11.239999999999998,More Expensive,Significantly More Expensive,38,1345.3
2024-04-25,PROD00927,Sports,East,24.85,18.27,6.580000000000002,More Expensive,Significantly More Expensive,39,872.24
2024-04-26,PROD00181,Toys,East,33.34,28.61,4.730000000000004,More Expensive,Normal Competitive Range,27,765.15
2024-04-26,PROD00827,Toys,East,98.56,23.22,75.34,More Expensive,Significantly More Expensive,7,551.94
2024-04-26,PROD00744,Fashion,West,26.18,27.12,-0.9400000000000013,Similar,Normal Competitive Range,53,1040.66
2024-04-26,PROD00430,Toys,East,42.37,106.59,-64.22,Cheaper,Significantly Cheaper,27,1086.79
2024-04-26,PROD00187,Books,West,26.38,27.29,-0.9100000000000001,Similar,Normal Competitive Range,52,1097.41
2024-04-26,PROD01026,Grocery,West,24.91,25.52,-0.6099999999999994,Similar,Normal Competitive Range,47,1112.23
2024-04-27,PROD00705,Toys,Central,34.68,32.14,2.539999999999999,More Expensive,Normal Competitive Range,25,780.3
2024-04-27,PROD00211,Grocery,North,19.1,21.19,-2.09,Cheaper,Normal Competitive Range,34,519.52
2024-04-27,PROD00804,Electronics,Central,15.49,23.78,-8.290000000000001,Cheaper,Significantly Cheaper,22,340.78
2024-04-27,PROD00484,Fashion,East,30.36,31.72,-1.3599999999999994,Similar,Normal Competitive Range,37,954.82
2024-04-27,PROD00203,Electronics,Central,26.44,8.16,18.28,More Expensive,Significantly More Expensive,34,854.01
2024-04-28,PROD00645,Beauty,South,63.4,39.66,23.740000000000002,More Expensive,Significantly More Expensive,10,570.6
2024-04-28,PROD00470,Beauty,South,53.55,37.33,16.22,More Expensive,Significantly More Expensive,13,661.34
2024-04-28,PROD00339,Books,Central,16.39,31.03,-14.64,Cheaper,Significantly Cheaper,18,250.77
2024-04-28,PROD01169,Sports,East,22.05,19.12,2.9299999999999997,More Expensive,Normal Competitive Range,84,1481.76
2024-04-28,PROD00973,Beauty,South,43.58,16.02,27.56,More Expensive,Significantly More Expensive,46,1804.21
2024-04-29,PROD00606,Toys,North,45.51,38.54,6.969999999999999,More Expensive,Normal Competitive Range,20,910.2
2024-04-29,PROD00478,Home & Kitchen,South,18.25,40.87,-22.619999999999997,Cheaper,Significantly Cheaper,56,817.6
2024-04-30,PROD00255,Books,West,46.57,16.26,30.31,More Expensive,Significantly More Expensive,19,707.86
2024-04-30,PROD00528,Electronics,East,18.73,78.86,-60.129999999999995,Cheaper,Significantly Cheaper,108,1719.41
2024-04-30,PROD00385,Books,South,41.54,17.76,23.779999999999998,More Expensive,Significantly More Expensive,31,1094.58
2024-04-30,PROD00682,Toys,East,104.31,41.99,62.32,More Expensive,Significantly More Expensive,7,693.66
2024-05-01,PROD00141,Fashion,Central,43.77,68.1,-24.32999999999999,Cheaper,Significantly Cheaper,20,875.4
2024-05-02,PROD01139,Grocery,North,28.84,26.77,2.0700000000000003,More Expensive,Normal Competitive Range,74,1600.62
2024-05-02,PROD00901,Home & Kitchen,South,9.02,11.71,-2.6900000000000013,Cheaper,Significantly Cheaper,73,625.54
2024-05-02,PROD00356,Toys,West,19.75,27.56,-7.809999999999999,Cheaper,Significantly Cheaper,28,442.4
2024-05-02,PROD00699,Books,South,42.71,29.73,12.98,More Expensive,Significantly More Expensive,21,762.37
2024-05-03,PROD00374,Electronics,Central,77.81,9.73,68.08,More Expensive,Significantly More Expensive,47,3108.51
2024-05-03,PROD01140,Electronics,East,7.38,39.56,-32.18,Cheaper,Significantly Cheaper,50,313.65
2024-05-03,PROD00408,Fashion,East,31.84,7.11,24.73,More Expensive,Significantly More Expensive,35,1002.96
2024-05-03,PROD00165,Beauty,North,33.9,26.02,7.879999999999999,More Expensive,Significantly More Expensive,42,1352.61
2024-05-03,PROD00625,Beauty,West,34.6,39.15,-4.549999999999997,Cheaper,Normal Competitive Range,26,719.68
2024-05-03,PROD00796,Electronics,South,7.02,15.87,-8.85,Cheaper,Significantly Cheaper,31,184.98
2024-05-03,PROD00012,Books,West,31.31,188.88,-157.57,Cheaper,Significantly Cheaper,19,505.66
2024-05-03,PROD00158,Home & Kitchen,South,12.89,47.19,-34.3,Cheaper,Significantly Cheaper,56,577.47
2024-05-03,PROD00999,Beauty,North,43.17,39.59,3.5799999999999983,More Expensive,Normal Competitive Range,27,1049.03
2024-05-03,PROD00720,Fashion,East,46.39,49.09,-2.700000000000003,Cheaper,Normal Competitive Range,23,906.92
2024-05-03,PROD00501,Home & Kitchen,West,19.46,35.75,-16.29,Cheaper,Significantly Cheaper,25,437.85
2024-05-03,PROD00808,Electronics,North,13.49,34.16,-20.669999999999995,Cheaper,Significantly Cheaper,52,701.48
2024-05-03,PROD00836,Electronics,South,21.56,66.6,-45.03999999999999,Cheaper,Significantly Cheaper,36,620.93
2024-05-03,PROD00724,Toys,South,37.61,37.2,0.4099999999999966,Similar,Normal Competitive Range,31,816.14
2024-05-04,PROD00852,Fashion,Central,56.32,23.52,32.8,More Expensive,Significantly More Expensive,21,1005.31
2024-05-04,PROD00189,Fashion,West,67.97,51.64,16.33,More Expensive,Significantly More Expensive,13,883.61
2024-05-04,PROD00140,Fashion,Central,9.56,81.33,-71.77,Cheaper,Significantly Cheaper,36,258.12
2024-05-04,PROD01006,Electronics,Central,42.09,21.86,20.230000000000004,More Expensive,Significantly More Expensive,38,1439.48
2024-05-04,PROD00372,Sports,South,38.55,12.32,26.229999999999997,More Expensive,Significantly More Expensive,20,771.0
2024-05-04,PROD00160,Grocery,South,21.08,33.14,-12.060000000000002,Cheaper,Significantly Cheaper,46,824.23
2024-05-05,PROD00927,Toys,Central,15.32,20.33,-5.009999999999998,Cheaper,Significantly Cheaper,42,643.44
2024-05-05,PROD00589,Fashion,East,42.68,38.88,3.799999999999997,More Expensive,Normal Competitive Range,39,1581.29
2024-05-05,PROD00573,Books,South,124.99,8.48,116.50999999999999,More Expensive,Significantly More Expensive,2,249.98
2024-05-05,PROD01130,Sports,West,41.99,75.51,-33.52,Cheaper,Significantly Cheaper,18,642.45
2024-05-05,PROD00332,Home & Kitchen,South,63.7,30.47,33.230000000000004,More Expensive,Significantly More Expensive,21,1337.7
2024-05-05,PROD00993,Books,South,16.51,8.59,7.920000000000002,More Expensive,Significantly More Expensive,26,343.41
2024-05-05,PROD00394,Electronics,Central,45.96,18.38,27.580000000000002,More Expensive,Significantly More Expensive,42,1833.8
2024-05-05,PROD00583,Books,South,30.71,34.09,-3.3800000000000026,Cheaper,Normal Competitive Range,18,442.22
2024-05-05,PROD00127,Grocery,West,21.63,7.31,14.32,More Expensive,Significantly More Expensive,86,1395.13
2024-05-05,PROD00198,Fashion,South,14.24,13.75,0.4900000000000002,Similar,Normal Competitive Range,64,774.66
2024-05-05,PROD00073,Fashion,North,29.05,43.51,-14.459999999999997,Cheaper,Significantly Cheaper,38,993.51
2024-05-05,PROD00353,Electronics,South,90.6,10.54,80.06,More Expensive,Significantly More Expensive,19,1635.33
2024-05-06,PROD00626,Fashion,West,30.07,14.2,15.870000000000001,More Expensive,Significantly More Expensive,62,1398.26
2024-05-06,PROD00159,Books,East,78.58,39.45,39.129999999999995,More Expensive,Significantly More Expensive,6,330.04
2024-05-06,PROD00529,Electronics,Central,69.25,24.26,44.989999999999995,More Expensive,Significantly More Expensive,20,1177.25
2024-05-06,PROD00200,Toys,Central,20.4,14.61,5.789999999999999,More Expensive,Significantly More Expensive,53,756.84
2024-05-06,PROD01087,Electronics,South,3.9,66.77,-62.87,Cheaper,Significantly Cheaper,105,348.08
2024-05-06,PROD01065,Sports,East,19.54,30.83,-11.29,Cheaper,Significantly Cheaper,23,426.95
2024-05-06,PROD00281,Toys,West,87.11,45.13,41.98,More Expensive,Significantly More Expensive,14,853.68
2024-05-07,PROD00798,Beauty,North,69.26,34.69,34.57000000000001,More Expensive,Significantly More Expensive,11,685.67
2024-05-07,PROD00573,Grocery,West,24.09,12.63,11.459999999999999,More Expensive,Significantly More Expensive,101,1946.47
2024-05-07,PROD00347,Sports,East,25.61,104.7,-79.09,Cheaper,Significantly Cheaper,28,573.66
2024-05-08,PROD00424,Books,South,18.72,14.82,3.8999999999999986,More Expensive,Significantly More Expensive,50,748.8
2024-05-08,PROD00522,Electronics,West,13.86,24.78,-10.920000000000002,Cheaper,Significantly Cheaper,38,474.01
2024-05-08,PROD00306,Toys,West,18.88,30.5,-11.620000000000001,Cheaper,Significantly Cheaper,25,448.4
2024-05-08,PROD00960,Fashion,East,26.67,40.68,-14.009999999999998,Cheaper,Significantly Cheaper,30,760.1
2024-05-08,PROD00695,Toys,West,41.71,44.48,-2.769999999999996,Cheaper,Normal Competitive Range,21,788.32
2024-05-08,PROD00056,Grocery,West,28.09,38.87,-10.779999999999998,Cheaper,Significantly Cheaper,83,1865.18
2024-05-09,PROD00456,Electronics,West,17.69,19.36,-1.6699999999999982,Cheaper,Normal Competitive Range,40,672.22
2024-05-09,PROD00071,Beauty,Central,82.53,37.28,45.25,More Expensive,Significantly More Expensive,9,668.49
2024-05-09,PROD00185,Home & Kitchen,North,28.64,84.99,-56.349999999999994,Cheaper,Significantly Cheaper,22,504.06
2024-05-09,PROD00660,Books,East,14.9,15.72,-0.8200000000000003,Cheaper,Normal Competitive Range,33,442.53
2024-05-09,PROD00003,Toys,East,76.19,28.18,48.01,More Expensive,Significantly More Expensive,14,853.33
2024-05-09,PROD00243,Books,Central,26.1,75.48,-49.38,Cheaper,Significantly Cheaper,20,391.5
2024-05-09,PROD01004,Toys,South,55.69,13.44,42.25,More Expensive,Significantly More Expensive,10,556.9
2024-05-09,PROD00732,Books,South,16.02,26.32,-10.3,Cheaper,Significantly Cheaper,46,515.84
2024-05-09,PROD00080,Fashion,South,34.92,27.83,7.090000000000003,More Expensive,Significantly More Expensive,34,1187.28
2024-05-10,PROD00320,Home & Kitchen,West,59.83,33.61,26.22,More Expensive,Significantly More Expensive,25,1271.39
2024-05-10,PROD01026,Grocery,North,58.51,33.7,24.809999999999995,More Expensive,Significantly More Expensive,19,1056.11
2024-05-10,PROD01099,Beauty,South,18.44,16.3,2.1400000000000006,More Expensive,Normal Competitive Range,40,737.6
2024-05-10,PROD00435,Electronics,South,107.43,19.0,88.43,More Expensive,Significantly More Expensive,17,1278.42
2024-05-10,PROD00638,Sports,Central,29.09,21.74,7.350000000000001,More Expensive,Significantly More Expensive,23,535.26
2024-05-10,PROD01009,Toys,North,53.45,25.76,27.69,More Expensive,Significantly More Expensive,23,1106.42
2024-05-10,PROD00080,Home & Kitchen,North,51.26,44.09,7.169999999999995,More Expensive,Normal Competitive Range,36,1476.29
2024-05-11,PROD00734,Electronics,Central,22.03,8.05,13.98,More Expensive,Significantly More Expensive,61,1142.26
2024-05-11,PROD00904,Beauty,East,51.57,23.27,28.3,More Expensive,Significantly More Expensive,27,1183.53
2024-05-11,PROD00484,Toys,East,91.73,61.19,30.540000000000006,More Expensive,Significantly More Expensive,4,311.88
2024-05-11,PROD00778,Fashion,West,123.11,12.52,110.59,More Expensive,Significantly More Expensive,8,886.39
2024-05-11,PROD00121,Electronics,North,14.28,86.1,-71.82,Cheaper,Significantly Cheaper,36,488.38
2024-05-12,PROD00656,Sports,Central,13.52,24.72,-11.2,Cheaper,Significantly Cheaper,21,198.74
2024-05-12,PROD00207,Grocery,North,31.6,19.73,11.870000000000001,More Expensive,Significantly More Expensive,48,1440.96
2024-05-12,PROD00655,Electronics,East,80.59,144.93,-64.34,Cheaper,Significantly Cheaper,6,435.19
2024-05-12,PROD00891,Toys,North,94.8,21.7,73.1,More Expensive,Significantly More Expensive,6,426.6
2024-05-13,PROD00246,Sports,South,22.04,16.45,5.59,More Expensive,Significantly More Expensive,26,429.78
2024-05-13,PROD00965,Beauty,East,41.24,95.53,-54.29,Cheaper,Significantly Cheaper,20,824.8
2024-05-13,PROD00501,Toys,East,17.42,12.56,4.860000000000001,More Expensive,Significantly More Expensive,20,296.14
2024-05-13,PROD00065,Electronics,South,14.9,55.48,-40.58,Cheaper,Significantly Cheaper,32,429.12
2024-05-13,PROD00310,Home & Kitchen,West,65.55,37.61,27.939999999999998,More Expensive,Significantly More Expensive,23,1507.65
2024-05-13,PROD00976,Home & Kitchen,South,52.55,23.91,28.639999999999997,More Expensive,Significantly More Expensive,18,851.31
2024-05-14,PROD00194,Electronics,Central,13.57,106.53,-92.96000000000001,Cheaper,Significantly Cheaper,74,903.76
2024-05-14,PROD00474,Fashion,East,22.02,40.48,-18.459999999999997,Cheaper,Significantly Cheaper,42,647.39
2024-05-14,PROD00458,Sports,South,34.8,29.73,5.069999999999997,More Expensive,Normal Competitive Range,39,1357.2
2024-05-14,PROD00538,Electronics,Central,25.01,74.96,-49.94999999999999,Cheaper,Significantly Cheaper,29,652.76
2024-05-14,PROD00009,Home & Kitchen,North,5.96,22.51,-16.55,Cheaper,Significantly Cheaper,93,471.14
2024-05-15,PROD00743,Electronics,South,40.28,38.72,1.5600000000000023,Similar,Normal Competitive Range,17,547.81
2024-05-15,PROD00819,Home & Kitchen,West,122.76,26.83,95.93,More Expensive,Significantly More Expensive,7,644.49
2024-05-15,PROD01147,Home & Kitchen,South,29.42,182.44,-153.01999999999998,Cheaper,Significantly Cheaper,39,1032.64
2024-05-15,PROD00064,Beauty,North,32.41,44.61,-12.200000000000003,Cheaper,Significantly Cheaper,35,1020.92
2024-05-15,PROD00909,Toys,South,11.99,40.26,-28.269999999999996,Cheaper,Significantly Cheaper,47,479.0
2024-05-15,PROD01049,Books,East,24.62,13.68,10.940000000000001,More Expensive,Significantly More Expensive,63,1085.74
2024-05-15,PROD00149,Sports,North,19.5,73.17,-53.67,Cheaper,Significantly Cheaper,43,754.65
2024-05-15,PROD00212,Electronics,East,22.05,87.46,-65.41,Cheaper,Significantly Cheaper,42,879.8
2024-05-15,PROD01059,Toys,East,16.75,25.99,-9.239999999999998,Cheaper,Significantly Cheaper,42,597.98
2024-05-16,PROD00812,Fashion,South,37.58,12.46,25.119999999999997,More Expensive,Significantly More Expensive,26,977.08
2024-05-16,PROD00609,Beauty,South,23.51,17.32,6.190000000000001,More Expensive,Significantly More Expensive,18,380.86
2024-05-16,PROD00894,Sports,East,51.27,19.07,32.2,More Expensive,Significantly More Expensive,31,1192.03
2024-05-16,PROD00707,Beauty,Central,54.77,26.73,28.040000000000003,More Expensive,Significantly More Expensive,16,788.69
2024-05-17,PROD01069,Books,North,10.45,45.64,-35.19,Cheaper,Significantly Cheaper,19,188.62
2024-05-17,PROD00153,Beauty,East,36.92,55.48,-18.559999999999995,Cheaper,Significantly Cheaper,35,1033.76
2024-05-17,PROD00062,Toys,North,111.76,28.97,82.79,More Expensive,Significantly More Expensive,4,402.34
2024-05-17,PROD00024,Grocery,East,81.29,25.6,55.690000000000005,More Expensive,Significantly More Expensive,15,914.51
2024-05-17,PROD00129,Toys,South,17.92,36.58,-18.659999999999997,Cheaper,Significantly Cheaper,43,577.92
2024-05-17,PROD00521,Sports,West,20.43,26.85,-6.420000000000002,Cheaper,Significantly Cheaper,29,533.22
2024-05-18,PROD00304,Fashion,West,13.67,31.43,-17.759999999999998,Cheaper,Significantly Cheaper,76,831.14
2024-05-18,PROD00215,Toys,West,25.78,93.63,-67.85,Cheaper,Significantly Cheaper,30,657.39
2024-05-18,PROD01178,Grocery,South,56.69,15.72,40.97,More Expensive,Significantly More Expensive,13,552.73
2024-05-18,PROD00339,Fashion,West,64.02,36.17,27.849999999999994,More Expensive,Significantly More Expensive,16,1024.32
2024-05-18,PROD00828,Beauty,East,63.24,25.3,37.94,More Expensive,Significantly More Expensive,26,1397.6
2024-05-18,PROD00502,Sports,Central,22.23,42.59,-20.360000000000003,Cheaper,Significantly Cheaper,28,529.07
2024-05-18,PROD00106,Beauty,West,51.64,57.92,-6.280000000000001,Cheaper,Normal Competitive Range,42,1843.55
2024-05-18,PROD01190,Fashion,East,108.67,21.56,87.11,More Expensive,Significantly More Expensive,7,722.66
2024-05-19,PROD01138,Fashion,South,29.57,92.39,-62.82,Cheaper,Significantly Cheaper,39,1037.91
2024-05-19,PROD00910,Home & Kitchen,South,30.48,15.14,15.34,More Expensive,Significantly More Expensive,32,975.36
2024-05-19,PROD00994,Fashion,West,41.97,45.08,-3.1099999999999994,Cheaper,Normal Competitive Range,38,1435.37
2024-05-19,PROD00102,Electronics,North,23.86,37.93,-14.07,Cheaper,Significantly Cheaper,22,498.67
2024-05-19,PROD00097,Home & Kitchen,North,4.52,16.56,-12.04,Cheaper,Significantly Cheaper,25,113.0
2024-05-19,PROD00234,Beauty,North,16.03,26.09,-10.059999999999999,Cheaper,Significantly Cheaper,42,639.6
2024-05-20,PROD00531,Fashion,West,37.72,23.88,13.84,More Expensive,Significantly More Expensive,61,2070.83
2024-05-20,PROD00119,Sports,East,94.29,29.18,65.11000000000001,More Expensive,Significantly More Expensive,5,471.45
2024-05-20,PROD00467,Home & Kitchen,Central,13.02,22.94,-9.920000000000002,Cheaper,Significantly Cheaper,51,664.02
2024-05-21,PROD00233,Beauty,South,29.51,63.81,-34.3,Cheaper,Significantly Cheaper,27,796.77
2024-05-21,PROD00724,Beauty,South,11.99,30.29,-18.299999999999997,Cheaper,Significantly Cheaper,102,1100.68
2024-05-21,PROD00882,Beauty,South,16.89,37.56,-20.67,Cheaper,Significantly Cheaper,23,330.2
2024-05-21,PROD00830,Fashion,East,8.68,9.19,-0.5099999999999998,Cheaper,Normal Competitive Range,89,618.02
2024-05-21,PROD00577,Electronics,East,17.36,113.99,-96.63,Cheaper,Significantly Cheaper,46,598.92
2024-05-21,PROD00442,Electronics,East,33.68,17.93,15.75,More Expensive,Significantly More Expensive,34,1145.12
2024-05-21,PROD01038,Grocery,East,29.4,71.27,-41.87,Cheaper,Significantly Cheaper,52,1223.04
2024-05-21,PROD00829,Sports,West,73.8,36.11,37.69,More Expensive,Significantly More Expensive,15,940.95
2024-05-22,PROD00996,Sports,South,18.05,25.0,-6.949999999999999,Cheaper,Significantly Cheaper,40,505.4
2024-05-22,PROD00561,Grocery,South,49.09,36.18,12.910000000000004,More Expensive,Significantly More Expensive,42,1649.42
2024-05-22,PROD00237,Fashion,South,25.19,52.72,-27.529999999999998,Cheaper,Significantly Cheaper,104,2226.8
2024-05-22,PROD00583,Grocery,North,66.02,27.66,38.36,More Expensive,Significantly More Expensive,33,1634.0
2024-05-22,PROD00247,Toys,West,29.5,8.26,21.240000000000002,More Expensive,Significantly More Expensive,45,1194.75
2024-05-22,PROD00213,Beauty,West,62.31,14.32,47.99,More Expensive,Significantly More Expensive,10,560.79
2024-05-23,PROD01004,Fashion,East,27.82,11.04,16.78,More Expensive,Significantly More Expensive,27,713.58
2024-05-23,PROD00170,Grocery,South,10.51,36.41,-25.9,Cheaper,Significantly Cheaper,75,709.42
2024-05-23,PROD00544,Home & Kitchen,North,33.44,7.35,26.089999999999996,More Expensive,Significantly More Expensive,33,1048.34
2024-05-23,PROD00930,Toys,East,10.69,18.18,-7.49,Cheaper,Significantly Cheaper,56,448.98
2024-05-23,PROD00188,Toys,South,40.56,28.61,11.950000000000003,More Expensive,Significantly More Expensive,19,732.11
2024-05-23,PROD00860,Home & Kitchen,Central,42.06,27.93,14.130000000000003,More Expensive,Significantly More Expensive,86,3436.3
2024-05-23,PROD00308,Home & Kitchen,Central,23.93,45.2,-21.270000000000003,Cheaper,Significantly Cheaper,19,386.47
2024-05-24,PROD00685,Toys,North,33.07,13.87,19.200000000000003,More Expensive,Significantly More Expensive,23,646.52
2024-05-24,PROD00168,Electronics,South,62.31,49.26,13.050000000000004,More Expensive,Significantly More Expensive,27,1430.01
2024-05-24,PROD00106,Grocery,North,10.06,72.05,-61.989999999999995,Cheaper,Significantly Cheaper,62,530.16
2024-05-24,PROD01116,Grocery,West,13.17,25.62,-12.450000000000001,Cheaper,Significantly Cheaper,37,414.2
2024-05-24,PROD00606,Sports,Central,69.17,25.2,43.97,More Expensive,Significantly More Expensive,8,525.69
2024-05-25,PROD00334,Beauty,North,14.6,10.6,4.0,More Expensive,Significantly More Expensive,45,558.45
2024-05-25,PROD00470,Electronics,East,9.5,7.2,2.3,More Expensive,Significantly More Expensive,37,281.2
2024-05-25,PROD00311,Electronics,Central,20.35,41.97,-21.619999999999997,Cheaper,Significantly Cheaper,72,1025.64
2024-05-25,PROD00282,Sports,North,48.82,10.08,38.74,More Expensive,Significantly More Expensive,27,1054.51
2024-05-25,PROD00831,Sports,West,65.14,31.24,33.900000000000006,More Expensive,Significantly More Expensive,7,364.78
2024-05-25,PROD00373,Beauty,South,20.55,19.38,1.1700000000000017,More Expensive,Normal Competitive Range,23,401.75
2024-05-25,PROD00550,Beauty,North,33.86,58.2,-24.340000000000003,Cheaper,Significantly Cheaper,15,482.5
2024-05-26,PROD00832,Sports,West,33.42,52.26,-18.839999999999996,Cheaper,Significantly Cheaper,18,541.4
2024-05-26,PROD00384,Beauty,South,51.96,29.83,22.130000000000003,More Expensive,Significantly More Expensive,23,1015.82
2024-05-26,PROD00579,Toys,South,93.83,30.57,63.26,More Expensive,Significantly More Expensive,18,1435.6
2024-05-27,PROD00608,Toys,West,107.88,7.39,100.49,More Expensive,Significantly More Expensive,13,981.71
2024-05-27,PROD00775,Toys,North,19.56,43.25,-23.69,Cheaper,Significantly Cheaper,14,273.84
2024-05-27,PROD00852,Books,Central,25.74,102.92,-77.18,Cheaper,Significantly Cheaper,20,437.58
2024-05-27,PROD01128,Toys,South,23.49,17.17,6.319999999999997,More Expensive,Significantly More Expensive,24,479.2
2024-05-28,PROD00094,Grocery,South,45.18,44.83,0.3500000000000014,Similar,Normal Competitive Range,36,1626.48
2024-05-29,PROD00490,Home & Kitchen,South,87.21,42.41,44.8,More Expensive,Significantly More Expensive,20,1569.78
2024-05-29,PROD00886,Sports,Central,18.5,18.61,-0.10999999999999943,Similar,Normal Competitive Range,25,323.75
2024-05-29,PROD01031,Home & Kitchen,East,26.15,16.82,9.329999999999998,More Expensive,Significantly More Expensive,17,422.32
2024-05-29,PROD01179,Grocery,North,18.88,35.37,-16.49,Cheaper,Significantly Cheaper,47,798.62
2024-05-29,PROD00339,Grocery,Central,86.45,19.69,66.76,More Expensive,Significantly More Expensive,6,466.83
2024-05-29,PROD00563,Grocery,East,36.72,42.12,-5.399999999999999,Cheaper,Normal Competitive Range,33,1090.58
2024-05-30,PROD00787,Sports,East,74.23,22.97,51.260000000000005,More Expensive,Significantly More Expensive,8,534.46
2024-05-30,PROD00725,Books,Central,23.29,15.74,7.549999999999999,More Expensive,Significantly More Expensive,11,243.38
2024-05-30,PROD00572,Books,West,132.64,14.85,117.78999999999999,More Expensive,Significantly More Expensive,4,504.03
2024-05-30,PROD00565,Toys,West,36.52,54.5,-17.979999999999997,Cheaper,Significantly Cheaper,23,671.97
2024-05-30,PROD00314,Electronics,Central,9.25,30.18,-20.93,Cheaper,Significantly Cheaper,52,432.9
2024-05-30,PROD00364,Electronics,Central,69.49,8.7,60.78999999999999,More Expensive,Significantly More Expensive,22,1375.9
2024-05-31,PROD01156,Grocery,West,48.28,23.15,25.130000000000003,More Expensive,Significantly More Expensive,28,1216.66
2024-05-31,PROD00846,Toys,South,23.89,20.27,3.620000000000001,More Expensive,Normal Competitive Range,30,609.2
2024-05-31,PROD00711,Toys,North,29.35,19.2,10.150000000000002,More Expensive,Significantly More Expensive,37,977.36
2024-05-31,PROD01052,Books,North,32.28,68.11,-35.83,Cheaper,Significantly Cheaper,17,439.01
2024-05-31,PROD00220,Beauty,East,18.06,26.29,-8.23,Cheaper,Significantly Cheaper,41,703.44
2024-05-31,PROD00734,Beauty,North,48.2,36.0,12.200000000000003,More Expensive,Significantly More Expensive,31,1419.49
2024-05-31,PROD00276,Sports,Central,22.49,10.21,12.279999999999998,More Expensive,Significantly More Expensive,30,640.96
2024-05-31,PROD00566,Beauty,East,32.48,45.86,-13.380000000000003,Cheaper,Significantly Cheaper,36,935.42
2024-05-31,PROD00590,Electronics,West,35.61,46.48,-10.869999999999997,Cheaper,Significantly Cheaper,33,1116.37
2024-05-31,PROD00318,Sports,South,17.07,10.72,6.35,More Expensive,Significantly More Expensive,98,1254.64
2024-06-01,PROD00195,Sports,Central,32.37,74.02,-41.65,Cheaper,Significantly Cheaper,57,1383.82
2024-06-01,PROD00089,Beauty,North,33.44,16.53,16.909999999999997,More Expensive,Significantly More Expensive,60,1805.76
2024-06-01,PROD00217,Books,North,57.56,56.75,0.8100000000000023,Similar,Normal Competitive Range,17,831.74
2024-06-01,PROD00595,Sports,North,12.92,23.89,-10.97,Cheaper,Significantly Cheaper,22,270.03
2024-06-01,PROD00545,Grocery,East,59.18,36.26,22.92,More Expensive,Significantly More Expensive,34,2012.12
2024-06-02,PROD00226,Electronics,West,26.52,104.26,-77.74000000000001,Cheaper,Significantly Cheaper,50,1060.8
2024-06-02,PROD00657,Toys,South,14.39,39.85,-25.46,Cheaper,Significantly Cheaper,25,341.76
2024-06-02,PROD00767,Home & Kitchen,South,60.47,9.6,50.87,More Expensive,Significantly More Expensive,15,816.34
2024-06-02,PROD01016,Beauty,Central,35.06,108.12,-73.06,Cheaper,Significantly Cheaper,38,1065.82
2024-06-02,PROD01140,Electronics,South,39.04,27.91,11.129999999999999,More Expensive,Significantly More Expensive,17,530.94
2024-06-02,PROD00262,Toys,South,27.02,20.71,6.309999999999999,More Expensive,Significantly More Expensive,17,413.41
2024-06-02,PROD00262,Toys,South,27.02,20.71,6.309999999999999,More Expensive,Significantly More Expensive,21,976.29
2024-06-02,PROD00262,Home & Kitchen,West,46.49,57.42,-10.93,Cheaper,Normal Competitive Range,17,413.41
2024-06-02,PROD00262,Home & Kitchen,West,46.49,57.42,-10.93,Cheaper,Normal Competitive Range,21,976.29
2024-06-03,PROD00525,Grocery,South,11.96,25.67,-13.71,Cheaper,Significantly Cheaper,40,430.56
2024-06-03,PROD00303,Grocery,North,27.93,41.56,-13.630000000000003,Cheaper,Significantly Cheaper,19,424.54
2024-06-03,PROD00052,Electronics,East,67.42,12.01,55.410000000000004,More Expensive,Significantly More Expensive,9,515.76
2024-06-03,PROD01134,Electronics,Central,49.55,27.44,22.109999999999996,More Expensive,Significantly More Expensive,37,1741.68
2024-06-03,PROD00325,Beauty,Central,27.91,55.72,-27.81,Cheaper,Significantly Cheaper,18,376.78
2024-06-03,PROD00276,Home & Kitchen,South,20.68,34.24,-13.560000000000002,Cheaper,Significantly Cheaper,55,966.79
2024-06-03,PROD00649,Grocery,Central,38.31,15.42,22.89,More Expensive,Significantly More Expensive,43,1235.5
2024-06-03,PROD00664,Fashion,South,13.84,10.05,3.789999999999999,More Expensive,Significantly More Expensive,54,709.99
2024-06-03,PROD00003,Home & Kitchen,North,27.48,33.71,-6.23,Cheaper,Normal Competitive Range,31,851.88
2024-06-04,PROD00624,Grocery,South,40.6,48.7,-8.100000000000001,Cheaper,Normal Competitive Range,21,767.34
2024-06-04,PROD00856,Grocery,South,28.65,39.25,-10.600000000000001,Cheaper,Significantly Cheaper,28,641.76
2024-06-04,PROD00786,Books,North,48.34,37.47,10.870000000000005,More Expensive,Significantly More Expensive,18,870.12
2024-06-04,PROD00147,Sports,West,15.28,20.71,-5.4300000000000015,Cheaper,Significantly Cheaper,47,682.25
2024-06-04,PROD00223,Toys,South,13.04,45.99,-32.95,Cheaper,Significantly Cheaper,28,328.61
2024-06-04,PROD00684,Home & Kitchen,South,21.76,22.2,-0.4399999999999977,Similar,Normal Competitive Range,40,783.36
2024-06-04,PROD00785,Toys,East,12.09,16.69,-4.600000000000001,Cheaper,Significantly Cheaper,29,298.02
2024-06-04,PROD01031,Grocery,South,21.52,28.91,-7.390000000000001,Cheaper,Significantly Cheaper,46,890.93
2024-06-05,PROD00630,Home & Kitchen,East,39.13,18.57,20.560000000000002,More Expensive,Significantly More Expensive,87,2723.45
2024-06-05,PROD00439,Books,South,48.98,25.9,23.08,More Expensive,Significantly More Expensive,16,548.58
2024-06-05,PROD00737,Books,Central,119.29,40.42,78.87,More Expensive,Significantly More Expensive,6,501.02
2024-06-05,PROD00632,Grocery,North,35.06,36.31,-1.25,Similar,Normal Competitive Range,30,736.26
2024-06-06,PROD00182,Electronics,Central,34.46,71.11,-36.65,Cheaper,Significantly Cheaper,64,1764.35
2024-06-06,PROD00921,Home & Kitchen,North,23.17,18.42,4.75,More Expensive,Significantly More Expensive,33,611.69
2024-06-06,PROD00592,Books,West,13.42,30.78,-17.36,Cheaper,Significantly Cheaper,42,479.09
2024-06-06,PROD01033,Beauty,West,27.64,42.35,-14.71,Cheaper,Significantly Cheaper,50,1174.7
2024-06-07,PROD00670,Fashion,West,21.21,19.59,1.620000000000001,More Expensive,Normal Competitive Range,38,564.19
2024-06-07,PROD00665,Grocery,South,14.91,38.42,-23.51,Cheaper,Significantly Cheaper,58,735.06
2024-06-07,PROD00906,Beauty,South,20.27,20.66,-0.39000000000000057,Similar,Normal Competitive Range,32,583.78
2024-06-07,PROD01185,Grocery,West,7.31,23.58,-16.27,Cheaper,Significantly Cheaper,62,339.92
2024-06-07,PROD00661,Electronics,North,128.77,16.29,112.48000000000002,More Expensive,Significantly More Expensive,5,482.89
2024-06-07,PROD00791,Fashion,North,47.31,28.92,18.39,More Expensive,Significantly More Expensive,23,924.91
2024-06-07,PROD00209,Beauty,Central,26.3,8.45,17.85,More Expensive,Significantly More Expensive,39,923.13
2024-06-08,PROD01162,Electronics,South,47.51,108.31,-60.800000000000004,Cheaper,Significantly Cheaper,58,2617.8
2024-06-08,PROD00510,Toys,Central,23.37,220.36,-196.99,Cheaper,Significantly Cheaper,20,397.29
2024-06-08,PROD00093,Grocery,West,21.84,33.34,-11.500000000000004,Cheaper,Significantly Cheaper,35,726.18
2024-06-08,PROD01130,Sports,Central,22.56,65.29,-42.730000000000004,Cheaper,Significantly Cheaper,48,866.3
2024-06-08,PROD00983,Electronics,East,28.23,78.35,-50.11999999999999,Cheaper,Significantly Cheaper,26,697.28
2024-06-09,PROD00357,Books,West,54.92,80.57,-25.64999999999999,Cheaper,Significantly Cheaper,15,823.8
2024-06-09,PROD00490,Electronics,East,37.22,18.84,18.38,More Expensive,Significantly More Expensive,19,671.82
2024-06-09,PROD00695,Sports,Central,65.65,30.63,35.02000000000001,More Expensive,Significantly More Expensive,13,810.78
2024-06-09,PROD00086,Electronics,South,18.0,108.36,-90.36,Cheaper,Significantly Cheaper,55,940.5
2024-06-09,PROD00353,Beauty,Central,62.15,38.63,23.519999999999996,More Expensive,Significantly More Expensive,14,696.08
2024-06-09,PROD00903,Books,Central,29.61,74.61,-45.0,Cheaper,Significantly Cheaper,22,618.85
2024-06-09,PROD00190,Toys,East,71.83,84.29,-12.460000000000008,Cheaper,Normal Competitive Range,8,517.18
2024-06-09,PROD00816,Fashion,East,22.17,135.38,-113.21,Cheaper,Significantly Cheaper,21,442.29
2024-06-09,PROD01098,Beauty,West,113.6,14.52,99.08,More Expensive,Significantly More Expensive,5,568.0
2024-06-09,PROD01167,Books,East,51.13,28.53,22.6,More Expensive,Significantly More Expensive,7,340.01
2024-06-09,PROD00109,Books,South,17.22,27.14,-9.920000000000002,Cheaper,Significantly Cheaper,15,219.55
2024-06-09,PROD00843,Fashion,East,105.74,65.49,40.25,More Expensive,Significantly More Expensive,13,1030.96
2024-06-10,PROD00980,Books,South,38.61,52.48,-13.869999999999997,Cheaper,Significantly Cheaper,20,617.76
2024-06-10,PROD00390,Toys,Central,18.56,9.51,9.049999999999999,More Expensive,Significantly More Expensive,22,347.07
2024-06-10,PROD00976,Electronics,East,56.73,87.78,-31.050000000000004,Cheaper,Significantly Cheaper,14,714.8
2024-06-10,PROD00021,Books,East,9.61,79.57,-69.96,Cheaper,Significantly Cheaper,48,415.15
2024-06-10,PROD00954,Books,South,57.29,7.7,49.589999999999996,More Expensive,Significantly More Expensive,20,973.93
2024-06-10,PROD00756,Electronics,West,22.82,19.94,2.879999999999999,More Expensive,Normal Competitive Range,33,602.45
2024-06-10,PROD00847,Sports,South,44.32,19.23,25.09,More Expensive,Significantly More Expensive,23,815.49
2024-06-10,PROD00929,Fashion,South,20.71,11.03,9.680000000000001,More Expensive,Significantly More Expensive,22,341.72
2024-06-10,PROD00256,Sports,South,49.03,86.77,-37.739999999999995,Cheaper,Significantly Cheaper,17,625.13
2024-06-10,PROD00571,Fashion,West,12.46,44.93,-32.47,Cheaper,Significantly Cheaper,47,527.06
2024-06-10,PROD01097,Toys,North,70.04,37.39,32.650000000000006,More Expensive,Significantly More Expensive,10,630.36
2024-06-10,PROD01117,Grocery,East,45.13,11.94,33.190000000000005,More Expensive,Significantly More Expensive,19,771.72
2024-06-10,PROD01094,Fashion,Central,17.46,124.46,-107.0,Cheaper,Significantly Cheaper,67,994.35
2024-06-11,PROD00258,Home & Kitchen,East,24.77,24.38,0.39000000000000057,Similar,Normal Competitive Range,32,792.64
2024-06-11,PROD00950,Books,South,23.96,19.9,4.060000000000002,More Expensive,Significantly More Expensive,27,646.92
2024-06-11,PROD00639,Toys,West,41.12,7.91,33.209999999999994,More Expensive,Significantly More Expensive,16,592.13
2024-06-11,PROD00200,Books,Central,36.37,21.26,15.109999999999996,More Expensive,Significantly More Expensive,21,649.2
2024-06-11,PROD00154,Fashion,West,64.89,23.44,41.45,More Expensive,Significantly More Expensive,33,2034.3
2024-06-12,PROD00301,Sports,West,64.45,11.1,53.35,More Expensive,Significantly More Expensive,28,1714.37
2024-06-12,PROD00124,Beauty,North,26.13,105.34,-79.21000000000001,Cheaper,Significantly Cheaper,29,644.1
2024-06-12,PROD00210,Beauty,North,12.33,55.64,-43.31,Cheaper,Significantly Cheaper,46,510.46
2024-06-12,PROD00852,Books,South,51.18,27.1,24.08,More Expensive,Significantly More Expensive,9,460.62
2024-06-12,PROD00433,Books,Central,23.86,34.6,-10.740000000000002,Cheaper,Significantly Cheaper,28,501.06
2024-06-12,PROD00101,Beauty,East,13.87,22.99,-9.12,Cheaper,Significantly Cheaper,81,786.43
2024-06-12,PROD00343,Beauty,East,28.37,39.09,-10.720000000000002,Cheaper,Significantly Cheaper,28,675.21
2024-06-12,PROD00561,Electronics,South,26.27,59.58,-33.31,Cheaper,Significantly Cheaper,36,945.72
2024-06-13,PROD00561,Fashion,East,21.44,14.38,7.0600000000000005,More Expensive,Significantly More Expensive,89,1431.12
2024-06-13,PROD01003,Electronics,South,8.5,20.23,-11.73,Cheaper,Significantly Cheaper,55,444.12
2024-06-13,PROD00408,Electronics,East,21.34,16.47,4.870000000000001,More Expensive,Significantly More Expensive,38,689.28
2024-06-14,PROD00788,Grocery,West,60.51,25.17,35.339999999999996,More Expensive,Significantly More Expensive,18,1089.18
2024-06-14,PROD00522,Beauty,Central,33.96,27.73,6.23,More Expensive,Significantly More Expensive,62,1473.86
2024-06-15,PROD01122,Home & Kitchen,East,19.26,35.65,-16.389999999999997,Cheaper,Significantly Cheaper,26,475.72
2024-06-15,PROD00829,Beauty,East,25.27,26.96,-1.6900000000000013,Cheaper,Normal Competitive Range,40,859.18
2024-06-15,PROD01009,Toys,Central,33.79,16.31,17.48,More Expensive,Significantly More Expensive,42,1206.3
2024-06-15,PROD00006,Electronics,West,32.45,75.41,-42.959999999999994,Cheaper,Significantly Cheaper,28,817.74
2024-06-15,PROD00942,Books,South,11.24,36.94,-25.699999999999996,Cheaper,Significantly Cheaper,28,236.04
2024-06-15,PROD00966,Books,Central,63.01,11.29,51.72,More Expensive,Significantly More Expensive,7,352.86
2024-06-16,PROD00781,Beauty,South,22.38,27.15,-4.77,Cheaper,Normal Competitive Range,32,644.54
2024-06-16,PROD00474,Electronics,South,28.34,59.64,-31.3,Cheaper,Significantly Cheaper,13,350.0
2024-06-16,PROD00002,Sports,West,5.94,59.01,-53.07,Cheaper,Significantly Cheaper,43,217.11
2024-06-16,PROD01150,Home & Kitchen,East,23.28,28.27,-4.989999999999998,Cheaper,Normal Competitive Range,29,607.61
2024-06-16,PROD00751,Electronics,East,37.43,46.49,-9.060000000000002,Cheaper,Normal Competitive Range,40,1347.48
2024-06-17,PROD00343,Fashion,North,79.63,64.19,15.439999999999998,More Expensive,Significantly More Expensive,16,1146.67
2024-06-17,PROD00504,Beauty,East,10.12,59.89,-49.77,Cheaper,Significantly Cheaper,38,307.65
2024-06-17,PROD00602,Grocery,North,23.01,36.45,-13.440000000000001,Cheaper,Significantly Cheaper,31,641.98
2024-06-17,PROD00976,Toys,South,29.44,17.93,11.510000000000002,More Expensive,Significantly More Expensive,24,635.9
2024-06-17,PROD00175,Sports,North,21.87,19.48,2.3900000000000006,More Expensive,Normal Competitive Range,43,846.37
2024-06-17,PROD00003,Beauty,North,42.03,59.54,-17.509999999999998,Cheaper,Significantly Cheaper,39,1393.29
2024-06-17,PROD01064,Sports,North,33.56,10.6,22.96,More Expensive,Significantly More Expensive,22,590.66
2024-06-17,PROD00137,Grocery,West,68.96,30.44,38.519999999999996,More Expensive,Significantly More Expensive,17,1113.7
2024-06-18,PROD01151,Beauty,Central,38.44,32.52,5.919999999999995,More Expensive,Normal Competitive Range,19,693.84
2024-06-18,PROD00775,Fashion,East,18.09,14.8,3.289999999999999,More Expensive,Significantly More Expensive,27,488.43
2024-06-18,PROD00802,Home & Kitchen,West,37.43,55.17,-17.740000000000002,Cheaper,Significantly Cheaper,15,477.23
2024-06-18,PROD00067,Toys,West,15.15,45.07,-29.92,Cheaper,Significantly Cheaper,44,499.95
2024-06-18,PROD00005,Electronics,South,23.29,48.06,-24.770000000000003,Cheaper,Significantly Cheaper,38,796.52
2024-06-18,PROD00552,Fashion,South,31.04,21.42,9.619999999999997,More Expensive,Significantly More Expensive,34,1002.59
2024-06-18,PROD00174,Grocery,North,38.97,10.88,28.089999999999996,More Expensive,Significantly More Expensive,14,545.58
2024-06-19,PROD00782,Home & Kitchen,East,21.21,99.01,-77.80000000000001,Cheaper,Significantly Cheaper,96,1527.12
2024-06-19,PROD00884,Toys,Central,42.71,53.84,-11.130000000000003,Cheaper,Significantly Cheaper,20,726.07
2024-06-19,PROD00037,Home & Kitchen,East,32.81,82.8,-49.989999999999995,Cheaper,Significantly Cheaper,32,892.43
2024-06-19,PROD00382,Grocery,South,11.05,36.2,-25.150000000000002,Cheaper,Significantly Cheaper,24,265.2
2024-06-19,PROD00707,Toys,North,42.16,31.66,10.499999999999996,More Expensive,Significantly More Expensive,17,609.21
2024-06-19,PROD00761,Beauty,Central,25.6,37.34,-11.740000000000002,Cheaper,Significantly Cheaper,41,997.12
2024-06-19,PROD00881,Fashion,North,19.93,7.37,12.559999999999999,More Expensive,Significantly More Expensive,72,1434.96
2024-06-20,PROD00019,Books,South,70.75,11.24,59.51,More Expensive,Significantly More Expensive,18,1146.15
2024-06-20,PROD01023,Home & Kitchen,North,27.23,42.92,-15.690000000000001,Cheaper,Significantly Cheaper,36,931.27
2024-06-20,PROD00624,Toys,Central,8.74,60.01,-51.269999999999996,Cheaper,Significantly Cheaper,39,306.77
2024-06-20,PROD00668,Beauty,North,124.99,25.43,99.56,More Expensive,Significantly More Expensive,11,1031.17
2024-06-20,PROD00342,Toys,North,32.01,21.71,10.299999999999997,More Expensive,Significantly More Expensive,26,790.65
2024-06-20,PROD00073,Toys,West,17.24,34.62,-17.38,Cheaper,Significantly Cheaper,36,589.61
2024-06-20,PROD01100,Toys,South,23.43,23.09,0.33999999999999986,Similar,Normal Competitive Range,71,1330.82
2024-06-21,PROD01019,Toys,West,24.79,23.63,1.1600000000000001,Similar,Normal Competitive Range,25,557.78
2024-06-21,PROD00281,Books,Central,25.41,25.45,-0.03999999999999915,Similar,Normal Competitive Range,22,419.26
2024-06-21,PROD00301,Sports,South,19.79,43.7,-23.910000000000004,Cheaper,Significantly Cheaper,40,672.86
2024-06-21,PROD01192,Grocery,South,64.19,37.21,26.979999999999997,More Expensive,Significantly More Expensive,14,674.0
2024-06-21,PROD00244,Home & Kitchen,East,35.18,17.59,17.59,More Expensive,Significantly More Expensive,54,1519.78
2024-06-22,PROD01132,Books,West,102.54,50.79,51.75000000000001,More Expensive,Significantly More Expensive,3,292.24
2024-06-22,PROD00480,Electronics,East,20.52,101.44,-80.92,Cheaper,Significantly Cheaper,71,1165.54
2024-06-22,PROD00479,Sports,West,18.86,9.24,9.62,More Expensive,Significantly More Expensive,49,785.52
2024-06-22,PROD00767,Toys,Central,39.0,32.77,6.229999999999997,More Expensive,Normal Competitive Range,34,1193.4
2024-06-22,PROD00517,Fashion,South,13.37,93.18,-79.81,Cheaper,Significantly Cheaper,62,828.94
2024-06-23,PROD00440,Fashion,Central,28.49,43.24,-14.750000000000004,Cheaper,Significantly Cheaper,29,743.59
2024-06-23,PROD01048,Home & Kitchen,East,8.52,13.25,-4.73,Cheaper,Significantly Cheaper,67,513.76
2024-06-23,PROD00974,Books,North,21.36,31.87,-10.510000000000002,Cheaper,Significantly Cheaper,38,689.93
2024-06-23,PROD00608,Toys,South,15.56,44.59,-29.03,Cheaper,Significantly Cheaper,14,196.06
2024-06-23,PROD00183,Fashion,Central,18.66,67.18,-48.52000000000001,Cheaper,Significantly Cheaper,38,709.08
2024-06-23,PROD01085,Books,East,207.13,15.27,191.85999999999999,More Expensive,Significantly More Expensive,1,176.06
2024-06-23,PROD00953,Fashion,South,21.45,40.08,-18.63,Cheaper,Significantly Cheaper,39,836.55
2024-06-23,PROD00072,Toys,South,21.3,46.88,-25.580000000000002,Cheaper,Significantly Cheaper,31,561.26
2024-06-23,PROD00683,Beauty,North,62.16,18.99,43.17,More Expensive,Significantly More Expensive,13,727.27
2024-06-24,PROD00328,Fashion,Central,24.54,15.99,8.549999999999999,More Expensive,Significantly More Expensive,106,1820.87
2024-06-24,PROD00524,Toys,South,14.87,50.15,-35.28,Cheaper,Significantly Cheaper,16,226.02
2024-06-24,PROD00093,Home & Kitchen,West,43.51,18.54,24.97,More Expensive,Significantly More Expensive,72,3132.72
2024-06-24,PROD00511,Fashion,Central,60.73,37.06,23.669999999999995,More Expensive,Significantly More Expensive,13,750.02
2024-06-24,PROD00817,Electronics,Central,21.47,24.12,-2.650000000000002,Cheaper,Normal Competitive Range,31,665.57
2024-06-24,PROD00205,Sports,East,15.34,25.82,-10.48,Cheaper,Significantly Cheaper,49,526.16
2024-06-24,PROD00999,Electronics,Central,40.09,12.45,27.640000000000004,More Expensive,Significantly More Expensive,32,1154.59
2024-06-24,PROD01157,Home & Kitchen,Central,43.84,23.16,20.680000000000003,More Expensive,Significantly More Expensive,24,736.51
2024-06-25,PROD00966,Fashion,South,31.68,33.27,-1.5900000000000034,Similar,Normal Competitive Range,26,658.94
2024-06-25,PROD01092,Sports,West,26.68,12.9,13.78,More Expensive,Significantly More Expensive,22,528.26
2024-06-25,PROD01025,Books,Central,40.53,58.23,-17.699999999999996,Cheaper,Significantly Cheaper,25,911.92
2024-06-25,PROD00854,Toys,East,38.66,11.94,26.72,More Expensive,Significantly More Expensive,32,1051.55
2024-06-25,PROD00723,Home & Kitchen,East,25.88,31.13,-5.25,Cheaper,Normal Competitive Range,41,1061.08
2024-06-25,PROD00294,Books,East,17.6,16.35,1.25,More Expensive,Normal Competitive Range,27,475.2
2024-06-25,PROD00895,Home & Kitchen,East,113.2,22.76,90.44,More Expensive,Significantly More Expensive,8,724.48
2024-06-26,PROD00227,Sports,South,26.64,27.38,-0.7399999999999984,Similar,Normal Competitive Range,30,759.24
2024-06-26,PROD00611,Grocery,North,17.91,40.46,-22.55,Cheaper,Significantly Cheaper,59,898.19
2024-06-26,PROD00367,Books,East,61.79,82.87,-21.080000000000005,Cheaper,Significantly Cheaper,19,939.21
2024-06-26,PROD00803,Toys,North,32.2,282.73,-250.53000000000003,Cheaper,Significantly Cheaper,42,1217.16
2024-06-26,PROD00710,Books,South,76.05,18.27,57.78,More Expensive,Significantly More Expensive,6,410.67
2024-06-26,PROD00827,Toys,West,33.29,10.95,22.34,More Expensive,Significantly More Expensive,29,820.6
2024-06-26,PROD00145,Toys,Central,32.04,8.78,23.259999999999998,More Expensive,Significantly More Expensive,19,608.76
2024-06-27,PROD00125,Home & Kitchen,South,28.53,53.79,-25.259999999999998,Cheaper,Significantly Cheaper,32,867.31
2024-06-27,PROD00620,Fashion,Central,23.4,46.22,-22.82,Cheaper,Significantly Cheaper,53,1178.19
2024-06-27,PROD00666,Grocery,East,53.13,68.11,-14.979999999999997,Cheaper,Significantly Cheaper,19,858.05
2024-06-27,PROD00647,Grocery,Central,29.31,26.88,2.4299999999999997,More Expensive,Normal Competitive Range,24,703.44
2024-06-27,PROD00619,Beauty,East,33.23,107.96,-74.72999999999999,Cheaper,Significantly Cheaper,16,531.68
2024-06-27,PROD00023,Home & Kitchen,Central,31.35,27.16,4.190000000000001,More Expensive,Normal Competitive Range,74,1971.92
2024-06-28,PROD00739,Fashion,North,9.66,52.57,-42.91,Cheaper,Significantly Cheaper,60,550.62
2024-06-28,PROD00037,Fashion,West,24.48,79.27,-54.78999999999999,Cheaper,Significantly Cheaper,72,1498.18
2024-06-28,PROD01154,Grocery,West,23.29,32.13,-8.840000000000003,Cheaper,Significantly Cheaper,49,1084.15
2024-06-28,PROD01163,Books,South,23.12,74.31,-51.19,Cheaper,Significantly Cheaper,17,373.39
2024-06-29,PROD00704,Grocery,East,25.74,9.9,15.839999999999998,More Expensive,Significantly More Expensive,77,1981.98
2024-06-29,PROD00315,Toys,Central,28.5,22.1,6.399999999999999,More Expensive,Significantly More Expensive,23,655.5
2024-06-29,PROD00827,Fashion,West,13.05,227.22,-214.17,Cheaper,Significantly Cheaper,60,704.7
2024-06-29,PROD00042,Sports,Central,69.38,58.96,10.419999999999995,More Expensive,Normal Competitive Range,15,936.63
2024-06-29,PROD00863,Grocery,Central,53.93,56.92,-2.990000000000002,Cheaper,Normal Competitive Range,16,819.74
2024-06-29,PROD01185,Books,East,6.48,28.5,-22.02,Cheaper,Significantly Cheaper,18,116.64
2024-06-29,PROD00302,Sports,West,9.77,19.3,-9.530000000000001,Cheaper,Significantly Cheaper,35,324.85
2024-06-29,PROD00534,Grocery,Central,73.11,47.11,26.0,More Expensive,Significantly More Expensive,19,1250.18
2024-06-29,PROD00334,Books,North,57.06,23.09,33.97,More Expensive,Significantly More Expensive,20,798.84
2024-06-30,PROD00555,Grocery,East,17.69,44.91,-27.219999999999995,Cheaper,Significantly Cheaper,89,1338.25
2024-06-30,PROD00671,Fashion,West,13.71,17.2,-3.4899999999999984,Cheaper,Significantly Cheaper,66,859.62
2024-06-30,PROD00011,Fashion,East,62.48,21.95,40.53,More Expensive,Significantly More Expensive,29,1630.73
2024-06-30,PROD00532,Books,North,16.6,28.08,-11.479999999999997,Cheaper,Significantly Cheaper,18,253.98
2024-06-30,PROD00568,Fashion,East,44.93,18.05,26.88,More Expensive,Significantly More Expensive,19,640.25
2024-07-01,PROD00006,Beauty,North,39.25,44.73,-5.479999999999997,Cheaper,Normal Competitive Range,31,1155.91
2024-07-01,PROD00263,Beauty,West,45.54,32.89,12.649999999999999,More Expensive,Significantly More Expensive,32,1311.55
2024-07-01,PROD00749,Beauty,West,42.86,29.62,13.239999999999998,More Expensive,Significantly More Expensive,10,321.45
2024-07-01,PROD00741,Home & Kitchen,West,44.64,48.35,-3.710000000000001,Cheaper,Normal Competitive Range,25,837.0
2024-07-01,PROD00053,Fashion,Central,9.0,10.22,-1.2200000000000006,Cheaper,Normal Competitive Range,57,461.7
2024-07-01,PROD00225,Fashion,West,59.45,25.17,34.28,More Expensive,Significantly More Expensive,28,1664.6
2024-07-01,PROD00821,Grocery,East,11.44,37.53,-26.090000000000003,Cheaper,Significantly Cheaper,52,416.42
2024-07-01,PROD00337,Grocery,Central,36.37,51.73,-15.36,Cheaper,Significantly Cheaper,40,1454.8
2024-07-01,PROD01140,Home & Kitchen,East,32.19,59.95,-27.760000000000005,Cheaper,Significantly Cheaper,23,592.3
2024-07-02,PROD01185,Grocery,Central,18.89,31.1,-12.21,Cheaper,Significantly Cheaper,50,802.82
2024-07-02,PROD01063,Sports,Central,9.23,6.1,3.130000000000001,More Expensive,Significantly More Expensive,24,199.37
2024-07-02,PROD00823,Home & Kitchen,West,21.58,26.34,-4.760000000000002,Cheaper,Normal Competitive Range,50,863.2
2024-07-02,PROD00795,Grocery,Central,35.58,26.16,9.419999999999998,More Expensive,Significantly More Expensive,57,1926.66
2024-07-02,PROD00112,Sports,Central,12.02,20.54,-8.52,Cheaper,Significantly Cheaper,43,439.33
2024-07-02,PROD00984,Beauty,Central,42.07,13.36,28.71,More Expensive,Significantly More Expensive,36,1514.52
2024-07-03,PROD00918,Toys,West,47.39,35.65,11.740000000000002,More Expensive,Significantly More Expensive,23,1035.47
2024-07-03,PROD00968,Grocery,West,24.87,59.01,-34.14,Cheaper,Significantly Cheaper,61,1365.36
2024-07-03,PROD00097,Fashion,North,28.29,77.63,-49.339999999999996,Cheaper,Significantly Cheaper,70,1782.27
2024-07-03,PROD00164,Books,North,15.78,7.84,7.9399999999999995,More Expensive,Significantly More Expensive,30,449.73
2024-07-04,PROD01124,Grocery,Central,20.62,26.21,-5.59,Cheaper,Significantly Cheaper,69,1067.08
2024-07-04,PROD00774,Home & Kitchen,Central,12.07,32.05,-19.979999999999997,Cheaper,Significantly Cheaper,84,912.49
2024-07-04,PROD00385,Fashion,North,13.51,20.62,-7.110000000000001,Cheaper,Significantly Cheaper,51,620.11
2024-07-05,PROD00559,Toys,North,54.17,46.0,8.170000000000002,More Expensive,Normal Competitive Range,20,920.89
2024-07-05,PROD00849,Books,South,42.31,20.92,21.39,More Expensive,Significantly More Expensive,16,676.96
2024-07-05,PROD00042,Grocery,North,69.33,54.0,15.329999999999998,More Expensive,Significantly More Expensive,9,561.57
2024-07-05,PROD00005,Toys,West,25.61,27.92,-2.3100000000000023,Cheaper,Normal Competitive Range,33,760.62
2024-07-05,PROD00169,Beauty,North,22.25,30.15,-7.899999999999999,Cheaper,Significantly Cheaper,63,1191.49
2024-07-06,PROD00018,Electronics,Central,5.14,13.12,-7.9799999999999995,Cheaper,Significantly Cheaper,74,323.31
2024-07-06,PROD00102,Toys,North,29.69,13.17,16.520000000000003,More Expensive,Significantly More Expensive,30,801.63
2024-07-06,PROD00572,Home & Kitchen,South,45.4,19.36,26.04,More Expensive,Significantly More Expensive,18,612.9
2024-07-06,PROD01011,Fashion,West,18.77,14.06,4.709999999999999,More Expensive,Significantly More Expensive,38,677.6
2024-07-06,PROD00129,Sports,East,20.34,21.6,-1.2600000000000016,Cheaper,Normal Competitive Range,45,915.3
2024-07-06,PROD00888,Books,South,20.91,34.83,-13.919999999999998,Cheaper,Significantly Cheaper,24,501.84
2024-07-06,PROD00942,Fashion,North,30.2,24.95,5.25,More Expensive,Significantly More Expensive,17,487.73
2024-07-06,PROD00477,Sports,South,20.8,32.05,-11.249999999999996,Cheaper,Significantly Cheaper,44,823.68
2024-07-07,PROD00180,Toys,East,21.9,17.22,4.68,More Expensive,Significantly More Expensive,41,673.42
2024-07-07,PROD00607,Fashion,West,27.5,43.61,-16.11,Cheaper,Significantly Cheaper,55,1134.38
2024-07-07,PROD00275,Home & Kitchen,South,12.87,21.02,-8.15,Cheaper,Significantly Cheaper,46,473.62
2024-07-07,PROD00153,Books,East,33.38,33.08,0.30000000000000426,Similar,Normal Competitive Range,20,500.7
2024-07-07,PROD00457,Toys,East,41.31,52.85,-11.54,Cheaper,Significantly Cheaper,20,619.65
2024-07-07,PROD00210,Toys,South,50.24,36.57,13.670000000000002,More Expensive,Significantly More Expensive,11,442.11
2024-07-08,PROD00824,Beauty,Central,15.49,31.27,-15.78,Cheaper,Significantly Cheaper,64,892.22
2024-07-08,PROD00825,Grocery,South,67.38,83.36,-15.980000000000004,Cheaper,Normal Competitive Range,12,727.7
2024-07-08,PROD00198,Home & Kitchen,West,26.98,38.89,-11.91,Cheaper,Significantly Cheaper,46,1179.03
2024-07-08,PROD00893,Sports,South,26.96,40.85,-13.89,Cheaper,Significantly Cheaper,26,665.91
2024-07-08,PROD00760,Grocery,North,14.61,22.91,-8.3,Cheaper,Significantly Cheaper,62,724.66
2024-07-09,PROD00956,Sports,North,43.6,39.61,3.990000000000002,More Expensive,Normal Competitive Range,33,1079.1
2024-07-09,PROD00698,Sports,South,10.59,48.94,-38.349999999999994,Cheaper,Significantly Cheaper,32,271.1
2024-07-09,PROD00771,Beauty,South,64.79,29.43,35.36000000000001,More Expensive,Significantly More Expensive,31,1606.79
2024-07-09,PROD00469,Home & Kitchen,West,155.52,23.22,132.3,More Expensive,Significantly More Expensive,3,419.9
2024-07-09,PROD00401,Sports,North,35.44,25.23,10.209999999999997,More Expensive,Significantly More Expensive,26,783.22
2024-07-09,PROD00920,Books,East,31.03,13.26,17.770000000000003,More Expensive,Significantly More Expensive,23,606.64
2024-07-10,PROD00716,Sports,South,34.08,33.41,0.6700000000000017,Similar,Normal Competitive Range,26,841.78
2024-07-10,PROD00097,Toys,Central,36.66,72.78,-36.120000000000005,Cheaper,Significantly Cheaper,25,779.02
2024-07-10,PROD00687,Books,South,18.0,27.37,-9.370000000000001,Cheaper,Significantly Cheaper,19,290.7
2024-07-10,PROD00572,Fashion,Central,49.28,6.51,42.77,More Expensive,Significantly More Expensive,32,1419.26
2024-07-10,PROD01180,Toys,Central,36.51,48.93,-12.420000000000002,Cheaper,Significantly Cheaper,26,854.33
2024-07-11,PROD01023,Home & Kitchen,West,26.42,41.74,-15.32,Cheaper,Significantly Cheaper,43,852.04
2024-07-11,PROD00428,Books,Central,44.35,31.9,12.450000000000003,More Expensive,Significantly More Expensive,28,1055.53
2024-07-11,PROD01102,Grocery,East,17.59,57.39,-39.8,Cheaper,Significantly Cheaper,33,580.47
2024-07-11,PROD00537,Electronics,West,95.39,23.84,71.55,More Expensive,Significantly More Expensive,10,810.82
2024-07-11,PROD00082,Beauty,North,39.4,36.07,3.3299999999999983,More Expensive,Normal Competitive Range,30,1063.8
2024-07-11,PROD00666,Home & Kitchen,West,19.22,50.4,-31.18,Cheaper,Significantly Cheaper,110,2008.49
2024-07-12,PROD00989,Toys,West,18.18,30.32,-12.14,Cheaper,Significantly Cheaper,19,276.34
2024-07-12,PROD00416,Sports,West,100.29,46.44,53.85000000000001,More Expensive,Significantly More Expensive,9,767.22
2024-07-12,PROD00548,Toys,North,54.75,10.27,44.480000000000004,More Expensive,Significantly More Expensive,14,689.85
2024-07-12,PROD00795,Home & Kitchen,South,32.43,30.83,1.6000000000000014,More Expensive,Normal Competitive Range,43,1185.32
2024-07-12,PROD00553,Sports,West,42.21,10.84,31.37,More Expensive,Significantly More Expensive,20,590.94
2024-07-12,PROD00840,Sports,Central,39.92,31.17,8.75,More Expensive,Significantly More Expensive,25,898.2
2024-07-12,PROD01105,Home & Kitchen,North,21.2,82.26,-61.06,Cheaper,Significantly Cheaper,33,559.68
2024-07-12,PROD00104,Fashion,North,35.87,53.46,-17.590000000000003,Cheaper,Significantly Cheaper,35,1067.13
2024-07-13,PROD00711,Grocery,East,30.02,17.82,12.2,More Expensive,Significantly More Expensive,58,1305.87
2024-07-13,PROD00302,Beauty,North,40.89,9.21,31.68,More Expensive,Significantly More Expensive,15,582.68
2024-07-13,PROD01029,Grocery,South,25.97,16.48,9.489999999999998,More Expensive,Significantly More Expensive,81,2103.57
2024-07-14,PROD00765,Books,East,17.24,65.67,-48.43000000000001,Cheaper,Significantly Cheaper,33,483.58
2024-07-14,PROD00828,Home & Kitchen,East,18.04,45.21,-27.17,Cheaper,Significantly Cheaper,58,837.06
2024-07-14,PROD00262,Beauty,South,40.34,45.91,-5.569999999999993,Cheaper,Normal Competitive Range,13,524.42
2024-07-14,PROD00824,Books,North,13.67,18.98,-5.3100000000000005,Cheaper,Significantly Cheaper,22,225.56
2024-07-14,PROD00371,Electronics,North,31.37,42.38,-11.010000000000002,Cheaper,Significantly Cheaper,49,1152.85
2024-07-14,PROD00817,Sports,Central,26.64,54.36,-27.72,Cheaper,Significantly Cheaper,59,1336.0
2024-07-14,PROD00549,Books,West,25.37,55.05,-29.679999999999996,Cheaper,Significantly Cheaper,19,433.83
2024-07-15,PROD00357,Home & Kitchen,Central,31.3,78.49,-47.19,Cheaper,Significantly Cheaper,18,507.06
2024-07-15,PROD01121,Books,East,21.89,11.28,10.610000000000001,More Expensive,Significantly More Expensive,12,249.55
2024-07-15,PROD00090,Beauty,West,58.38,63.32,-4.939999999999998,Cheaper,Normal Competitive Range,27,1339.82
2024-07-16,PROD01055,Fashion,North,21.78,16.04,5.740000000000002,More Expensive,Significantly More Expensive,28,487.87
2024-07-16,PROD01162,Sports,West,23.02,12.76,10.26,More Expensive,Significantly More Expensive,24,497.23
2024-07-16,PROD00400,Sports,East,57.86,46.94,10.920000000000002,More Expensive,Significantly More Expensive,26,1203.49
2024-07-16,PROD01112,Sports,South,28.92,26.62,2.3000000000000007,More Expensive,Normal Competitive Range,48,1249.34
2024-07-16,PROD00436,Grocery,West,126.43,29.6,96.83000000000001,More Expensive,Significantly More Expensive,9,1024.08
2024-07-16,PROD00630,Toys,East,26.84,10.18,16.66,More Expensive,Significantly More Expensive,19,484.46
2024-07-16,PROD00149,Sports,South,12.32,58.08,-45.76,Cheaper,Significantly Cheaper,16,177.41
2024-07-16,PROD00719,Sports,West,27.33,48.37,-21.04,Cheaper,Significantly Cheaper,34,882.76
2024-07-17,PROD00111,Toys,West,19.99,13.95,6.039999999999999,More Expensive,Significantly More Expensive,54,971.51
2024-07-17,PROD00901,Electronics,South,31.77,17.61,14.16,More Expensive,Significantly More Expensive,45,1286.69
2024-07-17,PROD00575,Home & Kitchen,East,25.55,45.77,-20.220000000000002,Cheaper,Significantly Cheaper,40,919.8
2024-07-17,PROD00076,Books,West,11.58,42.68,-31.1,Cheaper,Significantly Cheaper,59,614.9
2024-07-18,PROD00583,Grocery,East,19.91,29.53,-9.620000000000001,Cheaper,Significantly Cheaper,69,1373.79
2024-07-18,PROD01171,Home & Kitchen,South,7.99,28.83,-20.839999999999996,Cheaper,Significantly Cheaper,67,481.8
2024-07-18,PROD00374,Toys,East,9.19,44.48,-35.29,Cheaper,Significantly Cheaper,41,357.95
2024-07-18,PROD00830,Grocery,Central,23.09,37.87,-14.779999999999998,Cheaper,Significantly Cheaper,29,636.13
2024-07-19,PROD00649,Home & Kitchen,North,75.98,47.34,28.64,More Expensive,Significantly More Expensive,17,1033.33
2024-07-19,PROD01018,Fashion,North,34.97,21.17,13.799999999999997,More Expensive,Significantly More Expensive,38,1195.97
2024-07-19,PROD00308,Sports,East,23.16,35.45,-12.290000000000003,Cheaper,Significantly Cheaper,28,583.63
2024-07-19,PROD00661,Electronics,West,13.35,36.1,-22.75,Cheaper,Significantly Cheaper,79,738.25
2024-07-20,PROD00526,Electronics,North,90.89,69.29,21.599999999999994,More Expensive,Significantly More Expensive,13,1122.49
2024-07-20,PROD00846,Electronics,West,50.51,34.15,16.36,More Expensive,Significantly More Expensive,15,644.0
2024-07-20,PROD00248,Home & Kitchen,South,24.73,106.33,-81.6,Cheaper,Significantly Cheaper,15,352.4
2024-07-20,PROD00847,Toys,East,83.85,100.69,-16.840000000000003,Cheaper,Normal Competitive Range,16,1274.52
2024-07-21,PROD00300,Beauty,North,8.93,14.91,-5.98,Cheaper,Significantly Cheaper,45,321.48
2024-07-21,PROD00225,Electronics,Central,17.74,40.0,-22.26,Cheaper,Significantly Cheaper,52,876.36
2024-07-21,PROD00927,Electronics,South,58.3,14.19,44.11,More Expensive,Significantly More Expensive,40,1982.2
2024-07-21,PROD00526,Fashion,West,89.9,25.21,64.69,More Expensive,Significantly More Expensive,19,1195.67
2024-07-21,PROD01089,Electronics,North,14.93,8.6,6.33,More Expensive,Significantly More Expensive,146,1961.8
2024-07-21,PROD00387,Sports,Central,32.71,12.24,20.47,More Expensive,Significantly More Expensive,17,472.66
2024-07-21,PROD00410,Books,North,30.48,36.44,-5.959999999999997,Cheaper,Normal Competitive Range,27,822.96
2024-07-22,PROD00308,Beauty,North,31.76,11.48,20.28,More Expensive,Significantly More Expensive,52,1321.22
2024-07-22,PROD00423,Fashion,East,21.31,14.28,7.029999999999999,More Expensive,Significantly More Expensive,30,639.3
2024-07-22,PROD00648,Fashion,South,70.55,31.11,39.44,More Expensive,Significantly More Expensive,15,1058.25
2024-07-22,PROD00767,Fashion,South,17.84,11.92,5.92,More Expensive,Significantly More Expensive,56,949.09
2024-07-22,PROD00982,Toys,East,38.2,24.97,13.230000000000004,More Expensive,Significantly More Expensive,51,1753.38
2024-07-22,PROD00409,Beauty,North,16.69,35.99,-19.3,Cheaper,Significantly Cheaper,56,841.18
2024-07-22,PROD01135,Grocery,Central,68.19,36.8,31.39,More Expensive,Significantly More Expensive,16,1091.04
2024-07-22,PROD00480,Books,South,13.54,28.22,-14.68,Cheaper,Significantly Cheaper,43,553.11
2024-07-23,PROD01070,Fashion,West,74.94,15.44,59.5,More Expensive,Significantly More Expensive,23,1378.9
2024-07-23,PROD00558,Toys,South,10.39,23.98,-13.59,Cheaper,Significantly Cheaper,43,335.08
2024-07-23,PROD00285,Fashion,East,33.44,54.35,-20.910000000000004,Cheaper,Significantly Cheaper,89,2232.12
2024-07-23,PROD00129,Sports,Central,43.16,42.21,0.9499999999999957,Similar,Normal Competitive Range,58,1877.46
2024-07-23,PROD00189,Beauty,East,26.61,24.14,2.469999999999999,More Expensive,Normal Competitive Range,26,518.9
2024-07-23,PROD00394,Toys,Central,83.57,28.83,54.739999999999995,More Expensive,Significantly More Expensive,17,1278.62
2024-07-23,PROD00961,Beauty,West,18.41,23.74,-5.329999999999998,Cheaper,Significantly Cheaper,29,533.89
2024-07-23,PROD01094,Books,South,27.21,47.35,-20.14,Cheaper,Significantly Cheaper,20,435.36
2024-07-23,PROD01147,Sports,East,37.98,20.89,17.089999999999996,More Expensive,Significantly More Expensive,34,1097.62
2024-07-24,PROD00297,Grocery,North,26.24,23.66,2.5799999999999983,More Expensive,Normal Competitive Range,32,755.71
2024-07-24,PROD00970,Electronics,East,73.32,28.73,44.58999999999999,More Expensive,Significantly More Expensive,25,1649.7
2024-07-25,PROD00169,Beauty,North,12.57,22.55,-9.98,Cheaper,Significantly Cheaper,61,690.09
2024-07-25,PROD00922,Toys,West,13.31,24.83,-11.519999999999998,Cheaper,Significantly Cheaper,40,425.92
2024-07-25,PROD00188,Home & Kitchen,West,30.5,17.64,12.86,More Expensive,Significantly More Expensive,65,1784.25
2024-07-25,PROD00532,Books,Central,16.02,25.33,-9.309999999999999,Cheaper,Significantly Cheaper,33,502.23
2024-07-25,PROD00317,Electronics,Central,19.72,10.82,8.899999999999999,More Expensive,Significantly More Expensive,54,851.9
2024-07-25,PROD01150,Fashion,Central,7.35,15.24,-7.890000000000001,Cheaper,Significantly Cheaper,37,271.95
2024-07-25,PROD00854,Sports,South,14.0,15.36,-1.3599999999999994,Cheaper,Normal Competitive Range,20,252.0
2024-07-25,PROD00835,Fashion,South,17.52,20.32,-2.8000000000000007,Cheaper,Normal Competitive Range,61,801.54
2024-07-26,PROD01046,Fashion,Central,34.65,15.95,18.7,More Expensive,Significantly More Expensive,55,1429.31
2024-07-26,PROD00783,Toys,East,26.8,49.55,-22.749999999999996,Cheaper,Significantly Cheaper,25,603.0
2024-07-26,PROD00540,Books,East,55.75,65.89,-10.14,Cheaper,Normal Competitive Range,10,418.12
2024-07-27,PROD01030,Toys,South,20.63,12.7,7.93,More Expensive,Significantly More Expensive,29,568.36
2024-07-27,PROD00997,Toys,Central,21.52,40.54,-19.02,Cheaper,Significantly Cheaper,40,817.76
2024-07-27,PROD00901,Beauty,South,16.75,6.86,9.89,More Expensive,Significantly More Expensive,34,569.5
2024-07-28,PROD00411,Books,West,78.7,41.73,36.970000000000006,More Expensive,Significantly More Expensive,5,393.5
2024-07-28,PROD00354,Toys,South,17.46,22.26,-4.800000000000001,Cheaper,Significantly Cheaper,35,488.88
2024-07-28,PROD00132,Home & Kitchen,South,34.06,32.47,1.5900000000000034,Similar,Normal Competitive Range,55,1592.3
2024-07-28,PROD01159,Home & Kitchen,South,19.81,10.18,9.629999999999999,More Expensive,Significantly More Expensive,40,792.4
2024-07-28,PROD00546,Beauty,Central,22.85,16.43,6.420000000000002,More Expensive,Significantly More Expensive,107,2078.21
2024-07-28,PROD00466,Grocery,East,27.38,47.27,-19.890000000000004,Cheaper,Significantly Cheaper,42,1149.96
2024-07-28,PROD00385,Toys,South,27.63,9.75,17.88,More Expensive,Significantly More Expensive,18,397.87
2024-07-29,PROD00827,Home & Kitchen,South,36.51,23.36,13.149999999999999,More Expensive,Significantly More Expensive,26,759.41
2024-07-29,PROD00458,Home & Kitchen,East,51.93,16.75,35.18,More Expensive,Significantly More Expensive,35,1635.8
2024-07-29,PROD00204,Sports,Central,20.45,29.21,-8.760000000000002,Cheaper,Significantly Cheaper,25,434.56
2024-07-30,PROD00827,Books,East,21.21,24.37,-3.16,Cheaper,Normal Competitive Range,27,544.04
2024-07-30,PROD00588,Home & Kitchen,East,23.11,24.74,-1.629999999999999,Cheaper,Normal Competitive Range,13,255.37
2024-07-30,PROD00583,Home & Kitchen,West,77.66,25.17,52.489999999999995,More Expensive,Significantly More Expensive,17,1254.21
2024-07-30,PROD01109,Home & Kitchen,Central,8.74,39.71,-30.97,Cheaper,Significantly Cheaper,33,259.58
2024-07-30,PROD00992,Beauty,South,18.36,27.26,-8.900000000000002,Cheaper,Significantly Cheaper,42,655.45
2024-07-31,PROD00821,Toys,East,44.33,30.8,13.529999999999998,More Expensive,Significantly More Expensive,29,1157.01
2024-07-31,PROD00481,Beauty,East,10.6,36.91,-26.309999999999995,Cheaper,Significantly Cheaper,39,372.06
2024-07-31,PROD00932,Electronics,West,31.8,22.67,9.129999999999999,More Expensive,Significantly More Expensive,19,604.2
2024-07-31,PROD00165,Grocery,North,16.25,36.94,-20.689999999999998,Cheaper,Significantly Cheaper,94,1145.62
2024-07-31,PROD01023,Electronics,North,17.62,35.65,-18.029999999999998,Cheaper,Significantly Cheaper,71,1125.92
2024-07-31,PROD00960,Fashion,South,57.14,11.76,45.38,More Expensive,Significantly More Expensive,20,914.24
2024-07-31,PROD00712,Electronics,West,37.86,43.41,-5.549999999999997,Cheaper,Normal Competitive Range,34,1029.79
2024-07-31,PROD00393,Fashion,Central,23.89,24.62,-0.7300000000000004,Similar,Normal Competitive Range,28,602.03
2024-07-31,PROD00013,Beauty,East,16.23,45.04,-28.81,Cheaper,Significantly Cheaper,44,642.71
2024-08-01,PROD00869,Grocery,Central,46.37,33.91,12.46,More Expensive,Significantly More Expensive,47,1852.48
2024-08-01,PROD00791,Beauty,Central,34.21,63.17,-28.96,Cheaper,Significantly Cheaper,21,646.57
2024-08-01,PROD01068,Grocery,Central,25.22,82.65,-57.43000000000001,Cheaper,Significantly Cheaper,61,1384.58
2024-08-01,PROD00516,Books,South,32.43,24.05,8.379999999999999,More Expensive,Significantly More Expensive,16,389.16
2024-08-01,PROD00425,Books,West,25.24,44.28,-19.040000000000003,Cheaper,Significantly Cheaper,23,522.47
2024-08-01,PROD00955,Books,West,34.86,13.31,21.549999999999997,More Expensive,Significantly More Expensive,19,596.11
2024-08-02,PROD00564,Books,Central,45.35,66.08,-20.729999999999997,Cheaper,Significantly Cheaper,9,306.11
2024-08-02,PROD00353,Sports,West,37.39,70.6,-33.209999999999994,Cheaper,Significantly Cheaper,46,1633.94
2024-08-02,PROD00363,Sports,Central,18.03,45.27,-27.240000000000002,Cheaper,Significantly Cheaper,41,739.23
2024-08-02,PROD01046,Grocery,North,7.46,54.82,-47.36,Cheaper,Significantly Cheaper,59,440.14
2024-08-02,PROD00915,Books,South,30.32,68.39,-38.07,Cheaper,Significantly Cheaper,25,682.2
2024-08-03,PROD00400,Toys,North,85.75,18.6,67.15,More Expensive,Significantly More Expensive,6,463.05
2024-08-03,PROD00640,Sports,North,15.06,31.14,-16.08,Cheaper,Significantly Cheaper,38,515.05
2024-08-03,PROD00688,Sports,East,33.11,104.29,-71.18,Cheaper,Significantly Cheaper,20,595.98
2024-08-03,PROD00552,Toys,West,27.44,9.95,17.490000000000002,More Expensive,Significantly More Expensive,26,642.1
2024-08-03,PROD00221,Beauty,North,21.61,55.92,-34.31,Cheaper,Significantly Cheaper,43,836.31
2024-08-04,PROD00802,Sports,South,60.23,10.14,50.089999999999996,More Expensive,Significantly More Expensive,13,782.99
2024-08-04,PROD00995,Electronics,North,31.2,43.72,-12.52,Cheaper,Significantly Cheaper,35,982.8
2024-08-04,PROD00766,Grocery,North,34.09,35.65,-1.5599999999999952,Similar,Normal Competitive Range,44,1349.96
2024-08-04,PROD01097,Sports,North,13.43,39.61,-26.18,Cheaper,Significantly Cheaper,82,825.94
2024-08-04,PROD00489,Books,North,13.2,10.81,2.389999999999999,More Expensive,Significantly More Expensive,50,660.0
2024-08-04,PROD00812,Toys,South,24.1,13.86,10.240000000000002,More Expensive,Significantly More Expensive,53,1021.84
2024-08-04,PROD01090,Grocery,North,75.8,70.29,5.509999999999991,More Expensive,Normal Competitive Range,29,2088.29
2024-08-04,PROD00432,Beauty,West,43.54,33.3,10.240000000000002,More Expensive,Significantly More Expensive,43,1591.39
2024-08-05,PROD00550,Home & Kitchen,South,16.41,23.91,-7.5,Cheaper,Significantly Cheaper,37,516.09
2024-08-05,PROD01113,Electronics,East,23.71,22.38,1.3300000000000018,More Expensive,Normal Competitive Range,83,1869.53
2024-08-05,PROD00534,Books,Central,30.11,60.61,-30.5,Cheaper,Significantly Cheaper,28,716.62
2024-08-05,PROD00821,Toys,Central,47.48,117.58,-70.1,Cheaper,Significantly Cheaper,20,807.16
2024-08-05,PROD00627,Grocery,Central,16.12,20.58,-4.459999999999997,Cheaper,Significantly Cheaper,45,507.78
2024-08-06,PROD01179,Books,Central,15.86,39.02,-23.160000000000004,Cheaper,Significantly Cheaper,40,475.8
2024-08-06,PROD00425,Home & Kitchen,Central,72.75,42.5,30.25,More Expensive,Significantly More Expensive,27,1571.4
2024-08-06,PROD00441,Books,East,18.72,16.29,2.4299999999999997,More Expensive,Normal Competitive Range,21,393.12
2024-08-06,PROD00608,Home & Kitchen,South,69.82,29.69,40.129999999999995,More Expensive,Significantly More Expensive,30,1885.14
2024-08-06,PROD00410,Beauty,Central,17.87,37.49,-19.62,Cheaper,Significantly Cheaper,46,698.72
2024-08-06,PROD00838,Toys,North,67.79,32.89,34.900000000000006,More Expensive,Significantly More Expensive,9,427.08
2024-08-07,PROD00692,Sports,West,45.89,41.05,4.840000000000003,More Expensive,Normal Competitive Range,43,1874.61
2024-08-07,PROD00869,Sports,Central,22.52,10.1,12.42,More Expensive,Significantly More Expensive,40,720.64
2024-08-07,PROD00298,Toys,West,15.19,12.56,2.629999999999999,More Expensive,Significantly More Expensive,34,413.17
2024-08-07,PROD00335,Grocery,East,114.73,114.05,0.6800000000000068,Similar,Normal Competitive Range,6,619.54
2024-08-08,PROD00951,Toys,East,41.92,11.81,30.11,More Expensive,Significantly More Expensive,26,871.94
2024-08-08,PROD01108,Electronics,North,27.23,15.91,11.32,More Expensive,Significantly More Expensive,101,1925.16
2024-08-08,PROD00854,Toys,Central,35.88,15.16,20.720000000000002,More Expensive,Significantly More Expensive,21,565.11
2024-08-08,PROD00855,Books,West,8.75,23.09,-14.34,Cheaper,Significantly Cheaper,26,216.12
2024-08-08,PROD00475,Grocery,Central,10.7,30.65,-19.95,Cheaper,Significantly Cheaper,85,864.02
2024-08-08,PROD00776,Beauty,West,38.83,23.18,15.649999999999999,More Expensive,Significantly More Expensive,16,528.09
2024-08-08,PROD01146,Home & Kitchen,West,8.38,12.62,-4.239999999999998,Cheaper,Significantly Cheaper,64,429.06
2024-08-08,PROD00690,Sports,North,30.6,53.44,-22.839999999999996,Cheaper,Significantly Cheaper,52,1272.96
2024-08-09,PROD00698,Home & Kitchen,North,43.09,38.27,4.82,More Expensive,Normal Competitive Range,22,663.59
2024-08-09,PROD00080,Books,Central,67.75,21.41,46.34,More Expensive,Significantly More Expensive,16,867.2
2024-08-09,PROD00810,Beauty,Central,24.25,34.92,-10.670000000000002,Cheaper,Significantly Cheaper,28,577.15
2024-08-09,PROD00390,Fashion,East,36.58,18.86,17.72,More Expensive,Significantly More Expensive,39,1212.63
2024-08-09,PROD00056,Fashion,Central,36.32,67.72,-31.4,Cheaper,Significantly Cheaper,35,1271.2
2024-08-09,PROD01131,Toys,North,27.56,30.22,-2.66,Cheaper,Normal Competitive Range,19,471.28
2024-08-10,PROD01054,Toys,South,80.64,65.56,15.079999999999998,More Expensive,Significantly More Expensive,11,665.28
2024-08-10,PROD00902,Home & Kitchen,West,11.94,50.75,-38.81,Cheaper,Significantly Cheaper,86,975.5
2024-08-10,PROD00987,Grocery,North,64.1,58.33,5.769999999999996,More Expensive,Normal Competitive Range,15,673.05
2024-08-10,PROD00172,Electronics,West,27.14,9.69,17.450000000000003,More Expensive,Significantly More Expensive,41,1001.47
2024-08-10,PROD00271,Grocery,North,18.89,43.09,-24.200000000000003,Cheaper,Significantly Cheaper,62,1054.06
2024-08-11,PROD00768,Beauty,South,24.25,36.71,-12.46,Cheaper,Significantly Cheaper,39,662.02
2024-08-11,PROD00667,Electronics,West,23.79,44.8,-21.009999999999998,Cheaper,Significantly Cheaper,37,792.21
2024-08-11,PROD00735,Home & Kitchen,South,24.62,13.61,11.010000000000002,More Expensive,Significantly More Expensive,37,910.94
2024-08-11,PROD00114,Toys,West,13.07,24.17,-11.100000000000001,Cheaper,Significantly Cheaper,25,245.06
2024-08-11,PROD00178,Fashion,East,10.69,31.76,-21.07,Cheaper,Significantly Cheaper,49,471.43
2024-08-12,PROD00451,Books,East,20.69,58.54,-37.849999999999994,Cheaper,Significantly Cheaper,56,926.91
2024-08-12,PROD01028,Electronics,Central,22.07,155.74,-133.67000000000002,Cheaper,Significantly Cheaper,33,619.06
2024-08-12,PROD00014,Grocery,Central,22.87,25.66,-2.789999999999999,Cheaper,Normal Competitive Range,70,1440.81
2024-08-12,PROD01083,Beauty,North,23.43,71.33,-47.9,Cheaper,Significantly Cheaper,20,445.17
2024-08-12,PROD00084,Electronics,West,20.23,13.65,6.58,More Expensive,Significantly More Expensive,44,756.6
2024-08-12,PROD01119,Home & Kitchen,West,46.63,22.03,24.6,More Expensive,Significantly More Expensive,48,2014.42
2024-08-13,PROD00252,Beauty,North,61.65,94.81,-33.160000000000004,Cheaper,Significantly Cheaper,59,2909.88
2024-08-13,PROD00101,Beauty,East,22.36,23.49,-1.129999999999999,Similar,Normal Competitive Range,48,1019.62
2024-08-13,PROD00251,Grocery,North,26.84,23.49,3.3500000000000014,More Expensive,Normal Competitive Range,39,889.75
2024-08-13,PROD01111,Books,West,18.08,34.17,-16.090000000000003,Cheaper,Significantly Cheaper,20,325.44
2024-08-14,PROD01011,Beauty,West,33.4,78.32,-44.919999999999995,Cheaper,Significantly Cheaper,47,1334.33
2024-08-14,PROD00347,Beauty,Central,17.42,17.21,0.21000000000000085,Similar,Normal Competitive Range,24,334.46
2024-08-14,PROD00564,Books,North,17.89,85.31,-67.42,Cheaper,Significantly Cheaper,44,629.73
2024-08-14,PROD00180,Sports,North,18.01,9.31,8.700000000000001,More Expensive,Significantly More Expensive,25,427.74
2024-08-14,PROD00363,Fashion,East,39.86,33.05,6.810000000000002,More Expensive,Significantly More Expensive,28,781.26
2024-08-14,PROD00647,Electronics,Central,22.5,34.35,-11.850000000000001,Cheaper,Significantly Cheaper,106,2265.75
2024-08-14,PROD00727,Beauty,East,41.45,27.05,14.400000000000002,More Expensive,Significantly More Expensive,38,1338.84
2024-08-14,PROD00229,Home & Kitchen,South,18.93,25.84,-6.91,Cheaper,Significantly Cheaper,31,410.78
2024-08-15,PROD00635,Books,Central,86.54,16.23,70.31,More Expensive,Significantly More Expensive,3,207.7
2024-08-15,PROD00848,Toys,South,13.82,64.05,-50.23,Cheaper,Significantly Cheaper,13,179.66
2024-08-15,PROD00160,Fashion,South,41.45,18.24,23.210000000000004,More Expensive,Significantly More Expensive,37,1150.24
2024-08-15,PROD00533,Home & Kitchen,South,8.09,53.6,-45.510000000000005,Cheaper,Significantly Cheaper,108,873.72
2024-08-15,PROD00285,Toys,South,16.85,17.61,-0.759999999999998,Similar,Normal Competitive Range,34,458.32
2024-08-15,PROD01002,Electronics,South,19.3,45.2,-25.900000000000002,Cheaper,Significantly Cheaper,48,880.08
2024-08-16,PROD00725,Toys,West,27.79,30.12,-2.330000000000002,Cheaper,Normal Competitive Range,25,486.32
2024-08-16,PROD00584,Fashion,Central,39.59,48.32,-8.729999999999997,Cheaper,Normal Competitive Range,87,2755.46
2024-08-16,PROD00026,Home & Kitchen,East,33.44,17.34,16.099999999999998,More Expensive,Significantly More Expensive,40,1203.84
2024-08-16,PROD00331,Beauty,Central,134.65,23.04,111.61000000000001,More Expensive,Significantly More Expensive,8,969.48
2024-08-16,PROD00884,Grocery,West,24.08,12.05,12.029999999999998,More Expensive,Significantly More Expensive,60,1300.32
2024-08-16,PROD00549,Home & Kitchen,Central,38.5,14.53,23.97,More Expensive,Significantly More Expensive,38,1316.7
2024-08-17,PROD00186,Electronics,West,11.87,30.63,-18.759999999999998,Cheaper,Significantly Cheaper,56,531.78
2024-08-17,PROD01125,Home & Kitchen,South,28.14,21.69,6.449999999999999,More Expensive,Significantly More Expensive,40,1125.6
2024-08-17,PROD01022,Sports,Central,63.06,33.9,29.160000000000004,More Expensive,Significantly More Expensive,16,857.62
2024-08-17,PROD00685,Fashion,East,16.78,53.67,-36.89,Cheaper,Significantly Cheaper,55,738.32
2024-08-17,PROD00213,Books,South,40.73,30.11,10.619999999999997,More Expensive,Significantly More Expensive,27,1044.72
2024-08-17,PROD00721,Beauty,West,6.86,41.0,-34.14,Cheaper,Significantly Cheaper,84,518.62
2024-08-18,PROD00697,Home & Kitchen,South,46.64,14.42,32.22,More Expensive,Significantly More Expensive,20,886.16
2024-08-18,PROD01195,Fashion,Central,110.13,69.64,40.489999999999995,More Expensive,Significantly More Expensive,13,1073.77
2024-08-18,PROD00922,Electronics,East,40.88,15.8,25.080000000000002,More Expensive,Significantly More Expensive,44,1798.72
2024-08-18,PROD00719,Beauty,Central,43.44,67.97,-24.53,Cheaper,Significantly Cheaper,21,912.24
2024-08-18,PROD00554,Home & Kitchen,South,45.71,56.27,-10.560000000000002,Cheaper,Normal Competitive Range,24,767.93
2024-08-19,PROD00459,Books,West,17.42,22.84,-5.419999999999998,Cheaper,Significantly Cheaper,16,209.04
2024-08-19,PROD00599,Grocery,East,11.92,42.26,-30.339999999999996,Cheaper,Significantly Cheaper,31,314.09
2024-08-19,PROD00658,Toys,South,54.91,26.12,28.789999999999996,More Expensive,Significantly More Expensive,14,691.87
2024-08-19,PROD00171,Sports,North,34.13,9.47,24.660000000000004,More Expensive,Significantly More Expensive,18,614.34
2024-08-19,PROD00618,Books,Central,51.7,41.59,10.11,More Expensive,Significantly More Expensive,35,1357.12
2024-08-19,PROD00953,Sports,South,32.81,37.46,-4.649999999999999,Cheaper,Normal Competitive Range,22,649.64
2024-08-19,PROD00111,Electronics,North,13.72,55.21,-41.49,Cheaper,Significantly Cheaper,57,742.94
2024-08-19,PROD00501,Sports,East,23.36,20.73,2.629999999999999,More Expensive,Normal Competitive Range,30,595.68
2024-08-19,PROD00437,Grocery,North,57.04,13.9,43.14,More Expensive,Significantly More Expensive,31,1414.59
2024-08-20,PROD00341,Fashion,Central,40.64,20.95,19.69,More Expensive,Significantly More Expensive,48,1560.58
2024-08-20,PROD00066,Sports,South,19.49,34.58,-15.09,Cheaper,Significantly Cheaper,39,722.1
2024-08-20,PROD00130,Sports,West,51.83,18.56,33.269999999999996,More Expensive,Significantly More Expensive,25,1230.96
2024-08-20,PROD00250,Toys,West,37.33,20.63,16.7,More Expensive,Significantly More Expensive,43,1364.41
2024-08-20,PROD00600,Beauty,East,13.68,54.29,-40.61,Cheaper,Significantly Cheaper,42,488.38
2024-08-20,PROD00471,Electronics,West,48.81,29.98,18.830000000000002,More Expensive,Significantly More Expensive,32,1327.63
2024-08-20,PROD00798,Toys,North,87.54,11.92,75.62,More Expensive,Significantly More Expensive,10,612.78
2024-08-21,PROD00670,Electronics,Central,43.04,41.43,1.6099999999999994,Similar,Normal Competitive Range,23,841.43
2024-08-21,PROD00216,Beauty,East,14.35,17.72,-3.369999999999999,Cheaper,Normal Competitive Range,28,401.8
2024-08-21,PROD00515,Fashion,West,35.62,110.9,-75.28,Cheaper,Significantly Cheaper,34,1089.97
2024-08-21,PROD00181,Toys,South,28.54,17.26,11.279999999999998,More Expensive,Significantly More Expensive,21,509.44
2024-08-22,PROD01130,Beauty,West,169.66,12.44,157.22,More Expensive,Significantly More Expensive,3,483.53
2024-08-23,PROD00167,Toys,Central,21.7,24.88,-3.1799999999999997,Cheaper,Normal Competitive Range,54,996.03
2024-08-23,PROD00847,Home & Kitchen,South,22.55,28.5,-5.949999999999999,Cheaper,Significantly Cheaper,67,1359.76
2024-08-23,PROD00802,Beauty,East,14.17,23.07,-8.9,Cheaper,Significantly Cheaper,26,294.74
2024-08-23,PROD00953,Grocery,West,171.16,31.39,139.76999999999998,More Expensive,Significantly More Expensive,4,513.48
2024-08-23,PROD00647,Sports,South,15.35,14.21,1.1399999999999988,More Expensive,Normal Competitive Range,32,417.52
2024-08-23,PROD00429,Electronics,Central,47.89,55.17,-7.280000000000001,Cheaper,Normal Competitive Range,31,1187.67
2024-08-23,PROD01004,Fashion,South,33.72,92.48,-58.760000000000005,Cheaper,Significantly Cheaper,20,573.24
2024-08-24,PROD00244,Books,West,76.15,49.34,26.810000000000002,More Expensive,Significantly More Expensive,13,791.96
2024-08-24,PROD00255,Sports,Central,88.2,21.7,66.5,More Expensive,Significantly More Expensive,16,1270.08
2024-08-25,PROD00085,Beauty,West,41.19,39.97,1.2199999999999989,Similar,Normal Competitive Range,24,790.85
2024-08-25,PROD01060,Grocery,South,85.82,25.24,60.58,More Expensive,Significantly More Expensive,11,849.62
2024-08-25,PROD01044,Electronics,South,34.32,90.77,-56.449999999999996,Cheaper,Significantly Cheaper,38,1108.54
2024-08-25,PROD00747,Toys,South,22.57,33.23,-10.659999999999997,Cheaper,Significantly Cheaper,53,1076.59
2024-08-25,PROD00739,Grocery,North,22.33,16.8,5.529999999999998,More Expensive,Significantly More Expensive,69,1309.65
2024-08-25,PROD00150,Home & Kitchen,South,74.57,16.53,58.03999999999999,More Expensive,Significantly More Expensive,12,760.61
2024-08-25,PROD00503,Beauty,South,16.46,15.57,0.8900000000000006,More Expensive,Normal Competitive Range,18,237.02
2024-08-25,PROD00952,Electronics,North,24.91,85.44,-60.53,Cheaper,Significantly Cheaper,89,1995.29
2024-08-26,PROD00303,Beauty,East,19.13,12.46,6.669999999999998,More Expensive,Significantly More Expensive,106,1622.22
2024-08-26,PROD00481,Beauty,West,27.07,48.94,-21.869999999999997,Cheaper,Significantly Cheaper,36,828.34
2024-08-26,PROD00287,Toys,South,25.18,12.33,12.85,More Expensive,Significantly More Expensive,34,813.31
2024-08-26,PROD00740,Electronics,West,38.71,30.29,8.420000000000002,More Expensive,Significantly More Expensive,27,940.65
2024-08-27,PROD00896,Toys,West,7.67,49.97,-42.3,Cheaper,Significantly Cheaper,39,224.35
2024-08-27,PROD00728,Books,North,19.6,78.13,-58.529999999999994,Cheaper,Significantly Cheaper,21,349.86
2024-08-27,PROD00428,Home & Kitchen,West,10.92,26.91,-15.99,Cheaper,Significantly Cheaper,94,821.18
2024-08-28,PROD00022,Books,Central,36.32,74.95,-38.63,Cheaper,Significantly Cheaper,23,835.36
2024-08-28,PROD00386,Electronics,North,9.7,17.59,-7.890000000000001,Cheaper,Significantly Cheaper,34,329.8
2024-08-28,PROD00937,Home & Kitchen,North,21.7,10.89,10.809999999999999,More Expensive,Significantly More Expensive,26,507.78
2024-08-29,PROD00053,Toys,Central,62.66,10.39,52.269999999999996,More Expensive,Significantly More Expensive,34,2023.92
2024-08-29,PROD00860,Sports,East,83.94,20.21,63.73,More Expensive,Significantly More Expensive,12,755.46
2024-08-29,PROD00006,Beauty,East,36.19,30.78,5.409999999999997,More Expensive,Normal Competitive Range,16,492.18
2024-08-29,PROD00610,Fashion,West,37.57,25.2,12.370000000000001,More Expensive,Significantly More Expensive,36,1082.02
2024-08-30,PROD01047,Home & Kitchen,Central,64.77,21.58,43.19,More Expensive,Significantly More Expensive,17,990.98
2024-08-30,PROD01130,Books,Central,14.69,28.74,-14.049999999999999,Cheaper,Significantly Cheaper,47,690.43
2024-08-30,PROD00398,Home & Kitchen,South,17.34,30.41,-13.07,Cheaper,Significantly Cheaper,26,428.3
2024-08-30,PROD00854,Fashion,South,14.32,44.35,-30.03,Cheaper,Significantly Cheaper,47,504.78
2024-08-30,PROD00009,Beauty,West,18.95,17.83,1.120000000000001,More Expensive,Normal Competitive Range,21,378.05
2024-08-30,PROD00512,Electronics,North,30.29,42.25,-11.96,Cheaper,Significantly Cheaper,44,1266.12
2024-08-31,PROD00825,Fashion,East,19.42,75.05,-55.629999999999995,Cheaper,Significantly Cheaper,51,792.34
2024-08-31,PROD00370,Toys,North,113.38,144.55,-31.170000000000016,Cheaper,Significantly Cheaper,5,481.86
2024-08-31,PROD00084,Grocery,Central,13.35,121.42,-108.07000000000001,Cheaper,Significantly Cheaper,88,939.84
2024-09-01,PROD00474,Sports,North,27.35,156.65,-129.3,Cheaper,Significantly Cheaper,20,547.0
2024-09-01,PROD00121,Electronics,Central,34.82,13.01,21.810000000000002,More Expensive,Significantly More Expensive,32,779.97
2024-09-01,PROD00458,Electronics,Central,33.73,38.87,-5.140000000000001,Cheaper,Normal Competitive Range,72,2185.7
2024-09-01,PROD01041,Toys,South,14.27,90.24,-75.97,Cheaper,Significantly Cheaper,34,388.14
2024-09-02,PROD00732,Fashion,East,21.15,87.39,-66.24000000000001,Cheaper,Significantly Cheaper,70,1184.4
2024-09-02,PROD00941,Home & Kitchen,Central,36.07,13.25,22.82,More Expensive,Significantly More Expensive,17,582.53
2024-09-02,PROD00276,Beauty,North,15.85,51.45,-35.6,Cheaper,Significantly Cheaper,48,722.76
2024-09-02,PROD01041,Books,South,18.68,24.18,-5.5,Cheaper,Significantly Cheaper,44,657.54
2024-09-02,PROD00678,Fashion,South,25.11,22.57,2.539999999999999,More Expensive,Normal Competitive Range,42,1001.89
2024-09-03,PROD00445,Fashion,North,29.96,17.73,12.23,More Expensive,Significantly More Expensive,70,1782.62
2024-09-03,PROD00042,Toys,South,93.66,18.97,74.69,More Expensive,Significantly More Expensive,9,674.35
2024-09-03,PROD01059,Grocery,East,17.77,49.96,-32.19,Cheaper,Significantly Cheaper,33,498.45
2024-09-03,PROD00381,Fashion,West,36.71,33.09,3.6199999999999974,More Expensive,Normal Competitive Range,42,1310.55
2024-09-03,PROD00953,Toys,South,34.16,42.58,-8.420000000000002,Cheaper,Normal Competitive Range,46,1257.09
2024-09-03,PROD00062,Fashion,West,136.15,21.35,114.80000000000001,More Expensive,Significantly More Expensive,4,490.14
2024-09-03,PROD00434,Electronics,Central,37.31,8.52,28.790000000000003,More Expensive,Significantly More Expensive,25,792.84
2024-09-04,PROD00481,Beauty,West,19.66,24.46,-4.800000000000001,Cheaper,Normal Competitive Range,32,503.3
2024-09-04,PROD00910,Sports,West,51.34,55.76,-4.419999999999995,Cheaper,Normal Competitive Range,35,1617.21
2024-09-04,PROD00375,Sports,West,55.07,88.75,-33.68,Cheaper,Significantly Cheaper,18,941.7
2024-09-04,PROD00461,Home & Kitchen,West,20.45,13.04,7.41,More Expensive,Significantly More Expensive,58,1008.18
2024-09-04,PROD00753,Grocery,West,24.29,43.9,-19.61,Cheaper,Significantly Cheaper,123,2688.9
2024-09-05,PROD00475,Toys,Central,49.92,30.29,19.630000000000003,More Expensive,Significantly More Expensive,17,721.34
2024-09-05,PROD00418,Toys,South,15.59,214.07,-198.48,Cheaper,Significantly Cheaper,29,384.29
2024-09-05,PROD00217,Home & Kitchen,South,12.98,48.31,-35.33,Cheaper,Significantly Cheaper,51,628.88
2024-09-05,PROD00044,Grocery,South,30.37,73.44,-43.06999999999999,Cheaper,Significantly Cheaper,62,1788.79
2024-09-06,PROD00153,Books,Central,24.51,5.95,18.560000000000002,More Expensive,Significantly More Expensive,12,294.12
2024-09-06,PROD00720,Sports,East,32.95,38.66,-5.709999999999994,Cheaper,Normal Competitive Range,37,853.4
2024-09-06,PROD00978,Electronics,East,34.51,31.66,2.849999999999998,More Expensive,Normal Competitive Range,22,683.3
2024-09-07,PROD01049,Toys,Central,20.95,74.32,-53.36999999999999,Cheaper,Significantly Cheaper,38,636.88
2024-09-07,PROD00372,Grocery,East,29.82,30.99,-1.1699999999999982,Similar,Normal Competitive Range,82,1833.93
2024-09-07,PROD00285,Books,West,56.1,24.31,31.790000000000003,More Expensive,Significantly More Expensive,7,373.06
2024-09-07,PROD00297,Books,South,23.82,59.11,-35.29,Cheaper,Significantly Cheaper,22,471.64
2024-09-08,PROD00119,Beauty,North,16.81,43.48,-26.669999999999998,Cheaper,Significantly Cheaper,26,415.21
2024-09-08,PROD00432,Fashion,South,40.41,85.95,-45.540000000000006,Cheaper,Significantly Cheaper,26,945.59
2024-09-08,PROD00544,Fashion,North,49.26,62.86,-13.600000000000001,Cheaper,Significantly Cheaper,38,1403.91
2024-09-08,PROD00478,Books,Central,160.92,87.84,73.07999999999998,More Expensive,Significantly More Expensive,3,386.21
2024-09-09,PROD01086,Fashion,Central,137.29,35.76,101.53,More Expensive,Significantly More Expensive,6,741.37
2024-09-09,PROD00064,Home & Kitchen,Central,26.47,29.86,-3.3900000000000006,Cheaper,Normal Competitive Range,33,742.48
2024-09-09,PROD00279,Fashion,Central,31.85,73.72,-41.87,Cheaper,Significantly Cheaper,43,1232.6
2024-09-09,PROD01077,Beauty,East,21.72,34.51,-12.79,Cheaper,Significantly Cheaper,31,572.32
2024-09-09,PROD00585,Sports,East,34.81,46.95,-12.14,Cheaper,Significantly Cheaper,18,626.58
2024-09-09,PROD00992,Toys,East,28.82,15.13,13.69,More Expensive,Significantly More Expensive,78,1685.97
2024-09-09,PROD00938,Fashion,East,137.41,16.96,120.44999999999999,More Expensive,Significantly More Expensive,6,700.79
2024-09-10,PROD01186,Home & Kitchen,North,5.74,40.08,-34.339999999999996,Cheaper,Significantly Cheaper,63,361.62
2024-09-10,PROD00102,Books,South,27.37,32.08,-4.709999999999997,Cheaper,Normal Competitive Range,39,960.69
2024-09-10,PROD00924,Beauty,Central,35.54,40.06,-4.520000000000003,Cheaper,Normal Competitive Range,22,664.6
2024-09-10,PROD00521,Toys,East,9.41,23.58,-14.169999999999998,Cheaper,Significantly Cheaper,46,303.0
2024-09-10,PROD00270,Home & Kitchen,South,30.6,12.4,18.200000000000003,More Expensive,Significantly More Expensive,43,1250.01
2024-09-10,PROD00609,Grocery,West,34.32,50.78,-16.46,Cheaper,Significantly Cheaper,61,1884.17
2024-09-10,PROD00336,Books,North,8.1,49.78,-41.68,Cheaper,Significantly Cheaper,51,330.48
2024-09-11,PROD00888,Sports,West,8.09,47.19,-39.099999999999994,Cheaper,Significantly Cheaper,32,245.94
2024-09-11,PROD00306,Electronics,South,13.88,116.17,-102.29,Cheaper,Significantly Cheaper,64,888.32
2024-09-11,PROD01032,Beauty,Central,148.08,95.86,52.22000000000001,More Expensive,Significantly More Expensive,4,503.47
2024-09-11,PROD00409,Toys,North,18.13,26.26,-8.130000000000003,Cheaper,Significantly Cheaper,20,290.08
2024-09-11,PROD00115,Home & Kitchen,East,50.1,25.54,24.560000000000002,More Expensive,Significantly More Expensive,24,1202.4
2024-09-11,PROD00055,Fashion,East,63.15,22.6,40.55,More Expensive,Significantly More Expensive,29,1648.22
2024-09-11,PROD00981,Fashion,North,40.07,54.48,-14.409999999999997,Cheaper,Significantly Cheaper,15,601.05
2024-09-12,PROD01038,Sports,West,47.14,21.97,25.17,More Expensive,Significantly More Expensive,18,721.24
2024-09-13,PROD00989,Fashion,South,49.43,31.58,17.85,More Expensive,Significantly More Expensive,30,1408.76
2024-09-13,PROD00332,Fashion,North,22.65,24.82,-2.1700000000000017,Cheaper,Normal Competitive Range,38,731.59
2024-09-13,PROD00485,Toys,West,89.28,49.26,40.02,More Expensive,Significantly More Expensive,12,803.52
2024-09-13,PROD00635,Toys,East,23.34,40.49,-17.150000000000002,Cheaper,Significantly Cheaper,13,227.56
2024-09-13,PROD01119,Sports,Central,26.02,37.9,-11.879999999999999,Cheaper,Significantly Cheaper,29,603.66
2024-09-13,PROD00274,Home & Kitchen,Central,18.15,169.5,-151.35,Cheaper,Significantly Cheaper,40,544.5
2024-09-13,PROD00890,Electronics,West,24.4,8.49,15.909999999999998,More Expensive,Significantly More Expensive,38,695.4
2024-09-13,PROD00641,Sports,South,79.93,37.13,42.800000000000004,More Expensive,Significantly More Expensive,10,759.34
2024-09-13,PROD01098,Fashion,South,15.81,79.83,-64.02,Cheaper,Significantly Cheaper,47,668.76
2024-09-13,PROD00033,Books,Central,71.31,11.02,60.290000000000006,More Expensive,Significantly More Expensive,7,424.29
2024-09-13,PROD00387,Sports,East,63.03,52.59,10.439999999999998,More Expensive,Normal Competitive Range,17,964.36
2024-09-13,PROD00194,Home & Kitchen,Central,13.4,35.87,-22.47,Cheaper,Significantly Cheaper,79,1005.67
2024-09-14,PROD00145,Beauty,South,54.13,16.34,37.790000000000006,More Expensive,Significantly More Expensive,15,771.35
2024-09-14,PROD00877,Toys,North,20.81,9.41,11.399999999999999,More Expensive,Significantly More Expensive,38,672.16
2024-09-14,PROD00039,Sports,South,50.43,31.28,19.15,More Expensive,Significantly More Expensive,17,857.31
2024-09-14,PROD00864,Electronics,East,66.5,34.29,32.21,More Expensive,Significantly More Expensive,24,1356.6
2024-09-14,PROD00329,Beauty,East,43.11,25.69,17.419999999999998,More Expensive,Significantly More Expensive,20,862.2
2024-09-14,PROD00188,Fashion,South,18.65,5.78,12.869999999999997,More Expensive,Significantly More Expensive,26,436.41
2024-09-14,PROD00433,Beauty,East,20.58,19.4,1.1799999999999997,More Expensive,Normal Competitive Range,50,874.65
2024-09-15,PROD00911,Grocery,East,21.65,68.2,-46.550000000000004,Cheaper,Significantly Cheaper,57,987.24
2024-09-15,PROD00599,Toys,Central,3.84,23.14,-19.3,Cheaper,Significantly Cheaper,31,101.18
2024-09-15,PROD00666,Grocery,East,60.99,10.51,50.480000000000004,More Expensive,Significantly More Expensive,45,2744.55
2024-09-16,PROD00496,Books,West,46.15,24.32,21.83,More Expensive,Significantly More Expensive,29,1137.6
2024-09-16,PROD01000,Sports,West,4.89,56.67,-51.78,Cheaper,Significantly Cheaper,46,191.2
2024-09-16,PROD00381,Books,Central,26.59,58.37,-31.779999999999998,Cheaper,Significantly Cheaper,18,430.76
2024-09-16,PROD00244,Beauty,Central,79.56,19.66,59.900000000000006,More Expensive,Significantly More Expensive,11,875.16
2024-09-16,PROD00996,Beauty,South,37.15,44.71,-7.560000000000002,Cheaper,Normal Competitive Range,27,752.29
2024-09-16,PROD01086,Electronics,Central,25.24,62.34,-37.10000000000001,Cheaper,Significantly Cheaper,45,1135.8
2024-09-17,PROD00022,Beauty,Central,26.37,79.5,-53.129999999999995,Cheaper,Significantly Cheaper,37,975.69
2024-09-17,PROD00031,Sports,South,15.73,55.06,-39.33,Cheaper,Significantly Cheaper,58,775.49
2024-09-17,PROD00014,Grocery,East,43.39,70.26,-26.870000000000005,Cheaper,Significantly Cheaper,34,1327.73
2024-09-17,PROD00356,Fashion,East,60.17,58.81,1.3599999999999994,Similar,Normal Competitive Range,35,1790.06
2024-09-17,PROD00702,Grocery,North,12.75,68.61,-55.86,Cheaper,Significantly Cheaper,107,1023.19
2024-09-17,PROD00388,Beauty,Central,25.52,43.44,-17.919999999999998,Cheaper,Significantly Cheaper,72,1837.44
2024-09-17,PROD00627,Home & Kitchen,East,75.94,36.69,39.25,More Expensive,Significantly More Expensive,25,1613.72
2024-09-17,PROD00550,Home & Kitchen,Central,40.02,69.57,-29.54999999999999,Cheaper,Significantly Cheaper,69,2485.24
2024-09-18,PROD00511,Fashion,East,43.73,81.14,-37.410000000000004,Cheaper,Significantly Cheaper,27,1062.64
2024-09-18,PROD00359,Grocery,West,17.03,31.58,-14.549999999999997,Cheaper,Significantly Cheaper,60,919.62
2024-09-19,PROD00635,Home & Kitchen,East,24.64,16.7,7.940000000000001,More Expensive,Significantly More Expensive,49,845.15
2024-09-19,PROD00572,Fashion,East,127.94,13.68,114.25999999999999,More Expensive,Significantly More Expensive,6,767.64
2024-09-19,PROD00793,Electronics,North,55.93,31.86,24.07,More Expensive,Significantly More Expensive,31,1387.06
2024-09-19,PROD00021,Toys,North,67.22,51.49,15.729999999999997,More Expensive,Significantly More Expensive,12,685.64
2024-09-19,PROD00796,Beauty,Central,26.54,16.2,10.34,More Expensive,Significantly More Expensive,49,1300.46
2024-09-20,PROD00298,Electronics,South,25.97,25.34,0.629999999999999,Similar,Normal Competitive Range,35,727.16
2024-09-20,PROD00586,Electronics,West,43.46,14.89,28.57,More Expensive,Significantly More Expensive,37,1286.42
2024-09-20,PROD01041,Fashion,Central,24.31,57.92,-33.61,Cheaper,Significantly Cheaper,44,1069.64
2024-09-20,PROD00138,Grocery,West,19.48,21.36,-1.879999999999999,Cheaper,Normal Competitive Range,70,954.52
2024-09-20,PROD00604,Books,Central,39.85,41.71,-1.8599999999999994,Similar,Normal Competitive Range,18,502.11
2024-09-20,PROD01184,Sports,South,18.35,12.1,6.250000000000002,More Expensive,Significantly More Expensive,71,1107.42
2024-09-21,PROD00194,Home & Kitchen,North,14.99,77.63,-62.63999999999999,Cheaper,Significantly Cheaper,29,412.97
2024-09-21,PROD00955,Toys,Central,32.96,7.89,25.07,More Expensive,Significantly More Expensive,26,856.96
2024-09-21,PROD00944,Toys,West,19.92,46.0,-26.08,Cheaper,Significantly Cheaper,47,842.62
2024-09-21,PROD00130,Toys,West,40.0,68.64,-28.64,Cheaper,Significantly Cheaper,18,648.0
2024-09-21,PROD00638,Home & Kitchen,Central,14.62,38.89,-24.270000000000003,Cheaper,Significantly Cheaper,89,1040.94
2024-09-22,PROD00947,Books,South,34.75,67.13,-32.379999999999995,Cheaper,Significantly Cheaper,29,906.98
2024-09-22,PROD00796,Fashion,East,36.49,38.56,-2.0700000000000003,Cheaper,Normal Competitive Range,16,496.26
2024-09-22,PROD00716,Home & Kitchen,East,29.81,38.65,-8.84,Cheaper,Significantly Cheaper,52,1472.61
2024-09-22,PROD01103,Fashion,West,23.59,10.31,13.28,More Expensive,Significantly More Expensive,40,896.42
2024-09-23,PROD00948,Electronics,West,5.66,35.58,-29.919999999999998,Cheaper,Significantly Cheaper,79,357.71
2024-09-23,PROD00883,Electronics,South,13.13,19.64,-6.51,Cheaper,Significantly Cheaper,121,1350.42
2024-09-23,PROD00207,Grocery,West,32.61,22.47,10.14,More Expensive,Significantly More Expensive,37,1206.57
2024-09-23,PROD00048,Books,Central,26.07,35.22,-9.149999999999999,Cheaper,Significantly Cheaper,24,625.68
2024-09-23,PROD00073,Home & Kitchen,North,45.44,43.35,2.0899999999999963,Similar,Normal Competitive Range,23,940.61
2024-09-23,PROD01084,Home & Kitchen,East,31.59,19.93,11.66,More Expensive,Significantly More Expensive,47,1410.49
2024-09-24,PROD01144,Toys,East,22.48,54.05,-31.569999999999997,Cheaper,Significantly Cheaper,21,424.87
2024-09-24,PROD00329,Beauty,East,35.92,61.38,-25.46,Cheaper,Significantly Cheaper,24,775.87
2024-09-24,PROD00207,Fashion,West,28.84,91.65,-62.81,Cheaper,Significantly Cheaper,43,1240.12
2024-09-24,PROD00176,Sports,Central,66.28,8.39,57.89,More Expensive,Significantly More Expensive,15,845.07
2024-09-24,PROD01093,Books,East,8.53,43.33,-34.8,Cheaper,Significantly Cheaper,28,214.96
2024-09-24,PROD01189,Home & Kitchen,West,35.26,22.72,12.54,More Expensive,Significantly More Expensive,27,809.22
2024-09-24,PROD00941,Books,East,31.33,38.51,-7.18,Cheaper,Normal Competitive Range,16,451.15
2024-09-24,PROD00536,Grocery,East,44.28,51.17,-6.890000000000001,Cheaper,Normal Competitive Range,54,1793.34
2024-09-24,PROD01119,Electronics,Central,39.59,28.82,10.770000000000003,More Expensive,Significantly More Expensive,65,2316.02
2024-09-24,PROD00322,Fashion,East,20.2,123.38,-103.17999999999999,Cheaper,Significantly Cheaper,56,961.52
2024-09-25,PROD01005,Toys,Central,24.56,45.46,-20.900000000000002,Cheaper,Significantly Cheaper,17,334.02
2024-09-25,PROD00577,Fashion,East,52.13,16.6,35.53,More Expensive,Significantly More Expensive,22,1089.52
2024-09-25,PROD00909,Electronics,North,28.22,49.12,-20.9,Cheaper,Significantly Cheaper,82,1966.93
2024-09-25,PROD00801,Fashion,East,62.35,9.46,52.89,More Expensive,Significantly More Expensive,11,651.56
2024-09-25,PROD00910,Home & Kitchen,South,61.42,11.11,50.31,More Expensive,Significantly More Expensive,14,816.89
2024-09-26,PROD00697,Beauty,West,65.92,10.58,55.34,More Expensive,Significantly More Expensive,15,988.8
2024-09-26,PROD00370,Toys,West,30.77,20.62,10.149999999999999,More Expensive,Significantly More Expensive,21,484.63
2024-09-26,PROD01026,Fashion,North,72.88,91.06,-18.180000000000007,Cheaper,Normal Competitive Range,20,1311.84
2024-09-26,PROD00372,Home & Kitchen,North,19.6,80.25,-60.65,Cheaper,Significantly Cheaper,60,882.0
2024-09-27,PROD00643,Electronics,East,34.13,12.12,22.010000000000005,More Expensive,Significantly More Expensive,28,860.08
2024-09-27,PROD00487,Toys,Central,13.18,21.4,-8.219999999999999,Cheaper,Significantly Cheaper,30,276.78
2024-09-27,PROD00458,Sports,West,18.53,30.58,-12.049999999999997,Cheaper,Significantly Cheaper,35,453.98
2024-09-27,PROD00669,Grocery,West,124.26,33.86,90.4,More Expensive,Significantly More Expensive,8,795.26
2024-09-27,PROD01037,Books,North,20.83,56.13,-35.300000000000004,Cheaper,Significantly Cheaper,33,618.65
2024-09-27,PROD00801,Books,North,13.88,35.42,-21.54,Cheaper,Significantly Cheaper,24,233.18
2024-09-28,PROD00565,Toys,Central,23.67,12.59,11.080000000000002,More Expensive,Significantly More Expensive,48,1079.35
2024-09-28,PROD01066,Sports,West,37.05,11.47,25.58,More Expensive,Significantly More Expensive,16,533.52
2024-09-28,PROD00434,Grocery,East,21.87,27.1,-5.23,Cheaper,Normal Competitive Range,35,650.63
2024-09-28,PROD00424,Grocery,North,46.4,28.18,18.22,More Expensive,Significantly More Expensive,33,1378.08
2024-09-28,PROD00542,Books,East,7.8,30.22,-22.419999999999998,Cheaper,Significantly Cheaper,49,382.2
2024-09-28,PROD00508,Sports,Central,14.12,21.21,-7.090000000000002,Cheaper,Significantly Cheaper,52,587.39
2024-09-29,PROD00743,Fashion,East,94.46,12.65,81.80999999999999,More Expensive,Significantly More Expensive,14,1124.07
2024-09-29,PROD00852,Electronics,East,58.93,25.85,33.08,More Expensive,Significantly More Expensive,26,1378.96
2024-09-29,PROD01023,Electronics,North,68.38,34.79,33.589999999999996,More Expensive,Significantly More Expensive,24,1394.95
2024-09-29,PROD00274,Sports,East,13.11,27.91,-14.8,Cheaper,Significantly Cheaper,74,921.63
2024-09-30,PROD00583,Sports,South,22.07,45.76,-23.689999999999998,Cheaper,Significantly Cheaper,23,406.09
2024-09-30,PROD00081,Books,North,56.82,7.12,49.7,More Expensive,Significantly More Expensive,14,676.16
2024-09-30,PROD01050,Electronics,North,280.38,46.91,233.47,More Expensive,Significantly More Expensive,1,252.34
2024-09-30,PROD00026,Toys,South,45.17,19.55,25.62,More Expensive,Significantly More Expensive,9,365.88
2024-09-30,PROD00451,Fashion,West,40.13,20.21,19.92,More Expensive,Significantly More Expensive,35,1264.1
2024-09-30,PROD00403,Electronics,West,10.93,29.82,-18.89,Cheaper,Significantly Cheaper,68,631.75
2024-09-30,PROD01143,Books,North,26.74,57.59,-30.850000000000005,Cheaper,Significantly Cheaper,13,243.33
2024-10-01,PROD00707,Home & Kitchen,Central,61.22,18.71,42.51,More Expensive,Significantly More Expensive,31,1897.82
2024-10-01,PROD01115,Books,South,61.15,25.12,36.03,More Expensive,Significantly More Expensive,27,1320.84
2024-10-01,PROD01090,Books,North,70.21,24.54,45.669999999999995,More Expensive,Significantly More Expensive,11,617.85
2024-10-01,PROD00374,Home & Kitchen,South,10.57,27.7,-17.13,Cheaper,Significantly Cheaper,53,448.17
2024-10-01,PROD00088,Fashion,North,18.15,71.64,-53.49,Cheaper,Significantly Cheaper,74,1007.32
2024-10-02,PROD00646,Home & Kitchen,West,43.37,17.04,26.33,More Expensive,Significantly More Expensive,22,811.02
2024-10-02,PROD01167,Toys,South,73.63,25.14,48.489999999999995,More Expensive,Significantly More Expensive,22,1214.9
2024-10-02,PROD00629,Toys,North,13.76,54.77,-41.010000000000005,Cheaper,Significantly Cheaper,15,144.48
2024-10-02,PROD00148,Toys,South,36.68,10.09,26.59,More Expensive,Significantly More Expensive,20,733.6
2024-10-02,PROD00905,Sports,Central,22.5,34.16,-11.659999999999997,Cheaper,Significantly Cheaper,63,1275.75
2024-10-02,PROD00233,Electronics,South,43.88,8.57,35.31,More Expensive,Significantly More Expensive,39,1711.32
2024-10-02,PROD01076,Home & Kitchen,West,64.83,15.18,49.65,More Expensive,Significantly More Expensive,14,726.1
2024-10-02,PROD00490,Home & Kitchen,West,29.28,9.42,19.86,More Expensive,Significantly More Expensive,34,945.74
2024-10-03,PROD00237,Home & Kitchen,South,52.98,113.11,-60.13,Cheaper,Significantly Cheaper,26,1239.73
2024-10-03,PROD00364,Toys,West,22.73,18.93,3.8000000000000007,More Expensive,Significantly More Expensive,36,572.8
2024-10-03,PROD00247,Electronics,North,42.41,12.29,30.119999999999997,More Expensive,Significantly More Expensive,21,667.96
2024-10-03,PROD01132,Sports,West,79.19,75.42,3.769999999999996,Similar,Normal Competitive Range,19,1203.69
2024-10-03,PROD00701,Books,South,20.02,34.24,-14.220000000000002,Cheaper,Significantly Cheaper,36,720.72
2024-10-03,PROD00657,Beauty,Central,10.59,7.14,3.45,More Expensive,Significantly More Expensive,53,477.08
2024-10-03,PROD00466,Books,East,34.56,23.3,11.260000000000002,More Expensive,Significantly More Expensive,32,884.74
2024-10-04,PROD00007,Toys,Central,24.11,63.16,-39.05,Cheaper,Significantly Cheaper,34,819.74
2024-10-04,PROD00728,Grocery,South,255.39,16.84,238.54999999999998,More Expensive,Significantly More Expensive,1,229.85
2024-10-05,PROD00471,Sports,South,57.12,40.26,16.86,More Expensive,Significantly More Expensive,8,456.96
2024-10-05,PROD00274,Beauty,Central,29.15,12.08,17.07,More Expensive,Significantly More Expensive,35,918.22
2024-10-05,PROD00949,Electronics,North,58.51,37.47,21.04,More Expensive,Significantly More Expensive,39,1825.51
2024-10-05,PROD00315,Beauty,East,52.21,28.02,24.19,More Expensive,Significantly More Expensive,20,939.78
2024-10-05,PROD00287,Toys,East,8.76,16.13,-7.369999999999999,Cheaper,Significantly Cheaper,19,158.12
2024-10-06,PROD00244,Toys,West,13.22,54.74,-41.52,Cheaper,Significantly Cheaper,77,763.46
2024-10-06,PROD00095,Home & Kitchen,Central,38.77,16.59,22.180000000000003,More Expensive,Significantly More Expensive,25,969.25
2024-10-06,PROD00696,Fashion,Central,30.38,11.36,19.02,More Expensive,Significantly More Expensive,67,1730.14
2024-10-07,PROD01003,Electronics,Central,16.63,22.66,-6.030000000000001,Cheaper,Significantly Cheaper,59,784.94
2024-10-07,PROD00334,Beauty,West,8.48,23.05,-14.57,Cheaper,Significantly Cheaper,20,135.68
2024-10-07,PROD00707,Fashion,North,8.13,16.61,-8.479999999999999,Cheaper,Significantly Cheaper,144,1112.18
2024-10-07,PROD00654,Books,North,13.78,28.52,-14.74,Cheaper,Significantly Cheaper,28,366.55
2024-10-08,PROD00347,Beauty,North,35.94,37.32,-1.3800000000000026,Similar,Normal Competitive Range,35,1195.0
2024-10-08,PROD00506,Fashion,West,31.77,28.41,3.3599999999999994,More Expensive,Normal Competitive Range,44,1397.88
2024-10-08,PROD00087,Fashion,Central,55.82,22.85,32.97,More Expensive,Significantly More Expensive,35,1856.02
2024-10-08,PROD01187,Sports,West,49.12,14.48,34.64,More Expensive,Significantly More Expensive,26,1277.12
2024-10-08,PROD01062,Books,South,41.07,35.67,5.399999999999999,More Expensive,Normal Competitive Range,23,708.46
2024-10-09,PROD00350,Toys,North,41.24,21.21,20.03,More Expensive,Significantly More Expensive,27,946.46
2024-10-09,PROD00803,Grocery,West,24.63,44.69,-20.06,Cheaper,Significantly Cheaper,28,655.16
2024-10-09,PROD01076,Toys,West,36.87,42.16,-5.289999999999999,Cheaper,Normal Competitive Range,9,282.06
2024-10-09,PROD00288,Electronics,East,30.3,19.09,11.21,More Expensive,Significantly More Expensive,52,1260.48
2024-10-09,PROD00979,Toys,West,19.71,38.35,-18.64,Cheaper,Significantly Cheaper,37,692.81
2024-10-09,PROD00551,Sports,South,19.79,24.53,-4.740000000000002,Cheaper,Normal Competitive Range,43,723.32
2024-10-09,PROD00241,Grocery,North,17.75,36.92,-19.17,Cheaper,Significantly Cheaper,43,648.76
2024-10-09,PROD00860,Fashion,Central,105.75,6.6,99.15,More Expensive,Significantly More Expensive,17,1258.42
2024-10-09,PROD00210,Books,East,41.1,49.09,-7.990000000000002,Cheaper,Normal Competitive Range,22,858.99
2024-10-10,PROD00153,Toys,Central,16.11,50.28,-34.17,Cheaper,Significantly Cheaper,21,270.65
2024-10-10,PROD00993,Home & Kitchen,West,13.91,16.93,-3.0199999999999996,Cheaper,Normal Competitive Range,50,591.17
2024-10-10,PROD00741,Toys,West,30.8,40.76,-9.959999999999997,Cheaper,Significantly Cheaper,35,970.2
2024-10-10,PROD00325,Home & Kitchen,East,21.69,129.66,-107.97,Cheaper,Significantly Cheaper,44,858.92
2024-10-10,PROD01189,Grocery,West,33.88,11.95,21.930000000000003,More Expensive,Significantly More Expensive,27,777.55
2024-10-10,PROD01121,Sports,West,53.98,103.35,-49.37,Cheaper,Significantly Cheaper,21,963.54
2024-10-11,PROD00962,Beauty,South,10.33,20.2,-9.87,Cheaper,Significantly Cheaper,34,280.98
2024-10-11,PROD00416,Home & Kitchen,East,15.92,49.37,-33.449999999999996,Cheaper,Significantly Cheaper,108,1375.49
2024-10-11,PROD00051,Books,North,27.7,46.9,-19.2,Cheaper,Significantly Cheaper,19,499.98
2024-10-11,PROD00198,Sports,North,26.39,24.15,2.240000000000002,More Expensive,Normal Competitive Range,40,897.26
2024-10-11,PROD00637,Sports,South,33.4,46.15,-12.75,Cheaper,Significantly Cheaper,22,587.84
2024-10-11,PROD00019,Sports,West,43.43,42.04,1.3900000000000006,Similar,Normal Competitive Range,58,2141.1
2024-10-11,PROD00554,Books,North,12.67,17.79,-5.119999999999999,Cheaper,Significantly Cheaper,25,269.24
2024-10-12,PROD00282,Electronics,North,9.81,43.65,-33.839999999999996,Cheaper,Significantly Cheaper,44,431.64
2024-10-12,PROD00589,Books,East,27.2,12.77,14.43,More Expensive,Significantly More Expensive,34,786.08
2024-10-12,PROD00843,Beauty,North,36.09,15.34,20.750000000000004,More Expensive,Significantly More Expensive,32,1039.39
2024-10-12,PROD01052,Toys,Central,24.96,10.15,14.81,More Expensive,Significantly More Expensive,17,297.02
2024-10-12,PROD00433,Sports,North,15.94,60.71,-44.77,Cheaper,Significantly Cheaper,44,701.36
2024-10-12,PROD00459,Beauty,Central,15.44,45.43,-29.990000000000002,Cheaper,Significantly Cheaper,86,1128.66
2024-10-13,PROD00681,Books,South,9.05,23.78,-14.73,Cheaper,Significantly Cheaper,34,292.32
2024-10-13,PROD00261,Grocery,Central,21.57,45.69,-24.119999999999997,Cheaper,Significantly Cheaper,52,1009.48
2024-10-13,PROD01087,Books,Central,59.24,28.51,30.73,More Expensive,Significantly More Expensive,19,1013.0
2024-10-14,PROD00360,Fashion,South,31.15,31.18,-0.030000000000001137,Similar,Normal Competitive Range,34,1059.1
2024-10-14,PROD00341,Sports,Central,94.09,17.54,76.55000000000001,More Expensive,Significantly More Expensive,12,959.72
2024-10-14,PROD00819,Beauty,East,52.81,32.19,20.620000000000005,More Expensive,Significantly More Expensive,26,1304.41
2024-10-14,PROD00331,Fashion,East,16.76,14.21,2.5500000000000007,More Expensive,Normal Competitive Range,61,971.24
2024-10-15,PROD01017,Electronics,East,34.56,14.16,20.400000000000002,More Expensive,Significantly More Expensive,47,1380.67
2024-10-15,PROD00555,Grocery,Central,38.87,34.86,4.009999999999998,More Expensive,Normal Competitive Range,59,1949.33
2024-10-15,PROD00522,Electronics,Central,22.01,25.78,-3.7699999999999996,Cheaper,Normal Competitive Range,41,812.17
2024-10-15,PROD01151,Grocery,South,15.6,28.37,-12.770000000000001,Cheaper,Significantly Cheaper,114,1689.48
2024-10-15,PROD00078,Grocery,Central,42.57,11.65,30.92,More Expensive,Significantly More Expensive,58,2345.61
2024-10-15,PROD01192,Toys,Central,32.89,71.85,-38.959999999999994,Cheaper,Significantly Cheaper,22,651.22
2024-10-16,PROD00841,Fashion,East,19.56,28.37,-8.810000000000002,Cheaper,Significantly Cheaper,31,576.04
2024-10-16,PROD00661,Home & Kitchen,South,100.51,71.16,29.35000000000001,More Expensive,Significantly More Expensive,15,1206.12
2024-10-16,PROD00647,Books,Central,30.56,27.13,3.4299999999999997,More Expensive,Normal Competitive Range,21,577.58
2024-10-16,PROD00604,Books,West,29.05,20.84,8.21,More Expensive,Significantly More Expensive,11,287.6
2024-10-17,PROD00146,Beauty,West,46.94,24.95,21.99,More Expensive,Significantly More Expensive,49,2300.06
2024-10-17,PROD00349,Beauty,North,18.73,7.02,11.71,More Expensive,Significantly More Expensive,42,786.66
2024-10-17,PROD00413,Electronics,South,69.43,39.98,29.45000000000001,More Expensive,Significantly More Expensive,24,1666.32
2024-10-17,PROD00773,Electronics,North,41.81,18.55,23.26,More Expensive,Significantly More Expensive,33,1379.73
2024-10-17,PROD00432,Books,North,40.86,53.75,-12.89,Cheaper,Significantly Cheaper,26,956.12
2024-10-17,PROD00590,Books,West,72.16,28.16,44.0,More Expensive,Significantly More Expensive,12,649.44
2024-10-17,PROD00657,Home & Kitchen,Central,8.71,25.45,-16.74,Cheaper,Significantly Cheaper,82,714.22
2024-10-17,PROD00828,Home & Kitchen,East,22.33,36.53,-14.200000000000003,Cheaper,Significantly Cheaper,81,1446.98
2024-10-18,PROD01064,Electronics,Central,40.86,19.44,21.419999999999998,More Expensive,Significantly More Expensive,38,1397.41
2024-10-18,PROD00710,Sports,Central,29.09,53.81,-24.720000000000002,Cheaper,Significantly Cheaper,37,914.88
2024-10-18,PROD00826,Books,East,7.93,45.29,-37.36,Cheaper,Significantly Cheaper,20,150.67
2024-10-18,PROD00329,Electronics,Central,26.16,68.49,-42.33,Cheaper,Significantly Cheaper,53,970.54
2024-10-18,PROD00137,Home & Kitchen,East,20.9,72.38,-51.48,Cheaper,Significantly Cheaper,99,1965.64
2024-10-18,PROD00036,Electronics,South,36.63,16.61,20.020000000000003,More Expensive,Significantly More Expensive,28,923.08
2024-10-19,PROD00746,Books,South,22.6,29.8,-7.199999999999999,Cheaper,Significantly Cheaper,20,339.0
2024-10-19,PROD00269,Home & Kitchen,South,32.3,26.82,5.479999999999997,More Expensive,Significantly More Expensive,50,1292.0
2024-10-19,PROD00068,Toys,North,72.99,64.53,8.459999999999994,More Expensive,Normal Competitive Range,14,970.77
2024-10-19,PROD00924,Fashion,North,59.4,34.64,24.759999999999998,More Expensive,Significantly More Expensive,21,1185.03
2024-10-19,PROD01185,Electronics,North,20.42,27.64,-7.219999999999999,Cheaper,Significantly Cheaper,44,808.63
2024-10-20,PROD00394,Electronics,North,26.18,25.8,0.379999999999999,Similar,Normal Competitive Range,30,549.78
2024-10-20,PROD00745,Books,South,10.89,36.32,-25.43,Cheaper,Significantly Cheaper,33,305.46
2024-10-20,PROD00020,Electronics,West,19.43,10.67,8.76,More Expensive,Significantly More Expensive,41,716.97
2024-10-20,PROD00472,Grocery,North,14.73,15.92,-1.1899999999999995,Cheaper,Normal Competitive Range,35,438.22
2024-10-20,PROD00380,Beauty,South,109.73,48.13,61.6,More Expensive,Significantly More Expensive,12,1316.76
2024-10-20,PROD00411,Grocery,North,31.13,61.08,-29.95,Cheaper,Significantly Cheaper,35,980.6
2024-10-21,PROD01071,Fashion,Central,65.22,45.41,19.810000000000002,More Expensive,Significantly More Expensive,46,2850.11
2024-10-22,PROD00285,Beauty,North,36.36,26.33,10.030000000000001,More Expensive,Significantly More Expensive,57,1865.27
2024-10-22,PROD01191,Fashion,East,28.35,12.35,16.0,More Expensive,Significantly More Expensive,52,1253.07
2024-10-22,PROD00394,Electronics,West,57.25,11.97,45.28,More Expensive,Significantly More Expensive,38,2175.5
2024-10-23,PROD01177,Sports,North,18.06,29.78,-11.720000000000002,Cheaper,Significantly Cheaper,26,352.17
2024-10-23,PROD00395,Grocery,North,5.64,8.87,-3.2299999999999995,Cheaper,Significantly Cheaper,119,570.49
2024-10-23,PROD00910,Books,East,31.27,18.58,12.690000000000001,More Expensive,Significantly More Expensive,17,505.01
2024-10-23,PROD00665,Toys,North,26.09,67.31,-41.22,Cheaper,Significantly Cheaper,44,1147.96
2024-10-24,PROD00888,Electronics,West,95.51,19.59,75.92,More Expensive,Significantly More Expensive,8,725.88
2024-10-24,PROD01035,Electronics,South,51.61,19.53,32.08,More Expensive,Significantly More Expensive,39,1710.87
2024-10-25,PROD00897,Fashion,South,38.24,42.85,-4.609999999999999,Cheaper,Normal Competitive Range,25,812.6
2024-10-25,PROD00700,Fashion,East,17.6,53.74,-36.14,Cheaper,Significantly Cheaper,36,570.24
2024-10-25,PROD01011,Grocery,East,25.43,10.91,14.52,More Expensive,Significantly More Expensive,58,1253.7
2024-10-25,PROD01110,Home & Kitchen,South,48.44,42.16,6.280000000000001,More Expensive,Normal Competitive Range,36,1482.26
2024-10-26,PROD00114,Electronics,South,21.63,37.62,-15.989999999999998,Cheaper,Significantly Cheaper,59,1276.17
2024-10-26,PROD00139,Toys,Central,64.84,10.81,54.03,More Expensive,Significantly More Expensive,12,700.27
2024-10-26,PROD00188,Fashion,North,21.66,89.15,-67.49000000000001,Cheaper,Significantly Cheaper,40,779.76
2024-10-26,PROD00790,Electronics,East,47.93,24.49,23.44,More Expensive,Significantly More Expensive,37,1596.07
2024-10-26,PROD00047,Electronics,North,29.97,50.73,-20.759999999999998,Cheaper,Significantly Cheaper,82,2211.79
2024-10-26,PROD00399,Grocery,East,24.22,123.04,-98.82000000000001,Cheaper,Significantly Cheaper,43,885.24
2024-10-27,PROD00328,Books,Central,55.09,39.42,15.670000000000002,More Expensive,Significantly More Expensive,16,749.22
2024-10-27,PROD00036,Home & Kitchen,East,17.74,36.81,-19.070000000000004,Cheaper,Significantly Cheaper,41,654.61
2024-10-27,PROD00847,Fashion,North,81.9,31.47,50.43000000000001,More Expensive,Significantly More Expensive,15,1167.08
2024-10-27,PROD00747,Toys,West,12.51,43.54,-31.03,Cheaper,Significantly Cheaper,42,499.15
2024-10-27,PROD01077,Beauty,South,40.15,23.95,16.2,More Expensive,Significantly More Expensive,20,562.1
2024-10-27,PROD01098,Beauty,East,41.38,120.03,-78.65,Cheaper,Significantly Cheaper,27,949.67
2024-10-28,PROD00397,Grocery,South,17.14,47.95,-30.810000000000002,Cheaper,Significantly Cheaper,131,2133.07
2024-10-28,PROD00845,Sports,West,25.68,22.3,3.379999999999999,More Expensive,Normal Competitive Range,24,493.06
2024-10-28,PROD00289,Books,West,8.04,8.98,-0.9400000000000013,Cheaper,Normal Competitive Range,48,347.33
2024-10-28,PROD01198,Sports,South,6.79,24.3,-17.51,Cheaper,Significantly Cheaper,71,457.99
2024-10-28,PROD00824,Fashion,West,24.66,31.33,-6.669999999999998,Cheaper,Significantly Cheaper,80,1775.52
2024-10-28,PROD00078,Beauty,South,46.32,28.93,17.39,More Expensive,Significantly More Expensive,48,2001.02
2024-10-28,PROD01114,Fashion,East,38.3,22.7,15.599999999999998,More Expensive,Significantly More Expensive,30,976.65
2024-10-28,PROD00190,Sports,South,24.89,52.94,-28.049999999999997,Cheaper,Significantly Cheaper,30,746.7
2024-10-29,PROD00124,Grocery,South,31.28,29.1,2.1799999999999997,More Expensive,Normal Competitive Range,79,2347.56
2024-10-29,PROD00470,Home & Kitchen,Central,50.77,44.08,6.690000000000005,More Expensive,Normal Competitive Range,52,2376.04
2024-10-29,PROD00934,Toys,North,32.19,33.78,-1.5900000000000034,Similar,Normal Competitive Range,13,355.7
2024-10-29,PROD00438,Fashion,Central,8.22,34.65,-26.43,Cheaper,Significantly Cheaper,72,562.25
2024-10-29,PROD00143,Books,East,16.05,33.89,-17.84,Cheaper,Significantly Cheaper,44,600.27
2024-10-29,PROD00620,Fashion,West,79.8,24.52,55.28,More Expensive,Significantly More Expensive,28,2010.96
2024-10-29,PROD00279,Electronics,South,34.54,15.52,19.02,More Expensive,Significantly More Expensive,108,3357.29
2024-10-30,PROD00361,Books,South,14.51,52.0,-37.49,Cheaper,Significantly Cheaper,33,407.01
2024-10-30,PROD00066,Beauty,Central,65.61,59.59,6.019999999999996,More Expensive,Normal Competitive Range,15,984.15
2024-10-30,PROD00119,Electronics,South,30.91,31.9,-0.9899999999999984,Similar,Normal Competitive Range,65,1406.4
2024-10-30,PROD00234,Toys,West,41.15,72.02,-30.869999999999997,Cheaper,Significantly Cheaper,38,1250.96
2024-10-30,PROD00122,Sports,East,6.14,30.31,-24.169999999999998,Cheaper,Significantly Cheaper,64,334.02
2024-10-30,PROD00208,Beauty,Central,25.55,62.2,-36.650000000000006,Cheaper,Significantly Cheaper,42,912.14
2024-10-30,PROD00703,Beauty,East,32.14,19.32,12.82,More Expensive,Significantly More Expensive,70,1687.35
2024-10-30,PROD00786,Fashion,West,32.13,25.73,6.400000000000002,More Expensive,Significantly More Expensive,36,925.34
2024-10-31,PROD00374,Toys,East,20.2,36.24,-16.040000000000003,Cheaper,Significantly Cheaper,24,460.56
2024-10-31,PROD00887,Sports,West,137.87,17.77,120.10000000000001,More Expensive,Significantly More Expensive,8,937.52
2024-10-31,PROD01200,Home & Kitchen,West,28.34,35.19,-6.849999999999998,Cheaper,Normal Competitive Range,31,878.54
2024-10-31,PROD01082,Fashion,East,37.6,156.2,-118.6,Cheaper,Significantly Cheaper,45,1522.8
2024-10-31,PROD01133,Home & Kitchen,North,48.86,21.23,27.63,More Expensive,Significantly More Expensive,14,547.23
2024-10-31,PROD00992,Electronics,West,33.28,35.05,-1.769999999999996,Cheaper,Normal Competitive Range,59,1472.64
2024-11-01,PROD00875,Beauty,North,7.77,70.1,-62.33,Cheaper,Significantly Cheaper,61,426.57
2024-11-01,PROD00304,Grocery,East,14.82,40.69,-25.869999999999997,Cheaper,Significantly Cheaper,68,906.98
2024-11-01,PROD00075,Beauty,Central,24.0,23.88,0.120000000000001,Similar,Normal Competitive Range,48,921.6
2024-11-01,PROD00486,Sports,Central,16.76,9.6,7.160000000000002,More Expensive,Significantly More Expensive,41,481.01
2024-11-01,PROD01077,Sports,North,29.99,21.09,8.899999999999999,More Expensive,Significantly More Expensive,32,671.78
2024-11-01,PROD00788,Sports,Central,30.36,161.97,-131.61,Cheaper,Significantly Cheaper,36,983.66
2024-11-01,PROD00782,Beauty,Central,12.66,15.95,-3.289999999999999,Cheaper,Significantly Cheaper,28,354.48
2024-11-02,PROD01122,Fashion,West,45.84,45.18,0.6600000000000037,Similar,Normal Competitive Range,21,721.98
2024-11-02,PROD00279,Fashion,Central,34.24,14.74,19.5,More Expensive,Significantly More Expensive,41,1193.26
2024-11-02,PROD00678,Toys,Central,67.77,83.93,-16.16000000000001,Cheaper,Normal Competitive Range,8,515.05
2024-11-02,PROD00152,Sports,West,24.78,12.73,12.05,More Expensive,Significantly More Expensive,52,1030.85
2024-11-02,PROD00376,Sports,West,66.42,41.11,25.310000000000002,More Expensive,Significantly More Expensive,17,1016.23
2024-11-02,PROD00785,Toys,Central,49.76,12.61,37.15,More Expensive,Significantly More Expensive,27,1276.34
2024-11-03,PROD00982,Toys,North,53.61,31.22,22.39,More Expensive,Significantly More Expensive,16,686.21
2024-11-03,PROD01061,Toys,Central,15.54,13.65,1.8899999999999988,More Expensive,Normal Competitive Range,64,696.19
2024-11-03,PROD00733,Toys,Central,13.85,20.33,-6.479999999999999,Cheaper,Significantly Cheaper,43,506.22
2024-11-03,PROD00310,Fashion,North,31.01,44.33,-13.319999999999997,Cheaper,Significantly Cheaper,62,1730.36
2024-11-04,PROD00010,Sports,West,44.04,10.93,33.11,More Expensive,Significantly More Expensive,19,836.76
2024-11-04,PROD01051,Books,West,61.72,50.76,10.96,More Expensive,Significantly More Expensive,26,1203.54
2024-11-04,PROD00751,Beauty,Central,72.6,10.57,62.029999999999994,More Expensive,Significantly More Expensive,21,1295.91
2024-11-04,PROD00360,Beauty,Central,10.84,13.8,-2.960000000000001,Cheaper,Significantly Cheaper,37,401.08
2024-11-05,PROD00756,Books,South,26.93,41.79,-14.86,Cheaper,Significantly Cheaper,28,678.64
2024-11-05,PROD00279,Beauty,South,30.87,28.16,2.710000000000001,More Expensive,Normal Competitive Range,20,617.4
2024-11-05,PROD01169,Beauty,South,9.22,41.67,-32.45,Cheaper,Significantly Cheaper,43,356.81
2024-11-05,PROD01059,Toys,North,49.6,27.42,22.18,More Expensive,Significantly More Expensive,38,1696.32
2024-11-05,PROD00607,Home & Kitchen,Central,28.36,22.21,6.149999999999999,More Expensive,Significantly More Expensive,38,969.91
2024-11-06,PROD00437,Electronics,South,14.12,59.02,-44.900000000000006,Cheaper,Significantly Cheaper,84,1008.17
2024-11-06,PROD01107,Books,South,30.33,52.05,-21.72,Cheaper,Significantly Cheaper,20,545.94
2024-11-07,PROD00420,Electronics,East,21.49,21.23,0.259999999999998,Similar,Normal Competitive Range,71,1296.92
2024-11-07,PROD00330,Sports,North,142.77,129.78,12.990000000000009,More Expensive,Normal Competitive Range,4,542.53
2024-11-07,PROD00960,Fashion,East,64.49,18.3,46.19,More Expensive,Significantly More Expensive,39,2012.09
2024-11-08,PROD01039,Books,North,104.7,5.97,98.73,More Expensive,Significantly More Expensive,12,1067.94
2024-11-08,PROD01099,Fashion,South,14.98,48.28,-33.3,Cheaper,Significantly Cheaper,39,496.59
2024-11-08,PROD00391,Electronics,Central,39.26,56.95,-17.690000000000005,Cheaper,Significantly Cheaper,48,1601.81
2024-11-08,PROD00947,Books,East,25.7,29.1,-3.400000000000002,Cheaper,Normal Competitive Range,54,1179.63
2024-11-08,PROD00098,Home & Kitchen,East,31.95,22.94,9.009999999999998,More Expensive,Significantly More Expensive,20,607.05
2024-11-08,PROD00085,Beauty,Central,22.47,23.86,-1.3900000000000006,Cheaper,Normal Competitive Range,55,865.09
2024-11-08,PROD00646,Beauty,Central,23.56,65.26,-41.7,Cheaper,Significantly Cheaper,30,706.8
2024-11-09,PROD00918,Electronics,South,24.61,20.56,4.050000000000001,More Expensive,Normal Competitive Range,43,740.76
2024-11-09,PROD00261,Sports,East,55.6,38.91,16.690000000000005,More Expensive,Significantly More Expensive,31,1637.42
2024-11-09,PROD00259,Beauty,North,29.3,66.11,-36.81,Cheaper,Significantly Cheaper,40,1113.4
2024-11-09,PROD00569,Electronics,West,40.65,42.41,-1.759999999999998,Similar,Normal Competitive Range,57,2085.34
2024-11-09,PROD00498,Toys,North,32.12,10.04,22.08,More Expensive,Significantly More Expensive,65,1879.02
2024-11-10,PROD00163,Books,Central,15.87,45.27,-29.400000000000006,Cheaper,Significantly Cheaper,34,404.68
2024-11-10,PROD00228,Sports,North,83.02,31.42,51.599999999999994,More Expensive,Significantly More Expensive,23,1432.09
2024-11-10,PROD01021,Grocery,East,18.23,31.74,-13.509999999999998,Cheaper,Significantly Cheaper,69,1132.08
2024-11-10,PROD00567,Fashion,Central,38.25,28.45,9.8,More Expensive,Significantly More Expensive,37,1202.96
2024-11-11,PROD01098,Books,East,40.45,65.57,-25.11999999999999,Cheaper,Significantly Cheaper,25,960.69
2024-11-11,PROD00942,Grocery,West,12.04,19.11,-7.07,Cheaper,Significantly Cheaper,50,451.5
2024-11-11,PROD00359,Fashion,West,24.03,30.25,-6.219999999999999,Cheaper,Significantly Cheaper,50,1201.5
2024-11-11,PROD00502,Home & Kitchen,South,34.14,110.65,-76.51,Cheaper,Significantly Cheaper,33,1013.96
2024-11-12,PROD00796,Beauty,East,8.0,300.61,-292.61,Cheaper,Significantly Cheaper,82,557.6
2024-11-12,PROD00371,Home & Kitchen,South,28.54,24.19,4.349999999999998,More Expensive,Normal Competitive Range,37,950.38
2024-11-12,PROD00137,Home & Kitchen,West,25.19,25.59,-0.3999999999999986,Similar,Normal Competitive Range,40,755.7
2024-11-12,PROD00984,Sports,East,54.71,39.78,14.93,More Expensive,Significantly More Expensive,12,623.69
2024-11-12,PROD00214,Home & Kitchen,East,9.56,29.19,-19.630000000000003,Cheaper,Significantly Cheaper,32,275.33
2024-11-13,PROD01046,Home & Kitchen,West,24.93,97.18,-72.25,Cheaper,Significantly Cheaper,25,623.25
2024-11-13,PROD00880,Home & Kitchen,West,29.34,12.78,16.560000000000002,More Expensive,Significantly More Expensive,61,1342.3
2024-11-13,PROD01010,Books,North,32.1,25.49,6.610000000000003,More Expensive,Significantly More Expensive,33,741.51
2024-11-14,PROD00944,Sports,East,28.64,11.26,17.380000000000003,More Expensive,Significantly More Expensive,27,734.62
2024-11-14,PROD00613,Electronics,South,40.66,19.98,20.679999999999996,More Expensive,Significantly More Expensive,54,1536.95
2024-11-14,PROD00292,Sports,West,14.3,27.57,-13.27,Cheaper,Significantly Cheaper,21,300.3
2024-11-15,PROD00143,Home & Kitchen,West,51.37,22.75,28.619999999999997,More Expensive,Significantly More Expensive,20,924.66
2024-11-15,PROD01054,Toys,South,11.53,13.43,-1.9000000000000004,Cheaper,Normal Competitive Range,23,265.19
2024-11-15,PROD01162,Beauty,Central,24.17,64.07,-39.89999999999999,Cheaper,Significantly Cheaper,34,821.78
2024-11-15,PROD00888,Fashion,Central,68.46,19.2,49.25999999999999,More Expensive,Significantly More Expensive,47,2734.98
2024-11-15,PROD01032,Electronics,Central,58.85,52.2,6.649999999999999,More Expensive,Normal Competitive Range,43,1771.38
2024-11-15,PROD00623,Beauty,East,24.66,53.41,-28.749999999999996,Cheaper,Significantly Cheaper,24,562.25
2024-11-15,PROD01186,Fashion,Central,36.39,65.79,-29.400000000000006,Cheaper,Significantly Cheaper,42,1299.12
2024-11-15,PROD00385,Home & Kitchen,North,14.11,23.17,-9.060000000000002,Cheaper,Significantly Cheaper,39,495.26
2024-11-15,PROD00719,Beauty,North,16.29,24.77,-8.48,Cheaper,Significantly Cheaper,38,526.17
2024-11-15,PROD00645,Beauty,Central,12.55,26.62,-14.07,Cheaper,Significantly Cheaper,42,368.97
2024-11-15,PROD00603,Sports,East,9.45,41.03,-31.580000000000002,Cheaper,Significantly Cheaper,30,226.8
2024-11-16,PROD00931,Grocery,South,54.28,24.85,29.43,More Expensive,Significantly More Expensive,17,922.76
2024-11-17,PROD00138,Electronics,North,27.24,19.04,8.2,More Expensive,Significantly More Expensive,68,1574.47
2024-11-17,PROD01149,Beauty,East,15.86,30.0,-14.14,Cheaper,Significantly Cheaper,41,585.23
2024-11-17,PROD00381,Books,North,14.65,16.37,-1.7200000000000006,Cheaper,Normal Competitive Range,53,582.34
2024-11-17,PROD00744,Electronics,North,19.09,14.93,4.16,More Expensive,Significantly More Expensive,50,668.15
2024-11-17,PROD01000,Grocery,Central,37.94,36.97,0.9699999999999989,Similar,Normal Competitive Range,47,1337.38
2024-11-18,PROD00965,Sports,North,14.15,28.53,-14.38,Cheaper,Significantly Cheaper,59,626.14
2024-11-18,PROD00549,Home & Kitchen,Central,36.88,18.33,18.550000000000004,More Expensive,Significantly More Expensive,29,1069.52
2024-11-19,PROD01124,Electronics,West,28.91,32.57,-3.66,Cheaper,Normal Competitive Range,79,2283.89
2024-11-19,PROD00939,Beauty,North,29.07,11.47,17.6,More Expensive,Significantly More Expensive,38,1104.66
2024-11-20,PROD01134,Toys,North,36.18,39.79,-3.6099999999999994,Cheaper,Normal Competitive Range,13,423.31
2024-11-20,PROD01175,Grocery,North,32.66,143.05,-110.39000000000001,Cheaper,Significantly Cheaper,44,1149.63
2024-11-20,PROD00880,Books,West,15.92,14.14,1.7799999999999994,More Expensive,Normal Competitive Range,29,392.43
2024-11-20,PROD01043,Fashion,Central,32.24,33.95,-1.7100000000000009,Cheaper,Normal Competitive Range,47,1439.52
2024-11-20,PROD00577,Toys,North,68.75,29.41,39.34,More Expensive,Significantly More Expensive,4,275.0
2024-11-20,PROD00293,Books,North,11.26,22.44,-11.180000000000001,Cheaper,Significantly Cheaper,42,331.04
2024-11-20,PROD00448,Beauty,Central,99.38,29.38,70.0,More Expensive,Significantly More Expensive,14,1391.32
2024-11-21,PROD00506,Beauty,West,27.39,30.44,-3.0500000000000007,Cheaper,Normal Competitive Range,30,739.53
2024-11-21,PROD00866,Home & Kitchen,South,12.53,92.26,-79.73,Cheaper,Significantly Cheaper,50,532.52
2024-11-21,PROD00415,Electronics,Central,50.61,23.9,26.71,More Expensive,Significantly More Expensive,19,913.51
2024-11-21,PROD00049,Home & Kitchen,Central,34.27,19.41,14.860000000000003,More Expensive,Significantly More Expensive,47,1610.69
2024-11-21,PROD00016,Books,Central,29.72,17.31,12.41,More Expensive,Significantly More Expensive,53,1417.64
2024-11-21,PROD00707,Toys,South,56.88,49.1,7.780000000000001,More Expensive,Normal Competitive Range,19,972.65
2024-11-21,PROD00448,Grocery,Central,16.77,24.46,-7.690000000000001,Cheaper,Significantly Cheaper,96,1609.92
2024-11-22,PROD00043,Books,South,15.12,41.2,-26.080000000000005,Cheaper,Significantly Cheaper,110,1330.56
2024-11-22,PROD00979,Grocery,East,25.65,12.7,12.95,More Expensive,Significantly More Expensive,36,784.89
2024-11-22,PROD00244,Sports,South,11.67,47.1,-35.43,Cheaper,Significantly Cheaper,32,336.1
2024-11-22,PROD01036,Grocery,South,15.74,5.58,10.16,More Expensive,Significantly More Expensive,90,1062.45
2024-11-22,PROD00774,Books,West,97.78,27.54,70.24000000000001,More Expensive,Significantly More Expensive,8,782.24
2024-11-22,PROD00830,Sports,Central,38.19,30.32,7.869999999999997,More Expensive,Significantly More Expensive,24,870.73
2024-11-23,PROD00945,Sports,East,26.54,20.48,6.059999999999999,More Expensive,Significantly More Expensive,44,1167.76
2024-11-23,PROD01025,Sports,North,8.08,15.32,-7.24,Cheaper,Significantly Cheaper,42,237.55
2024-11-23,PROD00777,Home & Kitchen,North,25.19,47.69,-22.499999999999996,Cheaper,Significantly Cheaper,72,1541.63
2024-11-23,PROD01073,Beauty,South,51.01,49.72,1.2899999999999991,Similar,Normal Competitive Range,40,1938.38
2024-11-23,PROD00861,Toys,South,24.98,43.81,-18.830000000000002,Cheaper,Significantly Cheaper,42,944.24
2024-11-23,PROD00283,Books,West,11.91,15.66,-3.75,Cheaper,Significantly Cheaper,20,226.29
2024-11-24,PROD00969,Electronics,Central,60.25,24.62,35.629999999999995,More Expensive,Significantly More Expensive,14,716.98
2024-11-24,PROD00379,Fashion,West,20.71,8.66,12.05,More Expensive,Significantly More Expensive,45,885.35
2024-11-24,PROD00736,Grocery,North,12.16,109.5,-97.34,Cheaper,Significantly Cheaper,85,981.92
2024-11-24,PROD00426,Grocery,South,14.65,9.75,4.9,More Expensive,Significantly More Expensive,131,1535.32
2024-11-25,PROD00626,Beauty,West,16.79,35.57,-18.78,Cheaper,Significantly Cheaper,21,334.96
2024-11-25,PROD01147,Books,South,22.56,50.63,-28.070000000000004,Cheaper,Significantly Cheaper,19,385.78
2024-11-25,PROD00588,Sports,Central,23.72,27.14,-3.4200000000000017,Cheaper,Normal Competitive Range,42,747.18
2024-11-25,PROD00119,Beauty,Central,36.02,32.23,3.7900000000000063,More Expensive,Normal Competitive Range,26,796.04
2024-11-25,PROD01010,Electronics,North,42.9,47.0,-4.100000000000001,Cheaper,Normal Competitive Range,40,1458.6
2024-11-25,PROD00713,Books,East,21.3,44.98,-23.679999999999996,Cheaper,Significantly Cheaper,56,954.24
2024-11-25,PROD00265,Home & Kitchen,Central,20.45,20.24,0.21000000000000085,Similar,Normal Competitive Range,31,538.86
2024-11-26,PROD00508,Grocery,East,35.04,31.21,3.8299999999999983,More Expensive,Normal Competitive Range,53,1299.98
2024-11-26,PROD01172,Beauty,South,39.02,9.83,29.190000000000005,More Expensive,Significantly More Expensive,36,1264.25
2024-11-26,PROD00768,Grocery,South,86.82,28.61,58.209999999999994,More Expensive,Significantly More Expensive,22,1719.04
2024-11-26,PROD00535,Toys,West,33.83,42.6,-8.770000000000003,Cheaper,Significantly Cheaper,38,1092.71
2024-11-26,PROD00258,Beauty,North,14.91,20.83,-5.919999999999998,Cheaper,Significantly Cheaper,67,849.12
2024-11-26,PROD01082,Electronics,East,26.49,23.85,2.639999999999997,More Expensive,Normal Competitive Range,116,2919.2
2024-11-26,PROD00459,Sports,East,70.45,42.97,27.480000000000004,More Expensive,Significantly More Expensive,14,838.36
2024-11-26,PROD00934,Home & Kitchen,West,23.6,53.45,-29.85,Cheaper,Significantly Cheaper,33,661.98
2024-11-26,PROD00690,Sports,East,14.45,38.94,-24.49,Cheaper,Significantly Cheaper,21,273.1
2024-11-27,PROD00915,Toys,East,14.66,49.39,-34.730000000000004,Cheaper,Significantly Cheaper,31,363.57
2024-11-27,PROD00783,Beauty,Central,19.64,35.55,-15.909999999999997,Cheaper,Significantly Cheaper,79,1473.98
2024-11-27,PROD00183,Sports,South,18.05,19.47,-1.4199999999999982,Cheaper,Normal Competitive Range,26,398.9
2024-11-27,PROD00144,Home & Kitchen,West,28.3,15.29,13.010000000000002,More Expensive,Significantly More Expensive,41,812.21
2024-11-28,PROD01056,Electronics,South,26.39,15.91,10.48,More Expensive,Significantly More Expensive,78,1440.89
2024-11-28,PROD00609,Beauty,West,56.46,79.22,-22.759999999999998,Cheaper,Significantly Cheaper,17,863.84
2024-11-28,PROD01082,Beauty,East,44.49,27.63,16.860000000000003,More Expensive,Significantly More Expensive,22,783.02
2024-11-28,PROD00512,Grocery,North,49.44,21.54,27.9,More Expensive,Significantly More Expensive,27,1067.9
2024-11-29,PROD00060,Sports,Central,51.53,78.19,-26.659999999999997,Cheaper,Significantly Cheaper,29,1270.21
2024-11-29,PROD00319,Fashion,North,24.49,19.83,4.66,More Expensive,Significantly More Expensive,36,705.31
2024-11-29,PROD00505,Toys,East,87.72,8.61,79.11,More Expensive,Significantly More Expensive,11,771.94
2024-11-29,PROD00187,Toys,East,57.17,37.35,19.82,More Expensive,Significantly More Expensive,21,840.4
2024-11-29,PROD00707,Grocery,Central,11.14,31.01,-19.87,Cheaper,Significantly Cheaper,65,579.28
2024-11-29,PROD00086,Home & Kitchen,Central,32.73,9.05,23.679999999999996,More Expensive,Significantly More Expensive,51,1251.92
2024-11-30,PROD00073,Beauty,West,62.54,48.72,13.82,More Expensive,Significantly More Expensive,22,963.12
2024-11-30,PROD00101,Beauty,West,26.99,100.1,-73.11,Cheaper,Significantly Cheaper,13,350.87
2024-11-30,PROD00951,Beauty,North,56.18,23.7,32.480000000000004,More Expensive,Significantly More Expensive,12,505.62
2024-11-30,PROD00398,Fashion,Central,54.31,44.0,10.310000000000002,More Expensive,Significantly More Expensive,33,1433.78
2024-11-30,PROD00533,Beauty,North,111.33,15.64,95.69,More Expensive,Significantly More Expensive,9,951.87
2024-11-30,PROD00206,Electronics,South,59.08,14.84,44.239999999999995,More Expensive,Significantly More Expensive,34,1707.41
2024-11-30,PROD00918,Electronics,North,25.05,8.68,16.37,More Expensive,Significantly More Expensive,50,1002.0
2024-11-30,PROD00137,Grocery,North,42.99,26.44,16.55,More Expensive,Significantly More Expensive,47,1919.5
2024-11-30,PROD00305,Beauty,East,20.92,33.74,-12.82,Cheaper,Significantly Cheaper,37,696.64
2024-12-01,PROD00881,Toys,Central,39.24,55.66,-16.419999999999995,Cheaper,Significantly Cheaper,27,1006.51
2024-12-01,PROD00929,Books,South,43.58,31.31,12.27,More Expensive,Significantly More Expensive,19,703.82
2024-12-01,PROD00862,Toys,North,6.22,37.0,-30.78,Cheaper,Significantly Cheaper,44,232.63
2024-12-01,PROD00553,Electronics,North,12.73,49.85,-37.120000000000005,Cheaper,Significantly Cheaper,114,1451.22
2024-12-01,PROD00506,Home & Kitchen,East,13.72,15.01,-1.2899999999999991,Cheaper,Normal Competitive Range,69,899.35
2024-12-01,PROD00262,Grocery,South,32.47,19.56,12.91,More Expensive,Significantly More Expensive,82,2130.03
2024-12-01,PROD00656,Beauty,East,14.6,29.51,-14.910000000000002,Cheaper,Significantly Cheaper,45,591.3
2024-12-01,PROD00077,Fashion,North,113.08,16.37,96.71,More Expensive,Significantly More Expensive,14,1108.18
2024-12-02,PROD00331,Books,East,15.62,53.77,-38.150000000000006,Cheaper,Significantly Cheaper,30,351.45
2024-12-02,PROD00846,Sports,East,22.12,33.4,-11.279999999999998,Cheaper,Significantly Cheaper,38,798.53
2024-12-02,PROD00866,Beauty,South,15.02,24.64,-9.620000000000001,Cheaper,Significantly Cheaper,50,638.35
2024-12-02,PROD00601,Toys,Central,54.04,29.47,24.57,More Expensive,Significantly More Expensive,27,1313.17
2024-12-02,PROD00229,Books,North,23.64,35.33,-11.689999999999998,Cheaper,Significantly Cheaper,61,1153.63
2024-12-02,PROD00487,Fashion,North,15.22,10.54,4.6800000000000015,More Expensive,Significantly More Expensive,157,2031.11
2024-12-03,PROD00691,Home & Kitchen,South,29.09,26.36,2.7300000000000004,More Expensive,Normal Competitive Range,44,1023.97
2024-12-03,PROD00169,Grocery,Central,43.13,20.14,22.990000000000002,More Expensive,Significantly More Expensive,34,1393.1
2024-12-03,PROD00374,Sports,Central,16.6,35.28,-18.68,Cheaper,Significantly Cheaper,37,552.78
2024-12-03,PROD00100,Books,North,166.02,72.41,93.61000000000001,More Expensive,Significantly More Expensive,4,531.26
2024-12-03,PROD00489,Grocery,West,24.85,20.93,3.9200000000000017,More Expensive,Normal Competitive Range,28,661.01
2024-12-03,PROD00741,Sports,North,10.19,17.13,-6.9399999999999995,Cheaper,Significantly Cheaper,47,431.04
2024-12-03,PROD00829,Sports,North,34.47,22.17,12.299999999999997,More Expensive,Significantly More Expensive,13,425.7
2024-12-03,PROD00762,Electronics,East,26.73,18.2,8.530000000000001,More Expensive,Significantly More Expensive,71,1897.83
2024-12-03,PROD00627,Sports,East,22.85,19.72,3.1300000000000026,More Expensive,Normal Competitive Range,25,399.88
2024-12-04,PROD01178,Grocery,Central,19.55,129.68,-110.13000000000001,Cheaper,Significantly Cheaper,34,565.0
2024-12-04,PROD00686,Sports,South,30.68,141.16,-110.47999999999999,Cheaper,Significantly Cheaper,51,1486.45
2024-12-04,PROD00247,Grocery,North,27.5,79.3,-51.8,Cheaper,Significantly Cheaper,25,687.5
2024-12-04,PROD00924,Electronics,Central,28.24,23.87,4.369999999999997,More Expensive,Normal Competitive Range,55,1397.88
2024-12-04,PROD00889,Sports,North,32.77,129.06,-96.28999999999999,Cheaper,Significantly Cheaper,49,1525.44
2024-12-04,PROD01039,Sports,Central,50.99,13.92,37.07,More Expensive,Significantly More Expensive,12,550.69
2024-12-04,PROD00013,Home & Kitchen,South,14.87,100.9,-86.03,Cheaper,Significantly Cheaper,35,416.36
2024-12-05,PROD00566,Books,South,40.22,20.69,19.529999999999998,More Expensive,Significantly More Expensive,27,1031.64
2024-12-05,PROD00521,Sports,Central,60.67,42.03,18.64,More Expensive,Significantly More Expensive,11,667.37
2024-12-05,PROD00164,Sports,Central,38.36,32.57,5.789999999999999,More Expensive,Normal Competitive Range,12,460.32
2024-12-05,PROD00886,Toys,East,73.72,21.49,52.230000000000004,More Expensive,Significantly More Expensive,13,910.44
2024-12-05,PROD00346,Home & Kitchen,West,28.72,52.91,-24.189999999999998,Cheaper,Significantly Cheaper,73,1886.9
2024-12-05,PROD00999,Toys,South,12.32,22.95,-10.629999999999999,Cheaper,Significantly Cheaper,46,425.04
2024-12-05,PROD00158,Home & Kitchen,South,8.07,13.53,-5.459999999999999,Cheaper,Significantly Cheaper,27,163.42
2024-12-05,PROD00977,Sports,West,36.0,10.33,25.67,More Expensive,Significantly More Expensive,25,720.0
2024-12-06,PROD00878,Electronics,South,56.05,12.54,43.51,More Expensive,Significantly More Expensive,26,1311.57
2024-12-06,PROD00250,Electronics,South,85.0,14.2,70.8,More Expensive,Significantly More Expensive,11,748.0
2024-12-06,PROD00254,Fashion,East,21.33,29.75,-8.420000000000002,Cheaper,Significantly Cheaper,60,1151.82
2024-12-06,PROD00442,Toys,Central,96.27,35.11,61.16,More Expensive,Significantly More Expensive,13,1126.36
2024-12-06,PROD00657,Grocery,Central,30.1,31.37,-1.2699999999999996,Similar,Normal Competitive Range,62,1772.89
2024-12-06,PROD00077,Home & Kitchen,Central,41.18,36.49,4.689999999999998,More Expensive,Normal Competitive Range,33,1223.05
2024-12-07,PROD00443,Electronics,Central,37.39,28.62,8.77,More Expensive,Significantly More Expensive,36,1144.13
2024-12-07,PROD00324,Toys,East,23.99,21.48,2.509999999999998,More Expensive,Normal Competitive Range,40,959.6
2024-12-07,PROD00270,Books,West,27.8,21.92,5.879999999999999,More Expensive,Significantly More Expensive,42,992.46
2024-12-07,PROD01189,Books,Central,28.42,22.0,6.420000000000002,More Expensive,Significantly More Expensive,43,977.65
2024-12-07,PROD00941,Home & Kitchen,North,15.54,28.3,-12.760000000000002,Cheaper,Significantly Cheaper,63,734.26
2024-12-07,PROD00046,Beauty,North,26.68,23.37,3.3099999999999987,More Expensive,Normal Competitive Range,84,1904.95
2024-12-08,PROD00563,Sports,North,23.01,12.87,10.140000000000002,More Expensive,Significantly More Expensive,52,897.39
2024-12-08,PROD00204,Beauty,East,5.19,40.54,-35.35,Cheaper,Significantly Cheaper,88,388.21
2024-12-08,PROD00940,Grocery,South,17.95,64.7,-46.75,Cheaper,Significantly Cheaper,75,1278.94
2024-12-08,PROD00772,Books,Central,29.34,5.37,23.97,More Expensive,Significantly More Expensive,51,1346.71
2024-12-08,PROD01171,Sports,East,56.19,46.61,9.579999999999998,More Expensive,Significantly More Expensive,30,1685.7
2024-12-09,PROD00581,Home & Kitchen,West,43.66,43.53,0.12999999999999545,Similar,Normal Competitive Range,21,871.02
2024-12-09,PROD01030,Beauty,Central,67.74,20.28,47.459999999999994,More Expensive,Significantly More Expensive,20,1287.06
2024-12-09,PROD00748,Sports,North,111.11,73.97,37.14,More Expensive,Significantly More Expensive,6,599.99
2024-12-09,PROD01076,Electronics,Central,19.41,7.76,11.65,More Expensive,Significantly More Expensive,101,1862.39
2024-12-09,PROD00541,Toys,South,15.41,11.33,4.08,More Expensive,Significantly More Expensive,28,345.18
2024-12-09,PROD00545,Electronics,East,29.55,33.58,-4.029999999999998,Cheaper,Normal Competitive Range,42,992.88
2024-12-10,PROD00305,Electronics,West,27.88,45.09,-17.210000000000004,Cheaper,Significantly Cheaper,69,1635.16
2024-12-10,PROD00087,Electronics,West,16.82,13.08,3.74,More Expensive,Significantly More Expensive,27,386.02
2024-12-10,PROD01126,Electronics,East,28.6,45.25,-16.65,Cheaper,Significantly Cheaper,64,1647.36
2024-12-10,PROD01044,Grocery,North,22.32,92.59,-70.27000000000001,Cheaper,Significantly Cheaper,61,1293.44
2024-12-10,PROD01042,Fashion,South,49.79,60.22,-10.43,Cheaper,Normal Competitive Range,34,1523.57
2024-12-10,PROD01150,Books,North,36.8,84.62,-47.82000000000001,Cheaper,Significantly Cheaper,20,662.4
2024-12-10,PROD00753,Beauty,West,28.47,37.66,-9.189999999999998,Cheaper,Significantly Cheaper,14,358.72
2024-12-11,PROD00539,Electronics,East,11.71,11.9,-0.1899999999999995,Similar,Normal Competitive Range,40,374.72
2024-12-11,PROD01119,Electronics,Central,32.37,32.94,-0.5700000000000003,Similar,Normal Competitive Range,29,891.79
2024-12-11,PROD00973,Sports,East,20.99,16.74,4.25,More Expensive,Significantly More Expensive,40,713.66
2024-12-11,PROD00553,Toys,East,30.26,23.75,6.510000000000002,More Expensive,Significantly More Expensive,33,798.86
2024-12-11,PROD01040,Electronics,Central,20.86,22.07,-1.2100000000000009,Cheaper,Normal Competitive Range,52,922.01
2024-12-12,PROD00970,Books,East,22.46,31.02,-8.559999999999999,Cheaper,Significantly Cheaper,29,586.21
2024-12-12,PROD01117,Grocery,North,9.9,20.37,-10.47,Cheaper,Significantly Cheaper,68,673.2
2024-12-12,PROD00136,Fashion,South,8.34,13.43,-5.09,Cheaper,Significantly Cheaper,154,963.27
2024-12-12,PROD00588,Beauty,North,27.71,23.0,4.710000000000001,More Expensive,Significantly More Expensive,33,640.1
2024-12-12,PROD00373,Electronics,West,12.44,103.96,-91.52,Cheaper,Significantly Cheaper,47,496.98
2024-12-12,PROD00200,Grocery,West,36.98,22.86,14.119999999999997,More Expensive,Significantly More Expensive,37,1163.02
2024-12-12,PROD00836,Books,North,48.77,30.22,18.550000000000004,More Expensive,Significantly More Expensive,10,487.7
2024-12-12,PROD00906,Electronics,West,37.56,24.52,13.040000000000003,More Expensive,Significantly More Expensive,65,2441.4
2024-12-12,PROD00160,Beauty,Central,87.58,14.17,73.41,More Expensive,Significantly More Expensive,4,332.8
2024-12-12,PROD00527,Sports,Central,30.57,34.25,-3.6799999999999997,Cheaper,Normal Competitive Range,26,715.34
2024-12-12,PROD00522,Fashion,South,17.79,21.83,-4.039999999999999,Cheaper,Normal Competitive Range,42,672.46
2024-12-12,PROD00957,Toys,West,8.13,66.46,-58.32999999999999,Cheaper,Significantly Cheaper,57,370.73
2024-12-13,PROD00473,Electronics,North,41.17,39.62,1.5500000000000043,Similar,Normal Competitive Range,33,1086.89
2024-12-13,PROD00470,Home & Kitchen,West,38.63,52.87,-14.239999999999995,Cheaper,Significantly Cheaper,65,2134.31
2024-12-13,PROD00263,Books,Central,30.22,36.69,-6.469999999999999,Cheaper,Normal Competitive Range,23,660.31
2024-12-13,PROD00303,Grocery,South,22.21,21.51,0.6999999999999993,Similar,Normal Competitive Range,45,899.51
2024-12-13,PROD01062,Home & Kitchen,South,15.1,8.41,6.6899999999999995,More Expensive,Significantly More Expensive,44,564.74
2024-12-13,PROD00485,Beauty,North,37.16,9.29,27.869999999999997,More Expensive,Significantly More Expensive,33,1226.28
2024-12-13,PROD00433,Grocery,North,47.16,10.4,36.76,More Expensive,Significantly More Expensive,72,2716.42
2024-12-14,PROD00488,Electronics,West,32.74,63.82,-31.08,Cheaper,Significantly Cheaper,39,1021.49
2024-12-14,PROD00151,Electronics,North,9.63,34.99,-25.36,Cheaper,Significantly Cheaper,95,869.11
2024-12-14,PROD01093,Home & Kitchen,West,76.31,10.71,65.6,More Expensive,Significantly More Expensive,26,1587.25
2024-12-14,PROD00022,Home & Kitchen,North,61.69,46.46,15.229999999999997,More Expensive,Significantly More Expensive,21,1165.94
2024-12-14,PROD00923,Fashion,South,32.48,50.79,-18.310000000000002,Cheaper,Significantly Cheaper,19,617.12
2024-12-14,PROD00569,Beauty,West,27.38,33.56,-6.180000000000003,Cheaper,Normal Competitive Range,62,1188.29
2024-12-14,PROD00297,Beauty,West,52.45,61.35,-8.899999999999999,Cheaper,Normal Competitive Range,28,1468.6
2024-12-14,PROD00190,Grocery,Central,23.69,22.66,1.0300000000000011,Similar,Normal Competitive Range,31,660.95
2024-12-14,PROD00383,Toys,East,21.69,23.03,-1.3399999999999999,Cheaper,Normal Competitive Range,36,624.67
2024-12-14,PROD00600,Grocery,West,19.74,13.5,6.239999999999998,More Expensive,Significantly More Expensive,62,1162.69
2024-12-15,PROD01059,Toys,Central,38.43,11.75,26.68,More Expensive,Significantly More Expensive,8,292.07
2024-12-15,PROD00674,Grocery,Central,9.68,52.91,-43.23,Cheaper,Significantly Cheaper,125,1149.5
2024-12-15,PROD00298,Beauty,East,44.66,38.98,5.68,More Expensive,Normal Competitive Range,24,803.88
2024-12-15,PROD00844,Home & Kitchen,South,11.6,17.17,-5.570000000000002,Cheaper,Significantly Cheaper,38,396.72
2024-12-15,PROD00271,Sports,Central,49.03,32.33,16.700000000000003,More Expensive,Significantly More Expensive,36,1500.32
2024-12-15,PROD00367,Sports,North,53.49,80.67,-27.18,Cheaper,Significantly Cheaper,19,813.05
2024-12-15,PROD00035,Sports,Central,8.74,31.2,-22.46,Cheaper,Significantly Cheaper,78,613.55
2024-12-16,PROD00353,Books,South,27.97,74.97,-47.0,Cheaper,Significantly Cheaper,16,380.39
2024-12-16,PROD00293,Toys,Central,18.48,14.3,4.18,More Expensive,Significantly More Expensive,34,628.32
2024-12-16,PROD01038,Electronics,East,15.58,12.21,3.369999999999999,More Expensive,Significantly More Expensive,67,782.9
2024-12-16,PROD00181,Home & Kitchen,North,40.15,18.42,21.729999999999997,More Expensive,Significantly More Expensive,47,1887.05
2024-12-16,PROD00769,Home & Kitchen,South,22.02,18.88,3.1400000000000006,More Expensive,Normal Competitive Range,51,1010.72
2024-12-17,PROD00575,Books,South,27.38,7.44,19.939999999999998,More Expensive,Significantly More Expensive,45,924.08
2024-12-17,PROD00033,Grocery,North,26.14,16.54,9.600000000000001,More Expensive,Significantly More Expensive,71,1484.75
2024-12-17,PROD01125,Beauty,Central,36.06,16.89,19.17,More Expensive,Significantly More Expensive,28,858.23
2024-12-17,PROD00635,Grocery,East,26.69,48.46,-21.77,Cheaper,Significantly Cheaper,29,735.31
2024-12-17,PROD00201,Toys,North,104.53,47.64,56.89,More Expensive,Significantly More Expensive,12,1191.64
2024-12-17,PROD00337,Sports,North,16.82,45.75,-28.93,Cheaper,Significantly Cheaper,80,1345.6
2024-12-17,PROD00472,Grocery,South,39.39,30.48,8.91,More Expensive,Significantly More Expensive,41,1291.99
2024-12-17,PROD00854,Fashion,East,43.82,67.54,-23.720000000000006,Cheaper,Significantly Cheaper,28,1226.96
2024-12-18,PROD01073,Home & Kitchen,North,76.11,14.5,61.61,More Expensive,Significantly More Expensive,15,1084.57
2024-12-18,PROD00097,Home & Kitchen,East,23.48,5.36,18.12,More Expensive,Significantly More Expensive,28,591.7
2024-12-18,PROD00277,Toys,East,28.83,20.52,8.309999999999999,More Expensive,Significantly More Expensive,34,882.2
2024-12-18,PROD00822,Fashion,East,49.59,26.62,22.970000000000002,More Expensive,Significantly More Expensive,57,2119.97
2024-12-18,PROD00049,Home & Kitchen,East,30.62,21.59,9.030000000000001,More Expensive,Significantly More Expensive,44,943.1
2024-12-18,PROD00795,Fashion,South,45.06,16.26,28.8,More Expensive,Significantly More Expensive,55,2354.39
2024-12-18,PROD01053,Toys,West,32.97,32.33,0.6400000000000006,Similar,Normal Competitive Range,28,738.53
2024-12-19,PROD00031,Toys,South,28.78,8.96,19.82,More Expensive,Significantly More Expensive,24,552.58
2024-12-19,PROD00251,Beauty,West,24.94,13.13,11.81,More Expensive,Significantly More Expensive,115,2151.08
2024-12-19,PROD00098,Toys,South,15.94,68.37,-52.43000000000001,Cheaper,Significantly Cheaper,48,726.86
2024-12-19,PROD00991,Books,West,24.44,54.04,-29.599999999999998,Cheaper,Significantly Cheaper,60,1099.8
2024-12-19,PROD00242,Beauty,North,18.78,46.09,-27.310000000000002,Cheaper,Significantly Cheaper,47,794.39
2024-12-19,PROD01187,Books,Central,22.74,31.31,-8.57,Cheaper,Significantly Cheaper,16,291.07
2024-12-19,PROD00610,Beauty,Central,15.49,54.21,-38.72,Cheaper,Significantly Cheaper,28,390.35
2024-12-20,PROD00009,Fashion,West,20.47,31.22,-10.75,Cheaper,Significantly Cheaper,40,777.86
2024-12-20,PROD01142,Grocery,Central,98.3,25.15,73.15,More Expensive,Significantly More Expensive,11,919.1
2024-12-20,PROD00296,Electronics,North,58.41,17.27,41.14,More Expensive,Significantly More Expensive,73,3837.54
2024-12-20,PROD01008,Grocery,West,80.93,39.19,41.74000000000001,More Expensive,Significantly More Expensive,40,2751.62
2024-12-20,PROD00621,Books,North,119.85,36.24,83.60999999999999,More Expensive,Significantly More Expensive,6,683.14
2024-12-20,PROD00558,Toys,Central,63.43,16.09,47.34,More Expensive,Significantly More Expensive,8,431.32
2024-12-20,PROD00615,Toys,West,32.75,116.95,-84.2,Cheaper,Significantly Cheaper,29,854.78
2024-12-21,PROD01084,Toys,East,19.86,93.46,-73.6,Cheaper,Significantly Cheaper,49,778.51
2024-12-21,PROD01055,Toys,North,51.53,21.11,30.42,More Expensive,Significantly More Expensive,21,919.81
2024-12-21,PROD00810,Home & Kitchen,West,57.39,37.13,20.259999999999998,More Expensive,Significantly More Expensive,71,3667.22
2024-12-21,PROD00264,Sports,North,50.83,37.09,13.739999999999995,More Expensive,Significantly More Expensive,18,777.7
2024-12-21,PROD00640,Beauty,Central,100.91,28.38,72.53,More Expensive,Significantly More Expensive,9,862.78
2024-12-21,PROD01111,Beauty,East,12.08,65.78,-53.7,Cheaper,Significantly Cheaper,69,791.84
2024-12-21,PROD00877,Grocery,East,22.54,38.7,-16.160000000000004,Cheaper,Significantly Cheaper,53,1075.16
2024-12-21,PROD00251,Toys,East,58.74,16.6,42.14,More Expensive,Significantly More Expensive,20,1174.8
2024-12-21,PROD00289,Grocery,West,22.39,31.99,-9.599999999999998,Cheaper,Significantly Cheaper,73,1307.58
2024-12-21,PROD00367,Toys,East,19.42,11.54,7.880000000000003,More Expensive,Significantly More Expensive,52,1009.84
2024-12-22,PROD00486,Sports,South,24.08,34.89,-10.810000000000002,Cheaper,Significantly Cheaper,33,715.18
2024-12-22,PROD00173,Electronics,North,58.81,42.94,15.870000000000005,More Expensive,Significantly More Expensive,40,2352.4
2024-12-22,PROD00542,Toys,Central,40.97,15.47,25.5,More Expensive,Significantly More Expensive,42,1720.74
2024-12-22,PROD00728,Home & Kitchen,East,16.48,18.57,-2.09,Cheaper,Normal Competitive Range,64,896.51
2024-12-23,PROD00780,Beauty,East,114.47,18.6,95.87,More Expensive,Significantly More Expensive,6,652.48
2024-12-23,PROD00820,Beauty,Central,16.66,34.21,-17.55,Cheaper,Significantly Cheaper,26,433.16
2024-12-23,PROD00441,Toys,North,8.95,38.59,-29.640000000000004,Cheaper,Significantly Cheaper,46,329.36
2024-12-23,PROD00854,Sports,East,83.21,19.41,63.8,More Expensive,Significantly More Expensive,16,1264.79
2024-12-23,PROD01181,Home & Kitchen,Central,25.3,49.64,-24.34,Cheaper,Significantly Cheaper,37,889.3
2024-12-23,PROD00172,Beauty,South,40.73,20.32,20.409999999999997,More Expensive,Significantly More Expensive,25,967.34
2024-12-23,PROD01073,Books,South,14.88,12.59,2.290000000000001,More Expensive,Normal Competitive Range,36,428.54
2024-12-23,PROD00990,Books,West,16.12,38.02,-21.900000000000002,Cheaper,Significantly Cheaper,59,760.86
2024-12-23,PROD00616,Books,South,24.43,40.33,-15.899999999999999,Cheaper,Significantly Cheaper,26,539.9
2024-12-24,PROD01019,Electronics,South,31.2,16.6,14.599999999999998,More Expensive,Significantly More Expensive,77,2042.04
2024-12-24,PROD01187,Fashion,Central,31.19,39.8,-8.609999999999996,Cheaper,Significantly Cheaper,33,977.81
2024-12-24,PROD00825,Toys,Central,29.45,39.83,-10.379999999999999,Cheaper,Significantly Cheaper,34,1001.3
2024-12-24,PROD00563,Sports,East,34.03,110.16,-76.13,Cheaper,Significantly Cheaper,42,1286.33
2024-12-24,PROD00528,Home & Kitchen,North,15.96,6.51,9.450000000000001,More Expensive,Significantly More Expensive,27,409.37
2024-12-24,PROD00873,Electronics,South,46.62,13.7,32.92,More Expensive,Significantly More Expensive,109,3811.18
2024-12-25,PROD00747,Sports,North,30.0,7.76,22.240000000000002,More Expensive,Significantly More Expensive,40,1140.0
2024-12-25,PROD00675,Books,West,65.19,43.96,21.229999999999997,More Expensive,Significantly More Expensive,19,1238.61
2024-12-25,PROD00869,Electronics,North,16.69,40.88,-24.19,Cheaper,Significantly Cheaper,73,974.7
2024-12-25,PROD00224,Grocery,North,20.68,20.23,0.4499999999999993,Similar,Normal Competitive Range,30,620.4
2024-12-26,PROD00133,Electronics,East,25.23,57.11,-31.88,Cheaper,Significantly Cheaper,44,943.6
2024-12-26,PROD00983,Fashion,East,16.25,11.86,4.390000000000001,More Expensive,Significantly More Expensive,29,447.69
2024-12-26,PROD00069,Sports,North,30.22,37.8,-7.579999999999998,Cheaper,Significantly Cheaper,21,571.16
2024-12-26,PROD01127,Toys,North,32.84,39.84,-7.0,Cheaper,Normal Competitive Range,21,689.64
2024-12-26,PROD00942,Books,East,44.3,102.29,-57.99000000000001,Cheaper,Significantly Cheaper,20,797.4
2024-12-26,PROD00513,Beauty,West,40.78,16.19,24.59,More Expensive,Significantly More Expensive,31,1264.18
2024-12-26,PROD00475,Fashion,Central,7.59,21.86,-14.27,Cheaper,Significantly Cheaper,33,250.47
2024-12-27,PROD00537,Sports,Central,14.45,11.93,2.5199999999999996,More Expensive,Significantly More Expensive,64,832.32
2024-12-27,PROD00829,Grocery,Central,19.92,32.34,-12.420000000000002,Cheaper,Significantly Cheaper,62,1111.54
2024-12-27,PROD01178,Electronics,West,20.82,44.11,-23.29,Cheaper,Significantly Cheaper,55,1030.59
2024-12-27,PROD00133,Sports,West,21.43,12.98,8.45,More Expensive,Significantly More Expensive,60,1157.22
2024-12-27,PROD00655,Grocery,Central,32.8,17.82,14.979999999999997,More Expensive,Significantly More Expensive,53,1477.64
2024-12-27,PROD00917,Sports,West,30.34,11.18,19.16,More Expensive,Significantly More Expensive,12,364.08
2024-12-27,PROD01099,Fashion,Central,20.06,15.77,4.289999999999999,More Expensive,Significantly More Expensive,42,800.39
2024-12-28,PROD00274,Sports,Central,38.64,31.61,7.030000000000001,More Expensive,Significantly More Expensive,15,550.62
2024-12-28,PROD01138,Sports,East,17.65,8.33,9.319999999999999,More Expensive,Significantly More Expensive,87,1151.66
2024-12-28,PROD01168,Electronics,West,34.63,93.32,-58.68999999999999,Cheaper,Significantly Cheaper,28,921.16
2024-12-28,PROD00973,Electronics,Central,88.31,19.46,68.85,More Expensive,Significantly More Expensive,33,2477.1
2024-12-28,PROD00295,Beauty,Central,28.96,39.99,-11.030000000000001,Cheaper,Significantly Cheaper,34,935.41
2024-12-28,PROD00690,Fashion,West,55.49,24.58,30.910000000000004,More Expensive,Significantly More Expensive,16,843.45
2024-12-28,PROD00872,Toys,East,50.62,35.22,15.399999999999999,More Expensive,Significantly More Expensive,25,949.12
2024-12-28,PROD00029,Grocery,North,59.46,103.92,-44.46,Cheaper,Significantly Cheaper,54,3050.3
2024-12-29,PROD00844,Beauty,North,25.44,36.97,-11.529999999999998,Cheaper,Significantly Cheaper,61,1551.84
2024-12-29,PROD00169,Toys,West,39.18,36.18,3.0,More Expensive,Normal Competitive Range,35,1302.73
2024-12-29,PROD00773,Sports,East,27.11,109.88,-82.77,Cheaper,Significantly Cheaper,28,645.22
2024-12-29,PROD00930,Books,West,40.06,9.57,30.490000000000002,More Expensive,Significantly More Expensive,21,673.01
2024-12-29,PROD01121,Beauty,Central,15.92,35.65,-19.729999999999997,Cheaper,Significantly Cheaper,38,604.96
2024-12-29,PROD00495,Toys,East,25.96,80.62,-54.660000000000004,Cheaper,Significantly Cheaper,28,581.5
2024-12-29,PROD00538,Electronics,North,29.6,52.98,-23.379999999999995,Cheaper,Significantly Cheaper,27,799.2
2024-12-30,PROD01001,Toys,South,16.22,26.7,-10.48,Cheaper,Significantly Cheaper,40,551.48
2024-12-30,PROD00226,Fashion,Central,52.58,58.26,-5.68,Cheaper,Normal Competitive Range,37,1653.64
2024-12-30,PROD00779,Grocery,East,32.98,21.2,11.779999999999998,More Expensive,Significantly More Expensive,83,2463.61
2024-12-30,PROD01087,Grocery,West,46.82,35.28,11.54,More Expensive,Significantly More Expensive,42,1671.47
2024-12-30,PROD00074,Home & Kitchen,East,17.67,15.74,1.9300000000000015,More Expensive,Normal Competitive Range,51,811.05
2024-12-31,PROD00653,Home & Kitchen,Central,28.52,14.32,14.2,More Expensive,Significantly More Expensive,48,1300.51
2025-01-01,PROD00347,Grocery,Central,56.83,32.27,24.559999999999995,More Expensive,Significantly More Expensive,31,1497.47
2025-01-01,PROD00038,Grocery,South,26.63,32.91,-6.279999999999998,Cheaper,Normal Competitive Range,55,1318.18
2025-01-01,PROD00070,Grocery,West,85.56,35.29,50.27,More Expensive,Significantly More Expensive,8,616.03
2025-01-01,PROD00197,Toys,East,10.76,87.44,-76.67999999999999,Cheaper,Significantly Cheaper,55,414.26
2025-01-01,PROD00767,Sports,West,55.56,23.6,31.96,More Expensive,Significantly More Expensive,24,1200.1
2025-01-01,PROD00351,Grocery,West,26.14,11.61,14.530000000000001,More Expensive,Significantly More Expensive,28,622.13
2025-01-03,PROD00953,Toys,South,94.04,39.32,54.720000000000006,More Expensive,Significantly More Expensive,8,639.47
2025-01-03,PROD01166,Beauty,South,26.41,10.66,15.75,More Expensive,Significantly More Expensive,27,606.11
2025-01-03,PROD00150,Electronics,South,27.2,35.4,-8.2,Cheaper,Significantly Cheaper,66,1346.4
2025-01-04,PROD00480,Toys,West,76.1,53.02,23.07999999999999,More Expensive,Significantly More Expensive,10,570.75
2025-01-04,PROD00669,Electronics,South,18.29,31.25,-12.96,Cheaper,Significantly Cheaper,65,1188.85
2025-01-04,PROD00924,Electronics,Central,24.5,21.58,2.9200000000000017,More Expensive,Normal Competitive Range,68,1582.7
2025-01-04,PROD00549,Grocery,West,16.84,42.66,-25.819999999999997,Cheaper,Significantly Cheaper,44,740.96
2025-01-04,PROD00869,Fashion,West,56.78,53.36,3.4200000000000017,More Expensive,Normal Competitive Range,16,863.06
2025-01-04,PROD01069,Books,West,46.98,9.9,37.08,More Expensive,Significantly More Expensive,17,758.73
2025-01-04,PROD01102,Home & Kitchen,North,29.87,13.28,16.590000000000003,More Expensive,Significantly More Expensive,31,879.67
2025-01-04,PROD00543,Electronics,Central,14.43,17.93,-3.5,Cheaper,Normal Competitive Range,42,606.06
2025-01-05,PROD00254,Fashion,East,56.07,38.86,17.21,More Expensive,Significantly More Expensive,38,1704.53
2025-01-05,PROD01042,Home & Kitchen,South,38.9,41.56,-2.6600000000000037,Cheaper,Normal Competitive Range,46,1610.46
2025-01-05,PROD00464,Home & Kitchen,East,34.19,18.18,16.009999999999998,More Expensive,Significantly More Expensive,24,779.53
2025-01-05,PROD00165,Sports,West,15.6,22.86,-7.26,Cheaper,Significantly Cheaper,93,1305.72
2025-01-05,PROD00547,Fashion,Central,75.81,19.02,56.790000000000006,More Expensive,Significantly More Expensive,12,773.26
2025-01-05,PROD00809,Beauty,South,62.89,27.39,35.5,More Expensive,Significantly More Expensive,25,1179.19
2025-01-05,PROD01102,Books,South,12.35,24.64,-12.290000000000001,Cheaper,Significantly Cheaper,31,287.14
2025-01-06,PROD00783,Home & Kitchen,Central,55.99,30.5,25.490000000000002,More Expensive,Significantly More Expensive,43,2287.19
2025-01-06,PROD01175,Grocery,West,30.86,5.11,25.75,More Expensive,Significantly More Expensive,66,1731.25
2025-01-06,PROD00331,Sports,East,54.2,17.23,36.97,More Expensive,Significantly More Expensive,19,875.33
2025-01-07,PROD01001,Electronics,Central,69.89,47.42,22.47,More Expensive,Significantly More Expensive,17,1128.72
2025-01-07,PROD00436,Fashion,North,18.43,29.56,-11.129999999999999,Cheaper,Significantly Cheaper,44,729.83
2025-01-07,PROD00508,Grocery,East,17.84,39.02,-21.180000000000003,Cheaper,Significantly Cheaper,27,481.68
2025-01-07,PROD00346,Grocery,West,13.8,29.55,-15.75,Cheaper,Significantly Cheaper,45,621.0
2025-01-07,PROD00601,Grocery,North,22.81,18.98,3.8299999999999983,More Expensive,Significantly More Expensive,53,1208.93
2025-01-07,PROD00408,Home & Kitchen,Central,47.65,47.86,-0.21000000000000085,Similar,Normal Competitive Range,51,1944.12
2025-01-07,PROD00769,Home & Kitchen,South,134.36,52.9,81.46000000000001,More Expensive,Significantly More Expensive,8,1074.88
2025-01-07,PROD00073,Fashion,West,23.02,22.43,0.5899999999999999,Similar,Normal Competitive Range,22,405.15
2025-01-07,PROD00566,Grocery,North,9.24,41.6,-32.36,Cheaper,Significantly Cheaper,95,790.02
2025-01-08,PROD00868,Home & Kitchen,North,11.4,50.28,-38.88,Cheaper,Significantly Cheaper,81,692.55
2025-01-08,PROD00327,Grocery,West,24.92,26.65,-1.7299999999999969,Cheaper,Normal Competitive Range,77,1439.13
2025-01-08,PROD00521,Grocery,South,11.65,65.97,-54.32,Cheaper,Significantly Cheaper,125,1019.37
2025-01-08,PROD00043,Books,South,24.32,35.4,-11.079999999999998,Cheaper,Significantly Cheaper,23,559.36
2025-01-08,PROD00715,Fashion,Central,31.15,32.26,-1.1099999999999994,Similar,Normal Competitive Range,39,971.88
2025-01-08,PROD00553,Grocery,East,26.45,20.89,5.559999999999999,More Expensive,Significantly More Expensive,36,904.59
2025-01-08,PROD00704,Fashion,West,34.78,12.51,22.270000000000003,More Expensive,Significantly More Expensive,32,1112.96
2025-01-09,PROD00200,Beauty,Central,43.77,31.97,11.800000000000004,More Expensive,Significantly More Expensive,40,1488.18
2025-01-09,PROD01022,Sports,East,109.75,74.66,35.09,More Expensive,Significantly More Expensive,9,790.2
2025-01-09,PROD01051,Sports,North,49.9,45.17,4.729999999999997,More Expensive,Normal Competitive Range,13,551.4
2025-01-09,PROD00511,Toys,Central,16.59,40.46,-23.87,Cheaper,Significantly Cheaper,39,485.26
2025-01-09,PROD01069,Beauty,North,62.11,33.43,28.68,More Expensive,Significantly More Expensive,17,897.49
2025-01-09,PROD00248,Books,Central,31.79,22.2,9.59,More Expensive,Significantly More Expensive,41,1303.39
2025-01-09,PROD00592,Home & Kitchen,North,41.93,8.92,33.01,More Expensive,Significantly More Expensive,20,712.81
2025-01-10,PROD00559,Fashion,North,53.44,51.3,2.1400000000000006,Similar,Normal Competitive Range,31,1408.14
2025-01-10,PROD00774,Beauty,North,16.02,25.73,-9.71,Cheaper,Significantly Cheaper,42,605.56
2025-01-10,PROD00983,Home & Kitchen,East,34.93,15.61,19.32,More Expensive,Significantly More Expensive,26,817.36
2025-01-10,PROD00348,Sports,South,39.22,3.19,36.03,More Expensive,Significantly More Expensive,51,1600.18
2025-01-10,PROD00295,Grocery,North,50.02,14.33,35.690000000000005,More Expensive,Significantly More Expensive,30,1125.45
2025-01-10,PROD01004,Electronics,Central,17.13,73.93,-56.80000000000001,Cheaper,Significantly Cheaper,43,736.59
2025-01-10,PROD00748,Electronics,Central,49.56,15.22,34.34,More Expensive,Significantly More Expensive,56,2636.59
2025-01-11,PROD00646,Sports,Central,27.6,40.63,-13.030000000000001,Cheaper,Significantly Cheaper,24,662.4
2025-01-11,PROD01039,Grocery,Central,18.0,35.72,-17.72,Cheaper,Significantly Cheaper,28,403.2
2025-01-11,PROD00929,Fashion,South,47.27,21.57,25.700000000000003,More Expensive,Significantly More Expensive,40,1701.72
2025-01-11,PROD00970,Grocery,North,70.25,23.5,46.75,More Expensive,Significantly More Expensive,17,1134.54
2025-01-11,PROD00782,Grocery,West,24.8,74.03,-49.230000000000004,Cheaper,Significantly Cheaper,82,1626.88
2025-01-12,PROD00694,Home & Kitchen,North,7.58,11.24,-3.66,Cheaper,Significantly Cheaper,50,360.05
2025-01-12,PROD00363,Toys,Central,67.32,45.27,22.04999999999999,More Expensive,Significantly More Expensive,18,908.82
2025-01-12,PROD00623,Beauty,South,39.31,83.97,-44.66,Cheaper,Significantly Cheaper,47,1755.19
2025-01-12,PROD00357,Fashion,South,59.39,26.32,33.07,More Expensive,Significantly More Expensive,17,807.7
2025-01-12,PROD00909,Fashion,South,29.46,10.86,18.6,More Expensive,Significantly More Expensive,55,1215.22
2025-01-12,PROD00508,Toys,Central,9.64,25.05,-15.41,Cheaper,Significantly Cheaper,65,501.28
2025-01-13,PROD00868,Electronics,South,46.91,51.23,-4.32,Cheaper,Normal Competitive Range,19,891.29
2025-01-13,PROD00509,Beauty,North,43.42,69.65,-26.230000000000004,Cheaper,Significantly Cheaper,36,1563.12
2025-01-13,PROD00763,Grocery,South,34.11,19.26,14.849999999999998,More Expensive,Significantly More Expensive,71,2058.54
2025-01-13,PROD00724,Fashion,East,50.49,66.19,-15.699999999999996,Cheaper,Significantly Cheaper,19,863.38
2025-01-13,PROD00093,Grocery,North,46.48,32.17,14.309999999999995,More Expensive,Significantly More Expensive,93,3674.24
2025-01-13,PROD00382,Beauty,Central,24.98,17.96,7.02,More Expensive,Significantly More Expensive,60,1273.98
2025-01-14,PROD00591,Toys,North,29.9,14.11,15.79,More Expensive,Significantly More Expensive,24,645.84
2025-01-14,PROD00142,Grocery,North,10.64,33.93,-23.29,Cheaper,Significantly Cheaper,54,517.1
2025-01-14,PROD00717,Toys,West,24.78,13.5,11.280000000000001,More Expensive,Significantly More Expensive,22,463.39
2025-01-14,PROD00317,Sports,West,25.13,29.0,-3.870000000000001,Cheaper,Normal Competitive Range,37,743.85
2025-01-14,PROD00507,Sports,South,23.08,37.86,-14.780000000000001,Cheaper,Significantly Cheaper,51,1059.37
2025-01-14,PROD00719,Sports,West,39.5,50.46,-10.96,Cheaper,Significantly Cheaper,38,1350.9
2025-01-14,PROD00864,Home & Kitchen,Central,19.18,60.34,-41.160000000000004,Cheaper,Significantly Cheaper,32,429.63
2025-01-14,PROD00938,Sports,East,69.22,23.73,45.489999999999995,More Expensive,Significantly More Expensive,7,484.54
2025-01-14,PROD00021,Electronics,West,24.5,21.8,2.6999999999999993,More Expensive,Normal Competitive Range,67,1477.35
2025-01-14,PROD00149,Electronics,East,43.99,29.68,14.310000000000002,More Expensive,Significantly More Expensive,49,1724.41
2025-01-15,PROD00868,Grocery,East,58.26,39.52,18.739999999999995,More Expensive,Significantly More Expensive,25,1456.5
2025-01-15,PROD00070,Sports,Central,34.51,94.21,-59.699999999999996,Cheaper,Significantly Cheaper,39,1278.6
2025-01-15,PROD00494,Sports,East,21.81,17.9,3.91,More Expensive,Significantly More Expensive,42,778.62
2025-01-15,PROD00919,Sports,Central,42.12,55.23,-13.11,Cheaper,Significantly Cheaper,39,1396.28
2025-01-15,PROD01105,Fashion,North,59.31,28.61,30.700000000000003,More Expensive,Significantly More Expensive,23,1159.51
2025-01-15,PROD00167,Grocery,North,40.43,10.78,29.65,More Expensive,Significantly More Expensive,61,1726.36
2025-01-16,PROD00197,Sports,East,105.79,29.33,76.46000000000001,More Expensive,Significantly More Expensive,8,804.0
2025-01-16,PROD00095,Grocery,Central,49.8,52.69,-2.8900000000000006,Cheaper,Normal Competitive Range,29,1299.78
2025-01-17,PROD00326,Home & Kitchen,South,24.63,32.59,-7.960000000000004,Cheaper,Significantly Cheaper,55,1219.18
2025-01-17,PROD00762,Books,South,25.04,27.14,-2.1000000000000014,Cheaper,Normal Competitive Range,56,1121.79
2025-01-17,PROD00421,Grocery,North,67.61,25.36,42.25,More Expensive,Significantly More Expensive,16,919.5
2025-01-17,PROD00992,Sports,Central,32.4,34.53,-2.1300000000000026,Cheaper,Normal Competitive Range,36,991.44
2025-01-17,PROD00785,Sports,Central,9.97,14.23,-4.26,Cheaper,Significantly Cheaper,38,322.03
2025-01-18,PROD01027,Fashion,West,36.73,25.66,11.069999999999997,More Expensive,Significantly More Expensive,33,1030.28
2025-01-18,PROD00766,Books,South,67.82,11.63,56.18999999999999,More Expensive,Significantly More Expensive,19,1030.86
2025-01-18,PROD01188,Home & Kitchen,South,38.63,11.5,27.130000000000003,More Expensive,Significantly More Expensive,41,1346.26
2025-01-19,PROD00904,Beauty,Central,45.58,12.06,33.519999999999996,More Expensive,Significantly More Expensive,43,1861.94
2025-01-19,PROD01115,Fashion,North,24.55,33.78,-9.23,Cheaper,Significantly Cheaper,28,687.4
2025-01-19,PROD00533,Books,West,21.57,23.38,-1.8099999999999987,Cheaper,Normal Competitive Range,16,327.86
2025-01-19,PROD00819,Books,Central,34.98,10.0,24.979999999999997,More Expensive,Significantly More Expensive,22,577.17
2025-01-19,PROD00262,Fashion,North,204.57,96.71,107.86,More Expensive,Significantly More Expensive,1,184.11
2025-01-20,PROD01056,Toys,East,15.6,29.36,-13.76,Cheaper,Significantly Cheaper,30,468.0
2025-01-20,PROD00827,Beauty,East,16.16,72.13,-55.97,Cheaper,Significantly Cheaper,39,504.19
2025-01-20,PROD01074,Home & Kitchen,Central,22.0,12.4,9.6,More Expensive,Significantly More Expensive,41,721.6
2025-01-20,PROD00219,Fashion,East,28.87,48.55,-19.679999999999996,Cheaper,Significantly Cheaper,42,1030.66
2025-01-21,PROD01042,Beauty,North,19.79,54.9,-35.11,Cheaper,Significantly Cheaper,39,617.45
2025-01-21,PROD01038,Fashion,East,94.12,17.58,76.54,More Expensive,Significantly More Expensive,10,941.2
2025-01-22,PROD00820,Home & Kitchen,Central,34.66,77.48,-42.82000000000001,Cheaper,Significantly Cheaper,33,972.21
2025-01-22,PROD00870,Electronics,North,24.93,16.36,8.57,More Expensive,Significantly More Expensive,41,817.7
2025-01-22,PROD00770,Electronics,Central,56.68,23.36,33.32,More Expensive,Significantly More Expensive,21,892.71
2025-01-22,PROD00279,Home & Kitchen,East,88.75,25.22,63.53,More Expensive,Significantly More Expensive,13,980.69
2025-01-22,PROD01163,Home & Kitchen,Central,52.48,83.3,-30.82,Cheaper,Significantly Cheaper,9,448.7
2025-01-23,PROD00584,Electronics,North,7.61,35.09,-27.480000000000004,Cheaper,Significantly Cheaper,149,1077.2
2025-01-23,PROD00464,Grocery,East,34.91,22.16,12.749999999999996,More Expensive,Significantly More Expensive,36,1256.76
2025-01-23,PROD00233,Grocery,Central,27.21,26.6,0.6099999999999994,Similar,Normal Competitive Range,38,827.18
2025-01-23,PROD00989,Sports,North,42.83,30.58,12.25,More Expensive,Significantly More Expensive,19,813.77
2025-01-23,PROD00463,Fashion,East,35.34,11.5,23.840000000000003,More Expensive,Significantly More Expensive,28,791.62
2025-01-23,PROD00131,Sports,Central,18.58,18.79,-0.21000000000000085,Similar,Normal Competitive Range,116,1831.99
2025-01-24,PROD00127,Books,West,28.24,25.3,2.9399999999999977,More Expensive,Normal Competitive Range,13,367.12
2025-01-24,PROD00923,Home & Kitchen,North,33.59,60.97,-27.379999999999995,Cheaper,Significantly Cheaper,25,713.79
2025-01-24,PROD00891,Home & Kitchen,West,19.02,11.77,7.25,More Expensive,Significantly More Expensive,67,1083.19
2025-01-24,PROD00601,Beauty,West,19.78,17.83,1.9500000000000028,More Expensive,Normal Competitive Range,37,731.86
2025-01-24,PROD00549,Books,South,51.95,36.17,15.780000000000001,More Expensive,Significantly More Expensive,10,519.5
2025-01-24,PROD00060,Electronics,Central,15.05,44.14,-29.09,Cheaper,Significantly Cheaper,48,722.4
2025-01-25,PROD00128,Toys,East,8.32,28.68,-20.36,Cheaper,Significantly Cheaper,48,299.52
2025-01-25,PROD00704,Beauty,East,46.49,47.02,-0.5300000000000011,Similar,Normal Competitive Range,24,1115.76
2025-01-26,PROD00391,Sports,Central,37.93,33.72,4.210000000000001,More Expensive,Normal Competitive Range,37,1403.41
2025-01-26,PROD01105,Toys,West,22.26,35.16,-12.899999999999995,Cheaper,Significantly Cheaper,26,578.76
2025-01-26,PROD00742,Beauty,North,49.23,23.47,25.759999999999998,More Expensive,Significantly More Expensive,33,1299.67
2025-01-26,PROD00829,Sports,North,13.84,21.89,-8.05,Cheaper,Significantly Cheaper,31,386.14
2025-01-26,PROD00247,Beauty,South,67.86,20.82,47.04,More Expensive,Significantly More Expensive,13,793.96
2025-01-26,PROD00639,Sports,Central,43.55,58.85,-15.300000000000004,Cheaper,Significantly Cheaper,17,629.3
2025-01-26,PROD00223,Books,West,43.17,92.57,-49.39999999999999,Cheaper,Significantly Cheaper,11,474.87
2025-01-27,PROD00629,Beauty,East,32.98,10.86,22.119999999999997,More Expensive,Significantly More Expensive,41,1081.74
2025-01-27,PROD00115,Home & Kitchen,North,22.67,6.34,16.330000000000002,More Expensive,Significantly More Expensive,61,968.01
2025-01-27,PROD00544,Fashion,West,45.81,66.59,-20.78,Cheaper,Significantly Cheaper,36,1401.79
2025-01-27,PROD01032,Grocery,North,82.07,26.43,55.63999999999999,More Expensive,Significantly More Expensive,8,656.56
2025-01-27,PROD00108,Fashion,Central,57.65,24.09,33.56,More Expensive,Significantly More Expensive,21,1089.58
2025-01-27,PROD00166,Sports,Central,30.85,22.34,8.510000000000002,More Expensive,Significantly More Expensive,28,820.61
2025-01-28,PROD00564,Grocery,East,11.97,24.49,-12.519999999999998,Cheaper,Significantly Cheaper,47,478.2
2025-01-29,PROD00589,Toys,West,41.52,19.97,21.550000000000004,More Expensive,Significantly More Expensive,21,697.54
2025-01-29,PROD01083,Electronics,North,27.73,40.9,-13.169999999999998,Cheaper,Significantly Cheaper,33,823.58
2025-01-29,PROD00877,Beauty,West,77.44,47.63,29.809999999999995,More Expensive,Significantly More Expensive,15,1103.52
2025-01-29,PROD01072,Home & Kitchen,West,29.63,21.15,8.48,More Expensive,Significantly More Expensive,30,800.01
2025-01-29,PROD01039,Grocery,Central,12.96,23.22,-10.259999999999998,Cheaper,Significantly Cheaper,84,1034.21
2025-01-29,PROD01119,Electronics,North,27.76,33.96,-6.199999999999999,Cheaper,Normal Competitive Range,33,824.47
2025-01-30,PROD00889,Books,East,28.95,42.63,-13.680000000000003,Cheaper,Significantly Cheaper,20,550.05
2025-01-30,PROD01107,Sports,Central,124.6,15.34,109.25999999999999,More Expensive,Significantly More Expensive,3,317.73
2025-01-30,PROD00584,Grocery,West,27.27,31.66,-4.390000000000001,Cheaper,Normal Competitive Range,120,2617.92
2025-01-30,PROD00137,Sports,North,33.17,37.24,-4.07,Cheaper,Normal Competitive Range,46,1373.24
2025-01-30,PROD00234,Books,West,2.88,39.73,-36.849999999999994,Cheaper,Significantly Cheaper,54,147.74
2025-01-31,PROD00194,Books,East,25.95,46.04,-20.09,Cheaper,Significantly Cheaper,52,1146.99
2025-01-31,PROD00486,Beauty,Central,35.71,54.51,-18.799999999999997,Cheaper,Significantly Cheaper,40,1214.14
2025-01-31,PROD00385,Fashion,South,13.75,9.58,4.17,More Expensive,Significantly More Expensive,56,693.0
2025-02-01,PROD00629,Electronics,Central,47.15,23.96,23.189999999999998,More Expensive,Significantly More Expensive,56,1848.28
2025-02-01,PROD00240,Books,South,13.68,16.01,-2.330000000000002,Cheaper,Normal Competitive Range,35,430.92
2025-02-01,PROD01080,Beauty,North,47.58,27.02,20.56,More Expensive,Significantly More Expensive,15,535.28
2025-02-02,PROD00523,Books,North,37.2,94.52,-57.31999999999999,Cheaper,Significantly Cheaper,18,669.6
2025-02-02,PROD00210,Toys,South,61.28,13.23,48.05,More Expensive,Significantly More Expensive,15,781.32
2025-02-02,PROD00508,Fashion,East,9.84,17.51,-7.670000000000002,Cheaper,Significantly Cheaper,99,779.33
2025-02-02,PROD00918,Toys,East,15.94,19.15,-3.209999999999999,Cheaper,Normal Competitive Range,34,433.57
2025-02-02,PROD01103,Beauty,Central,12.99,18.34,-5.35,Cheaper,Significantly Cheaper,51,563.12
2025-02-02,PROD00316,Electronics,South,29.64,62.73,-33.089999999999996,Cheaper,Significantly Cheaper,74,1754.69
2025-02-02,PROD01142,Sports,North,11.7,17.14,-5.440000000000001,Cheaper,Significantly Cheaper,64,748.8
2025-02-03,PROD00013,Fashion,East,30.05,32.44,-2.389999999999997,Cheaper,Normal Competitive Range,58,1568.61
2025-02-03,PROD00028,Grocery,West,50.81,23.59,27.220000000000002,More Expensive,Significantly More Expensive,21,1013.66
2025-02-03,PROD00004,Home & Kitchen,North,26.86,24.5,2.3599999999999994,More Expensive,Normal Competitive Range,49,1118.72
2025-02-03,PROD00408,Sports,South,124.42,18.34,106.08,More Expensive,Significantly More Expensive,4,447.91
2025-02-04,PROD00778,Grocery,North,86.43,16.8,69.63000000000001,More Expensive,Significantly More Expensive,14,907.52
2025-02-04,PROD00163,Beauty,West,51.08,30.04,21.04,More Expensive,Significantly More Expensive,25,1213.15
2025-02-04,PROD00728,Sports,West,28.5,89.08,-60.58,Cheaper,Significantly Cheaper,40,912.0
2025-02-04,PROD00381,Electronics,South,149.12,35.81,113.31,More Expensive,Significantly More Expensive,3,335.52
2025-02-04,PROD00351,Beauty,Central,22.62,40.27,-17.650000000000002,Cheaper,Significantly Cheaper,67,1136.66
2025-02-04,PROD00292,Fashion,North,64.41,63.27,1.1399999999999935,Similar,Normal Competitive Range,44,2267.23
2025-02-05,PROD00657,Fashion,West,12.39,19.65,-7.259999999999998,Cheaper,Significantly Cheaper,21,221.16
2025-02-05,PROD00107,Fashion,East,51.46,38.32,13.14,More Expensive,Significantly More Expensive,22,962.3
2025-02-06,PROD00021,Home & Kitchen,East,33.37,52.22,-18.85,Cheaper,Significantly Cheaper,30,700.77
2025-02-06,PROD00594,Books,South,42.24,80.11,-37.87,Cheaper,Significantly Cheaper,13,466.75
2025-02-06,PROD00373,Home & Kitchen,Central,19.14,45.95,-26.810000000000002,Cheaper,Significantly Cheaper,17,325.38
2025-02-06,PROD00861,Books,East,17.49,27.09,-9.600000000000001,Cheaper,Significantly Cheaper,30,419.76
2025-02-06,PROD00666,Books,East,31.77,23.5,8.27,More Expensive,Significantly More Expensive,39,991.22
2025-02-06,PROD00442,Grocery,West,40.72,23.94,16.779999999999998,More Expensive,Significantly More Expensive,48,1759.1
2025-02-06,PROD00477,Toys,East,27.9,21.06,6.84,More Expensive,Significantly More Expensive,30,837.0
2025-02-06,PROD00169,Fashion,South,13.83,77.73,-63.900000000000006,Cheaper,Significantly Cheaper,47,650.01
2025-02-07,PROD00806,Sports,South,41.01,67.29,-26.28000000000001,Cheaper,Significantly Cheaper,17,592.59
2025-02-07,PROD01037,Toys,South,10.04,50.09,-40.050000000000004,Cheaper,Significantly Cheaper,46,438.75
2025-02-07,PROD00985,Home & Kitchen,North,28.86,60.98,-32.12,Cheaper,Significantly Cheaper,76,1645.02
2025-02-07,PROD00325,Grocery,Central,44.26,27.76,16.499999999999996,More Expensive,Significantly More Expensive,24,956.02
2025-02-07,PROD00717,Fashion,Central,87.34,30.47,56.870000000000005,More Expensive,Significantly More Expensive,14,1039.35
2025-02-07,PROD01183,Grocery,North,52.74,71.54,-18.800000000000004,Cheaper,Significantly Cheaper,20,843.84
2025-02-08,PROD00184,Home & Kitchen,North,29.93,32.73,-2.799999999999997,Cheaper,Normal Competitive Range,40,897.9
2025-02-08,PROD00562,Grocery,West,20.11,9.04,11.07,More Expensive,Significantly More Expensive,23,462.53
2025-02-08,PROD00721,Grocery,North,35.59,35.03,0.5600000000000023,Similar,Normal Competitive Range,50,1601.55
2025-02-08,PROD00893,Grocery,Central,9.46,43.01,-33.55,Cheaper,Significantly Cheaper,96,817.34
2025-02-08,PROD00679,Electronics,North,16.62,69.07,-52.44999999999999,Cheaper,Significantly Cheaper,59,735.44
2025-02-08,PROD00437,Books,West,15.17,13.6,1.5700000000000003,More Expensive,Normal Competitive Range,68,876.83
2025-02-08,PROD00468,Electronics,Central,33.82,32.98,0.8400000000000034,Similar,Normal Competitive Range,35,1124.52
2025-02-08,PROD00789,Books,North,58.38,46.24,12.14,More Expensive,Significantly More Expensive,10,467.04
2025-02-08,PROD00018,Grocery,Central,23.6,7.47,16.130000000000003,More Expensive,Significantly More Expensive,88,1453.76
2025-02-08,PROD00239,Toys,South,51.35,29.19,22.16,More Expensive,Significantly More Expensive,32,1478.88
2025-02-09,PROD00892,Sports,Central,34.08,35.67,-1.5900000000000034,Similar,Normal Competitive Range,45,1380.24
2025-02-09,PROD00336,Home & Kitchen,South,21.59,41.7,-20.110000000000003,Cheaper,Significantly Cheaper,33,641.22
2025-02-09,PROD00881,Books,Central,57.33,43.28,14.049999999999997,More Expensive,Significantly More Expensive,21,902.95
2025-02-09,PROD00313,Home & Kitchen,South,6.89,70.5,-63.61,Cheaper,Significantly Cheaper,25,163.64
2025-02-09,PROD00531,Electronics,Central,9.31,19.03,-9.72,Cheaper,Significantly Cheaper,49,342.14
2025-02-10,PROD00198,Toys,East,12.25,21.61,-9.36,Cheaper,Significantly Cheaper,48,558.6
2025-02-10,PROD00300,Books,East,36.48,21.8,14.679999999999996,More Expensive,Significantly More Expensive,15,465.12
2025-02-10,PROD00604,Toys,West,25.03,36.75,-11.719999999999999,Cheaper,Significantly Cheaper,17,404.23
2025-02-10,PROD00370,Beauty,North,27.31,64.8,-37.489999999999995,Cheaper,Significantly Cheaper,35,908.06
2025-02-10,PROD00669,Grocery,Central,12.38,14.06,-1.6799999999999997,Cheaper,Normal Competitive Range,83,822.03
2025-02-10,PROD00057,Sports,West,21.17,56.34,-35.17,Cheaper,Significantly Cheaper,24,406.46
2025-02-10,PROD00872,Grocery,South,26.33,31.5,-5.170000000000002,Cheaper,Normal Competitive Range,109,2726.47
2025-02-10,PROD00148,Toys,East,12.79,12.96,-0.1700000000000017,Similar,Normal Competitive Range,37,378.58
2025-02-10,PROD00547,Toys,South,17.39,52.47,-35.08,Cheaper,Significantly Cheaper,28,413.88
2025-02-11,PROD00569,Grocery,North,24.22,43.13,-18.910000000000004,Cheaper,Significantly Cheaper,78,1605.79
2025-02-11,PROD01150,Home & Kitchen,East,34.79,28.09,6.699999999999999,More Expensive,Significantly More Expensive,30,887.14
2025-02-11,PROD00296,Beauty,East,11.35,73.79,-62.440000000000005,Cheaper,Significantly Cheaper,94,853.52
2025-02-11,PROD00817,Toys,Central,17.85,17.47,0.38000000000000256,Similar,Normal Competitive Range,36,481.95
2025-02-12,PROD00035,Electronics,East,15.0,81.88,-66.88,Cheaper,Significantly Cheaper,106,1351.5
2025-02-12,PROD00016,Grocery,East,48.02,7.72,40.300000000000004,More Expensive,Significantly More Expensive,29,1392.58
2025-02-12,PROD00970,Home & Kitchen,North,12.68,18.0,-5.32,Cheaper,Significantly Cheaper,21,239.65
2025-02-13,PROD00488,Toys,East,30.44,15.02,15.420000000000002,More Expensive,Significantly More Expensive,33,803.62
2025-02-13,PROD01149,Beauty,East,72.98,89.34,-16.36,Cheaper,Normal Competitive Range,13,806.43
2025-02-13,PROD00197,Home & Kitchen,East,121.32,42.33,78.99,More Expensive,Significantly More Expensive,7,764.32
2025-02-14,PROD00758,Beauty,North,25.5,19.82,5.68,More Expensive,Significantly More Expensive,92,1994.1
2025-02-14,PROD00540,Grocery,South,36.48,15.28,21.199999999999996,More Expensive,Significantly More Expensive,27,837.22
2025-02-14,PROD00941,Toys,Central,95.27,22.23,73.03999999999999,More Expensive,Significantly More Expensive,11,838.38
2025-02-14,PROD00215,Sports,Central,45.14,61.32,-16.18,Cheaper,Significantly Cheaper,22,794.46
2025-02-14,PROD00206,Electronics,West,30.61,38.38,-7.770000000000003,Cheaper,Significantly Cheaper,24,587.71
2025-02-14,PROD00455,Books,East,11.29,37.31,-26.020000000000003,Cheaper,Significantly Cheaper,36,304.83
2025-02-14,PROD00379,Grocery,West,17.86,46.91,-29.049999999999997,Cheaper,Significantly Cheaper,99,1414.51
2025-02-14,PROD00706,Sports,East,50.61,30.33,20.28,More Expensive,Significantly More Expensive,20,860.37
2025-02-15,PROD00048,Toys,South,54.41,18.19,36.22,More Expensive,Significantly More Expensive,13,565.86
2025-02-15,PROD00292,Electronics,South,13.73,9.48,4.25,More Expensive,Significantly More Expensive,58,716.71
2025-02-15,PROD01152,Beauty,East,45.18,25.26,19.919999999999998,More Expensive,Significantly More Expensive,34,1228.9
2025-02-15,PROD00491,Sports,South,110.89,15.86,95.03,More Expensive,Significantly More Expensive,8,798.41
2025-02-15,PROD00208,Home & Kitchen,North,5.89,48.45,-42.56,Cheaper,Significantly Cheaper,83,464.43
2025-02-15,PROD00686,Home & Kitchen,South,28.44,16.05,12.39,More Expensive,Significantly More Expensive,39,831.87
2025-02-15,PROD00826,Home & Kitchen,North,15.28,35.88,-20.6,Cheaper,Significantly Cheaper,22,268.93
2025-02-15,PROD00982,Beauty,West,47.15,18.49,28.66,More Expensive,Significantly More Expensive,9,403.13
2025-02-15,PROD01190,Beauty,Central,15.4,40.87,-25.47,Cheaper,Significantly Cheaper,41,631.4
2025-02-15,PROD00709,Books,South,9.16,8.82,0.33999999999999986,Similar,Normal Competitive Range,31,241.37
2025-02-15,PROD01057,Toys,East,35.73,26.38,9.349999999999998,More Expensive,Significantly More Expensive,35,1062.97
2025-02-15,PROD00419,Fashion,East,40.12,20.63,19.49,More Expensive,Significantly More Expensive,25,1003.0
2025-02-16,PROD00189,Books,North,21.11,9.54,11.57,More Expensive,Significantly More Expensive,21,421.14
2025-02-16,PROD00582,Beauty,East,11.09,30.63,-19.54,Cheaper,Significantly Cheaper,94,886.09
2025-02-16,PROD00330,Books,Central,27.77,16.09,11.68,More Expensive,Significantly More Expensive,32,799.78
2025-02-16,PROD00460,Electronics,South,68.79,21.39,47.400000000000006,More Expensive,Significantly More Expensive,22,1210.7
2025-02-16,PROD00205,Fashion,Central,52.21,31.97,20.240000000000002,More Expensive,Significantly More Expensive,20,939.78
2025-02-16,PROD00398,Books,South,45.95,32.81,13.14,More Expensive,Significantly More Expensive,9,413.55
2025-02-17,PROD00022,Sports,West,76.58,58.54,18.04,More Expensive,Significantly More Expensive,14,1072.12
2025-02-17,PROD00402,Electronics,East,62.55,32.25,30.299999999999997,More Expensive,Significantly More Expensive,25,1407.38
2025-02-17,PROD01154,Fashion,West,38.64,19.14,19.5,More Expensive,Significantly More Expensive,34,1313.76
2025-02-17,PROD00350,Sports,North,37.48,67.34,-29.860000000000007,Cheaper,Significantly Cheaper,27,910.76
2025-02-18,PROD00636,Home & Kitchen,Central,12.83,25.68,-12.85,Cheaper,Significantly Cheaper,53,577.99
2025-02-18,PROD00284,Home & Kitchen,Central,62.99,135.09,-72.1,Cheaper,Significantly Cheaper,15,803.12
2025-02-18,PROD00769,Toys,West,33.04,43.91,-10.869999999999997,Cheaper,Significantly Cheaper,39,901.99
2025-02-18,PROD00480,Home & Kitchen,Central,42.36,42.87,-0.509999999999998,Similar,Normal Competitive Range,58,1719.82
2025-02-18,PROD00331,Grocery,North,20.69,59.93,-39.239999999999995,Cheaper,Significantly Cheaper,31,609.32
2025-02-18,PROD00086,Electronics,South,43.64,28.5,15.14,More Expensive,Significantly More Expensive,27,1001.54
2025-02-18,PROD00329,Fashion,West,66.14,20.4,45.74,More Expensive,Significantly More Expensive,21,1388.94
2025-02-19,PROD00018,Electronics,South,12.98,53.94,-40.959999999999994,Cheaper,Significantly Cheaper,95,1109.79
2025-02-20,PROD01020,Books,Central,53.72,16.16,37.56,More Expensive,Significantly More Expensive,6,273.97
2025-02-20,PROD00697,Books,South,22.62,42.61,-19.99,Cheaper,Significantly Cheaper,22,373.23
2025-02-20,PROD00419,Home & Kitchen,Central,11.53,45.23,-33.699999999999996,Cheaper,Significantly Cheaper,72,581.11
2025-02-20,PROD00669,Beauty,West,21.77,54.78,-33.010000000000005,Cheaper,Significantly Cheaper,25,544.25
2025-02-21,PROD00558,Home & Kitchen,East,26.33,19.76,6.569999999999997,More Expensive,Significantly More Expensive,34,760.94
2025-02-21,PROD00026,Grocery,West,52.09,21.67,30.42,More Expensive,Significantly More Expensive,20,885.53
2025-02-21,PROD00481,Books,West,34.01,21.29,12.719999999999999,More Expensive,Significantly More Expensive,10,340.1
2025-02-21,PROD01055,Books,South,11.88,14.89,-3.01,Cheaper,Significantly Cheaper,35,395.01
2025-02-21,PROD00557,Home & Kitchen,Central,18.89,29.92,-11.030000000000001,Cheaper,Significantly Cheaper,50,897.28
2025-02-21,PROD00950,Electronics,East,85.71,19.9,65.81,More Expensive,Significantly More Expensive,11,848.53
2025-02-22,PROD00692,Toys,North,21.2,28.88,-7.68,Cheaper,Significantly Cheaper,79,1423.58
2025-02-22,PROD00952,Grocery,South,20.76,48.43,-27.669999999999998,Cheaper,Significantly Cheaper,82,1532.09
2025-02-23,PROD00238,Books,South,6.77,28.36,-21.59,Cheaper,Significantly Cheaper,64,433.28
2025-02-24,PROD00834,Fashion,East,55.09,16.15,38.940000000000005,More Expensive,Significantly More Expensive,37,1936.41
2025-02-24,PROD01148,Fashion,Central,31.16,29.41,1.75,More Expensive,Normal Competitive Range,37,922.34
2025-02-24,PROD00153,Electronics,North,21.03,26.76,-5.73,Cheaper,Significantly Cheaper,51,965.28
2025-02-24,PROD00150,Grocery,North,26.78,16.35,10.43,More Expensive,Significantly More Expensive,45,1144.84
2025-02-24,PROD01139,Books,East,30.55,47.16,-16.609999999999996,Cheaper,Significantly Cheaper,20,549.9
2025-02-24,PROD00291,Beauty,Central,33.5,25.18,8.32,More Expensive,Significantly More Expensive,67,1795.6
2025-02-25,PROD01120,Grocery,West,42.42,34.33,8.090000000000003,More Expensive,Significantly More Expensive,113,4074.44
2025-02-26,PROD00647,Toys,West,24.32,25.92,-1.6000000000000014,Cheaper,Normal Competitive Range,44,856.06
2025-02-26,PROD00701,Electronics,East,46.5,29.65,16.85,More Expensive,Significantly More Expensive,48,2120.4
2025-02-26,PROD00426,Electronics,West,186.86,41.76,145.10000000000002,More Expensive,Significantly More Expensive,2,355.03
2025-02-26,PROD00655,Fashion,Central,55.96,28.76,27.2,More Expensive,Significantly More Expensive,23,1222.73
2025-02-26,PROD01068,Sports,West,68.15,67.77,0.38000000000000966,Similar,Normal Competitive Range,13,797.36
2025-02-26,PROD01013,Sports,West,21.13,31.91,-10.780000000000001,Cheaper,Significantly Cheaper,36,646.58
2025-02-27,PROD00716,Beauty,Central,18.6,27.76,-9.16,Cheaper,Significantly Cheaper,36,535.68
2025-02-27,PROD00402,Home & Kitchen,East,9.73,78.17,-68.44,Cheaper,Significantly Cheaper,31,301.63
2025-02-27,PROD00427,Books,North,72.37,23.25,49.120000000000005,More Expensive,Significantly More Expensive,7,481.26
2025-02-27,PROD00349,Fashion,North,13.17,17.82,-4.65,Cheaper,Significantly Cheaper,88,1043.06
2025-02-27,PROD00917,Sports,West,39.43,27.9,11.530000000000001,More Expensive,Significantly More Expensive,24,757.06
2025-02-27,PROD00980,Beauty,East,15.81,9.37,6.440000000000001,More Expensive,Significantly More Expensive,37,584.97
2025-02-27,PROD00721,Fashion,Central,40.38,33.6,6.780000000000001,More Expensive,Significantly More Expensive,33,1265.91
2025-02-27,PROD00566,Home & Kitchen,North,48.77,41.99,6.780000000000001,More Expensive,Normal Competitive Range,39,1521.62
2025-02-27,PROD00169,Home & Kitchen,North,117.34,44.73,72.61000000000001,More Expensive,Significantly More Expensive,5,528.03
2025-02-27,PROD00807,Books,West,50.22,15.12,35.1,More Expensive,Significantly More Expensive,16,723.17
2025-02-28,PROD00742,Fashion,East,14.11,61.5,-47.39,Cheaper,Significantly Cheaper,126,1244.5
2025-02-28,PROD00571,Electronics,South,21.2,77.66,-56.459999999999994,Cheaper,Significantly Cheaper,48,1017.6
2025-02-28,PROD00951,Toys,West,36.58,31.77,4.809999999999999,More Expensive,Normal Competitive Range,39,1212.63
2025-02-28,PROD01115,Electronics,South,25.78,65.78,-40.0,Cheaper,Significantly Cheaper,48,1051.82
2025-02-28,PROD01089,Fashion,West,7.77,41.01,-33.239999999999995,Cheaper,Significantly Cheaper,93,578.09
2025-02-28,PROD01133,Sports,Central,28.43,60.47,-32.04,Cheaper,Significantly Cheaper,27,652.47
2025-03-01,PROD00859,Electronics,South,23.25,27.26,-4.010000000000002,Cheaper,Normal Competitive Range,48,781.2
2025-03-01,PROD00368,Home & Kitchen,East,17.71,12.1,5.610000000000001,More Expensive,Significantly More Expensive,82,1307.0
2025-03-01,PROD00396,Sports,North,16.34,22.52,-6.18,Cheaper,Significantly Cheaper,34,527.78
2025-03-02,PROD00209,Books,South,22.49,34.18,-11.690000000000001,Cheaper,Significantly Cheaper,10,202.41
2025-03-02,PROD00871,Sports,Central,31.02,20.03,10.989999999999998,More Expensive,Significantly More Expensive,30,837.54
2025-03-02,PROD00593,Toys,East,36.71,21.72,14.990000000000002,More Expensive,Significantly More Expensive,38,1185.73
2025-03-02,PROD00980,Electronics,West,31.53,19.27,12.260000000000002,More Expensive,Significantly More Expensive,63,1986.39
2025-03-02,PROD01032,Home & Kitchen,North,24.68,21.18,3.5,More Expensive,Normal Competitive Range,46,1078.52
2025-03-02,PROD00692,Books,North,52.26,11.85,40.41,More Expensive,Significantly More Expensive,18,893.65
2025-03-03,PROD00515,Home & Kitchen,Central,35.31,37.06,-1.75,Similar,Normal Competitive Range,36,1080.49
2025-03-03,PROD00556,Sports,East,20.8,13.0,7.800000000000001,More Expensive,Significantly More Expensive,76,1264.64
2025-03-03,PROD00964,Home & Kitchen,East,14.17,83.8,-69.63,Cheaper,Significantly Cheaper,33,420.85
2025-03-03,PROD00444,Fashion,Central,17.48,42.37,-24.889999999999997,Cheaper,Significantly Cheaper,78,1295.27
2025-03-03,PROD01090,Sports,South,14.1,31.56,-17.46,Cheaper,Significantly Cheaper,80,902.4
2025-03-03,PROD00687,Sports,South,44.38,39.1,5.280000000000001,More Expensive,Normal Competitive Range,30,998.55
2025-03-04,PROD00459,Beauty,South,16.53,9.39,7.140000000000001,More Expensive,Significantly More Expensive,86,1279.42
2025-03-04,PROD00286,Books,West,34.76,16.11,18.65,More Expensive,Significantly More Expensive,21,656.96
2025-03-04,PROD00386,Books,Central,18.54,53.14,-34.6,Cheaper,Significantly Cheaper,22,387.49
2025-03-04,PROD01094,Home & Kitchen,North,21.17,59.11,-37.94,Cheaper,Significantly Cheaper,51,971.7
2025-03-04,PROD00730,Electronics,Central,26.26,27.84,-1.5799999999999983,Cheaper,Normal Competitive Range,52,1160.69
2025-03-04,PROD00237,Beauty,East,15.8,59.59,-43.790000000000006,Cheaper,Significantly Cheaper,62,979.6
2025-03-05,PROD00904,Fashion,North,27.47,17.22,10.25,More Expensive,Significantly More Expensive,36,692.24
2025-03-05,PROD00070,Beauty,North,17.68,13.31,4.369999999999999,More Expensive,Significantly More Expensive,45,676.26
2025-03-05,PROD00315,Electronics,West,30.96,37.15,-6.189999999999998,Cheaper,Normal Competitive Range,50,1315.8
2025-03-05,PROD00207,Fashion,South,22.8,23.26,-0.46000000000000085,Similar,Normal Competitive Range,42,861.84
2025-03-05,PROD00437,Electronics,North,12.38,95.3,-82.92,Cheaper,Significantly Cheaper,108,1069.63
2025-03-06,PROD00628,Toys,Central,42.76,28.08,14.68,More Expensive,Significantly More Expensive,15,545.19
2025-03-06,PROD00652,Beauty,Central,9.13,89.61,-80.48,Cheaper,Significantly Cheaper,37,304.03
2025-03-06,PROD00986,Books,West,12.38,30.03,-17.65,Cheaper,Significantly Cheaper,54,501.39
2025-03-06,PROD00444,Books,East,31.23,18.1,13.129999999999999,More Expensive,Significantly More Expensive,17,530.91
2025-03-06,PROD00486,Fashion,South,66.9,110.62,-43.72,Cheaper,Significantly Cheaper,16,802.8
2025-03-06,PROD01157,Home & Kitchen,East,13.05,17.9,-4.849999999999998,Cheaper,Significantly Cheaper,25,277.31
2025-03-06,PROD01006,Grocery,South,39.44,12.57,26.869999999999997,More Expensive,Significantly More Expensive,29,972.2
2025-03-07,PROD00679,Books,North,45.17,25.89,19.28,More Expensive,Significantly More Expensive,13,528.49
2025-03-07,PROD00443,Home & Kitchen,North,29.46,95.9,-66.44,Cheaper,Significantly Cheaper,43,1076.76
2025-03-07,PROD00712,Fashion,North,22.72,82.18,-59.46000000000001,Cheaper,Significantly Cheaper,36,777.02
2025-03-07,PROD00748,Toys,North,50.55,58.79,-8.240000000000002,Cheaper,Normal Competitive Range,27,1091.88
2025-03-08,PROD00975,Books,Central,90.76,99.4,-8.64,Cheaper,Normal Competitive Range,9,816.84
2025-03-08,PROD00670,Beauty,North,22.03,16.84,5.190000000000001,More Expensive,Significantly More Expensive,22,484.66
2025-03-08,PROD01003,Toys,North,42.83,42.14,0.6899999999999977,Similar,Normal Competitive Range,22,753.81
2025-03-08,PROD00021,Sports,East,25.49,24.32,1.1699999999999982,Similar,Normal Competitive Range,56,1427.44
2025-03-08,PROD01092,Fashion,North,58.08,21.11,36.97,More Expensive,Significantly More Expensive,54,2822.69
2025-03-08,PROD00232,Toys,South,55.3,20.83,34.47,More Expensive,Significantly More Expensive,36,1393.56
2025-03-08,PROD00180,Fashion,Central,18.22,39.65,-21.43,Cheaper,Significantly Cheaper,49,669.58
2025-03-09,PROD00758,Toys,North,12.14,10.25,1.8900000000000006,More Expensive,Normal Competitive Range,36,349.63
2025-03-09,PROD00734,Books,East,53.78,26.4,27.380000000000003,More Expensive,Significantly More Expensive,17,685.7
2025-03-09,PROD00764,Fashion,West,29.63,21.43,8.2,More Expensive,Significantly More Expensive,24,568.9
2025-03-09,PROD00625,Home & Kitchen,South,39.32,21.4,17.92,More Expensive,Significantly More Expensive,53,1875.56
2025-03-10,PROD00287,Fashion,Central,26.58,137.19,-110.61,Cheaper,Significantly Cheaper,43,1028.65
2025-03-10,PROD00237,Electronics,East,27.12,32.02,-4.900000000000002,Cheaper,Normal Competitive Range,27,732.24
2025-03-10,PROD00473,Grocery,North,57.97,39.82,18.15,More Expensive,Significantly More Expensive,26,1281.14
2025-03-10,PROD00384,Home & Kitchen,Central,50.9,55.03,-4.130000000000003,Cheaper,Normal Competitive Range,45,1832.4
2025-03-10,PROD00680,Electronics,East,85.29,23.33,61.96000000000001,More Expensive,Significantly More Expensive,31,2379.59
2025-03-10,PROD00027,Grocery,South,20.79,80.56,-59.77,Cheaper,Significantly Cheaper,73,1517.67
2025-03-10,PROD01034,Beauty,East,31.8,28.97,2.830000000000002,More Expensive,Normal Competitive Range,51,1297.44
2025-03-10,PROD00724,Home & Kitchen,North,26.3,50.76,-24.459999999999997,Cheaper,Significantly Cheaper,46,907.35
2025-03-11,PROD00278,Fashion,North,57.55,26.06,31.49,More Expensive,Significantly More Expensive,30,1553.85
2025-03-11,PROD00085,Electronics,Central,46.79,9.65,37.14,More Expensive,Significantly More Expensive,29,1085.53
2025-03-11,PROD00358,Beauty,Central,117.88,10.41,107.47,More Expensive,Significantly More Expensive,12,1131.65
2025-03-12,PROD00136,Fashion,Central,37.74,18.21,19.53,More Expensive,Significantly More Expensive,26,686.87
2025-03-12,PROD00794,Toys,North,21.38,33.03,-11.650000000000002,Cheaper,Significantly Cheaper,26,528.09
2025-03-12,PROD00804,Grocery,West,36.56,31.75,4.810000000000002,More Expensive,Normal Competitive Range,35,1279.6
2025-03-12,PROD00649,Beauty,North,15.38,52.59,-37.21,Cheaper,Significantly Cheaper,83,1212.71
2025-03-12,PROD01102,Books,Central,33.41,17.46,15.949999999999996,More Expensive,Significantly More Expensive,27,721.66
2025-03-12,PROD00138,Fashion,Central,24.0,27.52,-3.5199999999999996,Cheaper,Normal Competitive Range,77,1848.0
2025-03-12,PROD00482,Electronics,East,16.23,47.06,-30.830000000000002,Cheaper,Significantly Cheaper,53,731.16
2025-03-13,PROD00962,Sports,Central,26.17,26.08,0.09000000000000341,Similar,Normal Competitive Range,73,1432.81
2025-03-14,PROD00543,Fashion,North,5.41,22.85,-17.44,Cheaper,Significantly Cheaper,71,326.49
2025-03-14,PROD00981,Home & Kitchen,South,140.66,14.77,125.89,More Expensive,Significantly More Expensive,5,597.8
2025-03-14,PROD01088,Beauty,South,19.03,12.7,6.330000000000002,More Expensive,Significantly More Expensive,41,702.21
2025-03-14,PROD00102,Home & Kitchen,Central,45.32,47.72,-2.3999999999999986,Cheaper,Normal Competitive Range,21,951.72
2025-03-14,PROD00588,Books,Central,25.9,22.46,3.4399999999999977,More Expensive,Normal Competitive Range,34,660.45
2025-03-14,PROD00912,Grocery,North,13.96,136.55,-122.59,Cheaper,Significantly Cheaper,124,1384.83
2025-03-15,PROD00731,Home & Kitchen,East,27.32,37.22,-9.899999999999999,Cheaper,Significantly Cheaper,47,1091.43
2025-03-15,PROD00387,Home & Kitchen,South,21.57,28.5,-6.93,Cheaper,Significantly Cheaper,39,757.11
2025-03-15,PROD00953,Books,Central,26.04,42.76,-16.72,Cheaper,Significantly Cheaper,21,546.84
2025-03-15,PROD00481,Beauty,South,40.17,10.45,29.720000000000002,More Expensive,Significantly More Expensive,31,996.22
2025-03-15,PROD00256,Grocery,East,17.76,12.51,5.250000000000002,More Expensive,Significantly More Expensive,31,385.39
2025-03-15,PROD01066,Grocery,North,97.54,64.66,32.88000000000001,More Expensive,Significantly More Expensive,16,1248.51
2025-03-16,PROD00904,Sports,Central,35.55,34.35,1.1999999999999957,Similar,Normal Competitive Range,18,639.9
2025-03-16,PROD01108,Beauty,South,124.33,22.44,101.89,More Expensive,Significantly More Expensive,4,372.99
2025-03-16,PROD00706,Electronics,East,59.49,39.16,20.330000000000005,More Expensive,Significantly More Expensive,30,1338.52
2025-03-17,PROD00611,Fashion,South,61.08,23.88,37.2,More Expensive,Significantly More Expensive,28,1539.22
2025-03-17,PROD00041,Home & Kitchen,South,39.89,17.51,22.38,More Expensive,Significantly More Expensive,38,1212.66
2025-03-17,PROD01065,Fashion,South,40.94,23.15,17.79,More Expensive,Significantly More Expensive,34,1322.36
2025-03-17,PROD00001,Sports,East,28.3,65.8,-37.5,Cheaper,Significantly Cheaper,32,815.04
2025-03-17,PROD00761,Sports,East,21.5,95.85,-74.35,Cheaper,Significantly Cheaper,66,1064.25
2025-03-18,PROD00875,Electronics,North,45.19,92.36,-47.17,Cheaper,Significantly Cheaper,26,1116.19
2025-03-18,PROD00411,Sports,West,39.61,33.8,5.810000000000002,More Expensive,Normal Competitive Range,39,1390.31
2025-03-18,PROD00419,Sports,East,12.47,98.51,-86.04,Cheaper,Significantly Cheaper,56,663.4
2025-03-18,PROD01026,Sports,South,23.82,42.17,-18.35,Cheaper,Significantly Cheaper,17,404.94
2025-03-19,PROD00040,Fashion,East,55.46,34.65,20.810000000000002,More Expensive,Significantly More Expensive,27,1422.55
2025-03-19,PROD00808,Electronics,East,42.37,131.25,-88.88,Cheaper,Significantly Cheaper,29,1105.86
2025-03-19,PROD00496,Electronics,South,69.39,87.68,-18.290000000000006,Cheaper,Significantly Cheaper,44,2747.84
2025-03-19,PROD00539,Books,Central,62.26,70.57,-8.309999999999995,Cheaper,Normal Competitive Range,11,616.37
2025-03-19,PROD01034,Grocery,Central,31.08,10.39,20.689999999999998,More Expensive,Significantly More Expensive,100,2175.6
2025-03-19,PROD00624,Home & Kitchen,Central,63.52,26.21,37.31,More Expensive,Significantly More Expensive,17,1025.85
2025-03-20,PROD00918,Home & Kitchen,Central,16.56,43.84,-27.280000000000005,Cheaper,Significantly Cheaper,23,342.79
2025-03-20,PROD01138,Toys,North,32.44,41.23,-8.79,Cheaper,Significantly Cheaper,16,519.04
2025-03-20,PROD00558,Beauty,South,45.7,100.01,-54.31,Cheaper,Significantly Cheaper,32,1316.16
2025-03-20,PROD00732,Toys,East,11.24,9.91,1.33,More Expensive,Normal Competitive Range,25,224.8
2025-03-21,PROD00794,Toys,South,59.1,15.47,43.63,More Expensive,Significantly More Expensive,17,854.0
2025-03-21,PROD00355,Sports,South,29.34,50.18,-20.84,Cheaper,Significantly Cheaper,38,836.19
2025-03-21,PROD00563,Fashion,East,34.32,79.66,-45.339999999999996,Cheaper,Significantly Cheaper,49,1345.34
2025-03-21,PROD00124,Electronics,Central,29.21,39.58,-10.369999999999997,Cheaper,Significantly Cheaper,65,1803.72
2025-03-21,PROD01170,Grocery,West,26.07,15.01,11.06,More Expensive,Significantly More Expensive,68,1684.12
2025-03-21,PROD00382,Books,East,18.17,43.99,-25.82,Cheaper,Significantly Cheaper,68,1050.23
2025-03-21,PROD01172,Books,North,24.6,32.4,-7.799999999999997,Cheaper,Significantly Cheaper,11,243.54
2025-03-21,PROD00894,Toys,West,60.15,28.45,31.7,More Expensive,Significantly More Expensive,11,595.48
2025-03-21,PROD00784,Sports,West,38.33,55.32,-16.990000000000002,Cheaper,Significantly Cheaper,34,1042.58
2025-03-21,PROD00758,Electronics,West,259.45,16.24,243.20999999999998,More Expensive,Significantly More Expensive,1,246.48
2025-03-22,PROD00458,Beauty,West,20.33,7.53,12.799999999999997,More Expensive,Significantly More Expensive,40,691.22
2025-03-22,PROD00993,Home & Kitchen,South,12.12,16.26,-4.140000000000002,Cheaper,Significantly Cheaper,56,576.91
2025-03-22,PROD01048,Books,South,24.96,64.59,-39.63,Cheaper,Significantly Cheaper,14,314.5
2025-03-22,PROD00916,Beauty,West,15.87,31.35,-15.480000000000002,Cheaper,Significantly Cheaper,49,544.34
2025-03-22,PROD00075,Books,North,55.29,38.66,16.630000000000003,More Expensive,Significantly More Expensive,10,525.26
2025-03-22,PROD00231,Sports,Central,31.82,18.1,13.719999999999999,More Expensive,Significantly More Expensive,31,690.49
2025-03-22,PROD00209,Sports,North,83.76,9.17,74.59,More Expensive,Significantly More Expensive,10,795.72
2025-03-23,PROD01147,Sports,East,49.81,52.81,-3.0,Cheaper,Normal Competitive Range,20,697.34
2025-03-23,PROD00149,Electronics,West,85.26,21.74,63.52000000000001,More Expensive,Significantly More Expensive,22,1500.58
2025-03-23,PROD00063,Books,South,61.5,17.54,43.96,More Expensive,Significantly More Expensive,15,876.38
2025-03-23,PROD00652,Beauty,North,41.3,27.93,13.369999999999997,More Expensive,Significantly More Expensive,38,1333.99
2025-03-23,PROD01072,Home & Kitchen,West,14.19,32.2,-18.010000000000005,Cheaper,Significantly Cheaper,24,340.56
2025-03-23,PROD00042,Electronics,Central,17.05,40.33,-23.279999999999998,Cheaper,Significantly Cheaper,67,856.76
2025-03-23,PROD00640,Grocery,Central,39.71,15.36,24.35,More Expensive,Significantly More Expensive,30,1012.6
2025-03-23,PROD00970,Electronics,Central,39.87,40.3,-0.4299999999999997,Similar,Normal Competitive Range,27,968.84
2025-03-23,PROD00189,Books,West,46.51,15.38,31.129999999999995,More Expensive,Significantly More Expensive,18,753.46
2025-03-24,PROD01167,Beauty,East,56.21,41.67,14.54,More Expensive,Significantly More Expensive,18,1011.78
2025-03-24,PROD01183,Books,South,16.64,32.27,-15.630000000000003,Cheaper,Significantly Cheaper,15,224.64
2025-03-24,PROD00388,Beauty,Central,31.63,8.72,22.909999999999997,More Expensive,Significantly More Expensive,46,1309.48
2025-03-24,PROD00371,Grocery,East,12.81,68.19,-55.379999999999995,Cheaper,Significantly Cheaper,54,553.39
2025-03-24,PROD00017,Sports,East,23.77,53.44,-29.669999999999998,Cheaper,Significantly Cheaper,46,874.74
2025-03-24,PROD00632,Books,West,55.34,48.22,7.1200000000000045,More Expensive,Normal Competitive Range,8,309.9
2025-03-25,PROD00974,Electronics,South,30.71,97.7,-66.99000000000001,Cheaper,Significantly Cheaper,52,1357.38
2025-03-25,PROD00588,Home & Kitchen,East,15.32,63.56,-48.24,Cheaper,Significantly Cheaper,41,502.5
2025-03-25,PROD00222,Sports,North,33.2,12.62,20.580000000000005,More Expensive,Significantly More Expensive,25,747.0
2025-03-26,PROD00647,Toys,West,34.54,16.85,17.689999999999998,More Expensive,Significantly More Expensive,24,746.06
2025-03-26,PROD01197,Fashion,North,33.23,47.55,-14.32,Cheaper,Significantly Cheaper,49,1302.62
2025-03-26,PROD00525,Books,South,72.08,28.55,43.53,More Expensive,Significantly More Expensive,14,857.75
2025-03-26,PROD01093,Books,North,17.19,37.32,-20.13,Cheaper,Significantly Cheaper,36,526.01
2025-03-26,PROD00016,Electronics,North,23.51,37.01,-13.499999999999996,Cheaper,Significantly Cheaper,47,939.22
2025-03-26,PROD00790,Home & Kitchen,West,39.14,39.66,-0.519999999999996,Similar,Normal Competitive Range,24,751.49
2025-03-27,PROD00257,Toys,Central,19.31,55.46,-36.150000000000006,Cheaper,Significantly Cheaper,25,362.06
2025-03-27,PROD00944,Beauty,South,20.31,67.11,-46.8,Cheaper,Significantly Cheaper,29,588.99
2025-03-27,PROD01178,Grocery,East,8.45,30.53,-22.080000000000002,Cheaper,Significantly Cheaper,91,692.06
2025-03-28,PROD00931,Toys,South,11.49,17.45,-5.959999999999999,Cheaper,Significantly Cheaper,56,611.27
2025-03-28,PROD01182,Toys,North,15.07,116.92,-101.85,Cheaper,Significantly Cheaper,40,512.38
2025-03-28,PROD00068,Grocery,South,21.58,47.72,-26.14,Cheaper,Significantly Cheaper,56,845.94
2025-03-29,PROD00759,Books,East,18.83,38.25,-19.42,Cheaper,Significantly Cheaper,24,429.32
2025-03-30,PROD00380,Books,South,23.85,32.57,-8.719999999999999,Cheaper,Significantly Cheaper,37,882.45
2025-03-30,PROD00789,Beauty,Central,23.98,13.53,10.450000000000001,More Expensive,Significantly More Expensive,35,839.3
2025-03-30,PROD00933,Home & Kitchen,South,23.7,69.48,-45.78,Cheaper,Significantly Cheaper,26,585.39
2025-03-30,PROD00630,Books,West,43.34,37.31,6.030000000000001,More Expensive,Normal Competitive Range,23,946.98
2025-03-30,PROD00278,Beauty,East,19.21,32.11,-12.899999999999999,Cheaper,Significantly Cheaper,45,821.23
2025-03-30,PROD00481,Books,South,43.64,15.11,28.53,More Expensive,Significantly More Expensive,31,1285.2
2025-03-30,PROD00393,Beauty,South,30.61,24.89,5.719999999999999,More Expensive,Significantly More Expensive,29,665.77
2025-03-30,PROD01019,Electronics,Central,53.64,13.44,40.2,More Expensive,Significantly More Expensive,31,1662.84
2025-03-31,PROD00554,Fashion,West,14.39,16.44,-2.0500000000000007,Cheaper,Normal Competitive Range,47,642.51
2025-03-31,PROD01002,Toys,North,42.08,25.43,16.65,More Expensive,Significantly More Expensive,18,643.82
2025-03-31,PROD00830,Grocery,South,83.3,29.69,53.61,More Expensive,Significantly More Expensive,12,949.62
2025-03-31,PROD00418,Home & Kitchen,West,19.57,17.97,1.6000000000000014,More Expensive,Normal Competitive Range,102,1596.91
2025-03-31,PROD00518,Beauty,East,13.95,167.77,-153.82000000000002,Cheaper,Significantly Cheaper,78,924.88
2025-03-31,PROD00384,Books,West,32.12,49.41,-17.29,Cheaper,Significantly Cheaper,14,314.78
2025-04-01,PROD01158,Books,West,24.01,7.57,16.44,More Expensive,Significantly More Expensive,25,510.21
2025-04-01,PROD00224,Books,South,32.37,17.04,15.329999999999998,More Expensive,Significantly More Expensive,21,645.78
2025-04-01,PROD00407,Beauty,Central,50.69,28.89,21.799999999999997,More Expensive,Significantly More Expensive,27,1163.34
2025-04-01,PROD01026,Sports,Central,44.01,23.1,20.909999999999997,More Expensive,Significantly More Expensive,18,633.74
2025-04-02,PROD00839,Beauty,Central,65.8,32.33,33.47,More Expensive,Significantly More Expensive,16,1000.16
2025-04-02,PROD00100,Beauty,South,47.58,35.25,12.329999999999998,More Expensive,Significantly More Expensive,10,452.01
2025-04-02,PROD00726,Fashion,South,25.12,37.56,-12.440000000000001,Cheaper,Significantly Cheaper,28,703.36
2025-04-02,PROD00603,Fashion,West,21.92,14.06,7.860000000000001,More Expensive,Significantly More Expensive,26,398.94
2025-04-02,PROD00523,Fashion,Central,28.55,69.64,-41.09,Cheaper,Significantly Cheaper,40,913.6
2025-04-02,PROD00899,Grocery,East,44.63,17.87,26.76,More Expensive,Significantly More Expensive,50,1896.78
2025-04-02,PROD00223,Grocery,Central,6.75,22.5,-15.75,Cheaper,Significantly Cheaper,66,400.95
2025-04-02,PROD01149,Books,Central,103.28,23.3,79.98,More Expensive,Significantly More Expensive,5,464.76
2025-04-02,PROD00255,Electronics,West,16.84,16.95,-0.10999999999999943,Similar,Normal Competitive Range,60,909.36
2025-04-03,PROD00992,Toys,East,19.21,119.22,-100.00999999999999,Cheaper,Significantly Cheaper,19,364.99
2025-04-03,PROD01089,Toys,West,52.21,18.54,33.67,More Expensive,Significantly More Expensive,15,626.52
2025-04-03,PROD00854,Books,Central,72.39,57.71,14.68,More Expensive,Significantly More Expensive,16,810.77
2025-04-03,PROD01070,Sports,North,101.17,63.47,37.7,More Expensive,Significantly More Expensive,10,859.94
2025-04-03,PROD00586,Home & Kitchen,East,85.09,24.86,60.230000000000004,More Expensive,Significantly More Expensive,11,889.19
2025-04-03,PROD00009,Sports,South,27.62,11.94,15.680000000000001,More Expensive,Significantly More Expensive,27,671.17
2025-04-04,PROD00662,Sports,Central,46.18,10.76,35.42,More Expensive,Significantly More Expensive,32,1256.1
2025-04-04,PROD00151,Books,North,21.05,16.58,4.470000000000002,More Expensive,Significantly More Expensive,43,678.86
2025-04-04,PROD00342,Sports,South,28.25,73.88,-45.629999999999995,Cheaper,Significantly Cheaper,11,264.14
2025-04-05,PROD00357,Electronics,North,35.18,19.52,15.66,More Expensive,Significantly More Expensive,47,1488.11
2025-04-05,PROD01054,Grocery,South,23.8,29.66,-5.859999999999999,Cheaper,Normal Competitive Range,47,1006.74
2025-04-05,PROD00689,Electronics,North,26.94,6.66,20.28,More Expensive,Significantly More Expensive,47,1202.87
2025-04-05,PROD00621,Toys,Central,50.93,13.57,37.36,More Expensive,Significantly More Expensive,16,814.88
2025-04-05,PROD00937,Fashion,East,166.79,25.77,141.01999999999998,More Expensive,Significantly More Expensive,3,450.33
2025-04-05,PROD00425,Grocery,East,100.33,60.18,40.15,More Expensive,Significantly More Expensive,9,902.97
2025-04-06,PROD00611,Sports,Central,30.23,26.17,4.059999999999999,More Expensive,Normal Competitive Range,63,1809.27
2025-04-07,PROD00201,Electronics,East,59.42,22.89,36.53,More Expensive,Significantly More Expensive,15,802.17
2025-04-07,PROD00410,Toys,West,31.22,35.67,-4.450000000000003,Cheaper,Normal Competitive Range,29,769.57
2025-04-07,PROD00470,Beauty,East,13.41,43.5,-30.09,Cheaper,Significantly Cheaper,29,350.0
2025-04-07,PROD00060,Books,Central,24.77,15.81,8.959999999999999,More Expensive,Significantly More Expensive,16,396.32
2025-04-07,PROD00047,Beauty,South,7.15,34.36,-27.21,Cheaper,Significantly Cheaper,53,322.11
2025-04-07,PROD00323,Home & Kitchen,North,44.27,18.99,25.280000000000005,More Expensive,Significantly More Expensive,15,597.65
2025-04-07,PROD00193,Sports,North,30.9,46.82,-15.920000000000002,Cheaper,Significantly Cheaper,21,519.12
2025-04-07,PROD00895,Books,South,55.66,21.72,33.94,More Expensive,Significantly More Expensive,9,375.7
2025-04-07,PROD00031,Beauty,West,31.47,10.16,21.31,More Expensive,Significantly More Expensive,21,561.74
2025-04-07,PROD01170,Grocery,North,109.44,47.63,61.809999999999995,More Expensive,Significantly More Expensive,6,623.81
2025-04-07,PROD01066,Fashion,Central,20.71,30.65,-9.939999999999998,Cheaper,Significantly Cheaper,29,510.5
2025-04-08,PROD00255,Beauty,North,69.02,57.41,11.61,More Expensive,Significantly More Expensive,19,1311.38
2025-04-08,PROD00114,Fashion,Central,29.0,19.48,9.52,More Expensive,Significantly More Expensive,24,661.2
2025-04-08,PROD00925,Sports,West,76.24,23.32,52.919999999999995,More Expensive,Significantly More Expensive,13,892.01
2025-04-08,PROD00708,Toys,East,32.2,14.16,18.040000000000003,More Expensive,Significantly More Expensive,17,520.03
2025-04-08,PROD00085,Grocery,South,30.51,25.17,5.34,More Expensive,Significantly More Expensive,44,1342.44
2025-04-08,PROD00414,Books,West,10.48,27.55,-17.07,Cheaper,Significantly Cheaper,10,99.56
2025-04-08,PROD00643,Books,West,14.24,223.51,-209.26999999999998,Cheaper,Significantly Cheaper,18,230.69
2025-04-08,PROD00777,Home & Kitchen,South,23.93,19.25,4.68,More Expensive,Significantly More Expensive,33,592.27
2025-04-09,PROD00120,Electronics,East,102.5,143.19,-40.69,Cheaper,Significantly Cheaper,7,574.0
2025-04-09,PROD00753,Beauty,West,23.69,24.34,-0.6499999999999986,Similar,Normal Competitive Range,38,810.2
2025-04-09,PROD00943,Sports,Central,37.51,54.35,-16.840000000000003,Cheaper,Significantly Cheaper,16,540.14
2025-04-09,PROD00660,Toys,North,6.49,26.35,-19.86,Cheaper,Significantly Cheaper,45,292.05
2025-04-09,PROD00843,Grocery,West,18.36,46.74,-28.380000000000003,Cheaper,Significantly Cheaper,74,1086.91
2025-04-09,PROD00598,Grocery,Central,135.55,11.51,124.04,More Expensive,Significantly More Expensive,5,609.98
2025-04-09,PROD00116,Toys,East,32.72,29.38,3.34,More Expensive,Normal Competitive Range,14,412.27
2025-04-10,PROD01128,Home & Kitchen,East,27.52,54.19,-26.669999999999998,Cheaper,Significantly Cheaper,48,1254.91
2025-04-10,PROD00301,Grocery,South,32.89,27.58,5.310000000000002,More Expensive,Normal Competitive Range,33,976.83
2025-04-10,PROD01051,Toys,Central,57.93,12.65,45.28,More Expensive,Significantly More Expensive,12,695.16
2025-04-10,PROD00980,Books,East,50.0,47.24,2.759999999999998,More Expensive,Normal Competitive Range,6,270.0
2025-04-10,PROD00482,Grocery,West,14.64,19.24,-4.599999999999998,Cheaper,Significantly Cheaper,47,619.27
2025-04-10,PROD00641,Beauty,East,24.0,22.37,1.629999999999999,More Expensive,Normal Competitive Range,53,1272.0
2025-04-10,PROD01003,Home & Kitchen,West,17.32,25.65,-8.329999999999998,Cheaper,Significantly Cheaper,77,1266.96
2025-04-10,PROD00892,Fashion,East,16.71,16.96,-0.25,Similar,Normal Competitive Range,80,1336.8
2025-04-10,PROD00158,Electronics,South,27.53,40.56,-13.030000000000001,Cheaper,Significantly Cheaper,47,970.43
2025-04-11,PROD00341,Sports,North,45.94,13.89,32.05,More Expensive,Significantly More Expensive,22,808.54
2025-04-11,PROD00816,Sports,Central,41.73,39.72,2.009999999999998,More Expensive,Normal Competitive Range,34,1347.88
2025-04-11,PROD00565,Home & Kitchen,East,15.96,12.73,3.2300000000000004,More Expensive,Significantly More Expensive,38,454.86
2025-04-11,PROD00148,Toys,East,50.86,29.8,21.06,More Expensive,Significantly More Expensive,10,432.31
2025-04-11,PROD00410,Electronics,South,28.03,98.04,-70.01,Cheaper,Significantly Cheaper,79,1550.06
2025-04-11,PROD01150,Fashion,East,21.0,62.06,-41.06,Cheaper,Significantly Cheaper,15,252.0
2025-04-12,PROD00070,Electronics,North,22.42,21.39,1.0300000000000011,Similar,Normal Competitive Range,34,762.28
2025-04-12,PROD00620,Sports,East,9.6,76.62,-67.02000000000001,Cheaper,Significantly Cheaper,71,579.36
2025-04-12,PROD00412,Grocery,West,48.81,21.2,27.610000000000003,More Expensive,Significantly More Expensive,23,954.24
2025-04-13,PROD00971,Sports,West,8.02,8.85,-0.8300000000000001,Cheaper,Normal Competitive Range,52,312.78
2025-04-13,PROD00350,Grocery,Central,19.95,56.53,-36.58,Cheaper,Significantly Cheaper,58,867.82
2025-04-13,PROD00868,Home & Kitchen,North,18.44,25.19,-6.75,Cheaper,Significantly Cheaper,31,543.06
2025-04-13,PROD00965,Sports,South,20.39,64.43,-44.040000000000006,Cheaper,Significantly Cheaper,24,464.89
2025-04-13,PROD00704,Electronics,Central,17.73,29.44,-11.71,Cheaper,Significantly Cheaper,134,1781.87
2025-04-13,PROD00183,Books,Central,33.63,123.75,-90.12,Cheaper,Significantly Cheaper,39,1114.83
2025-04-14,PROD00727,Toys,South,8.12,17.61,-9.49,Cheaper,Significantly Cheaper,88,571.65
2025-04-14,PROD01153,Beauty,South,34.52,20.39,14.130000000000003,More Expensive,Significantly More Expensive,22,607.55
2025-04-14,PROD00234,Home & Kitchen,West,27.15,9.54,17.61,More Expensive,Significantly More Expensive,41,834.86
2025-04-14,PROD00440,Books,South,38.55,21.38,17.169999999999998,More Expensive,Significantly More Expensive,12,393.21
2025-04-14,PROD00436,Sports,North,47.56,23.51,24.05,More Expensive,Significantly More Expensive,31,1105.77
2025-04-15,PROD00329,Sports,West,35.04,38.07,-3.030000000000001,Cheaper,Normal Competitive Range,48,1513.73
2025-04-15,PROD00524,Beauty,West,84.93,32.66,52.27000000000001,More Expensive,Significantly More Expensive,7,594.51
2025-04-15,PROD00003,Toys,West,29.97,21.39,8.579999999999998,More Expensive,Significantly More Expensive,19,569.43
2025-04-16,PROD00427,Grocery,North,12.95,28.45,-15.5,Cheaper,Significantly Cheaper,64,828.8
2025-04-16,PROD00912,Fashion,West,13.8,13.76,0.040000000000000924,Similar,Normal Competitive Range,71,881.82
2025-04-16,PROD00354,Toys,East,20.8,6.28,14.52,More Expensive,Significantly More Expensive,19,355.68
2025-04-17,PROD00039,Grocery,East,24.56,30.1,-5.540000000000003,Cheaper,Normal Competitive Range,46,1129.76
2025-04-17,PROD00695,Sports,East,28.02,50.71,-22.69,Cheaper,Significantly Cheaper,31,781.76
2025-04-17,PROD00178,Electronics,North,14.93,48.01,-33.08,Cheaper,Significantly Cheaper,44,624.07
2025-04-17,PROD00909,Home & Kitchen,West,127.72,78.84,48.879999999999995,More Expensive,Significantly More Expensive,9,1034.53
2025-04-17,PROD00914,Sports,South,47.21,48.97,-1.759999999999998,Similar,Normal Competitive Range,22,830.9
2025-04-17,PROD00908,Sports,South,16.35,38.94,-22.589999999999996,Cheaper,Significantly Cheaper,58,806.06
2025-04-17,PROD00594,Books,East,26.96,44.85,-17.89,Cheaper,Significantly Cheaper,19,512.24
2025-04-17,PROD00298,Sports,South,12.94,82.91,-69.97,Cheaper,Significantly Cheaper,27,314.44
2025-04-17,PROD00558,Toys,North,61.8,80.53,-18.730000000000004,Cheaper,Significantly Cheaper,42,1946.7
2025-04-17,PROD00622,Sports,Central,64.31,89.76,-25.450000000000003,Cheaper,Significantly Cheaper,24,1157.58
2025-04-18,PROD00073,Electronics,North,167.46,70.51,96.95,More Expensive,Significantly More Expensive,1,150.71
2025-04-19,PROD00421,Grocery,South,10.1,14.56,-4.460000000000001,Cheaper,Significantly Cheaper,59,506.52
2025-04-19,PROD00769,Home & Kitchen,South,28.87,20.48,8.39,More Expensive,Significantly More Expensive,51,1030.66
2025-04-19,PROD00826,Fashion,South,29.38,46.37,-16.99,Cheaper,Significantly Cheaper,36,793.26
2025-04-19,PROD00448,Fashion,South,75.77,126.22,-50.45,Cheaper,Significantly Cheaper,13,738.76
2025-04-19,PROD00661,Beauty,Central,26.13,62.01,-35.879999999999995,Cheaper,Significantly Cheaper,26,645.41
2025-04-19,PROD00382,Fashion,South,29.37,17.96,11.41,More Expensive,Significantly More Expensive,65,1622.69
2025-04-19,PROD00278,Beauty,West,32.9,44.67,-11.770000000000003,Cheaper,Significantly Cheaper,41,1079.12
2025-04-19,PROD00138,Toys,West,32.28,111.24,-78.96,Cheaper,Significantly Cheaper,23,742.44
2025-04-19,PROD00658,Sports,West,35.28,27.66,7.620000000000001,More Expensive,Significantly More Expensive,30,899.64
2025-04-19,PROD00164,Sports,West,13.72,52.74,-39.02,Cheaper,Significantly Cheaper,33,384.85
2025-04-19,PROD00433,Sports,North,21.42,30.24,-8.819999999999997,Cheaper,Significantly Cheaper,81,1388.02
2025-04-20,PROD00333,Books,East,26.0,112.32,-86.32,Cheaper,Significantly Cheaper,16,291.2
2025-04-20,PROD00204,Beauty,East,64.09,34.38,29.71,More Expensive,Significantly More Expensive,10,608.86
2025-04-20,PROD01141,Grocery,South,18.43,26.58,-8.149999999999999,Cheaper,Significantly Cheaper,38,630.31
2025-04-20,PROD00803,Toys,Central,155.27,24.74,130.53,More Expensive,Significantly More Expensive,2,232.91
2025-04-20,PROD00662,Toys,West,24.12,36.23,-12.109999999999996,Cheaper,Significantly Cheaper,7,151.96
2025-04-20,PROD00887,Fashion,Central,39.31,42.81,-3.5,Cheaper,Normal Competitive Range,33,1232.37
2025-04-20,PROD00823,Fashion,North,19.96,41.81,-21.85,Cheaper,Significantly Cheaper,113,2142.71
2025-04-20,PROD00620,Beauty,West,72.86,63.49,9.369999999999997,More Expensive,Normal Competitive Range,12,830.6
2025-04-20,PROD01068,Fashion,South,187.52,14.42,173.10000000000002,More Expensive,Significantly More Expensive,2,318.78
2025-04-21,PROD00802,Grocery,North,42.55,20.71,21.839999999999996,More Expensive,Significantly More Expensive,13,442.52
2025-04-21,PROD00096,Books,East,36.11,29.33,6.780000000000001,More Expensive,Significantly More Expensive,12,368.32
2025-04-21,PROD00193,Sports,West,12.93,38.39,-25.46,Cheaper,Significantly Cheaper,19,233.39
2025-04-21,PROD00263,Beauty,Central,33.01,32.14,0.8699999999999974,Similar,Normal Competitive Range,36,1069.52
2025-04-22,PROD00566,Beauty,West,26.05,28.79,-2.7399999999999984,Cheaper,Normal Competitive Range,28,619.99
2025-04-22,PROD00720,Sports,North,65.22,27.89,37.33,More Expensive,Significantly More Expensive,8,443.5
2025-04-22,PROD01179,Beauty,East,46.45,67.88,-21.429999999999993,Cheaper,Significantly Cheaper,14,585.27
2025-04-22,PROD01024,Beauty,Central,5.14,14.12,-8.98,Cheaper,Significantly Cheaper,22,113.08
2025-04-22,PROD00512,Beauty,East,65.7,22.1,43.6,More Expensive,Significantly More Expensive,28,1471.68
2025-04-23,PROD00748,Beauty,West,77.38,38.93,38.449999999999996,More Expensive,Significantly More Expensive,18,1114.27
2025-04-23,PROD00639,Toys,Central,5.35,12.75,-7.4,Cheaper,Significantly Cheaper,35,168.52
2025-04-23,PROD00490,Books,North,26.15,32.61,-6.460000000000001,Cheaper,Normal Competitive Range,22,546.54
2025-04-23,PROD00197,Fashion,East,77.88,29.36,48.519999999999996,More Expensive,Significantly More Expensive,9,560.74
2025-04-23,PROD00455,Electronics,South,86.11,20.88,65.23,More Expensive,Significantly More Expensive,21,1717.89
2025-04-23,PROD00709,Fashion,West,64.16,98.51,-34.35000000000001,Cheaper,Significantly Cheaper,28,1437.18
2025-04-24,PROD00018,Books,East,85.05,7.03,78.02,More Expensive,Significantly More Expensive,7,535.82
2025-04-24,PROD00846,Fashion,North,30.78,16.05,14.73,More Expensive,Significantly More Expensive,30,784.89
2025-04-24,PROD00413,Sports,Central,36.7,15.62,21.080000000000005,More Expensive,Significantly More Expensive,35,1156.05
2025-04-25,PROD00180,Books,North,39.01,27.37,11.639999999999997,More Expensive,Significantly More Expensive,18,491.53
2025-04-25,PROD00621,Beauty,North,67.19,53.99,13.199999999999996,More Expensive,Significantly More Expensive,16,967.54
2025-04-26,PROD00194,Grocery,South,121.46,21.67,99.78999999999999,More Expensive,Significantly More Expensive,9,929.17
2025-04-26,PROD00901,Toys,East,27.7,29.99,-2.289999999999999,Cheaper,Normal Competitive Range,17,447.35
2025-04-26,PROD01099,Grocery,West,17.85,20.32,-2.469999999999999,Cheaper,Normal Competitive Range,78,1392.3
2025-04-26,PROD01085,Grocery,Central,78.12,48.59,29.53,More Expensive,Significantly More Expensive,9,562.46
2025-04-26,PROD00074,Electronics,West,20.28,33.21,-12.93,Cheaper,Significantly Cheaper,33,602.32
2025-04-26,PROD01098,Home & Kitchen,North,75.33,59.45,15.879999999999995,More Expensive,Significantly More Expensive,10,715.63
2025-04-26,PROD01108,Sports,West,62.01,66.7,-4.690000000000005,Cheaper,Normal Competitive Range,6,316.25
2025-04-26,PROD00925,Books,Central,24.71,20.81,3.900000000000002,More Expensive,Normal Competitive Range,36,845.08
2025-04-27,PROD00016,Beauty,South,37.66,51.28,-13.620000000000005,Cheaper,Significantly Cheaper,22,579.96
2025-04-27,PROD00895,Electronics,South,22.66,19.02,3.6400000000000006,More Expensive,Normal Competitive Range,61,1174.92
2025-04-27,PROD00169,Beauty,South,34.48,19.98,14.499999999999996,More Expensive,Significantly More Expensive,64,1875.71
2025-04-27,PROD01026,Beauty,Central,40.34,55.29,-14.949999999999996,Cheaper,Significantly Cheaper,22,709.98
2025-04-27,PROD00207,Beauty,South,23.09,46.08,-22.99,Cheaper,Significantly Cheaper,31,715.79
2025-04-27,PROD00939,Sports,Central,26.22,7.98,18.24,More Expensive,Significantly More Expensive,39,1022.58
2025-04-27,PROD00156,Grocery,Central,66.45,34.38,32.07,More Expensive,Significantly More Expensive,15,847.24
2025-04-28,PROD00450,Sports,East,23.27,25.28,-2.0100000000000016,Cheaper,Normal Competitive Range,30,663.2
2025-04-28,PROD00483,Books,South,13.04,14.73,-1.6900000000000013,Cheaper,Normal Competitive Range,24,297.31
2025-04-28,PROD01047,Books,South,53.79,31.71,22.08,More Expensive,Significantly More Expensive,22,1065.04
2025-04-28,PROD00053,Sports,West,52.36,13.99,38.37,More Expensive,Significantly More Expensive,13,680.68
2025-04-28,PROD00729,Electronics,Central,53.23,44.36,8.869999999999997,More Expensive,Normal Competitive Range,15,798.45
2025-04-28,PROD01200,Grocery,East,38.75,120.81,-82.06,Cheaper,Significantly Cheaper,28,868.0
2025-04-28,PROD01198,Sports,West,101.23,8.87,92.36,More Expensive,Significantly More Expensive,4,344.18
2025-04-28,PROD00102,Grocery,Central,25.86,39.81,-13.950000000000003,Cheaper,Significantly Cheaper,40,879.24
2025-04-29,PROD00048,Sports,West,39.23,123.93,-84.70000000000002,Cheaper,Significantly Cheaper,29,853.25
2025-04-29,PROD00680,Home & Kitchen,South,22.93,35.7,-12.770000000000003,Cheaper,Significantly Cheaper,22,428.79
2025-04-29,PROD01177,Grocery,East,33.32,42.41,-9.089999999999996,Cheaper,Significantly Cheaper,68,1925.9
2025-04-29,PROD00513,Books,West,17.56,19.09,-1.5300000000000011,Cheaper,Normal Competitive Range,14,172.09
2025-04-30,PROD00721,Books,West,28.32,19.97,8.350000000000001,More Expensive,Significantly More Expensive,18,484.27
2025-04-30,PROD00514,Books,Central,40.63,50.36,-9.729999999999997,Cheaper,Normal Competitive Range,27,1097.01
2025-04-30,PROD00736,Electronics,West,53.43,78.62,-25.190000000000005,Cheaper,Significantly Cheaper,40,1816.62
2025-04-30,PROD00060,Sports,West,17.81,22.65,-4.84,Cheaper,Significantly Cheaper,29,490.67
2025-04-30,PROD00329,Sports,Central,21.72,36.63,-14.910000000000004,Cheaper,Significantly Cheaper,43,887.26
2025-04-30,PROD00147,Grocery,Central,40.41,16.76,23.649999999999995,More Expensive,Significantly More Expensive,52,2101.32
2025-04-30,PROD00913,Fashion,South,27.96,35.19,-7.229999999999997,Cheaper,Significantly Cheaper,38,956.23
2025-05-01,PROD00867,Books,Central,30.83,15.65,15.179999999999998,More Expensive,Significantly More Expensive,19,497.9
2025-05-01,PROD00518,Sports,North,15.74,95.7,-79.96000000000001,Cheaper,Significantly Cheaper,28,374.61
2025-05-01,PROD00587,Fashion,Central,17.54,19.39,-1.8500000000000014,Cheaper,Normal Competitive Range,25,438.5
2025-05-01,PROD00397,Home & Kitchen,South,22.47,19.02,3.4499999999999993,More Expensive,Normal Competitive Range,29,619.05
2025-05-02,PROD00743,Toys,South,13.6,39.01,-25.409999999999997,Cheaper,Significantly Cheaper,39,397.8
2025-05-02,PROD00773,Sports,North,86.74,10.82,75.91999999999999,More Expensive,Significantly More Expensive,9,702.59
2025-05-02,PROD00532,Books,East,62.42,16.14,46.28,More Expensive,Significantly More Expensive,8,424.46
2025-05-02,PROD00594,Sports,West,29.49,19.1,10.389999999999997,More Expensive,Significantly More Expensive,77,2043.66
2025-05-02,PROD00703,Fashion,East,33.49,56.33,-22.839999999999996,Cheaper,Significantly Cheaper,22,626.26
2025-05-03,PROD00960,Books,East,10.57,37.81,-27.240000000000002,Cheaper,Significantly Cheaper,23,182.33
2025-05-03,PROD00625,Home & Kitchen,East,24.62,26.51,-1.8900000000000006,Cheaper,Normal Competitive Range,14,344.68
2025-05-04,PROD01041,Fashion,Central,16.94,110.15,-93.21000000000001,Cheaper,Significantly Cheaper,23,350.66
2025-05-04,PROD00409,Beauty,North,47.63,42.62,5.010000000000005,More Expensive,Normal Competitive Range,29,966.89
2025-05-04,PROD00617,Books,East,16.76,36.43,-19.669999999999998,Cheaper,Significantly Cheaper,45,641.07
2025-05-04,PROD00363,Home & Kitchen,Central,126.17,8.02,118.15,More Expensive,Significantly More Expensive,5,630.85
2025-05-04,PROD00322,Beauty,Central,29.06,45.07,-16.01,Cheaper,Significantly Cheaper,56,1627.36
2025-05-04,PROD00270,Beauty,East,38.59,42.04,-3.4499999999999957,Cheaper,Normal Competitive Range,23,887.57
2025-05-05,PROD00576,Grocery,North,18.78,33.94,-15.159999999999997,Cheaper,Significantly Cheaper,82,1539.96
2025-05-05,PROD00790,Fashion,East,17.8,28.56,-10.759999999999998,Cheaper,Significantly Cheaper,52,833.04
2025-05-06,PROD00069,Electronics,East,36.78,57.83,-21.049999999999997,Cheaper,Significantly Cheaper,94,2592.99
2025-05-06,PROD00980,Sports,Central,18.53,14.21,4.32,More Expensive,Significantly More Expensive,71,1118.29
2025-05-06,PROD00327,Fashion,East,127.75,14.74,113.01,More Expensive,Significantly More Expensive,6,651.52
2025-05-06,PROD01140,Grocery,Central,10.35,21.86,-11.51,Cheaper,Significantly Cheaper,67,589.43
2025-05-06,PROD00719,Grocery,Central,47.05,65.96,-18.909999999999997,Cheaper,Significantly Cheaper,28,1251.53
2025-05-06,PROD00547,Sports,North,62.98,33.71,29.269999999999996,More Expensive,Significantly More Expensive,12,642.4
2025-05-07,PROD00531,Home & Kitchen,East,22.87,66.36,-43.489999999999995,Cheaper,Significantly Cheaper,24,548.88
2025-05-07,PROD00710,Fashion,South,66.05,25.32,40.73,More Expensive,Significantly More Expensive,10,594.45
2025-05-07,PROD01119,Toys,Central,10.15,13.72,-3.5700000000000003,Cheaper,Significantly Cheaper,48,487.2
2025-05-07,PROD00050,Grocery,Central,11.19,19.36,-8.17,Cheaper,Significantly Cheaper,63,528.73
2025-05-07,PROD00015,Electronics,West,72.79,39.08,33.71000000000001,More Expensive,Significantly More Expensive,20,1455.8
2025-05-07,PROD00208,Sports,East,102.16,38.38,63.779999999999994,More Expensive,Significantly More Expensive,8,817.28
2025-05-07,PROD00988,Beauty,East,29.41,21.29,8.120000000000001,More Expensive,Significantly More Expensive,24,635.26
2025-05-07,PROD00908,Grocery,Central,14.61,13.0,1.6099999999999994,More Expensive,Normal Competitive Range,29,338.95
2025-05-08,PROD00887,Beauty,West,49.58,49.73,-0.14999999999999858,Similar,Normal Competitive Range,20,892.44
2025-05-08,PROD01180,Home & Kitchen,Central,33.32,23.4,9.920000000000002,More Expensive,Significantly More Expensive,20,633.08
2025-05-08,PROD00006,Electronics,North,34.11,12.48,21.63,More Expensive,Significantly More Expensive,36,859.57
2025-05-08,PROD00207,Books,South,13.47,23.23,-9.76,Cheaper,Significantly Cheaper,26,315.2
2025-05-08,PROD00166,Beauty,South,36.3,48.18,-11.880000000000003,Cheaper,Significantly Cheaper,17,524.53
2025-05-08,PROD01151,Electronics,South,36.03,25.51,10.52,More Expensive,Significantly More Expensive,45,1378.15
2025-05-08,PROD00467,Toys,West,22.1,30.33,-8.229999999999997,Cheaper,Significantly Cheaper,25,442.0
2025-05-08,PROD00470,Grocery,Central,25.99,41.53,-15.540000000000003,Cheaper,Significantly Cheaper,38,987.62
2025-05-08,PROD01196,Beauty,South,13.13,26.68,-13.549999999999999,Cheaper,Significantly Cheaper,40,446.42
2025-05-08,PROD00910,Books,East,26.69,10.89,15.8,More Expensive,Significantly More Expensive,21,420.37
2025-05-09,PROD00496,Books,Central,23.83,27.27,-3.4400000000000013,Cheaper,Normal Competitive Range,16,343.15
2025-05-09,PROD00250,Sports,East,31.48,27.43,4.050000000000001,More Expensive,Normal Competitive Range,21,628.03
2025-05-09,PROD01142,Toys,South,17.95,45.47,-27.52,Cheaper,Significantly Cheaper,37,664.15
2025-05-09,PROD00432,Electronics,North,26.28,79.53,-53.25,Cheaper,Significantly Cheaper,64,1429.63
2025-05-09,PROD00003,Toys,West,52.17,33.62,18.550000000000004,More Expensive,Significantly More Expensive,27,1126.87
2025-05-09,PROD00591,Fashion,Central,20.26,41.66,-21.399999999999995,Cheaper,Significantly Cheaper,74,1199.39
2025-05-10,PROD00140,Fashion,West,40.14,32.7,7.439999999999998,More Expensive,Significantly More Expensive,45,1445.04
2025-05-10,PROD00305,Toys,North,72.92,102.8,-29.879999999999995,Cheaper,Significantly Cheaper,14,816.7
2025-05-10,PROD00887,Books,South,27.55,33.58,-6.029999999999998,Cheaper,Normal Competitive Range,35,674.97
2025-05-10,PROD00539,Sports,North,13.28,72.51,-59.230000000000004,Cheaper,Significantly Cheaper,38,479.41
2025-05-10,PROD01151,Electronics,East,40.78,17.51,23.27,More Expensive,Significantly More Expensive,20,774.82
2025-05-11,PROD00199,Beauty,South,22.82,42.13,-19.310000000000002,Cheaper,Significantly Cheaper,45,872.86
2025-05-11,PROD00367,Beauty,West,12.06,24.04,-11.979999999999999,Cheaper,Significantly Cheaper,28,320.8
2025-05-11,PROD00745,Beauty,East,44.02,59.96,-15.939999999999998,Cheaper,Significantly Cheaper,46,1619.94
2025-05-11,PROD00145,Home & Kitchen,South,42.64,19.24,23.400000000000002,More Expensive,Significantly More Expensive,25,959.4
2025-05-12,PROD01081,Toys,Central,30.09,129.84,-99.75,Cheaper,Significantly Cheaper,42,1200.59
2025-05-12,PROD00535,Toys,West,25.63,26.77,-1.1400000000000006,Similar,Normal Competitive Range,35,627.93
2025-05-12,PROD00568,Fashion,South,23.94,12.04,11.900000000000002,More Expensive,Significantly More Expensive,20,406.98
2025-05-12,PROD00035,Electronics,West,5.7,60.5,-54.8,Cheaper,Significantly Cheaper,59,319.48
2025-05-12,PROD00232,Beauty,East,41.15,19.8,21.349999999999998,More Expensive,Significantly More Expensive,20,781.85
2025-05-12,PROD00406,Electronics,West,58.8,61.52,-2.720000000000006,Similar,Normal Competitive Range,19,1117.2
2025-05-13,PROD01132,Electronics,South,26.5,85.74,-59.239999999999995,Cheaper,Significantly Cheaper,47,1245.5
2025-05-13,PROD00205,Home & Kitchen,South,39.83,12.95,26.88,More Expensive,Significantly More Expensive,48,1625.06
2025-05-13,PROD00627,Beauty,West,20.35,59.76,-39.41,Cheaper,Significantly Cheaper,11,201.47
2025-05-13,PROD00168,Electronics,Central,109.76,75.54,34.22,More Expensive,Significantly More Expensive,13,1141.5
2025-05-13,PROD00676,Fashion,East,32.23,12.71,19.519999999999996,More Expensive,Significantly More Expensive,71,1716.25
2025-05-13,PROD00022,Fashion,North,34.64,10.81,23.83,More Expensive,Significantly More Expensive,39,1148.32
2025-05-14,PROD00770,Fashion,Central,31.48,7.3,24.18,More Expensive,Significantly More Expensive,23,687.84
2025-05-14,PROD01020,Fashion,North,18.39,36.44,-18.049999999999997,Cheaper,Significantly Cheaper,34,562.73
2025-05-14,PROD00582,Beauty,South,22.42,19.85,2.5700000000000003,More Expensive,Normal Competitive Range,31,625.52
2025-05-14,PROD00004,Books,Central,21.63,36.04,-14.41,Cheaper,Significantly Cheaper,16,346.08
2025-05-14,PROD00583,Home & Kitchen,North,38.74,14.13,24.61,More Expensive,Significantly More Expensive,34,1119.59
2025-05-14,PROD00995,Toys,West,54.39,18.24,36.150000000000006,More Expensive,Significantly More Expensive,10,489.51
2025-05-15,PROD00489,Home & Kitchen,Central,42.38,25.22,17.160000000000004,More Expensive,Significantly More Expensive,26,936.6
2025-05-15,PROD00903,Fashion,Central,32.39,36.32,-3.9299999999999997,Cheaper,Normal Competitive Range,21,680.19
2025-05-15,PROD01187,Books,East,48.78,6.93,41.85,More Expensive,Significantly More Expensive,21,1024.38
2025-05-15,PROD00259,Beauty,South,11.15,74.13,-62.98,Cheaper,Significantly Cheaper,72,682.38
2025-05-16,PROD00486,Home & Kitchen,North,55.46,25.78,29.68,More Expensive,Significantly More Expensive,17,801.4
2025-05-16,PROD00972,Sports,Central,27.55,26.18,1.370000000000001,More Expensive,Normal Competitive Range,53,1168.12
2025-05-16,PROD00434,Fashion,West,17.48,52.43,-34.95,Cheaper,Significantly Cheaper,64,950.91
2025-05-16,PROD01062,Beauty,Central,48.51,77.29,-28.78000000000001,Cheaper,Significantly Cheaper,20,921.69
2025-05-16,PROD00160,Beauty,Central,39.37,33.12,6.25,More Expensive,Normal Competitive Range,27,903.54
2025-05-16,PROD00527,Books,West,98.05,19.71,78.34,More Expensive,Significantly More Expensive,8,745.18
2025-05-16,PROD00204,Electronics,West,22.15,64.62,-42.470000000000006,Cheaper,Significantly Cheaper,49,1031.08
2025-05-17,PROD01138,Books,North,47.79,97.16,-49.37,Cheaper,Significantly Cheaper,27,1290.33
2025-05-17,PROD01134,Toys,West,103.6,41.7,61.89999999999999,More Expensive,Significantly More Expensive,6,559.44
2025-05-17,PROD00323,Electronics,Central,26.42,17.01,9.41,More Expensive,Significantly More Expensive,39,927.34
2025-05-17,PROD00086,Home & Kitchen,South,14.73,15.8,-1.0700000000000003,Cheaper,Normal Competitive Range,75,828.56
2025-05-17,PROD00870,Grocery,Central,24.74,12.44,12.299999999999999,More Expensive,Significantly More Expensive,31,651.9
2025-05-17,PROD01074,Fashion,East,42.23,20.92,21.309999999999995,More Expensive,Significantly More Expensive,37,1406.26
2025-05-17,PROD00095,Electronics,Central,13.46,12.75,0.7100000000000009,More Expensive,Normal Competitive Range,94,885.67
2025-05-18,PROD00327,Books,East,20.82,40.67,-19.85,Cheaper,Significantly Cheaper,32,499.68
2025-05-19,PROD00922,Electronics,South,31.21,28.92,2.289999999999999,More Expensive,Normal Competitive Range,43,1274.93
2025-05-19,PROD00719,Sports,South,69.37,20.81,48.56,More Expensive,Significantly More Expensive,12,665.95
2025-05-19,PROD00152,Electronics,South,37.33,16.55,20.779999999999998,More Expensive,Significantly More Expensive,26,824.99
2025-05-19,PROD00615,Home & Kitchen,Central,26.87,66.41,-39.53999999999999,Cheaper,Significantly Cheaper,62,1249.46
2025-05-19,PROD00230,Fashion,North,36.33,28.26,8.069999999999997,More Expensive,Significantly More Expensive,27,882.82
2025-05-19,PROD00787,Electronics,Central,11.67,19.48,-7.8100000000000005,Cheaper,Significantly Cheaper,72,714.2
2025-05-19,PROD00103,Toys,Central,14.06,28.7,-14.639999999999999,Cheaper,Significantly Cheaper,36,379.62
2025-05-20,PROD01198,Books,South,37.85,83.37,-45.52,Cheaper,Significantly Cheaper,34,1158.21
2025-05-20,PROD00522,Sports,East,76.36,34.26,42.1,More Expensive,Significantly More Expensive,19,1305.76
2025-05-20,PROD00712,Sports,South,57.74,25.27,32.47,More Expensive,Significantly More Expensive,22,1079.74
2025-05-20,PROD00243,Toys,East,24.94,34.73,-9.789999999999996,Cheaper,Significantly Cheaper,14,279.33
2025-05-20,PROD00235,Beauty,West,23.89,19.92,3.969999999999999,More Expensive,Normal Competitive Range,27,548.28
2025-05-21,PROD00849,Electronics,Central,42.42,46.78,-4.359999999999999,Cheaper,Normal Competitive Range,33,1399.86
2025-05-21,PROD00896,Grocery,East,11.81,73.17,-61.36,Cheaper,Significantly Cheaper,20,188.96
2025-05-21,PROD00883,Grocery,Central,12.21,36.53,-24.32,Cheaper,Significantly Cheaper,27,313.19
2025-05-21,PROD01070,Beauty,North,50.49,10.99,39.5,More Expensive,Significantly More Expensive,41,1552.57
2025-05-21,PROD00679,Electronics,North,28.26,15.62,12.640000000000002,More Expensive,Significantly More Expensive,95,2147.76
2025-05-22,PROD00203,Electronics,East,16.39,21.87,-5.48,Cheaper,Significantly Cheaper,42,516.28
2025-05-22,PROD00682,Toys,East,69.37,71.55,-2.1799999999999926,Similar,Normal Competitive Range,9,530.68
2025-05-22,PROD01022,Books,South,57.58,31.86,25.72,More Expensive,Significantly More Expensive,10,518.22
2025-05-22,PROD00051,Toys,North,28.3,25.05,3.25,More Expensive,Normal Competitive Range,22,560.34
2025-05-22,PROD00141,Electronics,West,40.11,29.89,10.219999999999999,More Expensive,Significantly More Expensive,20,762.09
2025-05-22,PROD00104,Electronics,North,33.43,35.7,-2.270000000000003,Cheaper,Normal Competitive Range,35,819.04
2025-05-23,PROD00477,Grocery,East,27.12,51.4,-24.279999999999998,Cheaper,Significantly Cheaper,50,1356.0
2025-05-23,PROD00729,Books,Central,19.32,26.55,-7.23,Cheaper,Significantly Cheaper,13,213.49
2025-05-23,PROD00345,Fashion,West,18.16,13.89,4.27,More Expensive,Significantly More Expensive,87,1342.93
2025-05-23,PROD00305,Electronics,East,20.37,14.2,6.170000000000002,More Expensive,Significantly More Expensive,27,522.49
2025-05-24,PROD00765,Fashion,Central,38.71,14.02,24.69,More Expensive,Significantly More Expensive,24,882.59
2025-05-24,PROD00744,Home & Kitchen,North,14.17,44.62,-30.449999999999996,Cheaper,Significantly Cheaper,76,969.23
2025-05-24,PROD00474,Electronics,North,7.65,52.99,-45.34,Cheaper,Significantly Cheaper,69,527.85
2025-05-24,PROD00184,Fashion,North,142.68,25.13,117.55000000000001,More Expensive,Significantly More Expensive,16,1940.45
2025-05-24,PROD00368,Books,North,25.26,10.3,14.96,More Expensive,Significantly More Expensive,25,631.5
2025-05-24,PROD00889,Sports,South,80.17,32.09,48.08,More Expensive,Significantly More Expensive,9,613.3
2025-05-24,PROD00651,Sports,South,33.26,27.99,5.27,More Expensive,Normal Competitive Range,12,359.21
2025-05-24,PROD00760,Sports,East,23.01,13.04,9.970000000000002,More Expensive,Significantly More Expensive,33,683.4
2025-05-24,PROD01088,Electronics,West,22.95,10.27,12.68,More Expensive,Significantly More Expensive,28,642.6
2025-05-24,PROD01114,Fashion,East,111.78,24.74,87.04,More Expensive,Significantly More Expensive,6,536.54
2025-05-24,PROD00705,Toys,West,28.22,13.02,15.2,More Expensive,Significantly More Expensive,26,697.03
2025-05-25,PROD00463,Grocery,East,13.57,20.53,-6.960000000000001,Cheaper,Significantly Cheaper,75,915.98
2025-05-25,PROD00410,Fashion,Central,12.24,22.15,-9.909999999999998,Cheaper,Significantly Cheaper,53,551.41
2025-05-25,PROD01064,Books,West,4.5,35.16,-30.659999999999997,Cheaper,Significantly Cheaper,22,74.25
2025-05-25,PROD01171,Grocery,North,65.43,12.3,53.13000000000001,More Expensive,Significantly More Expensive,20,1243.17
2025-05-25,PROD00094,Books,Central,13.48,35.56,-22.080000000000002,Cheaper,Significantly Cheaper,26,350.48
2025-05-25,PROD00913,Home & Kitchen,Central,29.7,21.21,8.489999999999998,More Expensive,Significantly More Expensive,30,891.0
2025-05-25,PROD00636,Books,Central,20.41,12.87,7.540000000000001,More Expensive,Significantly More Expensive,26,504.13
2025-05-26,PROD00782,Beauty,East,23.61,49.54,-25.93,Cheaper,Significantly Cheaper,27,605.6
2025-05-26,PROD00179,Toys,South,16.09,54.56,-38.47,Cheaper,Significantly Cheaper,25,402.25
2025-05-26,PROD00213,Books,Central,16.98,57.42,-40.44,Cheaper,Significantly Cheaper,29,393.94
2025-05-26,PROD00328,Books,South,40.73,50.88,-10.150000000000006,Cheaper,Normal Competitive Range,14,427.66
2025-05-26,PROD00422,Beauty,West,32.46,94.85,-62.38999999999999,Cheaper,Significantly Cheaper,33,910.5
2025-05-26,PROD00465,Electronics,East,11.57,33.04,-21.47,Cheaper,Significantly Cheaper,55,509.08
2025-05-26,PROD00805,Home & Kitchen,Central,14.62,54.61,-39.99,Cheaper,Significantly Cheaper,31,407.9
2025-05-26,PROD00759,Sports,West,43.29,27.62,15.669999999999998,More Expensive,Significantly More Expensive,22,857.14
2025-05-26,PROD00151,Home & Kitchen,East,30.83,63.34,-32.510000000000005,Cheaper,Significantly Cheaper,39,1022.01
2025-05-26,PROD00954,Beauty,North,26.81,19.57,7.239999999999998,More Expensive,Significantly More Expensive,27,723.87
2025-05-27,PROD00012,Home & Kitchen,Central,14.62,19.56,-4.9399999999999995,Cheaper,Significantly Cheaper,40,584.8
2025-05-27,PROD01078,Electronics,West,55.63,54.84,0.7899999999999991,Similar,Normal Competitive Range,22,1040.28
2025-05-27,PROD00471,Books,Central,46.9,47.73,-0.8299999999999983,Similar,Normal Competitive Range,19,801.99
2025-05-27,PROD00846,Books,East,17.04,49.78,-32.74,Cheaper,Significantly Cheaper,16,218.11
2025-05-27,PROD00743,Beauty,South,75.99,28.87,47.11999999999999,More Expensive,Significantly More Expensive,7,452.14
2025-05-28,PROD00321,Electronics,Central,24.47,28.2,-3.7300000000000004,Cheaper,Normal Competitive Range,43,894.38
2025-05-28,PROD00946,Toys,Central,42.7,14.69,28.010000000000005,More Expensive,Significantly More Expensive,21,627.69
2025-05-28,PROD00860,Home & Kitchen,North,35.56,23.99,11.570000000000004,More Expensive,Significantly More Expensive,46,1308.61
2025-05-28,PROD00061,Toys,North,20.19,22.83,-2.639999999999997,Cheaper,Normal Competitive Range,22,399.76
2025-05-29,PROD00883,Grocery,South,31.87,25.07,6.800000000000001,More Expensive,Significantly More Expensive,35,948.13
2025-05-29,PROD01190,Sports,North,10.92,60.4,-49.48,Cheaper,Significantly Cheaper,14,122.3
2025-05-29,PROD01136,Home & Kitchen,South,41.71,39.31,2.3999999999999986,More Expensive,Normal Competitive Range,24,950.99
2025-05-29,PROD00971,Fashion,North,42.46,13.07,29.39,More Expensive,Significantly More Expensive,42,1426.66
2025-05-29,PROD00187,Beauty,West,16.92,62.16,-45.239999999999995,Cheaper,Significantly Cheaper,73,988.13
2025-05-30,PROD00790,Beauty,South,13.7,56.3,-42.599999999999994,Cheaper,Significantly Cheaper,25,308.25
2025-05-30,PROD00926,Toys,East,61.2,34.73,26.470000000000006,More Expensive,Significantly More Expensive,23,1337.22
2025-05-30,PROD00765,Fashion,East,27.21,89.43,-62.220000000000006,Cheaper,Significantly Cheaper,34,925.14
2025-05-30,PROD01027,Grocery,West,42.9,79.14,-36.24,Cheaper,Significantly Cheaper,37,1587.3
2025-05-30,PROD00055,Electronics,West,9.29,54.73,-45.44,Cheaper,Significantly Cheaper,69,576.91
2025-05-31,PROD00252,Fashion,North,37.11,24.22,12.89,More Expensive,Significantly More Expensive,36,1001.97
2025-05-31,PROD00330,Sports,South,36.56,47.43,-10.869999999999997,Cheaper,Significantly Cheaper,36,1250.35
2025-06-01,PROD00550,Grocery,West,13.41,21.89,-8.48,Cheaper,Significantly Cheaper,61,736.21
2025-06-01,PROD00444,Sports,Central,32.19,12.36,19.83,More Expensive,Significantly More Expensive,22,708.18
2025-06-01,PROD00032,Home & Kitchen,Central,16.94,125.01,-108.07000000000001,Cheaper,Significantly Cheaper,29,491.26
2025-06-01,PROD00461,Electronics,East,25.74,25.88,-0.14000000000000057,Similar,Normal Competitive Range,34,787.64
2025-06-01,PROD00203,Grocery,West,321.64,17.67,303.96999999999997,More Expensive,Significantly More Expensive,1,273.39
2025-06-01,PROD00364,Fashion,East,20.82,37.69,-16.869999999999997,Cheaper,Significantly Cheaper,48,849.46
2025-06-01,PROD00742,Home & Kitchen,West,22.5,44.22,-21.72,Cheaper,Significantly Cheaper,46,724.5
2025-06-02,PROD01176,Sports,South,13.95,11.9,2.049999999999999,More Expensive,Normal Competitive Range,26,326.43
2025-06-03,PROD01169,Books,West,13.17,9.35,3.8200000000000003,More Expensive,Significantly More Expensive,30,335.84
2025-06-03,PROD01189,Electronics,East,29.48,58.14,-28.66,Cheaper,Significantly Cheaper,70,1650.88
2025-06-03,PROD00541,Sports,North,19.07,8.38,10.69,More Expensive,Significantly More Expensive,43,820.01
2025-06-03,PROD00428,Beauty,East,135.7,115.03,20.669999999999987,More Expensive,Normal Competitive Range,13,1499.48
2025-06-03,PROD00503,Sports,Central,64.17,46.27,17.9,More Expensive,Significantly More Expensive,7,449.19
2025-06-03,PROD00015,Electronics,South,30.23,18.97,11.260000000000002,More Expensive,Significantly More Expensive,40,967.36
2025-06-03,PROD00498,Sports,Central,47.44,23.04,24.4,More Expensive,Significantly More Expensive,13,555.05
2025-06-03,PROD00151,Fashion,Central,10.4,78.63,-68.22999999999999,Cheaper,Significantly Cheaper,117,851.76
2025-06-03,PROD00025,Beauty,South,37.03,23.43,13.600000000000001,More Expensive,Significantly More Expensive,36,933.16
2025-06-03,PROD00849,Sports,Central,16.27,11.25,5.02,More Expensive,Significantly More Expensive,46,748.42
2025-06-04,PROD01143,Home & Kitchen,West,14.57,40.29,-25.72,Cheaper,Significantly Cheaper,37,458.23
2025-06-04,PROD00163,Toys,North,24.28,25.64,-1.3599999999999994,Cheaper,Normal Competitive Range,37,763.61
2025-06-04,PROD00827,Home & Kitchen,North,19.72,26.15,-6.43,Cheaper,Significantly Cheaper,20,374.68
2025-06-04,PROD01113,Books,East,33.96,30.47,3.490000000000002,More Expensive,Normal Competitive Range,15,458.46
2025-06-04,PROD00972,Beauty,Central,28.23,15.36,12.870000000000001,More Expensive,Significantly More Expensive,19,509.55
2025-06-05,PROD01058,Books,West,68.55,73.67,-5.1200000000000045,Cheaper,Normal Competitive Range,7,431.86
2025-06-05,PROD00257,Toys,South,38.96,37.61,1.3500000000000014,Similar,Normal Competitive Range,21,695.44
2025-06-05,PROD00445,Electronics,South,33.18,54.92,-21.740000000000002,Cheaper,Significantly Cheaper,30,895.86
2025-06-05,PROD01171,Fashion,North,14.82,12.09,2.7300000000000004,More Expensive,Significantly More Expensive,63,793.61
2025-06-05,PROD00162,Toys,South,30.34,21.32,9.02,More Expensive,Significantly More Expensive,31,658.38
2025-06-06,PROD00062,Electronics,East,25.66,36.69,-11.029999999999998,Cheaper,Significantly Cheaper,79,1723.07
2025-06-06,PROD00502,Grocery,South,13.02,22.56,-9.54,Cheaper,Significantly Cheaper,33,386.69
2025-06-06,PROD00473,Grocery,South,29.24,21.6,7.639999999999997,More Expensive,Significantly More Expensive,24,631.58
2025-06-06,PROD00338,Home & Kitchen,East,43.73,38.38,5.349999999999994,More Expensive,Normal Competitive Range,35,1454.02
2025-06-06,PROD00232,Beauty,Central,30.77,40.3,-9.529999999999998,Cheaper,Significantly Cheaper,16,393.86
2025-06-07,PROD00693,Books,East,28.56,6.88,21.68,More Expensive,Significantly More Expensive,23,591.19
2025-06-07,PROD01113,Books,West,46.15,19.11,27.04,More Expensive,Significantly More Expensive,13,539.95
2025-06-07,PROD01155,Fashion,Central,20.91,27.89,-6.98,Cheaper,Significantly Cheaper,30,627.3
2025-06-07,PROD00696,Home & Kitchen,West,31.67,24.11,7.560000000000002,More Expensive,Significantly More Expensive,26,823.42
2025-06-07,PROD00270,Electronics,Central,28.77,47.61,-18.84,Cheaper,Significantly Cheaper,33,901.94
2025-06-07,PROD01026,Fashion,Central,14.66,63.45,-48.790000000000006,Cheaper,Significantly Cheaper,22,241.89
2025-06-07,PROD00172,Sports,East,14.03,50.28,-36.25,Cheaper,Significantly Cheaper,57,639.77
2025-06-08,PROD00493,Home & Kitchen,North,18.82,36.67,-17.85,Cheaper,Significantly Cheaper,59,777.27
2025-06-08,PROD00427,Grocery,North,36.77,58.12,-21.349999999999994,Cheaper,Significantly Cheaper,35,900.86
2025-06-08,PROD00088,Books,West,45.04,35.01,10.030000000000001,More Expensive,Significantly More Expensive,24,972.86
2025-06-09,PROD00672,Toys,South,32.48,30.54,1.9399999999999977,More Expensive,Normal Competitive Range,28,773.02
2025-06-09,PROD00963,Sports,East,25.41,16.7,8.71,More Expensive,Significantly More Expensive,29,626.36
2025-06-09,PROD00414,Fashion,West,12.54,21.16,-8.620000000000001,Cheaper,Significantly Cheaper,31,330.43
2025-06-09,PROD00089,Home & Kitchen,East,59.45,39.35,20.1,More Expensive,Significantly More Expensive,21,873.92
2025-06-09,PROD01129,Toys,Central,28.71,43.53,-14.82,Cheaper,Significantly Cheaper,30,732.1
2025-06-09,PROD00632,Fashion,West,12.72,21.21,-8.49,Cheaper,Significantly Cheaper,44,531.7
2025-06-09,PROD00379,Beauty,West,18.04,68.35,-50.309999999999995,Cheaper,Significantly Cheaper,35,473.55
2025-06-10,PROD00489,Sports,West,33.88,33.55,0.3300000000000054,Similar,Normal Competitive Range,38,1094.32
2025-06-10,PROD00649,Sports,North,60.54,18.66,41.879999999999995,More Expensive,Significantly More Expensive,15,771.88
2025-06-10,PROD00666,Sports,South,57.06,6.05,51.010000000000005,More Expensive,Significantly More Expensive,12,650.48
2025-06-10,PROD01005,Books,South,29.99,26.52,3.469999999999999,More Expensive,Normal Competitive Range,21,503.83
2025-06-11,PROD00937,Home & Kitchen,East,18.92,51.95,-33.03,Cheaper,Significantly Cheaper,80,1362.24
2025-06-11,PROD01188,Books,Central,13.28,32.56,-19.28,Cheaper,Significantly Cheaper,17,191.9
2025-06-11,PROD01188,Books,Central,13.28,32.56,-19.28,Cheaper,Significantly Cheaper,35,611.36
2025-06-11,PROD00768,Home & Kitchen,North,76.99,35.63,41.35999999999999,More Expensive,Significantly More Expensive,14,862.29
2025-06-11,PROD00797,Electronics,East,22.44,24.61,-2.169999999999998,Cheaper,Normal Competitive Range,50,1009.8
2025-06-11,PROD00205,Fashion,West,34.24,23.64,10.600000000000001,More Expensive,Significantly More Expensive,13,445.12
2025-06-11,PROD00375,Home & Kitchen,West,68.19,11.61,56.58,More Expensive,Significantly More Expensive,12,818.28
2025-06-11,PROD00382,Sports,North,19.26,122.57,-103.30999999999999,Cheaper,Significantly Cheaper,80,1309.68
2025-06-11,PROD01064,Toys,West,39.65,46.81,-7.160000000000004,Cheaper,Normal Competitive Range,22,697.84
2025-06-11,PROD01188,Fashion,West,23.29,50.87,-27.58,Cheaper,Significantly Cheaper,17,191.9
2025-06-11,PROD01188,Fashion,West,23.29,50.87,-27.58,Cheaper,Significantly Cheaper,35,611.36
2025-06-12,PROD00760,Toys,Central,13.96,40.55,-26.589999999999996,Cheaper,Significantly Cheaper,18,251.28
2025-06-12,PROD00655,Home & Kitchen,South,9.4,11.43,-2.0299999999999994,Cheaper,Normal Competitive Range,68,511.36
2025-06-12,PROD00861,Electronics,Central,71.76,26.29,45.470000000000006,More Expensive,Significantly More Expensive,23,1567.96
2025-06-12,PROD01075,Home & Kitchen,East,19.87,27.03,-7.16,Cheaper,Significantly Cheaper,22,415.28
2025-06-12,PROD00291,Sports,North,138.77,176.84,-38.06999999999999,Cheaper,Significantly Cheaper,4,555.08
2025-06-12,PROD00551,Home & Kitchen,East,40.51,33.06,7.449999999999996,More Expensive,Significantly More Expensive,41,1411.77
2025-06-12,PROD00858,Grocery,North,23.19,19.45,3.740000000000002,More Expensive,Normal Competitive Range,28,584.39
2025-06-13,PROD01014,Home & Kitchen,East,17.35,34.43,-17.08,Cheaper,Significantly Cheaper,65,958.59
2025-06-13,PROD00479,Electronics,South,17.55,46.71,-29.16,Cheaper,Significantly Cheaper,47,783.61
2025-06-14,PROD00498,Books,East,49.8,39.03,10.769999999999996,More Expensive,Significantly More Expensive,23,801.78
2025-06-14,PROD00747,Beauty,West,20.86,26.05,-5.190000000000001,Cheaper,Normal Competitive Range,29,514.2
2025-06-14,PROD00148,Electronics,South,46.75,13.07,33.68,More Expensive,Significantly More Expensive,31,1231.86
2025-06-15,PROD00056,Home & Kitchen,North,13.01,32.16,-19.15,Cheaper,Significantly Cheaper,25,292.73
2025-06-15,PROD00867,Books,South,16.52,17.95,-1.4299999999999997,Cheaper,Normal Competitive Range,51,800.39
2025-06-15,PROD00826,Grocery,West,20.23,13.57,6.66,More Expensive,Significantly More Expensive,82,1244.14
2025-06-15,PROD00953,Electronics,East,23.5,53.59,-30.090000000000003,Cheaper,Significantly Cheaper,42,838.95
2025-06-15,PROD00825,Grocery,Central,10.27,22.12,-11.850000000000001,Cheaper,Significantly Cheaper,34,331.72
2025-06-16,PROD00210,Beauty,East,66.81,86.71,-19.89999999999999,Cheaper,Significantly Cheaper,17,1135.77
2025-06-16,PROD00188,Sports,South,64.35,22.44,41.91,More Expensive,Significantly More Expensive,17,929.86
2025-06-16,PROD00512,Books,South,4.97,12.55,-7.580000000000001,Cheaper,Significantly Cheaper,21,93.93
2025-06-16,PROD00862,Grocery,South,26.64,8.78,17.86,More Expensive,Significantly More Expensive,35,839.16
2025-06-16,PROD00804,Home & Kitchen,South,19.75,19.59,0.16000000000000014,Similar,Normal Competitive Range,49,919.36
2025-06-16,PROD00950,Grocery,Central,34.59,9.51,25.080000000000005,More Expensive,Significantly More Expensive,33,1027.32
2025-06-16,PROD00150,Beauty,Central,18.47,44.49,-26.020000000000003,Cheaper,Significantly Cheaper,65,1020.47
2025-06-16,PROD00763,Toys,Central,19.56,25.18,-5.620000000000001,Cheaper,Significantly Cheaper,33,548.66
2025-06-16,PROD00509,Electronics,West,47.41,41.81,5.599999999999994,More Expensive,Normal Competitive Range,20,853.38
2025-06-17,PROD00257,Beauty,North,31.18,24.53,6.649999999999999,More Expensive,Significantly More Expensive,46,1147.42
2025-06-17,PROD00145,Books,South,23.68,29.0,-5.32,Cheaper,Normal Competitive Range,17,402.56
2025-06-17,PROD00488,Electronics,Central,14.81,7.76,7.050000000000001,More Expensive,Significantly More Expensive,96,1350.67
2025-06-17,PROD00694,Fashion,South,170.58,49.57,121.01000000000002,More Expensive,Significantly More Expensive,2,341.16
2025-06-17,PROD00970,Beauty,East,22.84,74.06,-51.22,Cheaper,Significantly Cheaper,22,502.48
2025-06-17,PROD00598,Fashion,West,40.57,17.78,22.79,More Expensive,Significantly More Expensive,35,1419.95
2025-06-18,PROD00584,Home & Kitchen,East,22.21,24.33,-2.1199999999999974,Cheaper,Normal Competitive Range,19,358.69
2025-06-18,PROD00678,Beauty,South,17.57,44.04,-26.47,Cheaper,Significantly Cheaper,27,403.23
2025-06-18,PROD00140,Sports,North,28.58,64.58,-36.0,Cheaper,Significantly Cheaper,45,964.58
2025-06-18,PROD00965,Home & Kitchen,West,46.82,13.13,33.69,More Expensive,Significantly More Expensive,12,533.75
2025-06-18,PROD01196,Books,North,17.82,11.32,6.5,More Expensive,Significantly More Expensive,27,384.91
2025-06-18,PROD00454,Beauty,North,31.72,16.4,15.32,More Expensive,Significantly More Expensive,22,488.49
2025-06-18,PROD00740,Books,North,19.56,12.62,6.9399999999999995,More Expensive,Significantly More Expensive,22,387.29
2025-06-18,PROD00094,Sports,North,7.6,70.62,-63.02,Cheaper,Significantly Cheaper,32,218.88
2025-06-18,PROD00187,Books,North,34.8,61.0,-26.200000000000003,Cheaper,Significantly Cheaper,23,760.38
2025-06-18,PROD00088,Books,Central,22.63,52.27,-29.640000000000004,Cheaper,Significantly Cheaper,15,305.5
2025-06-18,PROD00033,Electronics,East,30.71,4.13,26.580000000000002,More Expensive,Significantly More Expensive,19,495.97
2025-06-19,PROD00302,Fashion,South,23.83,31.12,-7.290000000000003,Cheaper,Significantly Cheaper,57,1018.73
2025-06-19,PROD00278,Toys,East,35.38,9.6,25.78,More Expensive,Significantly More Expensive,12,403.33
2025-06-19,PROD00495,Toys,Central,24.89,34.75,-9.86,Cheaper,Significantly Cheaper,35,784.04
2025-06-19,PROD00976,Electronics,Central,55.04,23.36,31.68,More Expensive,Significantly More Expensive,9,470.59
2025-06-19,PROD00752,Beauty,West,58.47,32.47,26.0,More Expensive,Significantly More Expensive,12,701.64
2025-06-19,PROD00146,Beauty,North,32.3,8.07,24.229999999999997,More Expensive,Significantly More Expensive,50,1130.5
2025-06-19,PROD00161,Books,Central,19.54,24.42,-4.880000000000003,Cheaper,Normal Competitive Range,12,175.86
2025-06-19,PROD00556,Toys,Central,27.18,14.53,12.65,More Expensive,Significantly More Expensive,18,440.32
2025-06-19,PROD00980,Sports,East,26.64,31.93,-5.289999999999999,Cheaper,Normal Competitive Range,9,215.78
2025-06-19,PROD00144,Home & Kitchen,South,19.86,23.66,-3.8000000000000007,Cheaper,Normal Competitive Range,30,566.01
2025-06-20,PROD00147,Sports,East,27.4,14.67,12.729999999999999,More Expensive,Significantly More Expensive,19,494.57
2025-06-20,PROD00493,Grocery,Central,70.18,35.0,35.18000000000001,More Expensive,Significantly More Expensive,14,933.39
2025-06-20,PROD01136,Home & Kitchen,East,86.56,28.79,57.77,More Expensive,Significantly More Expensive,10,649.2
2025-06-20,PROD01122,Home & Kitchen,West,24.08,18.26,5.819999999999997,More Expensive,Significantly More Expensive,28,471.97
2025-06-20,PROD00144,Books,North,30.42,20.29,10.130000000000003,More Expensive,Significantly More Expensive,21,543.0
2025-06-20,PROD00046,Electronics,East,27.64,24.75,2.8900000000000006,More Expensive,Normal Competitive Range,30,746.28
2025-06-20,PROD00030,Sports,North,5.45,9.64,-4.19,Cheaper,Significantly Cheaper,43,199.2
2025-06-21,PROD00812,Books,South,25.65,28.81,-3.16,Cheaper,Normal Competitive Range,45,865.69
2025-06-21,PROD00474,Grocery,East,27.42,68.06,-40.64,Cheaper,Significantly Cheaper,25,616.95
2025-06-21,PROD00388,Sports,Central,34.34,19.41,14.930000000000003,More Expensive,Significantly More Expensive,32,879.1
2025-06-22,PROD00644,Sports,Central,58.1,23.35,34.75,More Expensive,Significantly More Expensive,17,839.54
2025-06-22,PROD00146,Toys,North,20.56,34.95,-14.390000000000004,Cheaper,Significantly Cheaper,32,657.92
2025-06-22,PROD00316,Electronics,North,19.31,67.15,-47.84,Cheaper,Significantly Cheaper,32,587.02
2025-06-22,PROD01066,Books,North,20.87,8.81,12.06,More Expensive,Significantly More Expensive,35,730.45
2025-06-22,PROD01022,Fashion,South,68.92,67.44,1.480000000000004,Similar,Normal Competitive Range,18,1178.53
2025-06-22,PROD00452,Beauty,North,34.2,34.13,0.07000000000000028,Similar,Normal Competitive Range,20,684.0
2025-06-23,PROD00624,Beauty,West,56.91,17.77,39.14,More Expensive,Significantly More Expensive,28,1195.11
2025-06-23,PROD00049,Fashion,West,56.8,15.13,41.669999999999995,More Expensive,Significantly More Expensive,18,920.16
2025-06-23,PROD00643,Electronics,South,39.42,56.17,-16.75,Cheaper,Significantly Cheaper,60,2010.42
2025-06-23,PROD00589,Electronics,West,27.13,12.56,14.569999999999999,More Expensive,Significantly More Expensive,34,922.42
2025-06-23,PROD00459,Grocery,North,29.88,22.29,7.59,More Expensive,Significantly More Expensive,21,470.61
2025-06-23,PROD00166,Home & Kitchen,East,101.92,10.93,90.99000000000001,More Expensive,Significantly More Expensive,10,917.28
2025-06-23,PROD00343,Grocery,Central,60.88,97.79,-36.910000000000004,Cheaper,Significantly Cheaper,13,791.44
2025-06-23,PROD00272,Home & Kitchen,West,25.21,21.2,4.010000000000002,More Expensive,Normal Competitive Range,49,926.47
2025-06-23,PROD01174,Electronics,South,5.26,92.79,-87.53,Cheaper,Significantly Cheaper,35,156.48
2025-06-23,PROD00708,Grocery,South,21.51,31.83,-10.319999999999997,Cheaper,Significantly Cheaper,37,716.28
2025-06-23,PROD01008,Toys,South,32.55,19.07,13.479999999999997,More Expensive,Significantly More Expensive,13,359.68
2025-06-24,PROD00770,Beauty,West,27.37,53.32,-25.95,Cheaper,Significantly Cheaper,36,886.79
2025-06-24,PROD00654,Toys,South,53.79,39.13,14.659999999999997,More Expensive,Significantly More Expensive,30,1371.64
2025-06-25,PROD01021,Home & Kitchen,North,22.74,13.71,9.029999999999998,More Expensive,Significantly More Expensive,47,855.02
2025-06-25,PROD00706,Home & Kitchen,East,51.44,28.55,22.889999999999997,More Expensive,Significantly More Expensive,14,720.16
2025-06-25,PROD01012,Electronics,West,96.72,35.13,61.589999999999996,More Expensive,Significantly More Expensive,15,1450.8
2025-06-25,PROD00137,Fashion,South,65.69,32.04,33.65,More Expensive,Significantly More Expensive,17,1005.06
2025-06-26,PROD00637,Home & Kitchen,South,27.16,30.17,-3.0100000000000016,Cheaper,Normal Competitive Range,57,1238.5
2025-06-26,PROD00679,Home & Kitchen,South,21.82,64.24,-42.419999999999995,Cheaper,Significantly Cheaper,23,376.4
2025-06-26,PROD00173,Books,East,12.8,69.14,-56.34,Cheaper,Significantly Cheaper,33,359.04
2025-06-26,PROD00495,Fashion,East,23.5,76.04,-52.540000000000006,Cheaper,Significantly Cheaper,43,909.45
2025-06-26,PROD01065,Sports,West,12.92,12.73,0.1899999999999995,Similar,Normal Competitive Range,30,348.84
2025-06-26,PROD00515,Grocery,Central,26.28,24.39,1.8900000000000006,More Expensive,Normal Competitive Range,57,1273.27
2025-06-27,PROD00520,Electronics,North,35.26,45.06,-9.800000000000004,Cheaper,Significantly Cheaper,66,2094.44
2025-06-27,PROD00478,Beauty,West,65.16,16.89,48.269999999999996,More Expensive,Significantly More Expensive,14,729.79
2025-06-27,PROD00159,Home & Kitchen,North,9.63,73.23,-63.6,Cheaper,Significantly Cheaper,79,608.62
2025-06-27,PROD00966,Toys,North,13.69,28.54,-14.85,Cheaper,Significantly Cheaper,31,403.17
2025-06-27,PROD00032,Beauty,West,12.83,19.86,-7.029999999999999,Cheaper,Significantly Cheaper,46,501.65
2025-06-27,PROD00272,Sports,South,25.53,52.39,-26.86,Cheaper,Significantly Cheaper,23,440.39
2025-06-27,PROD01042,Home & Kitchen,Central,20.42,38.98,-18.559999999999995,Cheaper,Significantly Cheaper,66,1078.18
2025-06-28,PROD00565,Electronics,Central,23.61,20.08,3.530000000000001,More Expensive,Normal Competitive Range,62,1463.82
2025-06-28,PROD00084,Grocery,North,31.29,40.63,-9.340000000000003,Cheaper,Significantly Cheaper,22,688.38
2025-06-28,PROD00397,Sports,South,30.51,41.07,-10.559999999999999,Cheaper,Significantly Cheaper,22,671.22
2025-06-28,PROD00311,Home & Kitchen,North,10.27,61.83,-51.56,Cheaper,Significantly Cheaper,44,384.1
2025-06-28,PROD00777,Fashion,North,33.42,43.74,-10.32,Cheaper,Significantly Cheaper,44,1396.96
2025-06-28,PROD00792,Fashion,East,18.87,33.04,-14.169999999999998,Cheaper,Significantly Cheaper,68,962.37
2025-06-28,PROD00810,Toys,Central,9.98,62.59,-52.61,Cheaper,Significantly Cheaper,75,673.65
2025-06-28,PROD00104,Home & Kitchen,West,31.86,21.42,10.439999999999998,More Expensive,Significantly More Expensive,17,433.3
2025-06-29,PROD01020,Fashion,West,21.21,45.36,-24.15,Cheaper,Significantly Cheaper,35,742.35
2025-06-29,PROD00038,Fashion,West,26.68,13.41,13.27,More Expensive,Significantly More Expensive,35,653.66
2025-06-30,PROD00868,Fashion,West,14.58,94.51,-79.93,Cheaper,Significantly Cheaper,142,1449.25
2025-06-30,PROD00288,Home & Kitchen,North,11.65,70.57,-58.919999999999995,Cheaper,Significantly Cheaper,73,680.36
2025-06-30,PROD00275,Sports,West,27.57,27.44,0.129999999999999,Similar,Normal Competitive Range,17,421.82
2025-06-30,PROD00229,Home & Kitchen,North,58.09,15.24,42.85,More Expensive,Significantly More Expensive,24,1115.33
2025-07-01,PROD00632,Sports,West,62.66,12.29,50.37,More Expensive,Significantly More Expensive,28,1315.86
2025-07-01,PROD00600,Home & Kitchen,East,20.76,50.33,-29.569999999999997,Cheaper,Significantly Cheaper,48,847.01
2025-07-01,PROD00865,Grocery,West,83.77,65.56,18.209999999999994,More Expensive,Significantly More Expensive,12,854.45
2025-07-01,PROD00568,Books,East,39.2,8.5,30.700000000000003,More Expensive,Significantly More Expensive,25,833.0
2025-07-01,PROD01140,Beauty,West,35.93,14.98,20.95,More Expensive,Significantly More Expensive,43,1313.24
2025-07-01,PROD01093,Toys,North,56.85,24.5,32.35,More Expensive,Significantly More Expensive,12,613.98
2025-07-02,PROD00781,Grocery,Central,27.97,25.09,2.879999999999999,More Expensive,Normal Competitive Range,58,1378.92
2025-07-02,PROD00393,Fashion,West,10.05,10.47,-0.41999999999999993,Similar,Normal Competitive Range,49,467.83
2025-07-02,PROD00570,Home & Kitchen,West,13.65,60.98,-47.33,Cheaper,Significantly Cheaper,82,951.4
2025-07-02,PROD00776,Toys,East,21.71,25.06,-3.349999999999998,Cheaper,Normal Competitive Range,22,477.62
2025-07-02,PROD00532,Books,East,16.32,70.84,-54.52,Cheaper,Significantly Cheaper,31,430.03
2025-07-02,PROD01097,Home & Kitchen,West,26.89,33.03,-6.140000000000001,Cheaper,Normal Competitive Range,31,833.59
2025-07-03,PROD00220,Beauty,North,49.17,36.01,13.160000000000004,More Expensive,Significantly More Expensive,22,1027.65
2025-07-03,PROD01197,Fashion,South,33.0,15.66,17.34,More Expensive,Significantly More Expensive,52,1544.4
2025-07-03,PROD00455,Sports,West,81.28,32.63,48.65,More Expensive,Significantly More Expensive,21,1365.5
2025-07-04,PROD01045,Electronics,South,110.25,34.55,75.7,More Expensive,Significantly More Expensive,5,523.69
2025-07-04,PROD00589,Beauty,South,120.05,38.99,81.06,More Expensive,Significantly More Expensive,6,576.24
2025-07-04,PROD00332,Toys,West,9.06,72.38,-63.31999999999999,Cheaper,Significantly Cheaper,27,220.16
2025-07-04,PROD00790,Home & Kitchen,North,38.17,32.52,5.649999999999999,More Expensive,Normal Competitive Range,44,1427.56
2025-07-04,PROD00467,Books,East,24.94,40.68,-15.739999999999998,Cheaper,Significantly Cheaper,45,1122.3
2025-07-05,PROD00733,Books,Central,33.53,39.98,-6.449999999999996,Cheaper,Normal Competitive Range,20,603.54
2025-07-05,PROD00693,Electronics,East,40.52,25.07,15.450000000000003,More Expensive,Significantly More Expensive,36,1021.1
2025-07-05,PROD00971,Electronics,West,20.01,12.32,7.690000000000001,More Expensive,Significantly More Expensive,49,686.34
2025-07-06,PROD01022,Books,North,46.51,37.86,8.649999999999999,More Expensive,Significantly More Expensive,14,651.14
2025-07-06,PROD00541,Electronics,North,40.07,22.52,17.55,More Expensive,Significantly More Expensive,28,953.67
2025-07-06,PROD01142,Toys,North,24.78,83.21,-58.42999999999999,Cheaper,Significantly Cheaper,36,669.06
2025-07-06,PROD00812,Electronics,South,27.56,31.04,-3.4800000000000004,Cheaper,Normal Competitive Range,50,1240.2
2025-07-06,PROD00707,Sports,Central,17.28,72.45,-55.17,Cheaper,Significantly Cheaper,53,824.26
2025-07-06,PROD00009,Beauty,West,20.87,43.88,-23.01,Cheaper,Significantly Cheaper,49,818.1
2025-07-06,PROD01026,Home & Kitchen,North,29.3,21.47,7.830000000000002,More Expensive,Significantly More Expensive,23,673.9
2025-07-07,PROD00028,Fashion,North,30.38,18.63,11.75,More Expensive,Significantly More Expensive,39,1125.58
2025-07-07,PROD01133,Sports,South,34.14,18.9,15.240000000000002,More Expensive,Significantly More Expensive,11,337.99
2025-07-07,PROD00627,Beauty,East,46.72,10.74,35.98,More Expensive,Significantly More Expensive,26,1032.51
2025-07-07,PROD00775,Sports,West,17.58,14.44,3.139999999999999,More Expensive,Significantly More Expensive,19,317.32
2025-07-08,PROD00328,Electronics,Central,76.8,51.53,25.269999999999996,More Expensive,Significantly More Expensive,22,1520.64
2025-07-08,PROD00271,Books,East,41.34,26.97,14.370000000000005,More Expensive,Significantly More Expensive,22,773.06
2025-07-08,PROD00037,Toys,West,19.7,30.48,-10.780000000000001,Cheaper,Significantly Cheaper,38,636.31
2025-07-09,PROD01145,Grocery,West,9.99,20.64,-10.65,Cheaper,Significantly Cheaper,98,783.22
2025-07-09,PROD00257,Books,South,17.24,49.67,-32.43000000000001,Cheaper,Significantly Cheaper,20,293.08
2025-07-09,PROD00327,Grocery,North,88.25,8.58,79.67,More Expensive,Significantly More Expensive,9,754.54
2025-07-09,PROD00250,Electronics,Central,37.17,24.97,12.200000000000003,More Expensive,Significantly More Expensive,29,754.55
2025-07-09,PROD00262,Beauty,East,40.03,21.2,18.830000000000002,More Expensive,Significantly More Expensive,26,832.62
2025-07-09,PROD00314,Fashion,South,36.45,65.92,-29.47,Cheaper,Significantly Cheaper,34,929.48
2025-07-10,PROD00363,Toys,East,13.83,71.63,-57.8,Cheaper,Significantly Cheaper,21,261.39
2025-07-10,PROD00936,Books,North,21.15,34.46,-13.310000000000002,Cheaper,Significantly Cheaper,39,577.39
2025-07-10,PROD00430,Books,East,40.53,53.15,-12.619999999999997,Cheaper,Significantly Cheaper,21,808.57
2025-07-10,PROD00272,Beauty,East,59.26,54.46,4.799999999999997,More Expensive,Normal Competitive Range,13,770.38
2025-07-11,PROD00225,Toys,East,34.55,57.84,-23.290000000000006,Cheaper,Significantly Cheaper,20,656.45
2025-07-11,PROD00662,Sports,West,16.36,26.71,-10.350000000000001,Cheaper,Significantly Cheaper,46,752.56
2025-07-12,PROD00045,Grocery,North,15.73,23.13,-7.399999999999999,Cheaper,Significantly Cheaper,103,1458.17
2025-07-12,PROD00751,Beauty,Central,17.5,24.44,-6.940000000000001,Cheaper,Significantly Cheaper,27,354.38
2025-07-12,PROD00400,Sports,Central,27.82,19.58,8.240000000000002,More Expensive,Significantly More Expensive,27,638.47
2025-07-12,PROD00716,Grocery,West,33.64,16.12,17.52,More Expensive,Significantly More Expensive,48,1533.98
2025-07-12,PROD00189,Grocery,Central,14.09,25.18,-11.09,Cheaper,Significantly Cheaper,79,890.49
2025-07-12,PROD00945,Sports,North,22.46,98.88,-76.41999999999999,Cheaper,Significantly Cheaper,69,1084.82
2025-07-13,PROD00370,Home & Kitchen,East,39.62,20.1,19.519999999999996,More Expensive,Significantly More Expensive,31,1043.99
2025-07-14,PROD00064,Grocery,West,27.71,23.22,4.490000000000002,More Expensive,Normal Competitive Range,24,598.54
2025-07-14,PROD00869,Books,South,48.27,45.16,3.1100000000000065,More Expensive,Normal Competitive Range,46,1887.36
2025-07-14,PROD00970,Books,West,74.48,64.11,10.370000000000005,More Expensive,Normal Competitive Range,6,446.88
2025-07-14,PROD00393,Electronics,Central,39.79,36.6,3.1899999999999977,More Expensive,Normal Competitive Range,24,763.97
2025-07-15,PROD00180,Sports,Central,36.84,19.96,16.880000000000003,More Expensive,Significantly More Expensive,26,766.27
2025-07-15,PROD00778,Electronics,East,29.99,22.2,7.789999999999999,More Expensive,Significantly More Expensive,32,863.71
2025-07-15,PROD00433,Books,Central,26.74,27.01,-0.2700000000000031,Similar,Normal Competitive Range,24,641.76
2025-07-15,PROD01014,Electronics,South,50.98,66.63,-15.649999999999999,Cheaper,Significantly Cheaper,47,2156.45
2025-07-15,PROD00867,Electronics,Central,14.11,49.48,-35.37,Cheaper,Significantly Cheaper,82,867.76
2025-07-15,PROD00819,Toys,East,41.41,67.69,-26.28,Cheaper,Significantly Cheaper,48,1888.3
2025-07-16,PROD00420,Home & Kitchen,West,38.77,54.99,-16.22,Cheaper,Significantly Cheaper,28,868.45
2025-07-17,PROD00788,Toys,Central,108.92,42.67,66.25,More Expensive,Significantly More Expensive,5,490.14
2025-07-17,PROD00936,Toys,North,30.64,21.25,9.39,More Expensive,Significantly More Expensive,26,716.98
2025-07-17,PROD01129,Fashion,North,15.62,31.36,-15.74,Cheaper,Significantly Cheaper,33,489.69
2025-07-17,PROD01162,Sports,South,29.25,12.1,17.15,More Expensive,Significantly More Expensive,38,1000.35
2025-07-17,PROD00616,Beauty,South,18.91,42.7,-23.790000000000003,Cheaper,Significantly Cheaper,87,1316.14
2025-07-17,PROD00023,Fashion,West,17.62,34.85,-17.23,Cheaper,Significantly Cheaper,37,651.94
2025-07-18,PROD00691,Fashion,North,15.93,60.81,-44.88,Cheaper,Significantly Cheaper,62,790.13
2025-07-18,PROD00344,Books,South,20.67,32.45,-11.780000000000001,Cheaper,Significantly Cheaper,37,688.31
2025-07-18,PROD00153,Sports,South,46.48,10.65,35.83,More Expensive,Significantly More Expensive,23,962.14
2025-07-18,PROD00408,Home & Kitchen,North,18.53,22.37,-3.84,Cheaper,Normal Competitive Range,60,945.03
2025-07-18,PROD00292,Beauty,South,18.64,68.93,-50.290000000000006,Cheaper,Significantly Cheaper,76,1274.98
2025-07-18,PROD01119,Home & Kitchen,West,29.35,15.2,14.150000000000002,More Expensive,Significantly More Expensive,57,1589.3
2025-07-18,PROD00079,Fashion,South,22.38,72.27,-49.89,Cheaper,Significantly Cheaper,47,788.9
2025-07-18,PROD01158,Sports,West,35.87,70.32,-34.449999999999996,Cheaper,Significantly Cheaper,28,803.49
2025-07-18,PROD00818,Electronics,North,67.16,33.6,33.559999999999995,More Expensive,Significantly More Expensive,25,1679.0
2025-07-18,PROD00359,Fashion,South,66.4,30.71,35.690000000000005,More Expensive,Significantly More Expensive,34,1693.2
2025-07-18,PROD00583,Beauty,Central,61.34,45.48,15.860000000000007,More Expensive,Significantly More Expensive,15,874.1
2025-07-19,PROD00860,Grocery,East,31.99,40.42,-8.430000000000003,Cheaper,Significantly Cheaper,63,2015.37
2025-07-19,PROD00669,Toys,North,29.0,27.37,1.629999999999999,More Expensive,Normal Competitive Range,27,704.7
2025-07-19,PROD00711,Beauty,West,61.71,15.57,46.14,More Expensive,Significantly More Expensive,17,891.71
2025-07-20,PROD01195,Toys,East,18.47,26.78,-8.310000000000002,Cheaper,Significantly Cheaper,34,565.18
2025-07-20,PROD01172,Sports,East,29.06,9.04,20.02,More Expensive,Significantly More Expensive,23,634.96
2025-07-20,PROD01091,Fashion,South,28.55,25.79,2.7600000000000016,More Expensive,Normal Competitive Range,17,461.08
2025-07-20,PROD00896,Toys,Central,112.61,23.8,88.81,More Expensive,Significantly More Expensive,6,472.96
2025-07-20,PROD00322,Grocery,South,17.86,9.61,8.25,More Expensive,Significantly More Expensive,62,885.86
2025-07-20,PROD00302,Books,Central,40.4,47.9,-7.5,Cheaper,Normal Competitive Range,18,618.12
2025-07-21,PROD01180,Grocery,South,35.55,16.49,19.06,More Expensive,Significantly More Expensive,45,1279.8
2025-07-21,PROD00475,Sports,South,56.46,30.03,26.43,More Expensive,Significantly More Expensive,34,1919.64
2025-07-21,PROD00008,Electronics,South,10.05,27.93,-17.88,Cheaper,Significantly Cheaper,67,606.02
2025-07-21,PROD00195,Fashion,West,6.37,40.82,-34.45,Cheaper,Significantly Cheaper,82,496.22
2025-07-21,PROD00762,Books,North,19.54,16.94,2.599999999999998,More Expensive,Normal Competitive Range,35,615.51
2025-07-22,PROD00835,Home & Kitchen,South,32.48,38.21,-5.730000000000004,Cheaper,Normal Competitive Range,44,1071.84
2025-07-22,PROD01183,Sports,North,7.36,9.25,-1.8899999999999997,Cheaper,Significantly Cheaper,40,264.96
2025-07-22,PROD00250,Beauty,South,15.74,36.79,-21.049999999999997,Cheaper,Significantly Cheaper,45,602.05
2025-07-22,PROD01058,Fashion,North,37.89,62.79,-24.9,Cheaper,Significantly Cheaper,33,937.78
2025-07-22,PROD00040,Toys,West,42.07,24.88,17.19,More Expensive,Significantly More Expensive,41,1552.38
2025-07-22,PROD00149,Fashion,West,11.5,53.16,-41.66,Cheaper,Significantly Cheaper,67,693.45
2025-07-22,PROD00033,Sports,South,24.53,19.84,4.690000000000001,More Expensive,Significantly More Expensive,68,1334.43
2025-07-23,PROD00875,Sports,West,28.01,9.75,18.26,More Expensive,Significantly More Expensive,27,642.83
2025-07-23,PROD00055,Sports,North,22.27,30.27,-8.0,Cheaper,Significantly Cheaper,42,748.27
2025-07-24,PROD00490,Grocery,North,100.59,13.3,87.29,More Expensive,Significantly More Expensive,10,905.31
2025-07-24,PROD01024,Toys,South,14.25,9.82,4.43,More Expensive,Significantly More Expensive,19,257.21
2025-07-24,PROD00167,Fashion,North,68.85,42.85,25.999999999999993,More Expensive,Significantly More Expensive,18,1053.4
2025-07-24,PROD01072,Home & Kitchen,North,64.42,18.97,45.45,More Expensive,Significantly More Expensive,8,489.59
2025-07-24,PROD00940,Beauty,South,55.24,18.51,36.730000000000004,More Expensive,Significantly More Expensive,21,1044.04
2025-07-24,PROD00509,Electronics,East,37.88,35.84,2.039999999999999,More Expensive,Normal Competitive Range,14,530.32
2025-07-24,PROD00965,Home & Kitchen,North,17.34,20.72,-3.379999999999999,Cheaper,Normal Competitive Range,40,520.2
2025-07-24,PROD00517,Books,East,25.06,13.05,12.009999999999998,More Expensive,Significantly More Expensive,20,375.9
2025-07-24,PROD00068,Books,Central,43.73,10.55,33.17999999999999,More Expensive,Significantly More Expensive,27,826.5
2025-07-24,PROD00925,Sports,North,35.93,39.35,-3.4200000000000017,Cheaper,Normal Competitive Range,27,824.59
2025-07-24,PROD00116,Electronics,East,28.69,10.94,17.75,More Expensive,Significantly More Expensive,28,722.99
2025-07-24,PROD00544,Electronics,South,32.84,25.85,6.990000000000002,More Expensive,Significantly More Expensive,23,755.32
2025-07-25,PROD00276,Toys,Central,26.72,46.43,-19.71,Cheaper,Significantly Cheaper,32,812.29
2025-07-25,PROD00424,Home & Kitchen,North,23.0,56.17,-33.17,Cheaper,Significantly Cheaper,50,977.5
2025-07-25,PROD00724,Toys,South,65.83,30.91,34.92,More Expensive,Significantly More Expensive,8,473.98
2025-07-25,PROD00421,Toys,South,7.95,30.4,-22.45,Cheaper,Significantly Cheaper,25,178.88
2025-07-25,PROD00038,Fashion,South,176.9,57.84,119.06,More Expensive,Significantly More Expensive,2,318.42
2025-07-26,PROD01125,Grocery,Central,56.76,37.36,19.4,More Expensive,Significantly More Expensive,62,2991.25
2025-07-26,PROD00798,Sports,North,21.38,12.34,9.04,More Expensive,Significantly More Expensive,30,513.12
2025-07-26,PROD00510,Home & Kitchen,North,69.14,21.45,47.69,More Expensive,Significantly More Expensive,15,881.53
2025-07-26,PROD00549,Books,East,11.0,11.12,-0.11999999999999922,Similar,Normal Competitive Range,44,387.2
2025-07-27,PROD00464,Home & Kitchen,East,9.03,105.91,-96.88,Cheaper,Significantly Cheaper,56,455.11
2025-07-27,PROD00873,Grocery,South,36.53,42.61,-6.079999999999998,Cheaper,Normal Competitive Range,56,1841.11
2025-07-27,PROD00834,Grocery,North,19.12,32.1,-12.98,Cheaper,Significantly Cheaper,47,898.64
2025-07-27,PROD00539,Sports,West,22.76,26.07,-3.3099999999999987,Cheaper,Normal Competitive Range,42,955.92
2025-07-28,PROD00852,Books,North,52.26,39.43,12.829999999999998,More Expensive,Significantly More Expensive,14,585.31
2025-07-28,PROD00844,Home & Kitchen,East,77.4,21.2,56.2,More Expensive,Significantly More Expensive,25,1644.75
2025-07-28,PROD01174,Home & Kitchen,South,16.06,26.26,-10.200000000000003,Cheaper,Significantly Cheaper,40,578.16
2025-07-28,PROD01195,Sports,North,91.0,21.04,69.96000000000001,More Expensive,Significantly More Expensive,14,891.8
2025-07-28,PROD00070,Electronics,West,23.14,26.6,-3.460000000000001,Cheaper,Normal Competitive Range,29,671.06
2025-07-28,PROD01189,Toys,South,103.89,93.81,10.079999999999998,More Expensive,Normal Competitive Range,3,264.92
2025-07-28,PROD00788,Sports,North,24.32,20.55,3.7699999999999996,More Expensive,Normal Competitive Range,72,1400.83
2025-07-28,PROD00684,Fashion,South,15.5,46.2,-30.700000000000003,Cheaper,Significantly Cheaper,69,1069.5
2025-07-28,PROD00489,Beauty,South,62.65,162.24,-99.59,Cheaper,Significantly Cheaper,18,902.16
2025-07-29,PROD00667,Beauty,South,26.73,25.39,1.3399999999999999,More Expensive,Normal Competitive Range,35,888.77
2025-07-29,PROD00182,Grocery,Central,13.28,24.04,-10.76,Cheaper,Significantly Cheaper,36,382.46
2025-07-29,PROD00356,Home & Kitchen,West,17.25,20.83,-3.5799999999999983,Cheaper,Normal Competitive Range,41,707.25
2025-07-29,PROD00669,Grocery,Central,58.93,236.43,-177.5,Cheaper,Significantly Cheaper,13,574.57
2025-07-29,PROD00842,Toys,Central,30.42,34.01,-3.5899999999999963,Cheaper,Normal Competitive Range,16,340.7
2025-07-29,PROD00146,Toys,Central,28.87,16.68,12.190000000000001,More Expensive,Significantly More Expensive,20,577.4
2025-07-29,PROD01089,Electronics,North,23.36,66.41,-43.05,Cheaper,Significantly Cheaper,81,1702.94
2025-07-29,PROD00617,Grocery,West,44.88,13.55,31.330000000000002,More Expensive,Significantly More Expensive,24,861.7
2025-07-29,PROD00311,Fashion,West,74.43,40.47,33.96000000000001,More Expensive,Significantly More Expensive,14,885.72
2025-07-29,PROD00947,Electronics,North,23.02,6.86,16.16,More Expensive,Significantly More Expensive,54,994.46
2025-07-30,PROD00410,Electronics,West,24.14,60.44,-36.3,Cheaper,Significantly Cheaper,44,1009.05
2025-07-30,PROD01195,Books,West,56.02,37.75,18.270000000000003,More Expensive,Significantly More Expensive,8,358.53
2025-07-30,PROD00847,Grocery,Central,15.36,45.43,-30.07,Cheaper,Significantly Cheaper,50,576.0
2025-07-30,PROD00830,Electronics,Central,30.57,49.22,-18.65,Cheaper,Significantly Cheaper,66,2017.62
2025-07-30,PROD00106,Grocery,West,7.39,22.46,-15.07,Cheaper,Significantly Cheaper,118,872.02
2025-07-31,PROD01063,Grocery,Central,28.51,38.09,-9.580000000000002,Cheaper,Significantly Cheaper,28,798.28
2025-07-31,PROD00193,Books,West,51.2,50.37,0.8300000000000054,Similar,Normal Competitive Range,8,327.68
2025-08-01,PROD01019,Beauty,Central,94.76,56.43,38.330000000000005,More Expensive,Significantly More Expensive,9,810.2
2025-08-01,PROD00944,Books,Central,20.04,13.24,6.799999999999999,More Expensive,Significantly More Expensive,34,476.95
2025-08-01,PROD00182,Home & Kitchen,Central,21.76,26.45,-4.689999999999998,Cheaper,Normal Competitive Range,86,1497.09
2025-08-01,PROD00345,Toys,Central,22.04,6.81,15.23,More Expensive,Significantly More Expensive,20,440.8
2025-08-01,PROD00846,Home & Kitchen,South,25.9,30.1,-4.200000000000003,Cheaper,Normal Competitive Range,56,1305.36
2025-08-01,PROD00730,Books,East,45.46,33.09,12.369999999999997,More Expensive,Significantly More Expensive,13,531.88
2025-08-02,PROD00462,Beauty,South,101.54,76.33,25.210000000000008,More Expensive,Significantly More Expensive,18,1644.95
2025-08-03,PROD01101,Books,South,8.58,15.96,-7.380000000000001,Cheaper,Significantly Cheaper,21,171.17
2025-08-03,PROD00316,Toys,North,45.73,52.31,-6.580000000000005,Cheaper,Normal Competitive Range,25,1086.09
2025-08-03,PROD00780,Fashion,West,10.92,48.9,-37.98,Cheaper,Significantly Cheaper,122,1132.4
2025-08-03,PROD00398,Grocery,North,12.38,27.5,-15.12,Cheaper,Significantly Cheaper,26,321.88
2025-08-04,PROD00930,Grocery,East,32.57,29.21,3.3599999999999994,More Expensive,Normal Competitive Range,63,1949.31
2025-08-04,PROD00289,Toys,East,17.37,34.11,-16.74,Cheaper,Significantly Cheaper,36,594.05
2025-08-04,PROD00308,Toys,North,22.16,34.78,-12.620000000000001,Cheaper,Significantly Cheaper,40,797.76
2025-08-04,PROD01030,Fashion,South,21.41,32.91,-11.499999999999996,Cheaper,Significantly Cheaper,51,1091.91
2025-08-04,PROD00275,Grocery,West,33.68,31.03,2.6499999999999986,More Expensive,Normal Competitive Range,58,1562.75
2025-08-05,PROD00338,Electronics,South,18.44,14.5,3.9400000000000013,More Expensive,Significantly More Expensive,136,2006.27
2025-08-05,PROD00065,Sports,Central,4.86,12.48,-7.62,Cheaper,Significantly Cheaper,37,179.82
2025-08-05,PROD00551,Sports,South,17.67,19.01,-1.3399999999999999,Cheaper,Normal Competitive Range,34,600.78
2025-08-05,PROD00023,Fashion,Central,52.58,39.66,12.920000000000002,More Expensive,Significantly More Expensive,103,4603.38
2025-08-05,PROD00273,Home & Kitchen,West,51.7,19.38,32.32000000000001,More Expensive,Significantly More Expensive,15,775.5
2025-08-05,PROD01101,Books,South,10.21,34.24,-24.03,Cheaper,Significantly Cheaper,16,138.86
2025-08-05,PROD00867,Books,South,49.33,140.94,-91.61,Cheaper,Significantly Cheaper,20,739.95
2025-08-05,PROD00063,Beauty,Central,18.02,215.11,-197.09,Cheaper,Significantly Cheaper,27,462.21
2025-08-06,PROD00649,Toys,West,52.41,86.79,-34.38000000000001,Cheaper,Significantly Cheaper,15,746.84
2025-08-06,PROD01178,Fashion,South,59.55,12.32,47.23,More Expensive,Significantly More Expensive,18,964.71
2025-08-06,PROD00903,Fashion,East,37.58,16.42,21.159999999999997,More Expensive,Significantly More Expensive,43,1615.94
2025-08-07,PROD01099,Toys,East,26.77,37.46,-10.690000000000001,Cheaper,Significantly Cheaper,45,843.26
2025-08-07,PROD00814,Beauty,West,32.43,48.16,-15.729999999999997,Cheaper,Significantly Cheaper,28,862.64
2025-08-07,PROD00804,Electronics,East,46.34,15.73,30.610000000000003,More Expensive,Significantly More Expensive,50,1969.45
2025-08-08,PROD00859,Electronics,South,19.23,34.12,-14.889999999999997,Cheaper,Significantly Cheaper,84,1534.55
2025-08-08,PROD00773,Home & Kitchen,West,17.79,12.3,5.489999999999998,More Expensive,Significantly More Expensive,101,1347.59
2025-08-08,PROD01136,Home & Kitchen,Central,100.88,11.3,89.58,More Expensive,Significantly More Expensive,9,817.13
2025-08-08,PROD00808,Electronics,East,10.2,24.31,-14.11,Cheaper,Significantly Cheaper,53,459.51
2025-08-08,PROD00802,Beauty,Central,56.96,39.32,17.64,More Expensive,Significantly More Expensive,23,982.56
2025-08-08,PROD00006,Books,South,70.47,36.66,33.81,More Expensive,Significantly More Expensive,9,634.23
2025-08-09,PROD00592,Beauty,East,69.41,99.87,-30.460000000000008,Cheaper,Significantly Cheaper,16,943.98
2025-08-09,PROD00929,Toys,East,18.96,34.62,-15.659999999999997,Cheaper,Significantly Cheaper,41,621.89
2025-08-09,PROD00195,Toys,West,56.19,15.05,41.14,More Expensive,Significantly More Expensive,17,907.47
2025-08-09,PROD00291,Fashion,South,25.6,33.51,-7.909999999999997,Cheaper,Significantly Cheaper,53,1288.96
2025-08-09,PROD00828,Fashion,South,48.04,37.08,10.96,More Expensive,Significantly More Expensive,41,1674.19
2025-08-09,PROD00838,Books,East,43.57,23.38,20.19,More Expensive,Significantly More Expensive,10,435.7
2025-08-09,PROD00353,Electronics,East,23.28,36.54,-13.259999999999998,Cheaper,Significantly Cheaper,48,893.95
2025-08-09,PROD00121,Grocery,South,39.46,35.02,4.439999999999998,More Expensive,Normal Competitive Range,41,1294.29
2025-08-10,PROD01017,Sports,North,13.29,21.43,-8.14,Cheaper,Significantly Cheaper,45,478.44
2025-08-10,PROD01052,Fashion,West,45.4,55.26,-9.86,Cheaper,Normal Competitive Range,24,762.72
2025-08-10,PROD00832,Electronics,Central,122.98,22.37,100.61,More Expensive,Significantly More Expensive,5,614.9
2025-08-10,PROD00284,Grocery,Central,14.26,52.57,-38.31,Cheaper,Significantly Cheaper,60,855.6
2025-08-11,PROD00735,Home & Kitchen,North,18.81,10.5,8.309999999999999,More Expensive,Significantly More Expensive,49,737.35
2025-08-11,PROD00033,Books,West,17.7,25.76,-8.060000000000002,Cheaper,Significantly Cheaper,22,330.99
2025-08-11,PROD01024,Toys,West,69.36,24.6,44.76,More Expensive,Significantly More Expensive,25,1473.9
2025-08-11,PROD00525,Electronics,East,21.86,48.99,-27.130000000000003,Cheaper,Significantly Cheaper,64,1259.14
2025-08-11,PROD00072,Grocery,North,39.17,28.72,10.450000000000003,More Expensive,Significantly More Expensive,32,1128.1
2025-08-11,PROD00800,Home & Kitchen,North,26.81,36.26,-9.45,Cheaper,Significantly Cheaper,31,789.55
2025-08-11,PROD01160,Toys,South,20.44,82.89,-62.45,Cheaper,Significantly Cheaper,33,674.52
2025-08-11,PROD00728,Electronics,West,12.56,38.9,-26.339999999999996,Cheaper,Significantly Cheaper,83,938.23
2025-08-11,PROD00246,Sports,West,49.56,34.53,15.030000000000001,More Expensive,Significantly More Expensive,16,555.07
2025-08-11,PROD00827,Grocery,South,14.13,25.47,-11.339999999999998,Cheaper,Significantly Cheaper,122,1292.9
2025-08-11,PROD00184,Fashion,East,45.02,26.92,18.1,More Expensive,Significantly More Expensive,48,1836.82
2025-08-11,PROD01172,Books,South,40.19,27.53,12.659999999999997,More Expensive,Significantly More Expensive,31,1059.01
2025-08-12,PROD00481,Home & Kitchen,North,16.22,29.86,-13.64,Cheaper,Significantly Cheaper,44,642.31
2025-08-12,PROD00010,Beauty,East,7.09,68.57,-61.47999999999999,Cheaper,Significantly Cheaper,96,544.51
2025-08-12,PROD00668,Grocery,West,8.1,62.97,-54.87,Cheaper,Significantly Cheaper,61,395.28
2025-08-13,PROD00187,Sports,North,17.01,6.82,10.190000000000001,More Expensive,Significantly More Expensive,23,391.23
2025-08-13,PROD00187,Sports,North,17.01,6.82,10.190000000000001,More Expensive,Significantly More Expensive,16,964.14
2025-08-13,PROD00187,Fashion,South,63.43,26.74,36.69,More Expensive,Significantly More Expensive,23,391.23
2025-08-13,PROD00187,Fashion,South,63.43,26.74,36.69,More Expensive,Significantly More Expensive,16,964.14
2025-08-13,PROD00810,Electronics,West,34.75,33.58,1.1700000000000017,Similar,Normal Competitive Range,44,1452.55
2025-08-14,PROD00741,Grocery,Central,69.93,44.26,25.67000000000001,More Expensive,Significantly More Expensive,25,1486.01
2025-08-14,PROD00367,Toys,West,17.7,18.39,-0.6900000000000013,Similar,Normal Competitive Range,59,835.44
2025-08-14,PROD01100,Home & Kitchen,West,19.87,68.29,-48.42,Cheaper,Significantly Cheaper,31,615.97
2025-08-14,PROD00926,Electronics,Central,54.33,25.68,28.65,More Expensive,Significantly More Expensive,17,877.43
2025-08-14,PROD01011,Fashion,South,18.73,23.22,-4.489999999999998,Cheaper,Normal Competitive Range,42,629.33
2025-08-14,PROD00917,Books,North,27.54,11.38,16.159999999999997,More Expensive,Significantly More Expensive,26,572.83
2025-08-14,PROD00426,Fashion,Central,17.16,55.15,-37.989999999999995,Cheaper,Significantly Cheaper,96,1400.26
2025-08-15,PROD01109,Home & Kitchen,West,29.2,36.1,-6.900000000000002,Cheaper,Normal Competitive Range,25,693.5
2025-08-15,PROD00741,Home & Kitchen,Central,23.91,80.92,-57.010000000000005,Cheaper,Significantly Cheaper,27,613.29
2025-08-15,PROD01091,Sports,North,27.0,72.95,-45.95,Cheaper,Significantly Cheaper,26,526.5
2025-08-15,PROD00669,Grocery,Central,93.63,7.37,86.25999999999999,More Expensive,Significantly More Expensive,32,2247.12
2025-08-16,PROD00386,Sports,East,13.74,102.01,-88.27000000000001,Cheaper,Significantly Cheaper,29,398.46
2025-08-16,PROD00178,Books,West,33.26,24.02,9.239999999999998,More Expensive,Significantly More Expensive,13,345.9
2025-08-16,PROD00977,Fashion,East,18.37,100.26,-81.89,Cheaper,Significantly Cheaper,42,694.39
2025-08-17,PROD00413,Toys,North,65.28,33.5,31.78,More Expensive,Significantly More Expensive,32,1775.62
2025-08-17,PROD00702,Fashion,West,75.03,66.83,8.200000000000003,More Expensive,Normal Competitive Range,19,1283.01
2025-08-17,PROD00976,Grocery,Central,16.27,8.57,7.699999999999999,More Expensive,Significantly More Expensive,124,1513.11
2025-08-18,PROD00264,Beauty,North,36.5,35.12,1.3800000000000026,Similar,Normal Competitive Range,50,1642.5
2025-08-18,PROD00829,Beauty,North,10.49,64.66,-54.169999999999995,Cheaper,Significantly Cheaper,45,401.24
2025-08-18,PROD00712,Fashion,East,89.97,82.86,7.109999999999999,More Expensive,Normal Competitive Range,12,971.68
2025-08-18,PROD00391,Toys,North,53.08,22.23,30.849999999999998,More Expensive,Significantly More Expensive,11,583.88
2025-08-19,PROD00137,Sports,East,72.86,26.65,46.21,More Expensive,Significantly More Expensive,9,655.74
2025-08-19,PROD00952,Electronics,South,38.92,29.49,9.430000000000003,More Expensive,Significantly More Expensive,41,1356.36
2025-08-19,PROD00500,Grocery,South,27.14,44.73,-17.589999999999996,Cheaper,Significantly Cheaper,34,830.48
2025-08-19,PROD00656,Sports,West,25.65,121.96,-96.31,Cheaper,Significantly Cheaper,29,595.08
2025-08-19,PROD01010,Beauty,East,47.57,36.11,11.46,More Expensive,Significantly More Expensive,19,768.26
2025-08-20,PROD00133,Books,South,54.07,89.18,-35.11000000000001,Cheaper,Significantly Cheaper,12,616.4
2025-08-20,PROD00544,Fashion,East,7.9,25.86,-17.96,Cheaper,Significantly Cheaper,56,442.4
2025-08-20,PROD00012,Books,East,19.85,25.96,-6.109999999999999,Cheaper,Significantly Cheaper,18,357.3
2025-08-20,PROD00259,Electronics,East,33.45,102.71,-69.25999999999999,Cheaper,Significantly Cheaper,43,1294.52
2025-08-21,PROD01011,Grocery,East,23.52,48.63,-25.110000000000003,Cheaper,Significantly Cheaper,49,806.74
2025-08-21,PROD00654,Electronics,North,42.59,75.27,-32.67999999999999,Cheaper,Significantly Cheaper,20,766.62
2025-08-22,PROD00818,Home & Kitchen,South,6.88,15.59,-8.71,Cheaper,Significantly Cheaper,47,258.69
2025-08-22,PROD00084,Electronics,Central,32.21,37.0,-4.789999999999999,Cheaper,Normal Competitive Range,40,1288.4
2025-08-22,PROD01105,Books,North,49.36,109.69,-60.33,Cheaper,Significantly Cheaper,16,789.76
2025-08-22,PROD00604,Sports,East,21.96,51.32,-29.36,Cheaper,Significantly Cheaper,43,802.64
2025-08-22,PROD01090,Fashion,Central,80.7,18.11,62.59,More Expensive,Significantly More Expensive,11,754.54
2025-08-23,PROD00586,Beauty,East,55.16,20.47,34.69,More Expensive,Significantly More Expensive,26,1434.16
2025-08-23,PROD00562,Beauty,West,17.1,128.65,-111.55000000000001,Cheaper,Significantly Cheaper,20,307.8
2025-08-24,PROD00866,Toys,North,16.97,15.01,1.959999999999999,More Expensive,Normal Competitive Range,35,504.86
2025-08-24,PROD00277,Fashion,North,40.56,51.0,-10.439999999999998,Cheaper,Significantly Cheaper,55,2230.8
2025-08-24,PROD00795,Electronics,North,53.27,16.99,36.28,More Expensive,Significantly More Expensive,39,1662.02
2025-08-24,PROD01113,Toys,East,24.95,79.2,-54.25,Cheaper,Significantly Cheaper,74,1661.67
2025-08-24,PROD00888,Toys,West,20.4,40.43,-20.03,Cheaper,Significantly Cheaper,28,542.64
2025-08-24,PROD00386,Grocery,South,71.19,36.96,34.23,More Expensive,Significantly More Expensive,18,1089.21
2025-08-24,PROD00908,Grocery,South,9.58,32.08,-22.5,Cheaper,Significantly Cheaper,45,366.44
2025-08-24,PROD00317,Grocery,West,38.93,30.84,8.09,More Expensive,Significantly More Expensive,87,3217.56
2025-08-24,PROD00915,Fashion,West,17.54,26.59,-9.05,Cheaper,Significantly Cheaper,37,616.53
2025-08-25,PROD00003,Beauty,North,38.62,50.13,-11.510000000000005,Cheaper,Significantly Cheaper,12,440.27
2025-08-25,PROD00036,Fashion,North,18.2,32.84,-14.640000000000004,Cheaper,Significantly Cheaper,53,771.68
2025-08-25,PROD00915,Beauty,Central,17.05,40.32,-23.27,Cheaper,Significantly Cheaper,31,449.27
2025-08-25,PROD00115,Toys,Central,47.73,24.4,23.33,More Expensive,Significantly More Expensive,26,1116.88
2025-08-25,PROD00489,Grocery,South,22.0,37.86,-15.86,Cheaper,Significantly Cheaper,89,1468.5
2025-08-26,PROD00968,Beauty,East,57.0,9.83,47.17,More Expensive,Significantly More Expensive,23,1245.45
2025-08-26,PROD00122,Fashion,East,16.84,8.44,8.4,More Expensive,Significantly More Expensive,19,271.97
2025-08-27,PROD00752,Fashion,East,18.02,26.04,-8.02,Cheaper,Significantly Cheaper,68,1041.56
2025-08-27,PROD00214,Home & Kitchen,North,56.88,31.2,25.680000000000003,More Expensive,Significantly More Expensive,26,1183.1
2025-08-28,PROD00990,Grocery,Central,48.92,46.88,2.039999999999999,Similar,Normal Competitive Range,38,1766.01
2025-08-28,PROD00091,Beauty,East,38.53,25.95,12.580000000000002,More Expensive,Significantly More Expensive,25,818.76
2025-08-28,PROD01035,Beauty,Central,92.35,33.63,58.71999999999999,More Expensive,Significantly More Expensive,8,664.92
2025-08-28,PROD01006,Electronics,Central,38.82,8.22,30.6,More Expensive,Significantly More Expensive,55,2135.1
2025-08-28,PROD00750,Electronics,West,48.57,71.59,-23.020000000000003,Cheaper,Significantly Cheaper,27,917.97
2025-08-28,PROD00406,Grocery,East,24.04,18.9,5.140000000000001,More Expensive,Significantly More Expensive,69,1327.01
2025-08-28,PROD00150,Toys,North,20.85,24.19,-3.34,Cheaper,Normal Competitive Range,35,656.78
2025-08-29,PROD00283,Beauty,North,10.16,28.05,-17.89,Cheaper,Significantly Cheaper,64,650.24
2025-08-29,PROD00007,Grocery,North,35.54,63.87,-28.33,Cheaper,Significantly Cheaper,46,1226.13
2025-08-29,PROD00130,Home & Kitchen,East,168.21,7.58,160.63,More Expensive,Significantly More Expensive,3,353.24
2025-08-29,PROD00799,Books,East,17.65,74.91,-57.26,Cheaper,Significantly Cheaper,34,510.08
2025-08-29,PROD00377,Toys,East,24.11,11.97,12.139999999999999,More Expensive,Significantly More Expensive,29,699.19
2025-08-29,PROD01058,Home & Kitchen,Central,30.74,27.21,3.5299999999999976,More Expensive,Normal Competitive Range,40,1168.12
2025-08-30,PROD00597,Electronics,Central,27.81,9.25,18.56,More Expensive,Significantly More Expensive,56,1323.76
2025-08-30,PROD00889,Toys,South,50.74,7.19,43.550000000000004,More Expensive,Significantly More Expensive,29,1324.31
2025-08-30,PROD01138,Sports,Central,38.09,12.26,25.830000000000005,More Expensive,Significantly More Expensive,37,986.53
2025-08-30,PROD01138,Sports,Central,38.09,12.26,25.830000000000005,More Expensive,Significantly More Expensive,29,1290.44
2025-08-30,PROD00202,Beauty,West,9.2,21.67,-12.470000000000002,Cheaper,Significantly Cheaper,47,389.16
2025-08-30,PROD01138,Electronics,West,46.84,27.71,19.130000000000003,More Expensive,Significantly More Expensive,37,986.53
2025-08-30,PROD01138,Electronics,West,46.84,27.71,19.130000000000003,More Expensive,Significantly More Expensive,29,1290.44
2025-08-30,PROD00763,Toys,West,14.71,29.76,-15.05,Cheaper,Significantly Cheaper,30,330.98
2025-08-31,PROD00004,Electronics,East,11.74,18.31,-6.5699999999999985,Cheaper,Significantly Cheaper,58,578.78
2025-08-31,PROD00285,Beauty,North,45.93,102.36,-56.43,Cheaper,Significantly Cheaper,33,1212.55
2025-08-31,PROD00893,Beauty,West,15.9,30.1,-14.200000000000001,Cheaper,Significantly Cheaper,24,324.36
2025-08-31,PROD00904,Home & Kitchen,West,29.34,24.48,4.859999999999999,More Expensive,Normal Competitive Range,34,698.29
2025-09-01,PROD00771,Fashion,West,24.08,22.02,2.0599999999999987,More Expensive,Normal Competitive Range,83,1798.78
2025-09-01,PROD00729,Toys,Central,25.64,81.75,-56.11,Cheaper,Significantly Cheaper,35,762.79
2025-09-01,PROD00879,Home & Kitchen,West,47.0,107.06,-60.06,Cheaper,Significantly Cheaper,69,2270.1
2025-09-01,PROD00968,Beauty,Central,15.15,54.36,-39.21,Cheaper,Significantly Cheaper,73,829.46
2025-09-02,PROD00993,Toys,Central,40.83,17.02,23.81,More Expensive,Significantly More Expensive,29,1065.66
2025-09-02,PROD00675,Electronics,Central,67.29,14.13,53.160000000000004,More Expensive,Significantly More Expensive,21,1130.47
2025-09-02,PROD01120,Sports,South,43.0,44.53,-1.5300000000000011,Similar,Normal Competitive Range,22,709.5
2025-09-03,PROD00827,Sports,Central,33.71,110.53,-76.82,Cheaper,Significantly Cheaper,34,1146.14
2025-09-03,PROD00073,Toys,South,28.51,20.14,8.370000000000001,More Expensive,Significantly More Expensive,40,1026.36
2025-09-03,PROD00071,Toys,Central,86.59,19.37,67.22,More Expensive,Significantly More Expensive,9,701.38
2025-09-03,PROD00615,Grocery,East,19.13,14.9,4.229999999999999,More Expensive,Significantly More Expensive,49,937.37
2025-09-03,PROD00874,Fashion,Central,17.54,28.66,-11.120000000000001,Cheaper,Significantly Cheaper,52,775.27
2025-09-03,PROD00586,Grocery,South,11.37,72.85,-61.48,Cheaper,Significantly Cheaper,50,540.07
2025-09-03,PROD01152,Electronics,South,19.77,18.68,1.0899999999999999,More Expensive,Normal Competitive Range,24,427.03
2025-09-03,PROD01128,Fashion,Central,15.12,28.57,-13.450000000000001,Cheaper,Significantly Cheaper,69,886.79
2025-09-03,PROD01040,Books,East,31.69,23.55,8.14,More Expensive,Significantly More Expensive,27,684.5
2025-09-03,PROD00961,Fashion,South,34.31,35.41,-1.0999999999999943,Similar,Normal Competitive Range,37,1269.47
2025-09-03,PROD00533,Sports,South,23.09,20.21,2.879999999999999,More Expensive,Normal Competitive Range,54,872.8
2025-09-04,PROD00928,Toys,Central,83.69,44.12,39.57,More Expensive,Significantly More Expensive,13,1033.57
2025-09-04,PROD00420,Sports,South,38.59,79.15,-40.56,Cheaper,Significantly Cheaper,17,656.03
2025-09-04,PROD00997,Beauty,East,142.89,59.54,83.35,More Expensive,Significantly More Expensive,5,571.56
2025-09-04,PROD01136,Fashion,East,59.35,12.71,46.64,More Expensive,Significantly More Expensive,48,2279.04
2025-09-04,PROD01054,Sports,Central,10.86,51.68,-40.82,Cheaper,Significantly Cheaper,77,752.6
2025-09-05,PROD00372,Beauty,Central,66.04,40.37,25.67000000000001,More Expensive,Significantly More Expensive,15,742.95
2025-09-05,PROD00808,Sports,West,16.2,10.37,5.83,More Expensive,Significantly More Expensive,77,1060.29
2025-09-05,PROD00415,Sports,Central,32.35,22.22,10.130000000000003,More Expensive,Significantly More Expensive,24,698.76
2025-09-06,PROD00040,Fashion,Central,32.89,25.68,7.210000000000001,More Expensive,Significantly More Expensive,15,493.35
2025-09-06,PROD00265,Home & Kitchen,East,24.34,39.71,-15.370000000000001,Cheaper,Significantly Cheaper,35,681.52
2025-09-06,PROD00416,Home & Kitchen,North,104.42,39.52,64.9,More Expensive,Significantly More Expensive,6,626.52
2025-09-06,PROD00118,Electronics,West,22.03,9.78,12.250000000000002,More Expensive,Significantly More Expensive,61,1007.87
2025-09-06,PROD01011,Books,West,72.05,32.97,39.08,More Expensive,Significantly More Expensive,13,889.82
2025-09-07,PROD00568,Grocery,South,27.8,17.34,10.46,More Expensive,Significantly More Expensive,24,600.48
2025-09-07,PROD00883,Fashion,West,56.23,27.09,29.139999999999997,More Expensive,Significantly More Expensive,23,1034.63
2025-09-07,PROD01139,Beauty,South,5.95,26.87,-20.92,Cheaper,Significantly Cheaper,41,182.96
2025-09-08,PROD00558,Home & Kitchen,North,15.37,6.61,8.759999999999998,More Expensive,Significantly More Expensive,19,277.43
2025-09-08,PROD01117,Electronics,Central,10.4,24.23,-13.83,Cheaper,Significantly Cheaper,71,738.4
2025-09-09,PROD00837,Home & Kitchen,West,35.79,19.44,16.349999999999998,More Expensive,Significantly More Expensive,32,1030.75
2025-09-09,PROD00675,Beauty,North,17.59,32.89,-15.3,Cheaper,Significantly Cheaper,49,775.72
2025-09-09,PROD00586,Electronics,East,57.39,16.9,40.49,More Expensive,Significantly More Expensive,48,2479.25
2025-09-09,PROD00669,Beauty,Central,28.06,16.02,12.04,More Expensive,Significantly More Expensive,19,533.14
2025-09-09,PROD00659,Sports,North,48.33,16.22,32.11,More Expensive,Significantly More Expensive,10,434.97
2025-09-10,PROD00808,Grocery,Central,46.54,70.76,-24.220000000000006,Cheaper,Significantly Cheaper,43,1801.1
2025-09-10,PROD00970,Books,North,70.0,24.97,45.03,More Expensive,Significantly More Expensive,12,630.0
2025-09-10,PROD00917,Fashion,Central,22.61,14.0,8.61,More Expensive,Significantly More Expensive,43,972.23
2025-09-10,PROD00378,Electronics,South,60.07,12.68,47.39,More Expensive,Significantly More Expensive,14,756.88
2025-09-10,PROD01077,Sports,East,64.42,86.03,-21.61,Cheaper,Significantly Cheaper,28,1262.63
2025-09-10,PROD00818,Home & Kitchen,West,46.78,19.78,27.0,More Expensive,Significantly More Expensive,24,1010.45
2025-09-11,PROD00539,Beauty,East,56.92,61.03,-4.109999999999999,Cheaper,Normal Competitive Range,13,702.96
2025-09-11,PROD00126,Grocery,West,26.02,42.62,-16.599999999999998,Cheaper,Significantly Cheaper,33,729.86
2025-09-11,PROD01120,Toys,West,25.52,111.83,-86.31,Cheaper,Significantly Cheaper,33,757.94
2025-09-11,PROD00343,Toys,East,75.55,16.67,58.879999999999995,More Expensive,Significantly More Expensive,13,883.94
2025-09-11,PROD00319,Home & Kitchen,North,47.68,19.79,27.89,More Expensive,Significantly More Expensive,31,1108.56
2025-09-11,PROD00967,Electronics,South,33.52,28.76,4.760000000000002,More Expensive,Normal Competitive Range,41,1305.6
2025-09-11,PROD00162,Fashion,East,28.55,20.15,8.400000000000002,More Expensive,Significantly More Expensive,30,813.68
2025-09-11,PROD00172,Home & Kitchen,Central,19.84,38.97,-19.13,Cheaper,Significantly Cheaper,49,923.55
2025-09-12,PROD01149,Electronics,West,59.48,32.63,26.849999999999994,More Expensive,Significantly More Expensive,28,1249.08
2025-09-12,PROD00364,Toys,West,55.51,13.74,41.769999999999996,More Expensive,Significantly More Expensive,26,1226.77
2025-09-12,PROD00271,Books,Central,21.18,30.62,-9.440000000000001,Cheaper,Significantly Cheaper,21,311.35
2025-09-12,PROD00423,Home & Kitchen,South,15.5,12.47,3.0299999999999994,More Expensive,Significantly More Expensive,47,582.8
2025-09-12,PROD00350,Books,Central,32.93,22.98,9.95,More Expensive,Significantly More Expensive,19,625.67
2025-09-13,PROD00713,Books,West,21.01,85.34,-64.33,Cheaper,Significantly Cheaper,25,498.99
2025-09-13,PROD00580,Beauty,North,34.04,22.95,11.09,More Expensive,Significantly More Expensive,59,1707.11
2025-09-13,PROD00158,Grocery,North,25.22,16.74,8.48,More Expensive,Significantly More Expensive,31,625.46
2025-09-13,PROD00092,Home & Kitchen,East,14.92,144.63,-129.71,Cheaper,Significantly Cheaper,56,793.74
2025-09-13,PROD01092,Fashion,East,25.83,28.57,-2.740000000000002,Cheaper,Normal Competitive Range,36,836.89
2025-09-13,PROD00622,Fashion,Central,20.83,101.7,-80.87,Cheaper,Significantly Cheaper,54,1012.34
2025-09-14,PROD00937,Electronics,North,42.58,28.56,14.02,More Expensive,Significantly More Expensive,39,1245.46
2025-09-14,PROD00937,Electronics,North,42.58,28.56,14.02,More Expensive,Significantly More Expensive,30,946.89
2025-09-14,PROD00509,Sports,Central,18.89,24.18,-5.289999999999999,Cheaper,Significantly Cheaper,55,935.06
2025-09-14,PROD00959,Fashion,North,21.37,15.31,6.0600000000000005,More Expensive,Significantly More Expensive,57,1157.19
2025-09-14,PROD00937,Fashion,North,35.07,21.48,13.59,More Expensive,Significantly More Expensive,39,1245.46
2025-09-14,PROD00937,Fashion,North,35.07,21.48,13.59,More Expensive,Significantly More Expensive,30,946.89
2025-09-14,PROD00876,Beauty,South,19.21,69.28,-50.07,Cheaper,Significantly Cheaper,20,345.78
2025-09-14,PROD00193,Sports,East,27.27,25.04,2.2300000000000004,More Expensive,Normal Competitive Range,16,349.06
2025-09-14,PROD00283,Books,North,14.58,69.04,-54.46000000000001,Cheaper,Significantly Cheaper,24,297.43
2025-09-15,PROD00756,Beauty,East,93.62,44.94,48.68000000000001,More Expensive,Significantly More Expensive,8,636.62
2025-09-15,PROD00785,Books,Central,41.43,48.53,-7.100000000000001,Cheaper,Normal Competitive Range,16,464.02
2025-09-16,PROD00076,Home & Kitchen,Central,31.0,32.39,-1.3900000000000006,Similar,Normal Competitive Range,31,672.7
2025-09-16,PROD00873,Beauty,East,27.65,31.24,-3.59,Cheaper,Normal Competitive Range,40,884.8
2025-09-16,PROD00792,Fashion,South,11.99,20.31,-8.319999999999999,Cheaper,Significantly Cheaper,45,539.55
2025-09-16,PROD00999,Sports,West,67.26,21.12,46.14,More Expensive,Significantly More Expensive,6,282.49
2025-09-16,PROD00556,Books,Central,33.76,38.49,-4.730000000000004,Cheaper,Normal Competitive Range,14,472.64
2025-09-16,PROD00951,Fashion,North,38.22,9.49,28.729999999999997,More Expensive,Significantly More Expensive,24,917.28
2025-09-16,PROD00213,Grocery,Central,37.47,50.22,-12.75,Cheaper,Significantly Cheaper,41,1459.46
2025-09-16,PROD00347,Electronics,South,19.54,17.14,2.3999999999999986,More Expensive,Normal Competitive Range,43,756.2
2025-09-17,PROD00132,Beauty,South,59.3,62.03,-2.730000000000004,Similar,Normal Competitive Range,26,1310.53
2025-09-17,PROD00942,Fashion,Central,14.9,38.24,-23.340000000000003,Cheaper,Significantly Cheaper,52,697.32
2025-09-17,PROD00462,Home & Kitchen,West,25.98,7.29,18.69,More Expensive,Significantly More Expensive,46,1075.57
2025-09-17,PROD00767,Beauty,East,45.84,20.48,25.360000000000003,More Expensive,Significantly More Expensive,45,1959.66
2025-09-17,PROD01188,Beauty,North,29.58,10.47,19.11,More Expensive,Significantly More Expensive,76,1686.06
2025-09-18,PROD00658,Books,South,14.13,21.91,-7.779999999999999,Cheaper,Significantly Cheaper,21,207.71
2025-09-18,PROD00949,Fashion,East,46.95,43.93,3.020000000000003,More Expensive,Normal Competitive Range,15,563.4
2025-09-18,PROD00979,Beauty,North,103.79,16.56,87.23,More Expensive,Significantly More Expensive,7,690.2
2025-09-18,PROD00664,Fashion,East,18.21,11.49,6.720000000000001,More Expensive,Significantly More Expensive,57,986.07
2025-09-19,PROD00236,Electronics,West,53.51,49.81,3.6999999999999957,More Expensive,Normal Competitive Range,24,1027.39
2025-09-19,PROD00429,Electronics,Central,18.43,65.94,-47.51,Cheaper,Significantly Cheaper,45,580.54
2025-09-19,PROD00337,Home & Kitchen,Central,28.82,30.12,-1.3000000000000007,Similar,Normal Competitive Range,57,1478.47
2025-09-19,PROD00328,Home & Kitchen,West,76.72,41.4,35.32,More Expensive,Significantly More Expensive,15,1035.72
2025-09-19,PROD00512,Home & Kitchen,East,74.78,34.82,39.96,More Expensive,Significantly More Expensive,20,1346.04
2025-09-19,PROD00442,Home & Kitchen,East,56.36,66.43,-10.070000000000007,Cheaper,Normal Competitive Range,14,710.14
2025-09-19,PROD00342,Electronics,East,43.34,34.75,8.590000000000003,More Expensive,Significantly More Expensive,41,1599.25
2025-09-20,PROD00374,Electronics,North,16.83,75.96,-59.129999999999995,Cheaper,Significantly Cheaper,30,504.9
2025-09-20,PROD01187,Grocery,West,21.26,101.36,-80.1,Cheaper,Significantly Cheaper,33,666.5
2025-09-20,PROD00891,Home & Kitchen,West,93.15,9.94,83.21000000000001,More Expensive,Significantly More Expensive,16,1266.84
2025-09-21,PROD00117,Electronics,East,17.68,43.6,-25.92,Cheaper,Significantly Cheaper,40,636.48
2025-09-21,PROD01193,Beauty,Central,39.07,25.25,13.82,More Expensive,Significantly More Expensive,25,683.72
2025-09-21,PROD00075,Beauty,South,9.72,40.3,-30.58,Cheaper,Significantly Cheaper,86,710.53
2025-09-21,PROD00127,Grocery,South,108.83,7.03,101.8,More Expensive,Significantly More Expensive,11,1197.13
2025-09-21,PROD00074,Beauty,Central,22.23,14.71,7.52,More Expensive,Significantly More Expensive,27,510.18
2025-09-21,PROD00247,Sports,South,54.63,23.44,31.19,More Expensive,Significantly More Expensive,20,928.71
2025-09-22,PROD00152,Electronics,North,72.79,24.46,48.330000000000005,More Expensive,Significantly More Expensive,41,2536.73
2025-09-22,PROD00298,Toys,North,14.63,19.27,-4.639999999999999,Cheaper,Significantly Cheaper,30,416.96
2025-09-22,PROD00397,Sports,East,153.01,21.85,131.16,More Expensive,Significantly More Expensive,3,344.27
2025-09-22,PROD00456,Beauty,Central,12.89,50.03,-37.14,Cheaper,Significantly Cheaper,72,835.27
2025-09-23,PROD01074,Books,East,39.69,27.47,12.219999999999999,More Expensive,Significantly More Expensive,11,349.27
2025-09-23,PROD00407,Grocery,South,69.59,51.16,18.430000000000007,More Expensive,Significantly More Expensive,13,814.2
2025-09-23,PROD00670,Books,West,79.58,21.89,57.69,More Expensive,Significantly More Expensive,9,644.6
2025-09-23,PROD00403,Grocery,Central,24.9,29.59,-4.690000000000001,Cheaper,Normal Competitive Range,28,627.48
2025-09-23,PROD00644,Electronics,South,15.13,28.25,-13.12,Cheaper,Significantly Cheaper,101,1528.13
2025-09-24,PROD00743,Grocery,Central,29.62,29.29,0.33000000000000185,Similar,Normal Competitive Range,73,1729.81
2025-09-24,PROD00544,Grocery,South,80.4,29.87,50.53,More Expensive,Significantly More Expensive,39,2665.26
2025-09-24,PROD00074,Grocery,South,18.33,31.58,-13.25,Cheaper,Significantly Cheaper,55,957.74
2025-09-25,PROD00719,Fashion,South,16.96,28.13,-11.169999999999998,Cheaper,Significantly Cheaper,36,580.03
2025-09-25,PROD00980,Fashion,Central,58.05,20.78,37.269999999999996,More Expensive,Significantly More Expensive,24,1184.22
2025-09-25,PROD00074,Home & Kitchen,South,40.02,36.89,3.1300000000000026,More Expensive,Normal Competitive Range,57,2053.03
2025-09-25,PROD00241,Home & Kitchen,East,8.85,88.79,-79.94000000000001,Cheaper,Significantly Cheaper,144,1146.96
2025-09-25,PROD00523,Books,West,37.93,18.5,19.43,More Expensive,Significantly More Expensive,11,417.23
2025-09-25,PROD01079,Grocery,West,67.18,21.48,45.7,More Expensive,Significantly More Expensive,15,906.93
2025-09-26,PROD00029,Toys,South,101.95,29.35,72.6,More Expensive,Significantly More Expensive,8,815.6
2025-09-26,PROD00557,Home & Kitchen,Central,45.26,34.31,10.949999999999996,More Expensive,Significantly More Expensive,21,902.94
2025-09-26,PROD01160,Fashion,South,53.81,27.58,26.230000000000004,More Expensive,Significantly More Expensive,40,1829.54
2025-09-26,PROD01144,Electronics,West,44.18,29.26,14.919999999999998,More Expensive,Significantly More Expensive,28,1237.04
2025-09-26,PROD00750,Grocery,East,73.22,14.66,58.56,More Expensive,Significantly More Expensive,15,878.64
2025-09-26,PROD00882,Fashion,North,27.66,32.88,-5.220000000000002,Cheaper,Normal Competitive Range,41,1077.36
2025-09-27,PROD01095,Fashion,Central,24.19,57.8,-33.61,Cheaper,Significantly Cheaper,59,1284.49
2025-09-27,PROD01101,Sports,East,29.09,85.43,-56.34,Cheaper,Significantly Cheaper,48,1047.24
2025-09-27,PROD00481,Toys,North,11.3,8.95,2.3500000000000014,More Expensive,Significantly More Expensive,126,996.66
2025-09-27,PROD00039,Sports,South,12.0,18.44,-6.440000000000001,Cheaper,Significantly Cheaper,72,777.6
2025-09-27,PROD00314,Sports,East,14.64,37.51,-22.869999999999997,Cheaper,Significantly Cheaper,39,485.32
2025-09-27,PROD00731,Sports,South,53.21,20.83,32.38,More Expensive,Significantly More Expensive,21,1117.41
2025-09-27,PROD00142,Sports,East,30.97,9.2,21.77,More Expensive,Significantly More Expensive,35,1029.75
2025-09-28,PROD00470,Books,South,10.71,25.1,-14.39,Cheaper,Significantly Cheaper,32,291.31
2025-09-28,PROD00800,Books,North,36.05,32.97,3.0799999999999983,More Expensive,Normal Competitive Range,27,778.68
2025-09-28,PROD01186,Electronics,East,10.95,21.63,-10.68,Cheaper,Significantly Cheaper,59,581.44
2025-09-28,PROD00392,Beauty,South,56.71,39.86,16.85,More Expensive,Significantly More Expensive,22,873.33
2025-09-28,PROD00201,Sports,South,45.22,32.99,12.229999999999997,More Expensive,Significantly More Expensive,22,845.61
2025-09-29,PROD00721,Books,South,42.98,29.14,13.839999999999996,More Expensive,Significantly More Expensive,23,889.69
2025-09-29,PROD00018,Grocery,West,16.88,76.41,-59.53,Cheaper,Significantly Cheaper,33,557.04
2025-09-29,PROD00587,Home & Kitchen,South,13.59,141.75,-128.16,Cheaper,Significantly Cheaper,56,646.88
2025-09-29,PROD00284,Books,South,84.91,10.22,74.69,More Expensive,Significantly More Expensive,6,458.51
2025-09-29,PROD01152,Grocery,West,63.49,10.09,53.400000000000006,More Expensive,Significantly More Expensive,12,761.88
2025-09-29,PROD00413,Sports,South,68.44,33.07,35.37,More Expensive,Significantly More Expensive,23,1259.3
2025-09-29,PROD00913,Toys,West,35.78,18.76,17.02,More Expensive,Significantly More Expensive,19,645.83
2025-09-29,PROD00806,Sports,East,33.81,36.48,-2.6699999999999946,Cheaper,Normal Competitive Range,26,747.2
2025-09-29,PROD00023,Beauty,South,9.13,18.75,-9.62,Cheaper,Significantly Cheaper,87,675.16
2025-09-29,PROD00688,Beauty,South,53.97,40.46,13.509999999999998,More Expensive,Significantly More Expensive,11,504.62
2025-09-30,PROD00908,Home & Kitchen,East,217.75,38.34,179.41,More Expensive,Significantly More Expensive,2,326.62
2025-09-30,PROD01169,Beauty,East,16.76,29.48,-12.719999999999999,Cheaper,Significantly Cheaper,40,603.36
2025-09-30,PROD00407,Electronics,South,21.78,64.96,-43.17999999999999,Cheaper,Significantly Cheaper,35,762.3
2025-09-30,PROD00677,Electronics,East,142.24,26.76,115.48,More Expensive,Significantly More Expensive,13,1479.3
2025-09-30,PROD00282,Fashion,West,43.73,17.55,26.179999999999996,More Expensive,Significantly More Expensive,37,1213.51
2025-10-01,PROD00254,Beauty,East,66.91,17.29,49.62,More Expensive,Significantly More Expensive,20,936.74
2025-10-01,PROD00879,Home & Kitchen,East,22.88,37.18,-14.3,Cheaper,Significantly Cheaper,98,2130.13
2025-10-01,PROD00385,Grocery,North,106.59,67.51,39.08,More Expensive,Significantly More Expensive,11,1055.24
2025-10-01,PROD01068,Beauty,Central,12.21,27.24,-15.029999999999998,Cheaper,Significantly Cheaper,30,366.3
2025-10-01,PROD01040,Toys,West,56.6,9.53,47.07,More Expensive,Significantly More Expensive,26,1250.86
2025-10-01,PROD00736,Electronics,Central,43.34,38.59,4.75,More Expensive,Normal Competitive Range,19,658.77
2025-10-01,PROD00949,Fashion,North,89.0,22.69,66.31,More Expensive,Significantly More Expensive,14,1121.4
2025-10-01,PROD00122,Home & Kitchen,North,11.96,19.84,-7.879999999999999,Cheaper,Significantly Cheaper,43,462.85
2025-10-02,PROD00813,Fashion,North,4.45,11.85,-7.3999999999999995,Cheaper,Significantly Cheaper,47,198.69
2025-10-02,PROD00213,Fashion,South,28.13,25.57,2.5599999999999987,More Expensive,Normal Competitive Range,47,1322.11
2025-10-02,PROD00797,Grocery,South,19.97,60.97,-41.0,Cheaper,Significantly Cheaper,37,701.95
2025-10-02,PROD00889,Grocery,East,36.81,14.65,22.160000000000004,More Expensive,Significantly More Expensive,37,1157.67
2025-10-02,PROD00284,Beauty,Central,55.99,51.23,4.760000000000005,More Expensive,Normal Competitive Range,14,666.28
2025-10-02,PROD00006,Toys,Central,59.08,34.77,24.309999999999995,More Expensive,Significantly More Expensive,18,957.1
2025-10-03,PROD00170,Electronics,East,54.8,8.88,45.919999999999995,More Expensive,Significantly More Expensive,29,1589.2
2025-10-03,PROD00256,Electronics,West,12.14,11.95,0.19000000000000128,Similar,Normal Competitive Range,108,1048.9
2025-10-03,PROD00062,Fashion,Central,15.49,28.75,-13.26,Cheaper,Significantly Cheaper,55,766.76
2025-10-03,PROD01118,Toys,South,37.91,10.88,27.029999999999994,More Expensive,Significantly More Expensive,37,1052.0
2025-10-03,PROD00239,Home & Kitchen,South,41.27,21.98,19.290000000000003,More Expensive,Significantly More Expensive,32,1254.61
2025-10-03,PROD00831,Books,South,68.01,9.67,58.34,More Expensive,Significantly More Expensive,9,612.09
2025-10-03,PROD00211,Fashion,Central,61.58,21.45,40.129999999999995,More Expensive,Significantly More Expensive,23,1203.89
2025-10-03,PROD00038,Fashion,North,13.75,37.45,-23.700000000000003,Cheaper,Significantly Cheaper,34,467.5
2025-10-03,PROD01060,Fashion,East,44.58,47.58,-3.0,Cheaper,Normal Competitive Range,28,998.59
2025-10-03,PROD00819,Grocery,North,16.67,12.63,4.040000000000001,More Expensive,Significantly More Expensive,38,570.11
2025-10-03,PROD00142,Fashion,North,62.3,55.17,7.1299999999999955,More Expensive,Normal Competitive Range,54,3364.2
2025-10-04,PROD01047,Electronics,Central,18.17,17.42,0.75,Similar,Normal Competitive Range,69,1128.36
2025-10-04,PROD01154,Electronics,East,31.57,20.96,10.61,More Expensive,Significantly More Expensive,31,929.74
2025-10-04,PROD00860,Beauty,Central,30.79,23.8,6.989999999999998,More Expensive,Significantly More Expensive,21,549.6
2025-10-05,PROD00882,Grocery,North,31.92,91.44,-59.519999999999996,Cheaper,Significantly Cheaper,41,1177.85
2025-10-05,PROD00009,Sports,West,39.05,52.59,-13.540000000000006,Cheaper,Significantly Cheaper,21,697.04
2025-10-05,PROD01115,Electronics,South,47.77,24.47,23.300000000000004,More Expensive,Significantly More Expensive,15,716.55
2025-10-05,PROD00382,Fashion,East,29.83,23.91,5.919999999999998,More Expensive,Significantly More Expensive,37,938.15
2025-10-05,PROD00753,Books,North,28.59,32.4,-3.8099999999999987,Cheaper,Normal Competitive Range,29,704.74
2025-10-05,PROD00844,Sports,North,11.5,35.27,-23.770000000000003,Cheaper,Significantly Cheaper,70,644.0
2025-10-05,PROD01097,Beauty,South,15.44,71.74,-56.3,Cheaper,Significantly Cheaper,49,680.9
2025-10-05,PROD01126,Grocery,West,51.4,19.29,32.11,More Expensive,Significantly More Expensive,39,1804.14
2025-10-06,PROD00568,Sports,West,13.9,26.94,-13.040000000000001,Cheaper,Significantly Cheaper,31,366.27
2025-10-06,PROD01114,Home & Kitchen,South,16.51,60.05,-43.53999999999999,Cheaper,Significantly Cheaper,60,941.07
2025-10-06,PROD01111,Toys,East,19.3,133.56,-114.26,Cheaper,Significantly Cheaper,22,424.6
2025-10-06,PROD00345,Electronics,Central,64.62,42.88,21.740000000000002,More Expensive,Significantly More Expensive,30,1647.81
2025-10-07,PROD00041,Grocery,West,27.19,43.71,-16.52,Cheaper,Significantly Cheaper,74,1710.25
2025-10-07,PROD00838,Fashion,South,12.24,61.09,-48.85,Cheaper,Significantly Cheaper,78,906.98
2025-10-07,PROD00874,Toys,East,10.03,22.6,-12.570000000000002,Cheaper,Significantly Cheaper,21,210.63
2025-10-07,PROD00002,Beauty,South,37.19,125.84,-88.65,Cheaper,Significantly Cheaper,23,769.83
2025-10-08,PROD01069,Grocery,West,12.92,16.39,-3.4700000000000006,Cheaper,Significantly Cheaper,50,549.1
2025-10-08,PROD00203,Beauty,Central,53.79,28.17,25.619999999999997,More Expensive,Significantly More Expensive,15,645.48
2025-10-08,PROD00551,Home & Kitchen,East,29.2,42.81,-13.610000000000003,Cheaper,Significantly Cheaper,30,744.6
2025-10-08,PROD00782,Sports,East,31.36,48.52,-17.160000000000004,Cheaper,Significantly Cheaper,32,702.46
2025-10-08,PROD00111,Sports,East,19.94,20.59,-0.6499999999999986,Similar,Normal Competitive Range,39,777.66
2025-10-08,PROD00863,Electronics,Central,47.52,18.31,29.210000000000004,More Expensive,Significantly More Expensive,30,1354.32
2025-10-08,PROD00001,Books,East,59.12,7.61,51.51,More Expensive,Significantly More Expensive,22,1040.51
2025-10-09,PROD00153,Beauty,Central,24.77,23.95,0.8200000000000003,Similar,Normal Competitive Range,61,1208.78
2025-10-09,PROD00418,Grocery,Central,12.47,29.09,-16.619999999999997,Cheaper,Significantly Cheaper,121,1433.43
2025-10-09,PROD00765,Books,East,114.13,23.62,90.50999999999999,More Expensive,Significantly More Expensive,5,513.58
2025-10-09,PROD00271,Grocery,Central,30.58,7.09,23.49,More Expensive,Significantly More Expensive,38,871.53
2025-10-10,PROD00503,Beauty,South,44.88,26.46,18.42,More Expensive,Significantly More Expensive,23,825.79
2025-10-10,PROD00095,Sports,East,24.81,6.12,18.689999999999998,More Expensive,Significantly More Expensive,39,967.59
2025-10-10,PROD00466,Home & Kitchen,North,81.63,81.36,0.269999999999996,Similar,Normal Competitive Range,25,1428.52
2025-10-10,PROD01144,Toys,North,22.14,52.45,-30.310000000000002,Cheaper,Significantly Cheaper,42,929.88
2025-10-11,PROD00598,Books,West,28.85,20.11,8.740000000000002,More Expensive,Significantly More Expensive,25,649.12
2025-10-11,PROD00583,Grocery,Central,51.2,29.22,21.980000000000004,More Expensive,Significantly More Expensive,22,1013.76
2025-10-11,PROD00188,Electronics,South,50.49,56.24,-5.75,Cheaper,Normal Competitive Range,43,1736.86
2025-10-11,PROD00772,Home & Kitchen,North,15.59,53.92,-38.33,Cheaper,Significantly Cheaper,39,608.01
2025-10-11,PROD00536,Beauty,North,31.52,6.16,25.36,More Expensive,Significantly More Expensive,21,661.92
2025-10-12,PROD00417,Grocery,North,26.84,25.86,0.9800000000000004,Similar,Normal Competitive Range,57,1223.9
2025-10-12,PROD00946,Beauty,North,6.79,26.12,-19.330000000000002,Cheaper,Significantly Cheaper,58,315.06
2025-10-12,PROD00803,Electronics,North,11.58,43.39,-31.810000000000002,Cheaper,Significantly Cheaper,116,1074.62
2025-10-12,PROD00572,Beauty,West,10.21,24.62,-14.41,Cheaper,Significantly Cheaper,34,260.36
2025-10-13,PROD00256,Books,North,46.55,128.46,-81.91000000000001,Cheaper,Significantly Cheaper,17,791.35
2025-10-13,PROD00623,Home & Kitchen,North,79.54,14.16,65.38000000000001,More Expensive,Significantly More Expensive,18,1360.13
2025-10-13,PROD00127,Toys,South,131.18,23.36,107.82000000000001,More Expensive,Significantly More Expensive,4,472.25
2025-10-13,PROD00329,Fashion,West,28.82,57.52,-28.700000000000003,Cheaper,Significantly Cheaper,39,955.38
2025-10-13,PROD00746,Home & Kitchen,South,9.29,34.41,-25.119999999999997,Cheaper,Significantly Cheaper,61,510.02
2025-10-13,PROD00605,Toys,Central,18.18,53.62,-35.44,Cheaper,Significantly Cheaper,30,381.78
2025-10-13,PROD00797,Home & Kitchen,Central,20.29,33.37,-13.079999999999998,Cheaper,Significantly Cheaper,60,913.05
2025-10-13,PROD00340,Home & Kitchen,South,11.01,55.05,-44.04,Cheaper,Significantly Cheaper,57,533.43
2025-10-13,PROD00373,Grocery,North,50.47,17.28,33.19,More Expensive,Significantly More Expensive,35,1501.48
2025-10-14,PROD01063,Toys,West,48.8,120.13,-71.33,Cheaper,Significantly Cheaper,15,732.0
2025-10-14,PROD00060,Home & Kitchen,Central,19.02,34.62,-15.599999999999998,Cheaper,Significantly Cheaper,52,939.59
2025-10-14,PROD00845,Toys,Central,20.68,21.61,-0.9299999999999997,Similar,Normal Competitive Range,42,607.99
2025-10-14,PROD00193,Fashion,East,85.65,59.7,25.950000000000003,More Expensive,Significantly More Expensive,15,1092.04
2025-10-14,PROD01044,Grocery,East,15.22,36.81,-21.590000000000003,Cheaper,Significantly Cheaper,97,1328.71
2025-10-14,PROD00377,Home & Kitchen,East,70.27,9.21,61.059999999999995,More Expensive,Significantly More Expensive,24,1433.51
2025-10-14,PROD00617,Home & Kitchen,West,48.95,17.51,31.44,More Expensive,Significantly More Expensive,22,861.52
2025-10-15,PROD00446,Books,Central,14.64,42.31,-27.67,Cheaper,Significantly Cheaper,21,307.44
2025-10-15,PROD00388,Electronics,Central,69.68,13.99,55.690000000000005,More Expensive,Significantly More Expensive,41,2571.19
2025-10-15,PROD00140,Electronics,Central,58.65,23.83,34.82,More Expensive,Significantly More Expensive,29,1275.64
2025-10-15,PROD00885,Books,South,110.89,59.17,51.72,More Expensive,Significantly More Expensive,8,754.05
2025-10-16,PROD00543,Grocery,North,16.95,19.66,-2.710000000000001,Cheaper,Normal Competitive Range,57,917.84
2025-10-17,PROD00309,Books,West,28.85,10.25,18.6,More Expensive,Significantly More Expensive,27,662.11
2025-10-17,PROD00293,Fashion,Central,22.89,43.8,-20.909999999999997,Cheaper,Significantly Cheaper,37,719.89
2025-10-17,PROD00053,Sports,North,26.15,24.81,1.3399999999999999,More Expensive,Normal Competitive Range,17,422.32
2025-10-17,PROD00472,Toys,Central,58.1,23.31,34.790000000000006,More Expensive,Significantly More Expensive,30,1655.85
2025-10-18,PROD01046,Grocery,East,50.35,12.01,38.34,More Expensive,Significantly More Expensive,14,704.9
2025-10-18,PROD00096,Fashion,West,81.26,18.33,62.93000000000001,More Expensive,Significantly More Expensive,25,1523.63
2025-10-18,PROD00255,Grocery,Central,28.34,24.78,3.5599999999999987,More Expensive,Normal Competitive Range,73,2068.82
2025-10-18,PROD00557,Electronics,East,33.29,16.25,17.04,More Expensive,Significantly More Expensive,49,1223.41
2025-10-19,PROD00641,Toys,Central,10.87,28.41,-17.54,Cheaper,Significantly Cheaper,79,772.86
2025-10-19,PROD00137,Books,West,34.12,29.63,4.489999999999998,More Expensive,Normal Competitive Range,33,844.47
2025-10-19,PROD01035,Electronics,East,33.96,42.92,-8.96,Cheaper,Significantly Cheaper,38,1225.96
2025-10-19,PROD00191,Toys,West,21.83,24.54,-2.710000000000001,Cheaper,Normal Competitive Range,47,974.71
2025-10-19,PROD00633,Sports,West,30.8,28.81,1.990000000000002,More Expensive,Normal Competitive Range,52,1281.28
2025-10-20,PROD00639,Home & Kitchen,North,16.21,27.12,-10.91,Cheaper,Significantly Cheaper,50,688.92
2025-10-20,PROD00092,Home & Kitchen,East,26.75,31.33,-4.579999999999998,Cheaper,Normal Competitive Range,46,1230.5
2025-10-20,PROD00952,Grocery,Central,30.01,18.43,11.580000000000002,More Expensive,Significantly More Expensive,31,697.73
2025-10-20,PROD00609,Beauty,North,23.04,30.94,-7.900000000000002,Cheaper,Significantly Cheaper,38,875.52
2025-10-20,PROD00587,Toys,North,14.78,16.23,-1.450000000000001,Cheaper,Normal Competitive Range,35,465.57
2025-10-20,PROD00700,Grocery,East,75.37,36.6,38.77,More Expensive,Significantly More Expensive,29,2076.44
2025-10-21,PROD00634,Toys,North,71.64,10.56,61.08,More Expensive,Significantly More Expensive,21,1278.77
2025-10-21,PROD01082,Grocery,South,22.26,25.4,-3.139999999999997,Cheaper,Normal Competitive Range,53,1179.78
2025-10-21,PROD00682,Grocery,North,42.04,20.48,21.56,More Expensive,Significantly More Expensive,64,2421.5
2025-10-21,PROD00615,Books,West,16.98,21.66,-4.68,Cheaper,Significantly Cheaper,17,274.23
2025-10-21,PROD00710,Toys,East,20.47,17.75,2.719999999999999,More Expensive,Normal Competitive Range,70,1289.61
2025-10-21,PROD01080,Books,North,37.93,68.42,-30.490000000000002,Cheaper,Significantly Cheaper,30,910.32
2025-10-22,PROD00637,Beauty,West,32.25,82.84,-50.59,Cheaper,Significantly Cheaper,54,1654.42
2025-10-22,PROD00297,Fashion,Central,27.61,15.42,12.19,More Expensive,Significantly More Expensive,64,1413.63
2025-10-22,PROD01016,Beauty,Central,17.4,25.35,-7.950000000000003,Cheaper,Significantly Cheaper,34,532.44
2025-10-23,PROD00296,Home & Kitchen,Central,23.09,29.8,-6.710000000000001,Cheaper,Significantly Cheaper,20,461.8
2025-10-23,PROD00480,Books,North,45.05,32.8,12.25,More Expensive,Significantly More Expensive,17,650.97
2025-10-23,PROD00851,Toys,East,11.72,18.95,-7.229999999999999,Cheaper,Significantly Cheaper,52,518.02
2025-10-23,PROD00178,Beauty,North,23.99,22.53,1.4599999999999973,More Expensive,Normal Competitive Range,37,710.1
2025-10-23,PROD00566,Grocery,Central,35.56,44.58,-9.019999999999996,Cheaper,Significantly Cheaper,48,1621.54
2025-10-23,PROD01091,Electronics,South,54.68,122.95,-68.27000000000001,Cheaper,Significantly Cheaper,37,1820.84
2025-10-23,PROD00684,Sports,Central,12.36,6.09,6.27,More Expensive,Significantly More Expensive,35,389.34
2025-10-24,PROD01187,Electronics,South,8.1,14.04,-5.9399999999999995,Cheaper,Significantly Cheaper,74,509.49
2025-10-24,PROD00453,Fashion,North,64.36,89.77,-25.409999999999997,Cheaper,Significantly Cheaper,19,855.99
2025-10-24,PROD00755,Beauty,South,58.55,17.48,41.06999999999999,More Expensive,Significantly More Expensive,42,2213.19
2025-10-25,PROD00192,Sports,South,15.02,24.48,-9.46,Cheaper,Significantly Cheaper,101,1441.17
2025-10-25,PROD00551,Fashion,East,49.81,22.19,27.62,More Expensive,Significantly More Expensive,34,1693.54
2025-10-26,PROD00339,Fashion,East,24.59,65.76,-41.17,Cheaper,Significantly Cheaper,136,2675.39
2025-10-26,PROD00900,Toys,Central,29.89,13.27,16.62,More Expensive,Significantly More Expensive,47,1264.35
2025-10-26,PROD00824,Books,Central,15.26,3.38,11.879999999999999,More Expensive,Significantly More Expensive,38,492.9
2025-10-26,PROD00393,Toys,East,15.52,18.83,-3.3099999999999987,Cheaper,Normal Competitive Range,33,358.51
2025-10-26,PROD00822,Beauty,West,27.25,13.42,13.83,More Expensive,Significantly More Expensive,17,416.92
2025-10-26,PROD00358,Grocery,East,32.0,58.83,-26.83,Cheaper,Significantly Cheaper,61,1659.2
2025-10-26,PROD00346,Sports,West,39.73,14.12,25.61,More Expensive,Significantly More Expensive,40,1430.28
2025-10-26,PROD00559,Toys,Central,19.31,22.89,-3.580000000000002,Cheaper,Normal Competitive Range,31,448.96
2025-10-26,PROD01098,Sports,South,26.91,24.25,2.66,More Expensive,Normal Competitive Range,36,920.32
2025-10-26,PROD00915,Toys,North,38.68,28.5,10.18,More Expensive,Significantly More Expensive,37,1144.93
2025-10-27,PROD00096,Beauty,West,22.11,51.26,-29.15,Cheaper,Significantly Cheaper,41,906.51
2025-10-27,PROD00059,Home & Kitchen,South,44.98,33.47,11.509999999999998,More Expensive,Significantly More Expensive,31,1185.22
2025-10-27,PROD00225,Toys,Central,30.01,35.12,-5.109999999999996,Cheaper,Normal Competitive Range,41,1107.37
2025-10-27,PROD00970,Electronics,North,30.19,24.56,5.630000000000003,More Expensive,Significantly More Expensive,31,842.3
2025-10-28,PROD00655,Sports,East,38.54,17.08,21.46,More Expensive,Significantly More Expensive,74,2138.97
2025-10-28,PROD00173,Fashion,East,40.54,40.32,0.21999999999999886,Similar,Normal Competitive Range,46,1771.6
2025-10-28,PROD00234,Books,South,36.54,84.63,-48.089999999999996,Cheaper,Significantly Cheaper,29,741.76
2025-10-28,PROD00179,Sports,West,17.16,21.17,-4.010000000000002,Cheaper,Normal Competitive Range,41,703.56
2025-10-29,PROD00012,Fashion,North,39.09,15.09,24.000000000000004,More Expensive,Significantly More Expensive,16,594.17
2025-10-29,PROD00961,Sports,Central,40.21,76.25,-36.04,Cheaper,Significantly Cheaper,78,2665.92
2025-10-29,PROD00268,Beauty,North,16.26,55.72,-39.459999999999994,Cheaper,Significantly Cheaper,67,980.48
2025-10-29,PROD00411,Grocery,West,32.22,60.15,-27.93,Cheaper,Significantly Cheaper,105,3213.94
2025-10-29,PROD00241,Grocery,West,51.22,77.81,-26.590000000000003,Cheaper,Significantly Cheaper,45,1843.92
2025-10-29,PROD00066,Fashion,North,20.15,52.46,-32.31,Cheaper,Significantly Cheaper,61,921.86
2025-10-29,PROD01108,Sports,Central,8.17,26.35,-18.18,Cheaper,Significantly Cheaper,50,347.22
2025-10-29,PROD00374,Sports,North,71.37,60.52,10.850000000000001,More Expensive,Normal Competitive Range,25,1695.04
2025-10-30,PROD01076,Fashion,North,24.67,18.34,6.330000000000002,More Expensive,Significantly More Expensive,115,2837.05
2025-10-30,PROD01070,Electronics,Central,38.37,28.09,10.279999999999998,More Expensive,Significantly More Expensive,29,1001.46
2025-10-30,PROD00807,Fashion,Central,19.84,20.91,-1.0700000000000003,Cheaper,Normal Competitive Range,166,3128.77
2025-10-30,PROD00923,Home & Kitchen,East,37.76,27.92,9.839999999999996,More Expensive,Significantly More Expensive,26,981.76
2025-10-30,PROD00431,Grocery,North,38.89,20.25,18.64,More Expensive,Significantly More Expensive,24,886.69
2025-10-30,PROD01131,Toys,Central,72.97,28.12,44.849999999999994,More Expensive,Significantly More Expensive,12,656.73
2025-10-31,PROD00680,Fashion,North,51.97,8.95,43.019999999999996,More Expensive,Significantly More Expensive,13,675.61
2025-10-31,PROD00365,Electronics,North,30.21,62.13,-31.92,Cheaper,Significantly Cheaper,35,845.88
2025-10-31,PROD00890,Sports,South,40.89,38.39,2.5,More Expensive,Normal Competitive Range,16,556.1
2025-10-31,PROD00008,Home & Kitchen,East,25.13,59.42,-34.290000000000006,Cheaper,Significantly Cheaper,61,1226.34
2025-11-01,PROD00495,Grocery,South,21.86,38.12,-16.259999999999998,Cheaper,Significantly Cheaper,53,1100.65
2025-11-01,PROD00855,Home & Kitchen,Central,69.61,52.21,17.4,More Expensive,Significantly More Expensive,16,1002.38
2025-11-01,PROD00033,Beauty,West,58.48,23.52,34.959999999999994,More Expensive,Significantly More Expensive,25,1096.5
2025-11-02,PROD00960,Sports,West,9.71,21.3,-11.59,Cheaper,Significantly Cheaper,28,231.1
2025-11-02,PROD00808,Fashion,West,27.18,16.35,10.829999999999998,More Expensive,Significantly More Expensive,84,2054.81
2025-11-02,PROD01060,Grocery,North,16.93,30.9,-13.969999999999999,Cheaper,Significantly Cheaper,52,792.32
2025-11-02,PROD01131,Sports,South,25.64,10.67,14.97,More Expensive,Significantly More Expensive,38,876.89
2025-11-02,PROD00194,Fashion,Central,37.63,28.11,9.520000000000003,More Expensive,Significantly More Expensive,45,1524.02
2025-11-02,PROD01193,Beauty,Central,120.66,20.91,99.75,More Expensive,Significantly More Expensive,6,615.37
2025-11-03,PROD00107,Beauty,South,22.41,17.14,5.27,More Expensive,Significantly More Expensive,44,887.44
2025-11-03,PROD00402,Sports,East,118.48,46.9,71.58000000000001,More Expensive,Significantly More Expensive,10,888.6
2025-11-03,PROD00674,Books,South,135.14,128.25,6.889999999999986,More Expensive,Normal Competitive Range,3,344.61
2025-11-04,PROD01145,Grocery,South,15.5,37.1,-21.6,Cheaper,Significantly Cheaper,58,854.05
2025-11-04,PROD00210,Grocery,North,19.26,26.9,-7.639999999999997,Cheaper,Significantly Cheaper,33,572.02
2025-11-04,PROD00510,Beauty,West,17.53,12.34,5.190000000000001,More Expensive,Significantly More Expensive,37,518.89
2025-11-05,PROD00004,Electronics,South,53.46,16.41,37.05,More Expensive,Significantly More Expensive,56,2844.07
2025-11-05,PROD00850,Electronics,East,18.89,59.52,-40.63,Cheaper,Significantly Cheaper,61,1037.06
2025-11-05,PROD01055,Books,East,10.65,77.42,-66.77,Cheaper,Significantly Cheaper,39,332.28
2025-11-05,PROD00033,Sports,West,69.51,45.72,23.790000000000006,More Expensive,Significantly More Expensive,17,945.34
2025-11-05,PROD00555,Books,South,42.26,22.82,19.439999999999998,More Expensive,Significantly More Expensive,51,1831.97
2025-11-06,PROD01097,Books,South,28.19,29.34,-1.1499999999999986,Similar,Normal Competitive Range,27,761.13
2025-11-06,PROD01116,Books,South,60.35,58.51,1.8400000000000034,Similar,Normal Competitive Range,11,564.27
2025-11-06,PROD00072,Fashion,West,117.81,10.71,107.1,More Expensive,Significantly More Expensive,5,500.69
2025-11-06,PROD00914,Fashion,North,31.74,54.45,-22.710000000000004,Cheaper,Significantly Cheaper,55,1396.56
2025-11-06,PROD00915,Books,Central,33.39,53.73,-20.339999999999996,Cheaper,Significantly Cheaper,25,793.01
2025-11-06,PROD00312,Home & Kitchen,East,28.01,28.16,-0.14999999999999858,Similar,Normal Competitive Range,34,857.11
2025-11-06,PROD00789,Beauty,West,15.16,30.5,-15.34,Cheaper,Significantly Cheaper,91,1034.67
2025-11-06,PROD00453,Toys,East,69.06,13.39,55.67,More Expensive,Significantly More Expensive,15,880.52
2025-11-06,PROD01170,Fashion,North,56.09,20.91,35.18000000000001,More Expensive,Significantly More Expensive,24,1076.93
2025-11-06,PROD00405,Books,West,27.54,21.65,5.890000000000001,More Expensive,Significantly More Expensive,21,578.34
2025-11-06,PROD00374,Home & Kitchen,North,16.74,11.16,5.579999999999998,More Expensive,Significantly More Expensive,29,412.64
2025-11-07,PROD01051,Beauty,West,80.9,23.3,57.60000000000001,More Expensive,Significantly More Expensive,22,1423.84
2025-11-07,PROD00713,Sports,South,61.09,47.17,13.920000000000002,More Expensive,Significantly More Expensive,19,986.6
2025-11-07,PROD00325,Books,East,151.06,13.25,137.81,More Expensive,Significantly More Expensive,3,362.54
2025-11-08,PROD01041,Fashion,North,44.38,30.09,14.290000000000003,More Expensive,Significantly More Expensive,41,1637.62
2025-11-08,PROD01171,Grocery,Central,7.96,42.69,-34.73,Cheaper,Significantly Cheaper,55,306.46
2025-11-08,PROD00816,Home & Kitchen,North,28.95,38.28,-9.330000000000002,Cheaper,Significantly Cheaper,53,1534.35
2025-11-08,PROD01169,Toys,Central,18.47,174.05,-155.58,Cheaper,Significantly Cheaper,23,382.33
2025-11-08,PROD00616,Home & Kitchen,South,74.53,23.67,50.86,More Expensive,Significantly More Expensive,35,2086.84
2025-11-09,PROD00503,Fashion,Central,31.73,19.61,12.120000000000001,More Expensive,Significantly More Expensive,30,761.52
2025-11-09,PROD00969,Home & Kitchen,North,43.64,48.44,-4.799999999999997,Cheaper,Normal Competitive Range,42,1466.3
2025-11-09,PROD01030,Home & Kitchen,West,33.73,33.07,0.6599999999999966,Similar,Normal Competitive Range,38,1153.57
2025-11-09,PROD00510,Beauty,West,44.34,27.05,17.290000000000003,More Expensive,Significantly More Expensive,51,2148.27
2025-11-09,PROD00778,Fashion,Central,32.84,62.8,-29.959999999999994,Cheaper,Significantly Cheaper,49,1448.24
2025-11-09,PROD00964,Books,West,51.55,21.63,29.919999999999998,More Expensive,Significantly More Expensive,9,440.75
2025-11-09,PROD00574,Toys,South,14.86,58.83,-43.97,Cheaper,Significantly Cheaper,46,512.67
2025-11-10,PROD00314,Electronics,North,34.45,11.77,22.680000000000003,More Expensive,Significantly More Expensive,62,2029.1
2025-11-10,PROD00212,Books,East,18.28,22.18,-3.8999999999999986,Cheaper,Normal Competitive Range,25,411.3
2025-11-10,PROD00876,Sports,North,12.97,38.96,-25.990000000000002,Cheaper,Significantly Cheaper,38,468.22
2025-11-10,PROD00843,Home & Kitchen,North,49.03,42.68,6.350000000000001,More Expensive,Normal Competitive Range,19,838.41
2025-11-10,PROD00709,Home & Kitchen,North,12.38,69.6,-57.21999999999999,Cheaper,Significantly Cheaper,26,305.79
2025-11-10,PROD00996,Beauty,East,77.03,17.01,60.019999999999996,More Expensive,Significantly More Expensive,6,439.07
2025-11-11,PROD00718,Electronics,Central,112.62,40.53,72.09,More Expensive,Significantly More Expensive,17,1531.63
2025-11-11,PROD01130,Grocery,South,75.06,26.02,49.040000000000006,More Expensive,Significantly More Expensive,16,960.77
2025-11-11,PROD00970,Fashion,South,71.01,12.94,58.07000000000001,More Expensive,Significantly More Expensive,37,2496.0
2025-11-11,PROD00480,Books,West,12.83,16.28,-3.450000000000001,Cheaper,Significantly Cheaper,34,436.22
2025-11-11,PROD00828,Grocery,South,16.98,14.41,2.5700000000000003,More Expensive,Normal Competitive Range,125,1591.88
2025-11-12,PROD00228,Books,East,10.85,17.01,-6.160000000000002,Cheaper,Significantly Cheaper,27,249.01
2025-11-12,PROD01032,Books,West,30.47,22.59,7.879999999999999,More Expensive,Significantly More Expensive,17,492.09
2025-11-12,PROD00571,Fashion,North,17.83,93.71,-75.88,Cheaper,Significantly Cheaper,31,497.46
2025-11-13,PROD01085,Books,East,20.3,25.88,-5.579999999999998,Cheaper,Significantly Cheaper,77,1328.64
2025-11-13,PROD00387,Grocery,Central,8.11,28.86,-20.75,Cheaper,Significantly Cheaper,61,494.71
2025-11-13,PROD00940,Electronics,South,37.34,18.46,18.880000000000003,More Expensive,Significantly More Expensive,19,673.99
2025-11-13,PROD01070,Beauty,South,9.5,8.49,1.0099999999999998,More Expensive,Normal Competitive Range,62,412.3
2025-11-13,PROD00316,Electronics,North,27.56,34.06,-6.5000000000000036,Cheaper,Normal Competitive Range,70,1543.36
2025-11-14,PROD00234,Toys,North,37.77,34.0,3.770000000000003,More Expensive,Normal Competitive Range,42,1269.07
2025-11-14,PROD00461,Fashion,West,56.47,32.6,23.869999999999997,More Expensive,Significantly More Expensive,39,1651.75
2025-11-14,PROD00745,Home & Kitchen,North,38.08,63.1,-25.020000000000003,Cheaper,Significantly Cheaper,33,1005.31
2025-11-14,PROD01183,Electronics,North,59.96,31.27,28.69,More Expensive,Significantly More Expensive,15,764.49
2025-11-14,PROD00087,Home & Kitchen,North,50.81,30.2,20.610000000000003,More Expensive,Significantly More Expensive,27,1234.68
2025-11-15,PROD01087,Fashion,North,50.31,19.2,31.110000000000003,More Expensive,Significantly More Expensive,27,1358.37
2025-11-15,PROD00759,Toys,North,16.53,21.58,-5.049999999999997,Cheaper,Significantly Cheaper,35,578.55
2025-11-15,PROD00915,Toys,North,25.5,103.33,-77.83,Cheaper,Significantly Cheaper,23,586.5
2025-11-15,PROD00797,Fashion,East,14.35,25.37,-11.020000000000001,Cheaper,Significantly Cheaper,30,387.45
2025-11-15,PROD01011,Home & Kitchen,Central,33.51,24.77,8.739999999999998,More Expensive,Significantly More Expensive,59,1977.09
2025-11-15,PROD00365,Beauty,South,81.66,23.59,58.06999999999999,More Expensive,Significantly More Expensive,19,1163.66
2025-11-15,PROD00119,Home & Kitchen,North,41.92,20.12,21.8,More Expensive,Significantly More Expensive,44,1660.03
2025-11-15,PROD00616,Electronics,North,26.44,40.04,-13.599999999999998,Cheaper,Significantly Cheaper,78,1856.09
2025-11-16,PROD00843,Home & Kitchen,East,8.76,26.29,-17.53,Cheaper,Significantly Cheaper,42,312.73
2025-11-16,PROD01156,Grocery,South,36.51,16.51,19.999999999999996,More Expensive,Significantly More Expensive,59,1507.86
2025-11-16,PROD00010,Books,East,15.37,26.91,-11.540000000000001,Cheaper,Significantly Cheaper,36,442.66
2025-11-16,PROD01176,Books,West,79.39,57.81,21.58,More Expensive,Significantly More Expensive,13,722.45
2025-11-16,PROD00757,Beauty,Central,15.17,10.73,4.4399999999999995,More Expensive,Significantly More Expensive,43,652.31
2025-11-16,PROD00990,Grocery,South,12.24,75.32,-63.07999999999999,Cheaper,Significantly Cheaper,60,660.96
2025-11-16,PROD00882,Electronics,Central,23.75,118.26,-94.51,Cheaper,Significantly Cheaper,106,2014.0
2025-11-16,PROD00141,Sports,East,31.48,9.65,21.83,More Expensive,Significantly More Expensive,29,912.92
2025-11-17,PROD00778,Home & Kitchen,East,41.71,46.48,-4.769999999999996,Cheaper,Normal Competitive Range,50,1668.4
2025-11-17,PROD00662,Home & Kitchen,East,3.3,32.15,-28.849999999999998,Cheaper,Significantly Cheaper,78,193.05
2025-11-17,PROD00476,Grocery,South,70.08,45.4,24.68,More Expensive,Significantly More Expensive,12,840.96
2025-11-17,PROD00032,Electronics,Central,14.21,31.12,-16.91,Cheaper,Significantly Cheaper,62,792.92
2025-11-18,PROD00748,Fashion,Central,37.37,44.6,-7.230000000000004,Cheaper,Normal Competitive Range,39,1238.82
2025-11-18,PROD00596,Toys,South,16.46,21.8,-5.34,Cheaper,Significantly Cheaper,32,500.38
2025-11-18,PROD00718,Electronics,Central,37.25,100.1,-62.849999999999994,Cheaper,Significantly Cheaper,55,2048.75
2025-11-18,PROD00486,Sports,West,62.99,46.1,16.89,More Expensive,Significantly More Expensive,13,573.21
2025-11-19,PROD01134,Home & Kitchen,South,31.06,27.88,3.1799999999999997,More Expensive,Normal Competitive Range,27,712.83
2025-11-19,PROD00641,Sports,West,25.59,31.73,-6.140000000000001,Cheaper,Normal Competitive Range,40,972.42
2025-11-19,PROD00324,Fashion,West,85.57,24.31,61.25999999999999,More Expensive,Significantly More Expensive,11,941.27
2025-11-19,PROD00872,Home & Kitchen,Central,25.7,9.8,15.899999999999999,More Expensive,Significantly More Expensive,40,925.2
2025-11-19,PROD00504,Beauty,North,19.14,46.9,-27.759999999999998,Cheaper,Significantly Cheaper,34,488.07
2025-11-19,PROD00380,Beauty,Central,41.56,14.55,27.01,More Expensive,Significantly More Expensive,25,831.2
2025-11-19,PROD00050,Electronics,North,24.07,16.27,7.800000000000001,More Expensive,Significantly More Expensive,81,1559.74
2025-11-19,PROD00173,Home & Kitchen,East,46.92,37.56,9.36,More Expensive,Significantly More Expensive,19,846.91
2025-11-20,PROD01027,Toys,East,21.42,13.17,8.250000000000002,More Expensive,Significantly More Expensive,30,546.21
2025-11-20,PROD01107,Beauty,East,23.84,42.86,-19.02,Cheaper,Significantly Cheaper,38,860.62
2025-11-20,PROD01104,Grocery,South,118.3,46.59,71.71,More Expensive,Significantly More Expensive,9,851.76
2025-11-20,PROD00642,Home & Kitchen,Central,45.52,3.98,41.540000000000006,More Expensive,Significantly More Expensive,33,1201.73
2025-11-20,PROD01081,Books,South,86.33,32.38,53.949999999999996,More Expensive,Significantly More Expensive,12,932.36
2025-11-20,PROD00239,Grocery,Central,9.52,172.64,-163.11999999999998,Cheaper,Significantly Cheaper,94,850.14
2025-11-20,PROD00220,Beauty,Central,174.66,34.31,140.35,More Expensive,Significantly More Expensive,1,148.46
2025-11-20,PROD00296,Books,East,15.51,42.83,-27.32,Cheaper,Significantly Cheaper,33,435.06
2025-11-21,PROD00410,Grocery,South,32.29,12.0,20.29,More Expensive,Significantly More Expensive,26,671.63
2025-11-21,PROD01023,Sports,East,130.48,16.82,113.66,More Expensive,Significantly More Expensive,5,554.54
2025-11-21,PROD00896,Toys,South,48.08,17.33,30.75,More Expensive,Significantly More Expensive,29,1185.17
2025-11-22,PROD00028,Beauty,South,20.74,27.68,-6.940000000000001,Cheaper,Significantly Cheaper,65,1145.88
2025-11-22,PROD00380,Home & Kitchen,West,19.31,112.79,-93.48,Cheaper,Significantly Cheaper,60,1042.74
2025-11-22,PROD00575,Toys,South,20.27,16.88,3.3900000000000006,More Expensive,Significantly More Expensive,29,470.26
2025-11-22,PROD00968,Toys,South,4.77,20.55,-15.780000000000001,Cheaper,Significantly Cheaper,65,248.04
2025-11-22,PROD00408,Grocery,North,98.86,73.55,25.310000000000002,More Expensive,Significantly More Expensive,19,1784.42
2025-11-22,PROD00820,Sports,South,71.29,39.2,32.09,More Expensive,Significantly More Expensive,12,812.71
2025-11-22,PROD01196,Home & Kitchen,West,7.51,26.0,-18.490000000000002,Cheaper,Significantly Cheaper,47,300.02
2025-11-22,PROD00136,Home & Kitchen,Central,89.48,11.92,77.56,More Expensive,Significantly More Expensive,13,930.59
2025-11-22,PROD00733,Home & Kitchen,East,45.31,32.27,13.04,More Expensive,Significantly More Expensive,48,1631.16
2025-11-23,PROD00585,Toys,West,12.84,49.87,-37.03,Cheaper,Significantly Cheaper,34,371.08
2025-11-23,PROD00486,Fashion,West,31.84,21.61,10.23,More Expensive,Significantly More Expensive,43,1300.66
2025-11-23,PROD00319,Books,West,26.52,7.57,18.95,More Expensive,Significantly More Expensive,13,293.05
2025-11-23,PROD00038,Beauty,East,22.43,21.79,0.6400000000000006,Similar,Normal Competitive Range,43,964.49
2025-11-23,PROD00706,Beauty,South,50.41,40.75,9.659999999999997,More Expensive,Significantly More Expensive,32,1209.84
2025-11-23,PROD00148,Beauty,North,60.27,47.16,13.110000000000007,More Expensive,Significantly More Expensive,20,1205.4
2025-11-23,PROD00052,Electronics,Central,22.51,13.34,9.170000000000002,More Expensive,Significantly More Expensive,48,1026.46
2025-11-23,PROD00807,Electronics,Central,24.29,38.22,-13.93,Cheaper,Significantly Cheaper,80,1748.88
2025-11-24,PROD00832,Electronics,South,29.09,26.69,2.3999999999999986,More Expensive,Normal Competitive Range,63,1466.14
2025-11-24,PROD00146,Electronics,West,35.21,40.69,-5.479999999999997,Cheaper,Normal Competitive Range,29,1021.09
2025-11-24,PROD00590,Electronics,East,78.47,42.11,36.36,More Expensive,Significantly More Expensive,19,1118.2
2025-11-24,PROD01136,Sports,North,13.28,80.26,-66.98,Cheaper,Significantly Cheaper,57,756.96
2025-11-25,PROD01068,Electronics,North,59.41,15.23,44.17999999999999,More Expensive,Significantly More Expensive,49,2328.87
2025-11-25,PROD00082,Toys,West,9.91,20.38,-10.469999999999999,Cheaper,Significantly Cheaper,75,557.44
2025-11-25,PROD00001,Fashion,Central,20.71,10.09,10.620000000000001,More Expensive,Significantly More Expensive,29,510.5
2025-11-25,PROD00966,Books,North,30.48,37.96,-7.48,Cheaper,Normal Competitive Range,18,493.78
2025-11-25,PROD00833,Beauty,Central,8.68,33.08,-24.4,Cheaper,Significantly Cheaper,43,373.24
2025-11-25,PROD00931,Electronics,North,21.98,23.25,-1.2699999999999996,Cheaper,Normal Competitive Range,51,1064.93
2025-11-25,PROD01002,Toys,South,15.42,26.06,-10.639999999999999,Cheaper,Significantly Cheaper,43,497.29
2025-11-25,PROD00623,Fashion,East,25.33,7.9,17.43,More Expensive,Significantly More Expensive,59,1195.58
2025-11-25,PROD00376,Fashion,Central,13.15,20.16,-7.01,Cheaper,Significantly Cheaper,70,690.38
2025-11-25,PROD00892,Home & Kitchen,West,31.13,73.15,-42.02000000000001,Cheaper,Significantly Cheaper,14,348.66
2025-11-26,PROD01025,Home & Kitchen,East,12.47,53.5,-41.03,Cheaper,Significantly Cheaper,48,568.63
2025-11-26,PROD01088,Books,West,20.57,10.48,10.09,More Expensive,Significantly More Expensive,38,586.24
2025-11-26,PROD00495,Home & Kitchen,North,26.07,12.34,13.73,More Expensive,Significantly More Expensive,28,510.97
2025-11-26,PROD00761,Toys,East,61.02,119.56,-58.54,Cheaper,Significantly Cheaper,32,1855.01
2025-11-26,PROD00119,Books,Central,19.33,58.98,-39.65,Cheaper,Significantly Cheaper,18,330.54
2025-11-26,PROD01140,Home & Kitchen,West,31.1,41.8,-10.699999999999996,Cheaper,Significantly Cheaper,51,1268.88
2025-11-26,PROD00140,Grocery,West,43.94,217.2,-173.26,Cheaper,Significantly Cheaper,51,1792.75
2025-11-26,PROD00307,Fashion,Central,22.38,25.11,-2.7300000000000004,Cheaper,Normal Competitive Range,71,1350.63
2025-11-27,PROD00615,Sports,East,110.26,19.79,90.47,More Expensive,Significantly More Expensive,5,551.3
2025-11-27,PROD01077,Electronics,Central,55.95,48.98,6.970000000000006,More Expensive,Normal Competitive Range,12,604.26
2025-11-27,PROD00226,Sports,West,18.43,17.46,0.9699999999999989,More Expensive,Normal Competitive Range,23,423.89
2025-11-27,PROD00390,Grocery,Central,38.06,50.9,-12.839999999999996,Cheaper,Significantly Cheaper,28,905.83
2025-11-27,PROD00456,Books,Central,13.19,14.71,-1.5200000000000014,Cheaper,Normal Competitive Range,39,437.25
2025-11-28,PROD00588,Fashion,West,51.43,57.86,-6.43,Cheaper,Normal Competitive Range,62,2710.36
2025-11-28,PROD00913,Sports,South,9.18,72.22,-63.04,Cheaper,Significantly Cheaper,54,495.72
2025-11-28,PROD00654,Toys,North,18.87,42.59,-23.720000000000002,Cheaper,Significantly Cheaper,23,434.01
2025-11-29,PROD01033,Toys,East,36.63,53.4,-16.769999999999996,Cheaper,Significantly Cheaper,41,1351.65
2025-11-29,PROD00287,Home & Kitchen,North,27.81,15.67,12.139999999999999,More Expensive,Significantly More Expensive,78,1626.88
2025-11-29,PROD00744,Electronics,East,13.67,20.15,-6.479999999999999,Cheaper,Significantly Cheaper,50,615.15
2025-11-29,PROD00047,Home & Kitchen,Central,84.7,6.1,78.60000000000001,More Expensive,Significantly More Expensive,18,1295.91
2025-11-29,PROD00081,Sports,South,70.27,10.76,59.51,More Expensive,Significantly More Expensive,17,1134.86
2025-11-30,PROD01174,Beauty,North,34.97,25.18,9.79,More Expensive,Significantly More Expensive,50,1486.22
2025-11-30,PROD00109,Beauty,Central,24.14,44.53,-20.39,Cheaper,Significantly Cheaper,37,625.23
2025-11-30,PROD00081,Home & Kitchen,North,36.42,40.33,-3.9099999999999966,Cheaper,Normal Competitive Range,42,1529.64
2025-12-01,PROD00456,Electronics,South,22.85,14.36,8.490000000000002,More Expensive,Significantly More Expensive,41,796.32
2025-12-01,PROD00715,Grocery,South,53.3,61.37,-8.07,Cheaper,Normal Competitive Range,24,1151.28
2025-12-01,PROD00479,Home & Kitchen,East,44.11,27.86,16.25,More Expensive,Significantly More Expensive,28,1111.57
2025-12-01,PROD01171,Sports,Central,27.21,32.22,-5.009999999999998,Cheaper,Normal Competitive Range,59,1525.12
2025-12-01,PROD00958,Beauty,Central,60.41,15.78,44.629999999999995,More Expensive,Significantly More Expensive,23,1181.02
2025-12-01,PROD00150,Books,West,51.25,9.12,42.13,More Expensive,Significantly More Expensive,32,1394.0
2025-12-01,PROD00530,Sports,East,42.63,14.7,27.930000000000003,More Expensive,Significantly More Expensive,23,882.44
2025-12-02,PROD01179,Books,East,30.41,85.91,-55.5,Cheaper,Significantly Cheaper,52,1106.92
2025-12-02,PROD00444,Beauty,West,32.89,63.31,-30.42,Cheaper,Significantly Cheaper,13,427.57
2025-12-02,PROD00158,Home & Kitchen,North,17.95,18.25,-0.3000000000000007,Similar,Normal Competitive Range,35,534.01
2025-12-02,PROD00299,Electronics,Central,19.73,49.07,-29.34,Cheaper,Significantly Cheaper,46,816.82
2025-12-02,PROD00781,Beauty,South,35.86,46.1,-10.240000000000002,Cheaper,Significantly Cheaper,36,1161.86
2025-12-02,PROD00725,Books,East,41.55,27.59,13.959999999999997,More Expensive,Significantly More Expensive,14,552.61
2025-12-03,PROD00553,Books,South,18.41,33.32,-14.91,Cheaper,Significantly Cheaper,43,672.89
2025-12-03,PROD00954,Electronics,South,14.34,21.0,-6.66,Cheaper,Significantly Cheaper,33,425.9
2025-12-03,PROD00954,Electronics,South,14.34,21.0,-6.66,Cheaper,Significantly Cheaper,21,258.93
2025-12-03,PROD00544,Home & Kitchen,South,43.78,62.26,-18.479999999999997,Cheaper,Significantly Cheaper,25,1039.77
2025-12-03,PROD00785,Home & Kitchen,South,53.61,29.07,24.54,More Expensive,Significantly More Expensive,31,1246.43
2025-12-03,PROD00954,Toys,Central,13.7,25.64,-11.940000000000001,Cheaper,Significantly Cheaper,33,425.9
2025-12-03,PROD00954,Toys,Central,13.7,25.64,-11.940000000000001,Cheaper,Significantly Cheaper,21,258.93
2025-12-04,PROD01158,Beauty,Central,20.56,43.28,-22.720000000000002,Cheaper,Significantly Cheaper,23,472.88
2025-12-04,PROD00419,Fashion,East,64.97,35.59,29.379999999999995,More Expensive,Significantly More Expensive,71,3690.3
2025-12-05,PROD00026,Toys,North,38.41,28.78,9.629999999999995,More Expensive,Significantly More Expensive,20,576.15
2025-12-05,PROD00779,Fashion,South,23.96,15.74,8.22,More Expensive,Significantly More Expensive,57,1229.15
2025-12-06,PROD00129,Grocery,Central,20.82,66.55,-45.73,Cheaper,Significantly Cheaper,55,973.33
2025-12-06,PROD00186,Toys,Central,21.77,26.46,-4.690000000000001,Cheaper,Normal Competitive Range,31,573.64
2025-12-06,PROD00571,Toys,East,39.54,18.56,20.98,More Expensive,Significantly More Expensive,36,1209.92
2025-12-06,PROD01018,Toys,West,65.13,23.45,41.67999999999999,More Expensive,Significantly More Expensive,23,1198.39
2025-12-06,PROD00986,Grocery,North,39.88,24.13,15.750000000000004,More Expensive,Significantly More Expensive,21,795.61
2025-12-06,PROD00352,Fashion,East,47.33,21.34,25.99,More Expensive,Significantly More Expensive,34,1528.76
2025-12-06,PROD00584,Electronics,West,35.11,16.45,18.66,More Expensive,Significantly More Expensive,93,3101.97
2025-12-06,PROD00078,Toys,West,15.51,106.5,-90.99,Cheaper,Significantly Cheaper,61,804.19
2025-12-06,PROD00073,Home & Kitchen,Central,12.4,10.0,2.4000000000000004,More Expensive,Significantly More Expensive,30,372.0
2025-12-07,PROD00527,Beauty,Central,18.88,23.59,-4.710000000000001,Cheaper,Normal Competitive Range,26,417.25
2025-12-07,PROD00994,Books,Central,36.78,22.13,14.650000000000002,More Expensive,Significantly More Expensive,39,1434.42
2025-12-07,PROD00005,Electronics,North,22.96,39.11,-16.15,Cheaper,Significantly Cheaper,39,716.35
2025-12-07,PROD00751,Electronics,South,37.46,30.42,7.039999999999999,More Expensive,Significantly More Expensive,47,1408.5
2025-12-07,PROD00349,Grocery,West,37.29,44.49,-7.200000000000003,Cheaper,Normal Competitive Range,36,1208.2
2025-12-07,PROD01076,Beauty,Central,63.75,63.39,0.35999999999999943,Similar,Normal Competitive Range,17,975.38
2025-12-07,PROD00586,Beauty,West,23.81,27.8,-3.990000000000002,Cheaper,Normal Competitive Range,52,1238.12
2025-12-07,PROD00957,Fashion,West,33.93,26.92,7.009999999999998,More Expensive,Significantly More Expensive,42,1068.8
2025-12-07,PROD00290,Books,North,13.07,10.18,2.8900000000000006,More Expensive,Significantly More Expensive,12,149.0
2025-12-07,PROD00464,Electronics,North,53.02,33.79,19.230000000000004,More Expensive,Significantly More Expensive,24,1145.23
2025-12-08,PROD00846,Grocery,North,77.5,36.76,40.74,More Expensive,Significantly More Expensive,20,1317.5
2025-12-08,PROD00094,Electronics,East,33.27,11.88,21.39,More Expensive,Significantly More Expensive,55,1555.37
2025-12-08,PROD00620,Electronics,South,58.63,18.77,39.86,More Expensive,Significantly More Expensive,34,1694.41
2025-12-08,PROD00406,Grocery,East,19.85,12.62,7.230000000000002,More Expensive,Significantly More Expensive,46,821.79
2025-12-08,PROD00379,Sports,West,43.81,16.85,26.96,More Expensive,Significantly More Expensive,21,782.01
2025-12-09,PROD00487,Books,East,23.8,46.83,-23.029999999999998,Cheaper,Significantly Cheaper,21,474.81
2025-12-09,PROD00318,Sports,West,39.67,15.54,24.130000000000003,More Expensive,Significantly More Expensive,52,1753.41
2025-12-09,PROD00454,Sports,West,40.04,55.95,-15.910000000000004,Cheaper,Significantly Cheaper,26,728.73
2025-12-09,PROD00331,Beauty,East,28.42,37.9,-9.479999999999997,Cheaper,Significantly Cheaper,50,1207.85
2025-12-09,PROD00470,Sports,North,23.23,72.36,-49.129999999999995,Cheaper,Significantly Cheaper,33,728.26
2025-12-10,PROD00289,Grocery,South,23.64,40.83,-17.189999999999998,Cheaper,Significantly Cheaper,59,1325.02
2025-12-10,PROD01015,Toys,South,91.27,20.5,70.77,More Expensive,Significantly More Expensive,11,803.18
2025-12-10,PROD00601,Fashion,West,22.21,15.25,6.960000000000001,More Expensive,Significantly More Expensive,30,632.98
2025-12-10,PROD00695,Beauty,North,82.41,17.61,64.8,More Expensive,Significantly More Expensive,7,519.18
2025-12-10,PROD00729,Beauty,South,50.85,25.97,24.880000000000003,More Expensive,Significantly More Expensive,20,1017.0
2025-12-11,PROD00527,Electronics,West,10.76,30.28,-19.520000000000003,Cheaper,Significantly Cheaper,86,832.82
2025-12-11,PROD00577,Sports,East,30.59,36.38,-5.790000000000003,Cheaper,Normal Competitive Range,46,1196.07
2025-12-11,PROD00577,Sports,East,30.59,36.38,-5.790000000000003,Cheaper,Normal Competitive Range,57,807.18
2025-12-11,PROD00134,Beauty,North,13.35,18.82,-5.470000000000001,Cheaper,Significantly Cheaper,59,787.65
2025-12-11,PROD00577,Sports,North,20.23,93.78,-73.55,Cheaper,Significantly Cheaper,46,1196.07
2025-12-11,PROD00577,Sports,North,20.23,93.78,-73.55,Cheaper,Significantly Cheaper,57,807.18
2025-12-11,PROD00697,Grocery,North,23.72,12.93,10.79,More Expensive,Significantly More Expensive,36,768.53
2025-12-11,PROD00425,Sports,South,38.67,40.75,-2.0799999999999983,Cheaper,Normal Competitive Range,20,773.4
2025-12-12,PROD00984,Beauty,Central,28.87,70.16,-41.28999999999999,Cheaper,Significantly Cheaper,28,727.52
2025-12-12,PROD00331,Home & Kitchen,North,25.62,71.21,-45.58999999999999,Cheaper,Significantly Cheaper,20,409.92
2025-12-12,PROD00415,Beauty,East,48.81,26.2,22.610000000000003,More Expensive,Significantly More Expensive,16,741.91
2025-12-12,PROD00034,Beauty,Central,41.22,17.29,23.93,More Expensive,Significantly More Expensive,31,1277.82
2025-12-12,PROD00339,Toys,Central,27.94,29.73,-1.7899999999999991,Cheaper,Normal Competitive Range,41,1145.54
2025-12-12,PROD00684,Fashion,Central,77.3,22.99,54.31,More Expensive,Significantly More Expensive,10,734.35
2025-12-13,PROD00610,Toys,Central,16.83,28.52,-11.690000000000001,Cheaper,Significantly Cheaper,41,586.53
2025-12-13,PROD00606,Home & Kitchen,East,36.17,20.64,15.530000000000001,More Expensive,Significantly More Expensive,34,1106.8
2025-12-13,PROD00377,Electronics,Central,46.79,25.25,21.54,More Expensive,Significantly More Expensive,37,1384.98
2025-12-13,PROD01188,Grocery,West,28.22,36.59,-8.370000000000005,Cheaper,Significantly Cheaper,36,761.94
2025-12-13,PROD00937,Fashion,West,21.49,39.34,-17.850000000000005,Cheaper,Significantly Cheaper,41,748.93
2025-12-13,PROD00969,Toys,East,37.06,37.82,-0.759999999999998,Similar,Normal Competitive Range,29,967.27
2025-12-14,PROD00088,Toys,East,16.63,18.49,-1.8599999999999994,Cheaper,Normal Competitive Range,17,282.71
2025-12-14,PROD00791,Beauty,Central,8.42,25.66,-17.240000000000002,Cheaper,Significantly Cheaper,43,325.85
2025-12-14,PROD00714,Grocery,Central,77.78,46.34,31.439999999999998,More Expensive,Significantly More Expensive,11,770.02
2025-12-14,PROD00387,Home & Kitchen,North,85.82,36.59,49.22999999999999,More Expensive,Significantly More Expensive,8,617.9
2025-12-14,PROD00668,Home & Kitchen,South,22.79,40.28,-17.490000000000002,Cheaper,Significantly Cheaper,131,2388.39
2025-12-14,PROD00365,Grocery,West,33.79,10.14,23.65,More Expensive,Significantly More Expensive,40,1351.6
2025-12-14,PROD00507,Fashion,Central,37.01,33.3,3.710000000000001,More Expensive,Normal Competitive Range,53,1863.45
2025-12-14,PROD00241,Grocery,South,106.65,37.47,69.18,More Expensive,Significantly More Expensive,10,906.52
2025-12-15,PROD00591,Electronics,West,32.13,43.22,-11.089999999999996,Cheaper,Significantly Cheaper,51,1310.9
2025-12-15,PROD00084,Beauty,West,36.97,21.95,15.02,More Expensive,Significantly More Expensive,38,1264.37
2025-12-15,PROD00322,Beauty,North,58.33,37.94,20.39,More Expensive,Significantly More Expensive,17,942.03
2025-12-15,PROD01061,Grocery,West,114.61,35.96,78.65,More Expensive,Significantly More Expensive,6,584.51
2025-12-15,PROD00608,Electronics,East,15.4,60.9,-45.5,Cheaper,Significantly Cheaper,38,555.94
2025-12-15,PROD00118,Electronics,West,33.63,45.44,-11.809999999999995,Cheaper,Significantly Cheaper,43,1301.48
2025-12-15,PROD00027,Toys,West,7.27,12.95,-5.68,Cheaper,Significantly Cheaper,60,392.58
2025-12-15,PROD00560,Grocery,East,15.94,27.51,-11.570000000000002,Cheaper,Significantly Cheaper,46,733.24
2025-12-16,PROD00314,Books,South,56.44,34.03,22.409999999999997,More Expensive,Significantly More Expensive,29,1473.08
2025-12-16,PROD00533,Home & Kitchen,West,25.7,20.8,4.899999999999999,More Expensive,Significantly More Expensive,24,616.8
2025-12-16,PROD01108,Beauty,East,46.77,65.42,-18.65,Cheaper,Significantly Cheaper,19,844.2
2025-12-16,PROD00235,Toys,West,150.21,53.06,97.15,More Expensive,Significantly More Expensive,4,540.76
2025-12-16,PROD00698,Toys,North,39.2,49.82,-10.619999999999997,Cheaper,Significantly Cheaper,17,566.44
2025-12-16,PROD00459,Books,Central,48.06,18.54,29.520000000000003,More Expensive,Significantly More Expensive,13,437.35
2025-12-16,PROD01029,Toys,West,55.86,25.38,30.48,More Expensive,Significantly More Expensive,25,1047.38
2025-12-17,PROD01030,Home & Kitchen,West,17.25,14.17,3.08,More Expensive,Significantly More Expensive,34,498.52
2025-12-17,PROD00319,Books,North,23.19,43.29,-20.099999999999998,Cheaper,Significantly Cheaper,20,417.42
2025-12-17,PROD00881,Electronics,Central,36.51,22.38,14.129999999999999,More Expensive,Significantly More Expensive,31,848.86
2025-12-18,PROD01126,Beauty,East,14.87,32.58,-17.71,Cheaper,Significantly Cheaper,39,521.94
2025-12-19,PROD00569,Books,West,12.45,12.26,0.1899999999999995,Similar,Normal Competitive Range,33,369.76
2025-12-19,PROD00279,Sports,North,21.48,19.47,2.0100000000000016,More Expensive,Normal Competitive Range,27,579.96
2025-12-19,PROD00246,Books,East,16.84,18.78,-1.9400000000000013,Cheaper,Normal Competitive Range,27,318.28
2025-12-19,PROD00499,Sports,South,23.37,12.92,10.450000000000001,More Expensive,Significantly More Expensive,22,462.73
2025-12-19,PROD00355,Toys,East,15.27,21.46,-6.190000000000001,Cheaper,Significantly Cheaper,33,478.71
2025-12-20,PROD00188,Home & Kitchen,West,24.22,35.5,-11.280000000000001,Cheaper,Significantly Cheaper,119,2593.96
2025-12-20,PROD00671,Beauty,Central,16.04,30.02,-13.98,Cheaper,Significantly Cheaper,50,721.8
2025-12-20,PROD00203,Home & Kitchen,Central,37.34,26.77,10.570000000000004,More Expensive,Significantly More Expensive,18,537.7
2025-12-20,PROD00822,Books,North,25.47,168.05,-142.58,Cheaper,Significantly Cheaper,27,550.15
2025-12-20,PROD00936,Books,West,46.01,57.18,-11.170000000000002,Cheaper,Normal Competitive Range,31,1354.99
2025-12-20,PROD01132,Toys,North,13.21,53.1,-39.89,Cheaper,Significantly Cheaper,52,583.88
2025-12-20,PROD00138,Electronics,Central,25.71,16.94,8.77,More Expensive,Significantly More Expensive,50,1285.5
2025-12-21,PROD00923,Electronics,South,23.45,19.38,4.07,More Expensive,Significantly More Expensive,59,1037.66
2025-12-21,PROD00416,Electronics,North,77.09,77.44,-0.3499999999999943,Similar,Normal Competitive Range,21,1133.22
2025-12-21,PROD00524,Grocery,South,11.79,62.48,-50.69,Cheaper,Significantly Cheaper,80,754.56
2025-12-21,PROD01115,Fashion,North,14.1,22.05,-7.950000000000001,Cheaper,Significantly Cheaper,65,824.85
2025-12-21,PROD00612,Books,West,103.03,15.68,87.35,More Expensive,Significantly More Expensive,6,587.27
2025-12-22,PROD00154,Sports,North,61.74,53.48,8.260000000000005,More Expensive,Normal Competitive Range,17,839.66
2025-12-22,PROD00914,Books,West,46.69,9.22,37.47,More Expensive,Significantly More Expensive,10,420.21
2025-12-22,PROD00515,Electronics,Central,24.94,52.51,-27.569999999999997,Cheaper,Significantly Cheaper,96,1675.97
2025-12-22,PROD00221,Grocery,East,81.46,26.47,54.989999999999995,More Expensive,Significantly More Expensive,27,1759.54
2025-12-22,PROD00967,Grocery,West,15.69,17.82,-2.130000000000001,Cheaper,Normal Competitive Range,80,878.64
2025-12-22,PROD00978,Fashion,East,29.34,62.59,-33.25,Cheaper,Significantly Cheaper,60,1496.34
2025-12-22,PROD00193,Fashion,South,41.08,69.7,-28.620000000000005,Cheaper,Significantly Cheaper,19,741.49
2025-12-22,PROD01144,Home & Kitchen,North,12.63,28.42,-15.790000000000001,Cheaper,Significantly Cheaper,63,795.69
2025-12-22,PROD00835,Grocery,South,36.09,59.7,-23.61,Cheaper,Significantly Cheaper,37,1135.03
2025-12-22,PROD00924,Fashion,Central,31.58,36.45,-4.8700000000000045,Cheaper,Normal Competitive Range,45,1136.88
2025-12-22,PROD00166,Books,South,49.34,35.29,14.050000000000004,More Expensive,Significantly More Expensive,15,740.1
2025-12-23,PROD01093,Fashion,North,30.96,81.62,-50.660000000000004,Cheaper,Significantly Cheaper,67,1659.46
2025-12-23,PROD00631,Electronics,South,29.33,25.33,4.0,More Expensive,Normal Competitive Range,65,1811.13
2025-12-23,PROD00826,Books,South,7.73,53.46,-45.730000000000004,Cheaper,Significantly Cheaper,29,224.17
2025-12-23,PROD00136,Fashion,North,9.6,10.83,-1.2300000000000004,Cheaper,Normal Competitive Range,36,345.6
2025-12-23,PROD00557,Beauty,West,13.38,22.88,-9.499999999999998,Cheaper,Significantly Cheaper,46,615.48
2025-12-23,PROD00855,Fashion,East,15.97,165.2,-149.23,Cheaper,Significantly Cheaper,56,760.17
2025-12-23,PROD00794,Sports,Central,21.12,74.86,-53.739999999999995,Cheaper,Significantly Cheaper,32,675.84
2025-12-24,PROD00371,Electronics,East,11.36,30.73,-19.37,Cheaper,Significantly Cheaper,64,690.69
2025-12-24,PROD00986,Toys,North,16.54,62.18,-45.64,Cheaper,Significantly Cheaper,31,410.19
2025-12-25,PROD01102,Toys,West,42.86,54.66,-11.799999999999997,Cheaper,Significantly Cheaper,20,771.48
2025-12-25,PROD01126,Beauty,South,35.1,65.66,-30.559999999999995,Cheaper,Significantly Cheaper,19,633.55
2025-12-25,PROD00938,Beauty,East,135.82,97.75,38.06999999999999,More Expensive,Significantly More Expensive,6,733.43
2025-12-25,PROD00962,Books,East,32.27,31.3,0.9700000000000024,Similar,Normal Competitive Range,48,1394.06
2025-12-25,PROD00323,Sports,South,16.6,22.43,-5.829999999999998,Cheaper,Significantly Cheaper,61,810.08
2025-12-25,PROD00087,Fashion,Central,12.28,74.73,-62.45,Cheaper,Significantly Cheaper,59,724.52
2025-12-26,PROD00663,Grocery,East,42.86,42.67,0.18999999999999773,Similar,Normal Competitive Range,20,857.2
2025-12-26,PROD00509,Home & Kitchen,East,27.12,24.39,2.7300000000000004,More Expensive,Normal Competitive Range,72,1659.74
2025-12-26,PROD00886,Fashion,Central,21.4,21.24,0.16000000000000014,Similar,Normal Competitive Range,24,410.88
2025-12-26,PROD00955,Home & Kitchen,South,66.9,62.17,4.730000000000004,More Expensive,Normal Competitive Range,21,1194.16
2025-12-27,PROD00489,Grocery,East,14.64,43.26,-28.619999999999997,Cheaper,Significantly Cheaper,89,1302.96
2025-12-27,PROD00680,Home & Kitchen,Central,24.27,28.07,-3.8000000000000007,Cheaper,Normal Competitive Range,19,415.02
2025-12-27,PROD00094,Home & Kitchen,South,25.14,81.18,-56.040000000000006,Cheaper,Significantly Cheaper,43,1081.02
2025-12-27,PROD00630,Toys,Central,33.25,62.15,-28.9,Cheaper,Significantly Cheaper,40,1130.5
2025-12-28,PROD01028,Beauty,South,26.7,20.37,6.329999999999998,More Expensive,Significantly More Expensive,19,431.2
2025-12-28,PROD01192,Sports,North,21.33,104.62,-83.29,Cheaper,Significantly Cheaper,39,707.09
2025-12-28,PROD00963,Electronics,East,23.15,17.75,5.399999999999999,More Expensive,Significantly More Expensive,38,835.71
2025-12-29,PROD00929,Electronics,South,48.05,27.32,20.729999999999997,More Expensive,Significantly More Expensive,35,1597.66
2025-12-29,PROD00571,Fashion,East,97.53,55.5,42.03,More Expensive,Significantly More Expensive,10,877.77
2025-12-29,PROD00621,Home & Kitchen,West,25.5,35.58,-10.079999999999998,Cheaper,Significantly Cheaper,85,1950.75
2025-12-30,PROD00664,Books,East,12.98,96.78,-83.8,Cheaper,Significantly Cheaper,20,246.62
2025-12-30,PROD00891,Home & Kitchen,Central,7.89,25.03,-17.14,Cheaper,Significantly Cheaper,23,154.25
2025-12-30,PROD00429,Books,Central,32.55,32.8,-0.25,Similar,Normal Competitive Range,19,556.6
2025-12-30,PROD00411,Grocery,West,38.48,20.4,18.08,More Expensive,Significantly More Expensive,29,892.74
2025-12-30,PROD01036,Home & Kitchen,South,18.03,30.63,-12.599999999999998,Cheaper,Significantly Cheaper,49,883.47
2025-12-31,PROD00554,Books,South,17.23,93.95,-76.72,Cheaper,Significantly Cheaper,67,981.25
2025-12-31,PROD00550,Books,South,6.34,71.2,-64.86,Cheaper,Significantly Cheaper,46,218.73
2025-12-31,PROD00143,Books,North,44.02,81.86,-37.839999999999996,Cheaper,Significantly Cheaper,25,880.4
2025-12-31,PROD00611,Sports,Central,42.55,36.75,5.799999999999997,More Expensive,Normal Competitive Range,46,1467.98
