date,product_id,category,selling_price,predicted_price,competitor_price,discount_pct,units_sold,cost_price,list_price
2026-05-01,P001,Running Shoes,21420.75,21396.393020760286,21840.61816091954,5,7,15607.06,22548.16
2026-05-01,P002,Smartphones,40645.37,42394.08113543452,47009.43471264368,15,6,38077.86,47818.08
2026-05-01,P015,Smart Watches,10909.44,11665.722057795974,12458.09459770115,15,11,8091.17,12834.64
2026-05-01,P017,Smartphones,17006.14,16213.15146557878,16432.560344827587,0,9,12865.45,17006.14
2026-05-01,P014,Laptops,13194.19,13717.296847796119,14402.76540229885,10,17,9281.23,14660.21
2026-05-01,P008,Headphones,46446.69,46933.09739926545,47308.815977011494,5,24,34780.87,48891.25
2026-05-01,P003,Headphones,38910.2,38163.38254670784,38588.11942528736,0,10,29547.76,38910.2
2026-05-01,P019,Laptops,26299.32,25381.09063053831,25790.18724137931,0,19,17845.86,26299.32
2026-05-01,P004,Laptops,27867.45,29129.55948647762,31901.556551724138,15,10,24347.68,32785.24
2026-05-01,P016,Running Shoes,12419.61,12041.319608602333,12054.556321839082,0,9,8152.78,12419.61
2026-05-01,P009,Laptops,35124.46,33841.74201223247,34037.28206896552,0,20,24443.49,35124.46
2026-05-01,P020,Smart Watches,15304.75,15965.766194203004,16552.190459770114,10,7,12357.94,17005.28
2026-05-01,P005,Smart Watches,9304.42,9395.612700655323,9586.974942528735,5,15,7084.73,9794.13
2026-05-01,P013,Headphones,36926.19,38427.22570938161,39936.04505747127,10,20,33465.26,41029.1
2026-05-01,P006,Running Shoes,9652.82,10007.413244542135,10495.547816091954,10,22,7083.79,10725.36
2026-05-01,P012,Smartphones,49240.12,47051.34782874504,47913.85183908046,0,12,38826.48,49240.12
2026-05-01,P010,Smart Watches,31382.51,32993.81660983942,33948.66275862069,10,26,28614.83,34869.46
2026-05-01,P011,Running Shoes,2471.4,2491.7593025018614,2505.8149425287356,5,16,1802.8,2601.47
2026-05-01,P007,Smartphones,3761.2,3804.125175731042,4078.8994252873563,10,29,3265.26,4179.11
2026-05-01,P018,Headphones,23937.51,24822.246597465273,25877.973793103447,10,4,21465.5,26597.23
2026-05-02,P007,Smartphones,3970.15,3925.9942248846737,4078.8994252873563,5,38,3265.26,4179.11
2026-05-02,P002,Smartphones,47818.08,46888.445773754356,47009.43471264368,0,8,38077.86,47818.08
2026-05-02,P015,Smart Watches,12834.64,12420.661697359437,12458.09459770115,0,12,8091.17,12834.64
2026-05-02,P010,Smart Watches,31382.51,31839.885832813165,33948.66275862069,10,27,28614.83,34869.46
2026-05-02,P017,Smartphones,17006.14,16384.74020719418,16432.560344827587,0,6,12865.45,17006.14
2026-05-02,P008,Headphones,46446.69,46973.70413585494,47308.815977011494,5,20,34780.87,48891.25
2026-05-02,P014,Laptops,13927.2,13874.001542647957,14402.76540229885,5,27,9281.23,14660.21
2026-05-02,P012,Smartphones,46778.11,46958.85696044907,47913.85183908046,5,18,38826.48,49240.12
2026-05-02,P005,Smart Watches,9794.13,9608.707887402996,9586.974942528735,0,12,7084.73,9794.13
2026-05-02,P018,Headphones,26597.23,25722.475556170506,25877.973793103447,0,7,21465.5,26597.23
2026-05-02,P003,Headphones,33073.67,34656.6728632776,38588.11942528736,15,15,29547.76,38910.2
2026-05-02,P019,Laptops,26299.32,25675.80930092083,25790.18724137931,0,26,17845.86,26299.32
2026-05-02,P013,Headphones,41029.1,40299.20540706443,39936.04505747127,0,18,33465.26,41029.1
2026-05-02,P011,Running Shoes,2601.47,2534.6277057649727,2505.8149425287356,0,22,1802.8,2601.47
2026-05-02,P020,Smart Watches,15304.75,16117.125076315002,16552.190459770114,10,6,12357.94,17005.28
2026-05-02,P006,Running Shoes,9116.56,9926.566458784913,10495.547816091954,15,26,7083.79,10725.36
2026-05-02,P016,Running Shoes,12419.61,11875.590747637567,12054.556321839082,0,7,8152.78,12419.61
2026-05-02,P004,Laptops,29506.72,30149.115247451038,31901.556551724138,10,18,24347.68,32785.24
2026-05-02,P009,Laptops,31612.01,32065.173714166725,34037.28206896552,10,28,24443.49,35124.46
2026-05-02,P001,Running Shoes,19165.94,20212.90035320936,21840.61816091954,15,9,15607.06,22548.16
2026-05-03,P016,Running Shoes,10556.67,11574.344898071346,12054.556321839082,15,16,8152.78,12419.61
2026-05-03,P017,Smartphones,17006.14,16436.49441060891,16432.560344827587,0,10,12865.45,17006.14
2026-05-03,P015,Smart Watches,11551.18,12158.439084963713,12458.09459770115,10,14,8091.17,12834.64
2026-05-03,P008,Headphones,48891.25,47776.775663800036,47308.815977011494,0,29,34780.87,48891.25
2026-05-03,P009,Laptops,31612.01,32756.524316132105,34037.28206896552,10,34,24443.49,35124.46
2026-05-03,P002,Smartphones,47818.08,47021.57475841307,47009.43471264368,0,4,38077.86,47818.08
2026-05-03,P005,Smart Watches,9794.13,9576.11692789429,9586.974942528735,0,17,7084.73,9794.13
2026-05-03,P004,Laptops,29506.72,30428.18312838604,31901.556551724138,10,13,24347.68,32785.24
2026-05-03,P014,Laptops,14660.21,14359.281129373698,14402.76540229885,0,16,9281.23,14660.21
2026-05-03,P007,Smartphones,3761.2,3873.115345160645,4078.8994252873563,10,37,3265.26,4179.11
2026-05-03,P020,Smart Watches,17005.28,16497.41463551673,16552.190459770114,0,11,12357.94,17005.28
2026-05-03,P010,Smart Watches,33125.99,33046.088094689556,33948.66275862069,5,20,28614.83,34869.46
2026-05-03,P013,Headphones,41029.1,40011.929337744994,39936.04505747127,0,16,33465.26,41029.1
2026-05-03,P012,Smartphones,49240.12,47534.25109349333,47913.85183908046,0,17,38826.48,49240.12
2026-05-03,P006,Running Shoes,10725.36,10394.302130857786,10495.547816091954,0,24,7083.79,10725.36
2026-05-03,P019,Laptops,24984.35,25309.84040469533,25790.18724137931,5,18,17845.86,26299.32
2026-05-03,P018,Headphones,23937.51,24974.24171143389,25877.973793103447,10,9,21465.5,26597.23
2026-05-03,P011,Running Shoes,2341.32,2355.67852382021,2505.8149425287356,10,20,1802.8,2601.47
2026-05-03,P001,Running Shoes,22548.16,22250.376491042633,21840.61816091954,0,9,15607.06,22548.16
2026-05-03,P003,Headphones,38910.2,38366.0108336515,38588.11942528736,0,12,29547.76,38910.2
2026-05-04,P010,Smart Watches,31382.51,33212.61190414956,33948.66275862069,10,17,28614.83,34869.46
2026-05-04,P013,Headphones,41029.1,40080.4692775442,39936.04505747127,0,13,33465.26,41029.1
2026-05-04,P002,Smartphones,45427.18,45855.364669063034,47009.43471264368,5,5,38077.86,47818.08
2026-05-04,P015,Smart Watches,12834.64,12393.0123948855,12458.09459770115,0,6,8091.17,12834.64
2026-05-04,P007,Smartphones,3761.2,3832.0867298217995,4078.8994252873563,10,21,3265.26,4179.11
2026-05-04,P005,Smart Watches,8814.72,9139.283670484285,9586.974942528735,10,18,7084.73,9794.13
2026-05-04,P017,Smartphones,17006.14,16200.17976237001,16432.560344827587,0,4,12865.45,17006.14
2026-05-04,P008,Headphones,48891.25,47326.57895974527,47308.815977011494,0,29,34780.87,48891.25
2026-05-04,P014,Laptops,12461.18,13215.412935822262,14402.76540229885,15,23,9281.23,14660.21
2026-05-04,P003,Headphones,36964.69,37681.40144271751,38588.11942528736,5,17,29547.76,38910.2
2026-05-04,P019,Laptops,26299.32,25619.76674113649,25790.18724137931,0,19,17845.86,26299.32
2026-05-04,P018,Headphones,25267.37,25498.983674392457,25877.973793103447,5,11,21465.5,26597.23
2026-05-04,P011,Running Shoes,2211.25,2386.7413158099616,2505.8149425287356,15,15,1802.8,2601.47
2026-05-04,P009,Laptops,33368.24,33451.14810268184,34037.28206896552,5,29,24443.49,35124.46
2026-05-04,P001,Running Shoes,22548.16,22268.10203429623,21840.61816091954,0,8,15607.06,22548.16
2026-05-04,P020,Smart Watches,14454.49,16005.71642196427,16552.190459770114,15,6,12357.94,17005.28
2026-05-04,P004,Laptops,32785.24,31900.721931860662,31901.556551724138,0,11,24347.68,32785.24
2026-05-04,P012,Smartphones,44316.11,46446.4046453151,47913.85183908046,10,24,38826.48,49240.12
2026-05-04,P006,Running Shoes,10725.36,10388.18292783574,10495.547816091954,0,16,7083.79,10725.36
2026-05-04,P016,Running Shoes,12419.61,12012.412043684913,12054.556321839082,0,9,8152.78,12419.61
2026-05-05,P003,Headphones,33073.67,34372.23753635555,38588.11942528736,15,17,29547.76,38910.2
2026-05-05,P012,Smartphones,46778.11,46921.24923864533,47913.85183908046,5,9,38826.48,49240.12
2026-05-05,P019,Laptops,23669.39,24402.208547824815,25790.18724137931,10,18,17845.86,26299.32
2026-05-05,P006,Running Shoes,10189.09,10255.51077443021,10495.547816091954,5,18,7083.79,10725.36
2026-05-05,P015,Smart Watches,12834.64,12196.726581184066,12458.09459770115,0,12,8091.17,12834.64
2026-05-05,P013,Headphones,41029.1,40702.49891091576,39936.04505747127,0,14,33465.26,41029.1
2026-05-05,P009,Laptops,35124.46,34681.987418394936,34037.28206896552,0,21,24443.49,35124.46
2026-05-05,P018,Headphones,22607.65,24326.78207243267,25877.973793103447,15,9,21465.5,26597.23
2026-05-05,P016,Running Shoes,12419.61,12139.42817684689,12054.556321839082,0,6,8152.78,12419.61
2026-05-05,P017,Smartphones,15305.53,15811.541613017847,16432.560344827587,10,6,12865.45,17006.14
2026-05-05,P011,Running Shoes,2471.4,2499.6249408896156,2505.8149425287356,5,21,1802.8,2601.47
2026-05-05,P002,Smartphones,45427.18,45135.50567012682,47009.43471264368,5,5,38077.86,47818.08
2026-05-05,P010,Smart Watches,34869.46,34507.561557107365,33948.66275862069,0,15,28614.83,34869.46
2026-05-05,P014,Laptops,14660.21,14004.63388468841,14402.76540229885,0,12,9281.23,14660.21
2026-05-05,P008,Headphones,46446.69,46780.54467699019,47308.815977011494,5,22,34780.87,48891.25
2026-05-05,P004,Laptops,29506.72,30511.653048132066,31901.556551724138,10,15,24347.68,32785.24
2026-05-05,P001,Running Shoes,22548.16,21724.651300423295,21840.61816091954,0,7,15607.06,22548.16
2026-05-05,P005,Smart Watches,8325.01,9019.357304311927,9586.974942528735,15,13,7084.73,9794.13
2026-05-05,P007,Smartphones,4179.11,3988.6039855401327,4078.8994252873563,0,27,3265.26,4179.11
2026-05-05,P020,Smart Watches,15304.75,15804.30051904881,16552.190459770114,10,9,12357.94,17005.28
2026-05-06,P003,Headphones,33073.67,34819.30742797014,38588.11942528736,15,8,29547.76,38910.2
2026-05-06,P004,Laptops,31145.98,30727.61343834614,31901.556551724138,5,7,24347.68,32785.24
2026-05-06,P015,Smart Watches,12192.91,12239.479745630011,12458.09459770115,5,17,8091.17,12834.64
2026-05-06,P001,Running Shoes,20293.34,21123.57641680002,21840.61816091954,10,7,15607.06,22548.16
2026-05-06,P017,Smartphones,14455.22,15771.985305369053,16432.560344827587,15,4,12865.45,17006.14
2026-05-06,P005,Smart Watches,9794.13,9428.26908563295,9586.974942528735,0,15,7084.73,9794.13
2026-05-06,P007,Smartphones,3970.15,3958.960074149923,4078.8994252873563,5,36,3265.26,4179.11
2026-05-06,P012,Smartphones,46778.11,46078.532520892564,47913.85183908046,5,14,38826.48,49240.12
2026-05-06,P016,Running Shoes,10556.67,11721.683910509355,12054.556321839082,15,13,8152.78,12419.61
2026-05-06,P010,Smart Watches,34869.46,34122.22175918225,33948.66275862069,0,14,28614.83,34869.46
2026-05-06,P008,Headphones,44002.12,45780.252512948144,47308.815977011494,10,15,34780.87,48891.25
2026-05-06,P009,Laptops,33368.24,33892.16911226343,34037.28206896552,5,22,24443.49,35124.46
2026-05-06,P020,Smart Watches,17005.28,16156.002046298247,16552.190459770114,0,12,12357.94,17005.28
2026-05-06,P014,Laptops,13927.2,13801.04836447353,14402.76540229885,5,14,9281.23,14660.21
2026-05-06,P019,Laptops,23669.39,24688.843115831165,25790.18724137931,10,17,17845.86,26299.32
2026-05-06,P002,Smartphones,47818.08,46076.96329718346,47009.43471264368,0,4,38077.86,47818.08
2026-05-06,P011,Running Shoes,2601.47,2525.5926256468883,2505.8149425287356,0,13,1802.8,2601.47
2026-05-06,P006,Running Shoes,10725.36,10574.871619269743,10495.547816091954,0,16,7083.79,10725.36
2026-05-06,P013,Headphones,41029.1,40524.63722450763,39936.04505747127,0,18,33465.26,41029.1
2026-05-06,P018,Headphones,25267.37,25093.056535248325,25877.973793103447,5,12,21465.5,26597.23
2026-05-07,P002,Smartphones,43036.27,44783.65212602881,47009.43471264368,10,4,38077.86,47818.08
2026-05-07,P008,Headphones,46446.69,46394.60956306502,47308.815977011494,5,25,34780.87,48891.25
2026-05-07,P020,Smart Watches,17005.28,16447.971477289022,16552.190459770114,0,8,12357.94,17005.28
2026-05-07,P010,Smart Watches,34869.46,34394.00782890328,33948.66275862069,0,20,28614.83,34869.46
2026-05-07,P009,Laptops,35124.46,34393.50917776008,34037.28206896552,0,27,24443.49,35124.46
2026-05-07,P005,Smart Watches,8325.01,8963.934111160886,9586.974942528735,15,22,7084.73,9794.13
2026-05-07,P017,Smartphones,15305.53,16037.472035589448,16432.560344827587,10,7,12865.45,17006.14
2026-05-07,P011,Running Shoes,2471.4,2472.607689304302,2505.8149425287356,5,17,1802.8,2601.47
2026-05-07,P013,Headphones,34874.74,37473.275995165604,39936.04505747127,15,16,33465.26,41029.1
2026-05-07,P016,Running Shoes,12419.61,11858.595797892935,12054.556321839082,0,13,8152.78,12419.61
2026-05-07,P019,Laptops,26299.32,25462.900126446035,25790.18724137931,0,18,17845.86,26299.32
2026-05-07,P001,Running Shoes,22548.16,22239.406700269392,21840.61816091954,0,8,15607.06,22548.16
2026-05-07,P018,Headphones,22607.65,24581.83330333155,25877.973793103447,15,9,21465.5,26597.23
2026-05-07,P003,Headphones,38910.2,38537.62725958159,38588.11942528736,0,9,29547.76,38910.2
2026-05-07,P012,Smartphones,44316.11,45861.15250210021,47913.85183908046,10,12,38826.48,49240.12
2026-05-07,P014,Laptops,14660.21,13861.353237968606,14402.76540229885,0,14,9281.23,14660.21
2026-05-07,P006,Running Shoes,10725.36,10663.343637896638,10495.547816091954,0,21,7083.79,10725.36
2026-05-07,P015,Smart Watches,11551.18,12149.476458406385,12458.09459770115,10,12,8091.17,12834.64
2026-05-07,P007,Smartphones,4179.11,4020.9956255834486,4078.8994252873563,0,18,3265.26,4179.11
2026-05-07,P004,Laptops,31145.98,31448.03828179792,31901.556551724138,5,20,24347.68,32785.24
2026-05-08,P017,Smartphones,17006.14,16368.781675332952,16432.560344827587,0,5,12865.45,17006.14
2026-05-08,P014,Laptops,14660.21,13881.357950258718,14402.76540229885,0,11,9281.23,14660.21
2026-05-08,P007,Smartphones,3761.2,3826.2942286424395,4078.8994252873563,10,24,3265.26,4179.11
2026-05-08,P010,Smart Watches,33125.99,33625.50737645295,33948.66275862069,5,13,28614.83,34869.46
2026-05-08,P011,Running Shoes,2341.32,2397.269843088894,2505.8149425287356,10,24,1802.8,2601.47
2026-05-08,P019,Laptops,24984.35,25610.069681467976,25790.18724137931,5,22,17845.86,26299.32
2026-05-08,P018,Headphones,26597.23,25960.677670040877,25877.973793103447,0,13,21465.5,26597.23
2026-05-08,P006,Running Shoes,9652.82,10071.298638021884,10495.547816091954,10,25,7083.79,10725.36
2026-05-08,P003,Headphones,38910.2,38633.499299879506,38588.11942528736,0,7,29547.76,38910.2
2026-05-08,P012,Smartphones,44316.11,46578.250590917014,47913.85183908046,10,17,38826.48,49240.12
2026-05-08,P008,Headphones,48891.25,47493.15821523779,47308.815977011494,0,23,34780.87,48891.25
2026-05-08,P013,Headphones,41029.1,40052.41216469822,39936.04505747127,0,17,33465.26,41029.1
2026-05-08,P005,Smart Watches,9794.13,9608.59637659582,9586.974942528735,0,21,7084.73,9794.13
2026-05-08,P004,Laptops,32785.24,32133.400705278917,31901.556551724138,0,9,24347.68,32785.24
2026-05-08,P020,Smart Watches,16155.02,16332.494482561728,16552.190459770114,5,10,12357.94,17005.28
2026-05-08,P009,Laptops,35124.46,33975.301025065215,34037.28206896552,0,21,24443.49,35124.46
2026-05-08,P016,Running Shoes,12419.61,11983.998535767865,12054.556321839082,0,9,8152.78,12419.61
2026-05-08,P001,Running Shoes,22548.16,22133.890165416622,21840.61816091954,0,12,15607.06,22548.16
2026-05-08,P015,Smart Watches,11551.18,12070.802192351526,12458.09459770115,10,11,8091.17,12834.64
2026-05-08,P002,Smartphones,47818.08,46826.189187037424,47009.43471264368,0,7,38077.86,47818.08
2026-05-09,P017,Smartphones,17006.14,16543.24519024248,16432.560344827587,0,9,12865.45,17006.14
2026-05-09,P001,Running Shoes,22548.16,21785.35598879293,21840.61816091954,0,6,15607.06,22548.16
2026-05-09,P009,Laptops,35124.46,34591.363479538624,34037.28206896552,0,19,24443.49,35124.46
2026-05-09,P003,Headphones,38910.2,37757.79436562063,38588.11942528736,0,17,29547.76,38910.2
2026-05-09,P012,Smartphones,46778.11,45838.810233912336,47913.85183908046,5,22,38826.48,49240.12
2026-05-09,P013,Headphones,41029.1,40721.30368227442,39936.04505747127,0,25,33465.26,41029.1
2026-05-09,P004,Laptops,32785.24,31070.06719714382,31901.556551724138,0,18,24347.68,32785.24
2026-05-09,P005,Smart Watches,9304.42,9364.62115545063,9586.974942528735,5,10,7084.73,9794.13
2026-05-09,P014,Laptops,13194.19,13772.42055283019,14402.76540229885,10,20,9281.23,14660.21
2026-05-09,P007,Smartphones,3761.2,3823.6537632545605,4078.8994252873563,10,25,3265.26,4179.11
2026-05-09,P010,Smart Watches,34869.46,34505.68659615415,33948.66275862069,0,7,28614.83,34869.46
2026-05-09,P019,Laptops,26299.32,25376.273076131336,25790.18724137931,0,23,17845.86,26299.32
2026-05-09,P018,Headphones,25267.37,25324.80789959604,25877.973793103447,5,13,21465.5,26597.23
2026-05-09,P006,Running Shoes,10189.09,10389.539109333919,10495.547816091954,5,21,7083.79,10725.36
2026-05-09,P016,Running Shoes,12419.61,12094.7274293761,12054.556321839082,0,11,8152.78,12419.61
2026-05-09,P020,Smart Watches,16155.02,16365.896222414338,16552.190459770114,5,5,12357.94,17005.28
2026-05-09,P002,Smartphones,40645.37,42789.38378130581,47009.43471264368,15,11,38077.86,47818.08
2026-05-09,P008,Headphones,44002.12,45337.01310705396,47308.815977011494,10,35,34780.87,48891.25
2026-05-09,P015,Smart Watches,12192.91,12207.05557938254,12458.09459770115,5,22,8091.17,12834.64
2026-05-09,P011,Running Shoes,2601.47,2542.288394196313,2505.8149425287356,0,24,1802.8,2601.47
2026-05-10,P013,Headphones,36926.19,38395.99258409562,39936.04505747127,10,21,33465.26,41029.1
2026-05-10,P011,Running Shoes,2341.32,2382.6474449214247,2505.8149425287356,10,26,1802.8,2601.47
2026-05-10,P012,Smartphones,44316.11,46401.09008447975,47913.85183908046,10,26,38826.48,49240.12
2026-05-10,P002,Smartphones,45427.18,45555.33645310788,47009.43471264368,5,6,38077.86,47818.08
2026-05-10,P015,Smart Watches,11551.18,12067.551170225379,12458.09459770115,10,17,8091.17,12834.64
2026-05-10,P020,Smart Watches,17005.28,16229.380138172857,16552.190459770114,0,12,12357.94,17005.28
2026-05-10,P017,Smartphones,15305.53,15867.967335805974,16432.560344827587,10,8,12865.45,17006.14
2026-05-10,P001,Running Shoes,22548.16,22197.91330516792,21840.61816091954,0,11,15607.06,22548.16
2026-05-10,P019,Laptops,26299.32,25627.241495455815,25790.18724137931,0,20,17845.86,26299.32
2026-05-10,P007,Smartphones,3761.2,3806.879464283739,4078.8994252873563,10,18,3265.26,4179.11
2026-05-10,P004,Laptops,32785.24,31829.95622797374,31901.556551724138,0,16,24347.68,32785.24
2026-05-10,P010,Smart Watches,34869.46,33977.71783179492,33948.66275862069,0,16,28614.83,34869.46
2026-05-10,P014,Laptops,14660.21,14419.886410664853,14402.76540229885,0,12,9281.23,14660.21
2026-05-10,P016,Running Shoes,10556.67,11466.400789436982,12054.556321839082,15,14,8152.78,12419.61
2026-05-10,P018,Headphones,25267.37,25158.957925012783,25877.973793103447,5,7,21465.5,26597.23
2026-05-10,P003,Headphones,35019.18,36512.752960072765,38588.11942528736,10,20,29547.76,38910.2
2026-05-10,P006,Running Shoes,10725.36,10479.891390982117,10495.547816091954,0,23,7083.79,10725.36
2026-05-10,P008,Headphones,48891.25,47424.473828442104,47308.815977011494,0,31,34780.87,48891.25
2026-05-10,P009,Laptops,33368.24,33781.688082836175,34037.28206896552,5,26,24443.49,35124.46
2026-05-10,P005,Smart Watches,9794.13,9541.220387359683,9586.974942528735,0,20,7084.73,9794.13
2026-05-11,P005,Smart Watches,9794.13,9467.65806776765,9586.974942528735,0,15,7084.73,9794.13
2026-05-11,P014,Laptops,12461.18,13126.763667842532,14402.76540229885,15,18,9281.23,14660.21
2026-05-11,P017,Smartphones,16155.83,16226.75518978567,16432.560344827587,5,7,12865.45,17006.14
2026-05-11,P006,Running Shoes,10725.36,10575.64806373789,10495.547816091954,0,12,7083.79,10725.36
2026-05-11,P020,Smart Watches,17005.28,16381.5885735732,16552.190459770114,0,7,12357.94,17005.28
2026-05-11,P004,Laptops,29506.72,30893.388881053415,31901.556551724138,10,5,24347.68,32785.24
2026-05-11,P015,Smart Watches,12192.91,12258.97406169338,12458.09459770115,5,11,8091.17,12834.64
2026-05-11,P018,Headphones,26597.23,25994.152205262122,25877.973793103447,0,9,21465.5,26597.23
2026-05-11,P009,Laptops,35124.46,34366.92868428084,34037.28206896552,0,22,24443.49,35124.46
2026-05-11,P010,Smart Watches,34869.46,34344.728474705335,33948.66275862069,0,17,28614.83,34869.46
2026-05-11,P008,Headphones,48891.25,47915.4040723146,47308.815977011494,0,22,34780.87,48891.25
2026-05-11,P013,Headphones,41029.1,39982.46933157427,39936.04505747127,0,13,33465.26,41029.1
2026-05-11,P001,Running Shoes,22548.16,22351.00494024409,21840.61816091954,0,6,15607.06,22548.16
2026-05-11,P002,Smartphones,45427.18,45540.79603540578,47009.43471264368,5,7,38077.86,47818.08
2026-05-11,P019,Laptops,26299.32,25984.962405788352,25790.18724137931,0,17,17845.86,26299.32
2026-05-11,P012,Smartphones,49240.12,47958.53640228457,47913.85183908046,0,12,38826.48,49240.12
2026-05-11,P003,Headphones,36964.69,37802.49278067073,38588.11942528736,5,14,29547.76,38910.2
2026-05-11,P011,Running Shoes,2601.47,2525.9685610642764,2505.8149425287356,0,21,1802.8,2601.47
2026-05-11,P007,Smartphones,3761.2,3861.603842617472,4078.8994252873563,10,32,3265.26,4179.11
2026-05-11,P016,Running Shoes,12419.61,12054.588213431809,12054.556321839082,0,14,8152.78,12419.61
2026-05-12,P020,Smart Watches,17005.28,16362.523094461236,16552.190459770114,0,8,12357.94,17005.28
2026-05-12,P006,Running Shoes,9652.82,9915.749009807241,10495.547816091954,10,17,7083.79,10725.36
2026-05-12,P018,Headphones,23937.51,24368.857608697424,25877.973793103447,10,7,21465.5,26597.23
2026-05-12,P014,Laptops,14660.21,14071.544059563339,14402.76540229885,0,24,9281.23,14660.21
2026-05-12,P003,Headphones,36964.69,37157.8496869423,38588.11942528736,5,10,29547.76,38910.2
2026-05-12,P005,Smart Watches,9794.13,9579.429223391584,9586.974942528735,0,11,7084.73,9794.13
2026-05-12,P013,Headphones,38977.64,39122.65606185072,39936.04505747127,5,14,33465.26,41029.1
2026-05-12,P002,Smartphones,43036.27,44654.1146164716,47009.43471264368,10,5,38077.86,47818.08
2026-05-12,P015,Smart Watches,11551.18,12114.16131051317,12458.09459770115,10,15,8091.17,12834.64
2026-05-12,P011,Running Shoes,2601.47,2571.141458345266,2505.8149425287356,0,22,1802.8,2601.47
2026-05-12,P004,Laptops,32785.24,31994.02775167097,31901.556551724138,0,7,24347.68,32785.24
2026-05-12,P007,Smartphones,3761.2,3850.4236078092617,4078.8994252873563,10,27,3265.26,4179.11
2026-05-12,P010,Smart Watches,29639.04,31890.918834979137,33948.66275862069,15,16,28614.83,34869.46
2026-05-12,P019,Laptops,23669.39,24827.31335656785,25790.18724137931,10,22,17845.86,26299.32
2026-05-12,P008,Headphones,48891.25,47655.053456084745,47308.815977011494,0,18,34780.87,48891.25
2026-05-12,P016,Running Shoes,11177.65,11724.032002562872,12054.556321839082,10,11,8152.78,12419.61
2026-05-12,P009,Laptops,33368.24,32811.19750339902,34037.28206896552,5,16,24443.49,35124.46
2026-05-12,P001,Running Shoes,21420.75,21427.959476721993,21840.61816091954,5,10,15607.06,22548.16
2026-05-12,P017,Smartphones,17006.14,16351.796058667913,16432.560344827587,0,6,12865.45,17006.14
2026-05-12,P012,Smartphones,49240.12,47655.37576753153,47913.85183908046,0,12,38826.48,49240.12
2026-05-13,P011,Running Shoes,2601.47,2536.5182244166417,2505.8149425287356,0,27,1802.8,2601.47
2026-05-13,P016,Running Shoes,11798.63,11804.893557320775,12054.556321839082,5,11,8152.78,12419.61
2026-05-13,P013,Headphones,38977.64,39348.05766122726,39936.04505747127,5,20,33465.26,41029.1
2026-05-13,P001,Running Shoes,20293.34,21273.085121300464,21840.61816091954,10,5,15607.06,22548.16
2026-05-13,P018,Headphones,26597.23,25566.034407225026,25877.973793103447,0,7,21465.5,26597.23
2026-05-13,P015,Smart Watches,12192.91,12201.683729016873,12458.09459770115,5,5,8091.17,12834.64
2026-05-13,P020,Smart Watches,15304.75,15810.43816796887,16552.190459770114,10,6,12357.94,17005.28
2026-05-13,P019,Laptops,26299.32,25350.622313369993,25790.18724137931,0,26,17845.86,26299.32
2026-05-13,P002,Smartphones,47818.08,46351.28439303485,47009.43471264368,0,4,38077.86,47818.08
2026-05-13,P017,Smartphones,14455.22,15724.92709608224,16432.560344827587,15,13,12865.45,17006.14
2026-05-13,P005,Smart Watches,8814.72,9252.83460846937,9586.974942528735,10,10,7084.73,9794.13
2026-05-13,P004,Laptops,32785.24,32083.751458519986,31901.556551724138,0,17,24347.68,32785.24
2026-05-13,P003,Headphones,38910.2,37944.03305387363,38588.11942528736,0,5,29547.76,38910.2
2026-05-13,P012,Smartphones,46778.11,46817.10606833974,47913.85183908046,5,15,38826.48,49240.12
2026-05-13,P008,Headphones,44002.12,46556.61969739167,47308.815977011494,10,23,34780.87,48891.25
2026-05-13,P006,Running Shoes,10725.36,10256.176894707061,10495.547816091954,0,20,7083.79,10725.36
2026-05-13,P007,Smartphones,4179.11,4049.7222038343975,4078.8994252873563,0,30,3265.26,4179.11
2026-05-13,P010,Smart Watches,34869.46,34220.83289036027,33948.66275862069,0,16,28614.83,34869.46
2026-05-13,P009,Laptops,35124.46,34286.28294043169,34037.28206896552,0,18,24443.49,35124.46
2026-05-13,P014,Laptops,12461.18,13554.156980221416,14402.76540229885,15,21,9281.23,14660.21
2026-05-14,P007,Smartphones,4179.11,4040.793590419126,4078.8994252873563,0,20,3265.26,4179.11
2026-05-14,P013,Headphones,41029.1,40076.28110218733,39936.04505747127,0,11,33465.26,41029.1
2026-05-14,P019,Laptops,22354.42,24206.698107849174,25790.18724137931,15,22,17845.86,26299.32
2026-05-14,P016,Running Shoes,12419.61,11904.33950101614,12054.556321839082,0,8,8152.78,12419.61
2026-05-14,P012,Smartphones,49240.12,47164.782809728094,47913.85183908046,0,8,38826.48,49240.12
2026-05-14,P009,Laptops,35124.46,33953.897800164115,34037.28206896552,0,26,24443.49,35124.46
2026-05-14,P003,Headphones,38910.2,37938.82060402401,38588.11942528736,0,20,29547.76,38910.2
2026-05-14,P011,Running Shoes,2601.47,2534.089372618865,2505.8149425287356,0,22,1802.8,2601.47
2026-05-14,P008,Headphones,41557.56,46094.868532228815,47308.815977011494,15,16,34780.87,48891.25
2026-05-14,P015,Smart Watches,12192.91,12301.630840744874,12458.09459770115,5,11,8091.17,12834.64
2026-05-14,P001,Running Shoes,21420.75,21577.349222756984,21840.61816091954,5,7,15607.06,22548.16
2026-05-14,P020,Smart Watches,16155.02,16219.863135286052,16552.190459770114,5,8,12357.94,17005.28
2026-05-14,P004,Laptops,32785.24,31695.70248687389,31901.556551724138,0,8,24347.68,32785.24
2026-05-14,P006,Running Shoes,9652.82,10103.781556960983,10495.547816091954,10,16,7083.79,10725.36
2026-05-14,P010,Smart Watches,33125.99,33900.55649937888,33948.66275862069,5,11,28614.83,34869.46
2026-05-14,P002,Smartphones,47818.08,46628.20562062306,47009.43471264368,0,7,38077.86,47818.08
2026-05-14,P005,Smart Watches,9794.13,9482.20477776485,9586.974942528735,0,25,7084.73,9794.13
2026-05-14,P017,Smartphones,16155.83,16182.905490789495,16432.560344827587,5,8,12865.45,17006.14
2026-05-14,P018,Headphones,23937.51,24912.978104730522,25877.973793103447,10,5,21465.5,26597.23
2026-05-14,P014,Laptops,12461.18,13199.36119221026,14402.76540229885,15,16,9281.23,14660.21
2026-05-15,P009,Laptops,29855.79,32871.03473741577,34037.28206896552,15,18,24443.49,35124.46
2026-05-15,P004,Laptops,27867.45,29472.548328475215,31901.556551724138,15,10,24347.68,32785.24
2026-05-15,P018,Headphones,26597.23,25459.386030473957,25877.973793103447,0,10,21465.5,26597.23
2026-05-15,P001,Running Shoes,22548.16,21769.833723861222,21840.61816091954,0,11,15607.06,22548.16
2026-05-15,P006,Running Shoes,10725.36,10583.601693176774,10495.547816091954,0,12,7083.79,10725.36
2026-05-15,P019,Laptops,22354.42,24337.126645198736,25790.18724137931,15,23,17845.86,26299.32
2026-05-15,P016,Running Shoes,11177.65,11763.943184988642,12054.556321839082,10,10,8152.78,12419.61
2026-05-15,P011,Running Shoes,2471.4,2493.403618435771,2505.8149425287356,5,19,1802.8,2601.47
2026-05-15,P008,Headphones,48891.25,47177.34233793521,47308.815977011494,0,21,34780.87,48891.25
2026-05-15,P005,Smart Watches,9304.42,9394.213996242006,9586.974942528735,5,15,7084.73,9794.13
2026-05-15,P015,Smart Watches,12192.91,12261.060320857749,12458.09459770115,5,11,8091.17,12834.64
2026-05-15,P020,Smart Watches,15304.75,16128.35865928657,16552.190459770114,10,2,12357.94,17005.28
2026-05-15,P010,Smart Watches,34869.46,34041.90595360863,33948.66275862069,0,13,28614.83,34869.46
2026-05-15,P002,Smartphones,43036.27,43880.13503687682,47009.43471264368,10,6,38077.86,47818.08
2026-05-15,P013,Headphones,41029.1,40437.54568373054,39936.04505747127,0,17,33465.26,41029.1
2026-05-15,P003,Headphones,38910.2,37931.757337588526,38588.11942528736,0,11,29547.76,38910.2
2026-05-15,P007,Smartphones,3970.15,3949.0863272380107,4078.8994252873563,5,30,3265.26,4179.11
2026-05-15,P012,Smartphones,46778.11,47241.006607562944,47913.85183908046,5,12,38826.48,49240.12
2026-05-15,P017,Smartphones,17006.14,16244.582420846971,16432.560344827587,0,6,12865.45,17006.14
2026-05-15,P014,Laptops,13194.19,13300.721685072025,14402.76540229885,10,14,9281.23,14660.21
2026-05-16,P005,Smart Watches,9794.13,9618.635877506225,9586.974942528735,0,20,7084.73,9794.13
2026-05-16,P012,Smartphones,49240.12,48405.77149041157,47913.85183908046,0,21,38826.48,49240.12
2026-05-16,P011,Running Shoes,2471.4,2441.915517706027,2505.8149425287356,5,22,1802.8,2601.47
2026-05-16,P001,Running Shoes,22548.16,22267.359263194543,21840.61816091954,0,10,15607.06,22548.16
2026-05-16,P013,Headphones,38977.64,39498.67534593898,39936.04505747127,5,16,33465.26,41029.1
2026-05-16,P017,Smartphones,17006.14,16563.405637271804,16432.560344827587,0,11,12865.45,17006.14
2026-05-16,P006,Running Shoes,10725.36,10448.85368760889,10495.547816091954,0,25,7083.79,10725.36
2026-05-16,P002,Smartphones,43036.27,44565.268002835175,47009.43471264368,10,10,38077.86,47818.08
2026-05-16,P008,Headphones,48891.25,48205.03256521583,47308.815977011494,0,23,34780.87,48891.25
2026-05-16,P010,Smart Watches,34869.46,34009.03260845275,33948.66275862069,0,12,28614.83,34869.46
2026-05-16,P014,Laptops,13194.19,13423.617316486512,14402.76540229885,10,12,9281.23,14660.21
2026-05-16,P015,Smart Watches,12192.91,12178.11482960758,12458.09459770115,5,10,8091.17,12834.64
2026-05-16,P003,Headphones,38910.2,38619.599466984706,38588.11942528736,0,14,29547.76,38910.2
2026-05-16,P020,Smart Watches,17005.28,16551.725674794798,16552.190459770114,0,7,12357.94,17005.28
2026-05-16,P016,Running Shoes,12419.61,12019.324442277004,12054.556321839082,0,17,8152.78,12419.61
2026-05-16,P019,Laptops,26299.32,25972.411575817016,25790.18724137931,0,25,17845.86,26299.32
2026-05-16,P018,Headphones,25267.37,25509.616488784795,25877.973793103447,5,6,21465.5,26597.23
2026-05-16,P009,Laptops,31612.01,33271.83366661112,34037.28206896552,10,25,24443.49,35124.46
2026-05-16,P007,Smartphones,3970.15,3928.8054474845635,4078.8994252873563,5,30,3265.26,4179.11
2026-05-16,P004,Laptops,32785.24,32082.6101912761,31901.556551724138,0,13,24347.68,32785.24
2026-05-17,P018,Headphones,23937.51,24920.035505262636,25877.973793103447,10,10,21465.5,26597.23
2026-05-17,P003,Headphones,36964.69,37250.28139682517,38588.11942528736,5,15,29547.76,38910.2
2026-05-17,P013,Headphones,41029.1,39889.67761740202,39936.04505747127,0,17,33465.26,41029.1
2026-05-17,P001,Running Shoes,22548.16,21873.198959274832,21840.61816091954,0,5,15607.06,22548.16
2026-05-17,P017,Smartphones,16155.83,15931.893347126397,16432.560344827587,5,12,12865.45,17006.14
2026-05-17,P014,Laptops,14660.21,14399.615462977754,14402.76540229885,0,21,9281.23,14660.21
2026-05-17,P010,Smart Watches,34869.46,34017.73588616062,33948.66275862069,0,10,28614.83,34869.46
2026-05-17,P002,Smartphones,47818.08,46389.86269995817,47009.43471264368,0,3,38077.86,47818.08
2026-05-17,P015,Smart Watches,11551.18,12038.31467857562,12458.09459770115,10,20,8091.17,12834.64
2026-05-17,P012,Smartphones,46778.11,46805.985439571115,47913.85183908046,5,20,38826.48,49240.12
2026-05-17,P006,Running Shoes,10725.36,10383.403216808056,10495.547816091954,0,18,7083.79,10725.36
2026-05-17,P009,Laptops,33368.24,33759.349195552386,34037.28206896552,5,20,24443.49,35124.46
2026-05-17,P016,Running Shoes,11177.65,11648.52352209097,12054.556321839082,10,9,8152.78,12419.61
2026-05-17,P004,Laptops,27867.45,29394.122464096872,31901.556551724138,15,16,24347.68,32785.24
2026-05-17,P020,Smart Watches,15304.75,15940.61843203172,16552.190459770114,10,8,12357.94,17005.28
2026-05-17,P019,Laptops,26299.32,25631.906142065032,25790.18724137931,0,32,17845.86,26299.32
2026-05-17,P005,Smart Watches,8814.72,9247.82382352847,9586.974942528735,10,12,7084.73,9794.13
2026-05-17,P011,Running Shoes,2601.47,2501.292892496067,2505.8149425287356,0,16,1802.8,2601.47
2026-05-17,P008,Headphones,48891.25,47377.713071968574,47308.815977011494,0,24,34780.87,48891.25
2026-05-17,P007,Smartphones,3552.24,3718.376576531851,4078.8994252873563,15,19,3265.26,4179.11
2026-05-18,P014,Laptops,12461.18,13339.310237298845,14402.76540229885,15,17,9281.23,14660.21
2026-05-18,P008,Headphones,48891.25,46237.51937382668,47308.815977011494,0,22,34780.87,48891.25
2026-05-18,P011,Running Shoes,2211.25,2347.8592715746545,2505.8149425287356,15,21,1802.8,2601.47
2026-05-18,P019,Laptops,26299.32,25763.322995258113,25790.18724137931,0,16,17845.86,26299.32
2026-05-18,P002,Smartphones,47818.08,46566.35210450377,47009.43471264368,0,7,38077.86,47818.08
2026-05-18,P015,Smart Watches,12192.91,12132.673719060422,12458.09459770115,5,18,8091.17,12834.64
2026-05-18,P005,Smart Watches,9794.13,9542.307934143168,9586.974942528735,0,14,7084.73,9794.13
2026-05-18,P016,Running Shoes,12419.61,12096.007599217168,12054.556321839082,0,12,8152.78,12419.61
2026-05-18,P010,Smart Watches,34869.46,34358.326680605336,33948.66275862069,0,16,28614.83,34869.46
2026-05-18,P013,Headphones,41029.1,40106.77391918393,39936.04505747127,0,13,33465.26,41029.1
2026-05-18,P003,Headphones,38910.2,38458.63501202056,38588.11942528736,0,14,29547.76,38910.2
2026-05-18,P020,Smart Watches,17005.28,16711.17065497015,16552.190459770114,0,6,12357.94,17005.28
2026-05-18,P004,Laptops,32785.24,31627.20821952134,31901.556551724138,0,7,24347.68,32785.24
2026-05-18,P001,Running Shoes,22548.16,22154.346893252725,21840.61816091954,0,9,15607.06,22548.16
2026-05-18,P009,Laptops,35124.46,34461.50641072646,34037.28206896552,0,18,24443.49,35124.46
2026-05-18,P017,Smartphones,17006.14,16760.34805011587,16432.560344827587,0,9,12865.45,17006.14
2026-05-18,P006,Running Shoes,10725.36,10651.214217017921,10495.547816091954,0,16,7083.79,10725.36
2026-05-18,P012,Smartphones,41854.1,44688.31763503104,47913.85183908046,15,23,38826.48,49240.12
2026-05-18,P018,Headphones,26597.23,25903.468062917567,25877.973793103447,0,11,21465.5,26597.23
2026-05-18,P007,Smartphones,4179.11,4095.3844119095984,4078.8994252873563,0,21,3265.26,4179.11
2026-05-19,P005,Smart Watches,9304.42,9418.935301926911,9586.974942528735,5,7,7084.73,9794.13
2026-05-19,P002,Smartphones,47818.08,46685.15543308694,47009.43471264368,0,9,38077.86,47818.08
2026-05-19,P006,Running Shoes,10725.36,10535.547601118154,10495.547816091954,0,18,7083.79,10725.36
2026-05-19,P019,Laptops,26299.32,25472.29949898103,25790.18724137931,0,13,17845.86,26299.32
2026-05-19,P013,Headphones,41029.1,40336.76257475823,39936.04505747127,0,17,33465.26,41029.1
2026-05-19,P001,Running Shoes,22548.16,22127.460548471954,21840.61816091954,0,11,15607.06,22548.16
2026-05-19,P015,Smart Watches,12192.91,12283.452083939928,12458.09459770115,5,13,8091.17,12834.64
2026-05-19,P008,Headphones,46446.69,46522.82602778818,47308.815977011494,5,27,34780.87,48891.25
2026-05-19,P020,Smart Watches,17005.28,16339.079111168101,16552.190459770114,0,3,12357.94,17005.28
2026-05-19,P012,Smartphones,46778.11,46639.36519023808,47913.85183908046,5,17,38826.48,49240.12
2026-05-19,P007,Smartphones,3970.15,3996.439873543208,4078.8994252873563,5,22,3265.26,4179.11
2026-05-19,P004,Laptops,32785.24,31582.219314542228,31901.556551724138,0,15,24347.68,32785.24
2026-05-19,P014,Laptops,14660.21,14145.649863485416,14402.76540229885,0,22,9281.23,14660.21
2026-05-19,P017,Smartphones,15305.53,16159.524976152534,16432.560344827587,10,11,12865.45,17006.14
2026-05-19,P016,Running Shoes,11798.63,11899.809771143144,12054.556321839082,5,14,8152.78,12419.61
2026-05-19,P010,Smart Watches,34869.46,34195.31536316577,33948.66275862069,0,28,28614.83,34869.46
2026-05-19,P018,Headphones,26597.23,25608.296018405705,25877.973793103447,0,11,21465.5,26597.23
2026-05-19,P003,Headphones,38910.2,38542.591252620005,38588.11942528736,0,8,29547.76,38910.2
2026-05-19,P011,Running Shoes,2601.47,2552.2510008120066,2505.8149425287356,0,20,1802.8,2601.47
2026-05-19,P009,Laptops,35124.46,34279.94812825268,34037.28206896552,0,23,24443.49,35124.46
2026-05-20,P001,Running Shoes,22548.16,22070.998302380765,21840.61816091954,0,6,15607.06,22548.16
2026-05-20,P016,Running Shoes,11177.65,11684.348485244856,12054.556321839082,10,9,8152.78,12419.61
2026-05-20,P018,Headphones,22607.65,24359.21821159404,25877.973793103447,15,15,21465.5,26597.23
2026-05-20,P004,Laptops,31145.98,31463.93181755599,31901.556551724138,5,7,24347.68,32785.24
2026-05-20,P008,Headphones,48891.25,47129.27559223464,47308.815977011494,0,25,34780.87,48891.25
2026-05-20,P009,Laptops,35124.46,34264.542067116185,34037.28206896552,0,21,24443.49,35124.46
2026-05-20,P013,Headphones,41029.1,40539.578436494114,39936.04505747127,0,16,33465.26,41029.1
2026-05-20,P019,Laptops,23669.39,24594.606174690278,25790.18724137931,10,27,17845.86,26299.32
2026-05-20,P012,Smartphones,41854.1,45875.066313087606,47913.85183908046,15,14,38826.48,49240.12
2026-05-20,P003,Headphones,38910.2,38499.20906126773,38588.11942528736,0,9,29547.76,38910.2
2026-05-20,P010,Smart Watches,34869.46,34272.77621269791,33948.66275862069,0,14,28614.83,34869.46
2026-05-20,P011,Running Shoes,2471.4,2490.6565689882755,2505.8149425287356,5,19,1802.8,2601.47
2026-05-20,P014,Laptops,12461.18,13340.435424753214,14402.76540229885,15,15,9281.23,14660.21
2026-05-20,P017,Smartphones,16155.83,16157.443013712538,16432.560344827587,5,7,12865.45,17006.14
2026-05-20,P020,Smart Watches,16155.02,16203.206974805758,16552.190459770114,5,8,12357.94,17005.28
2026-05-20,P007,Smartphones,4179.11,4106.210796826275,4078.8994252873563,0,20,3265.26,4179.11
2026-05-20,P006,Running Shoes,10725.36,10198.700746295339,10495.547816091954,0,18,7083.79,10725.36
2026-05-20,P005,Smart Watches,9304.42,9437.691739224967,9586.974942528735,5,15,7084.73,9794.13
2026-05-20,P015,Smart Watches,12834.64,12515.377389173991,12458.09459770115,0,14,8091.17,12834.64
2026-05-20,P002,Smartphones,45427.18,45725.25832895049,47009.43471264368,5,3,38077.86,47818.08
2026-05-21,P007,Smartphones,3970.15,3959.0930965157277,4078.8994252873563,5,22,3265.26,4179.11
2026-05-21,P006,Running Shoes,10725.36,10569.524137059612,10495.547816091954,0,21,7083.79,10725.36
2026-05-21,P010,Smart Watches,34869.46,34275.501517559496,33948.66275862069,0,16,28614.83,34869.46
2026-05-21,P019,Laptops,26299.32,25149.642822818878,25790.18724137931,0,16,17845.86,26299.32
2026-05-21,P011,Running Shoes,2601.47,2548.5517769109592,2505.8149425287356,0,26,1802.8,2601.47
2026-05-21,P004,Laptops,29506.72,29650.38515687759,31901.556551724138,10,12,24347.68,32785.24
2026-05-21,P018,Headphones,23937.51,25104.187715550714,25877.973793103447,10,12,21465.5,26597.23
2026-05-21,P009,Laptops,35124.46,33964.8338389096,34037.28206896552,0,21,24443.49,35124.46
2026-05-21,P012,Smartphones,49240.12,47617.13022957141,47913.85183908046,0,12,38826.48,49240.12
2026-05-21,P001,Running Shoes,19165.94,20770.69076841114,21840.61816091954,15,13,15607.06,22548.16
2026-05-21,P008,Headphones,48891.25,47481.82900309792,47308.815977011494,0,27,34780.87,48891.25
2026-05-21,P017,Smartphones,16155.83,16104.98698383424,16432.560344827587,5,7,12865.45,17006.14
2026-05-21,P020,Smart Watches,15304.75,16012.292346070382,16552.190459770114,10,7,12357.94,17005.28
2026-05-21,P014,Laptops,13194.19,13524.51245679226,14402.76540229885,10,17,9281.23,14660.21
2026-05-21,P005,Smart Watches,9304.42,9395.157924882396,9586.974942528735,5,22,7084.73,9794.13
2026-05-21,P015,Smart Watches,12834.64,12531.856927148141,12458.09459770115,0,10,8091.17,12834.64
2026-05-21,P002,Smartphones,43036.27,43891.140098134216,47009.43471264368,10,7,38077.86,47818.08
2026-05-21,P013,Headphones,41029.1,39987.92049616282,39936.04505747127,0,8,33465.26,41029.1
2026-05-21,P003,Headphones,36964.69,37103.465884004814,38588.11942528736,5,5,29547.76,38910.2
2026-05-21,P016,Running Shoes,11798.63,11834.955415935672,12054.556321839082,5,8,8152.78,12419.61
2026-05-22,P015,Smart Watches,12834.64,12231.175578392827,12458.09459770115,0,9,8091.17,12834.64
2026-05-22,P004,Laptops,31145.98,31056.25831415948,31901.556551724138,5,11,24347.68,32785.24
2026-05-22,P008,Headphones,46446.69,46987.83411935606,47308.815977011494,5,25,34780.87,48891.25
2026-05-22,P007,Smartphones,4179.11,4124.7562540933895,4078.8994252873563,0,34,3265.26,4179.11
2026-05-22,P002,Smartphones,43036.27,44054.488415850064,47009.43471264368,10,5,38077.86,47818.08
2026-05-22,P012,Smartphones,49240.12,47743.96596212448,47913.85183908046,0,20,38826.48,49240.12
2026-05-22,P006,Running Shoes,10189.09,10226.856363190454,10495.547816091954,5,33,7083.79,10725.36
2026-05-22,P020,Smart Watches,15304.75,15982.039239823825,16552.190459770114,10,9,12357.94,17005.28
2026-05-22,P009,Laptops,35124.46,34477.024096008114,34037.28206896552,0,18,24443.49,35124.46
2026-05-22,P017,Smartphones,17006.14,16138.674420152489,16432.560344827587,0,6,12865.45,17006.14
2026-05-22,P019,Laptops,26299.32,25303.985750654832,25790.18724137931,0,19,17845.86,26299.32
2026-05-22,P001,Running Shoes,21420.75,21618.610966725297,21840.61816091954,5,14,15607.06,22548.16
2026-05-22,P010,Smart Watches,34869.46,34462.202395865585,33948.66275862069,0,16,28614.83,34869.46
2026-05-22,P018,Headphones,26597.23,25619.30926290289,25877.973793103447,0,10,21465.5,26597.23
2026-05-22,P016,Running Shoes,11798.63,11826.89245545582,12054.556321839082,5,15,8152.78,12419.61
2026-05-22,P011,Running Shoes,2601.47,2532.5874290513807,2505.8149425287356,0,22,1802.8,2601.47
2026-05-22,P014,Laptops,14660.21,14284.218436182171,14402.76540229885,0,20,9281.23,14660.21
2026-05-22,P013,Headphones,41029.1,40550.96204383157,39936.04505747127,0,10,33465.26,41029.1
2026-05-22,P003,Headphones,33073.67,35057.09413369885,38588.11942528736,15,16,29547.76,38910.2
2026-05-22,P005,Smart Watches,9794.13,9563.203434345647,9586.974942528735,0,19,7084.73,9794.13
2026-05-23,P020,Smart Watches,17005.28,16483.699884100653,16552.190459770114,0,8,12357.94,17005.28
2026-05-23,P004,Laptops,27867.45,29497.995617123925,31901.556551724138,15,19,24347.68,32785.24
2026-05-23,P010,Smart Watches,31382.51,33422.108749810846,33948.66275862069,10,16,28614.83,34869.46
2026-05-23,P003,Headphones,38910.2,37489.57625215163,38588.11942528736,0,14,29547.76,38910.2
2026-05-23,P002,Smartphones,45427.18,45352.933076473775,47009.43471264368,5,5,38077.86,47818.08
2026-05-23,P014,Laptops,14660.21,14294.752881410375,14402.76540229885,0,16,9281.23,14660.21
2026-05-23,P006,Running Shoes,10725.36,10519.860583797903,10495.547816091954,0,14,7083.79,10725.36
2026-05-23,P016,Running Shoes,12419.61,12083.4994778234,12054.556321839082,0,17,8152.78,12419.61
2026-05-23,P001,Running Shoes,20293.34,21191.86258376366,21840.61816091954,10,8,15607.06,22548.16
2026-05-23,P011,Running Shoes,2471.4,2454.6017055491056,2505.8149425287356,5,33,1802.8,2601.47
2026-05-23,P008,Headphones,44002.12,45819.82534755138,47308.815977011494,10,34,34780.87,48891.25
2026-05-23,P018,Headphones,26597.23,25594.387738048033,25877.973793103447,0,11,21465.5,26597.23
2026-05-23,P019,Laptops,24984.35,25258.443516802345,25790.18724137931,5,31,17845.86,26299.32
2026-05-23,P017,Smartphones,17006.14,16735.280976414062,16432.560344827587,0,8,12865.45,17006.14
2026-05-23,P005,Smart Watches,9794.13,9493.913192580298,9586.974942528735,0,23,7084.73,9794.13
2026-05-23,P012,Smartphones,46778.11,45669.92780988543,47913.85183908046,5,14,38826.48,49240.12
2026-05-23,P007,Smartphones,3970.15,3995.280892389328,4078.8994252873563,5,31,3265.26,4179.11
2026-05-23,P013,Headphones,34874.74,36737.71369126485,39936.04505747127,15,16,33465.26,41029.1
2026-05-23,P015,Smart Watches,12834.64,12442.367077102861,12458.09459770115,0,20,8091.17,12834.64
2026-05-23,P009,Laptops,35124.46,34118.681956114815,34037.28206896552,0,33,24443.49,35124.46
2026-05-24,P006,Running Shoes,10725.36,10596.148945731018,10495.547816091954,0,17,7083.79,10725.36
2026-05-24,P010,Smart Watches,33125.99,32896.98511789463,33948.66275862069,5,19,28614.83,34869.46
2026-05-24,P017,Smartphones,14455.22,15468.374608823617,16432.560344827587,15,4,12865.45,17006.14
2026-05-24,P001,Running Shoes,21420.75,21667.50823635017,21840.61816091954,5,4,15607.06,22548.16
2026-05-24,P007,Smartphones,4179.11,4142.742049516001,4078.8994252873563,0,31,3265.26,4179.11
2026-05-24,P014,Laptops,14660.21,14483.254639895442,14402.76540229885,0,17,9281.23,14660.21
2026-05-24,P016,Running Shoes,12419.61,11886.08447187872,12054.556321839082,0,12,8152.78,12419.61
2026-05-24,P011,Running Shoes,2211.25,2278.5406998558874,2505.8149425287356,15,20,1802.8,2601.47
2026-05-24,P018,Headphones,25267.37,24940.8902680076,25877.973793103447,5,12,21465.5,26597.23
2026-05-24,P008,Headphones,48891.25,47075.786648263434,47308.815977011494,0,28,34780.87,48891.25
2026-05-24,P019,Laptops,26299.32,25699.18089743983,25790.18724137931,0,21,17845.86,26299.32
2026-05-24,P005,Smart Watches,8814.72,9053.172797244568,9586.974942528735,10,28,7084.73,9794.13
2026-05-24,P012,Smartphones,44316.11,45722.04569826261,47913.85183908046,10,16,38826.48,49240.12
2026-05-24,P013,Headphones,38977.64,39012.60542289318,39936.04505747127,5,24,33465.26,41029.1
2026-05-24,P003,Headphones,38910.2,37511.85247983132,38588.11942528736,0,12,29547.76,38910.2
2026-05-24,P015,Smart Watches,12192.91,12341.016445958028,12458.09459770115,5,10,8091.17,12834.64
2026-05-24,P009,Laptops,33368.24,33132.631256330475,34037.28206896552,5,30,24443.49,35124.46
2026-05-24,P002,Smartphones,40645.37,42384.226796186886,47009.43471264368,15,8,38077.86,47818.08
2026-05-24,P004,Laptops,31145.98,31410.070474201624,31901.556551724138,5,12,24347.68,32785.24
2026-05-24,P020,Smart Watches,16155.02,15947.147672576613,16552.190459770114,5,9,12357.94,17005.28
2026-05-25,P001,Running Shoes,20293.34,20948.168815607507,21840.61816091954,10,6,15607.06,22548.16
2026-05-25,P019,Laptops,23669.39,24785.57588981928,25790.18724137931,10,21,17845.86,26299.32
2026-05-25,P008,Headphones,44002.12,46210.23930087839,47308.815977011494,10,19,34780.87,48891.25
2026-05-25,P002,Smartphones,45427.18,45240.47067340966,47009.43471264368,5,3,38077.86,47818.08
2026-05-25,P014,Laptops,14660.21,14127.052545367475,14402.76540229885,0,12,9281.23,14660.21
2026-05-25,P016,Running Shoes,11798.63,11844.759533350642,12054.556321839082,5,11,8152.78,12419.61
2026-05-25,P010,Smart Watches,31382.51,32870.99027525274,33948.66275862069,10,14,28614.83,34869.46
2026-05-25,P015,Smart Watches,11551.18,11915.856770557202,12458.09459770115,10,18,8091.17,12834.64
2026-05-25,P006,Running Shoes,10189.09,10007.917567863471,10495.547816091954,5,16,7083.79,10725.36
2026-05-25,P009,Laptops,33368.24,33446.791325355145,34037.28206896552,5,21,24443.49,35124.46
2026-05-25,P003,Headphones,38910.2,38083.0665755872,38588.11942528736,0,10,29547.76,38910.2
2026-05-25,P020,Smart Watches,15304.75,15879.924377159188,16552.190459770114,10,6,12357.94,17005.28
2026-05-25,P013,Headphones,38977.64,38964.1945107429,39936.04505747127,5,12,33465.26,41029.1
2026-05-25,P012,Smartphones,49240.12,47070.988598743716,47913.85183908046,0,22,38826.48,49240.12
2026-05-25,P004,Laptops,31145.98,31579.51599917781,31901.556551724138,5,5,24347.68,32785.24
2026-05-25,P017,Smartphones,16155.83,16046.190470655143,16432.560344827587,5,9,12865.45,17006.14
2026-05-25,P005,Smart Watches,9794.13,9631.103142353331,9586.974942528735,0,17,7084.73,9794.13
2026-05-25,P018,Headphones,25267.37,25204.82021786355,25877.973793103447,5,10,21465.5,26597.23
2026-05-25,P011,Running Shoes,2471.4,2500.022165844543,2505.8149425287356,5,22,1802.8,2601.47
2026-05-25,P007,Smartphones,4179.11,4128.468757266344,4078.8994252873563,0,20,3265.26,4179.11
2026-05-26,P018,Headphones,26597.23,25401.48196470784,25877.973793103447,0,8,21465.5,26597.23
2026-05-26,P015,Smart Watches,12834.64,12540.04866090798,12458.09459770115,0,8,8091.17,12834.64
2026-05-26,P005,Smart Watches,9304.42,9381.137825169906,9586.974942528735,5,20,7084.73,9794.13
2026-05-26,P007,Smartphones,3552.24,3794.3584144723222,4078.8994252873563,15,17,3265.26,4179.11
2026-05-26,P019,Laptops,22354.42,24378.82518008865,25790.18724137931,15,20,17845.86,26299.32
2026-05-26,P012,Smartphones,44316.11,45522.30919870502,47913.85183908046,10,20,38826.48,49240.12
2026-05-26,P008,Headphones,44002.12,45250.366939472005,47308.815977011494,10,29,34780.87,48891.25
2026-05-26,P011,Running Shoes,2601.47,2550.069810532799,2505.8149425287356,0,14,1802.8,2601.47
2026-05-26,P009,Laptops,29855.79,32938.697323316206,34037.28206896552,15,29,24443.49,35124.46
2026-05-26,P016,Running Shoes,11798.63,11859.895578275524,12054.556321839082,5,17,8152.78,12419.61
2026-05-26,P004,Laptops,29506.72,30048.665799270362,31901.556551724138,10,12,24347.68,32785.24
2026-05-26,P002,Smartphones,43036.27,44108.88365496621,47009.43471264368,10,10,38077.86,47818.08
2026-05-26,P003,Headphones,35019.18,36025.17802977365,38588.11942528736,10,15,29547.76,38910.2
2026-05-26,P001,Running Shoes,22548.16,22169.18664471045,21840.61816091954,0,10,15607.06,22548.16
2026-05-26,P014,Laptops,13927.2,13643.33698915528,14402.76540229885,5,16,9281.23,14660.21
2026-05-26,P020,Smart Watches,17005.28,16463.545603212755,16552.190459770114,0,6,12357.94,17005.28
2026-05-26,P006,Running Shoes,10725.36,10601.14425395547,10495.547816091954,0,15,7083.79,10725.36
2026-05-26,P010,Smart Watches,34869.46,33878.87357326353,33948.66275862069,0,16,28614.83,34869.46
2026-05-26,P017,Smartphones,16155.83,16223.22043365354,16432.560344827587,5,10,12865.45,17006.14
2026-05-26,P013,Headphones,34874.74,36290.395071329964,39936.04505747127,15,15,33465.26,41029.1
2026-05-27,P003,Headphones,38910.2,38339.183430971025,38588.11942528736,0,11,29547.76,38910.2
2026-05-27,P011,Running Shoes,2601.47,2565.8390182097664,2505.8149425287356,0,23,1802.8,2601.47
2026-05-27,P006,Running Shoes,9116.56,9684.447536006914,10495.547816091954,15,26,7083.79,10725.36
2026-05-27,P010,Smart Watches,34869.46,33614.00654633052,33948.66275862069,0,12,28614.83,34869.46
2026-05-27,P007,Smartphones,4179.11,4136.940152653628,4078.8994252873563,0,38,3265.26,4179.11
2026-05-27,P015,Smart Watches,12834.64,12590.532882773727,12458.09459770115,0,8,8091.17,12834.64
2026-05-27,P017,Smartphones,15305.53,16000.851524456277,16432.560344827587,10,9,12865.45,17006.14
2026-05-27,P005,Smart Watches,9794.13,9648.772249592954,9586.974942528735,0,12,7084.73,9794.13
2026-05-27,P020,Smart Watches,17005.28,16205.75840948178,16552.190459770114,0,7,12357.94,17005.28
2026-05-27,P008,Headphones,46446.69,45605.23994494505,47308.815977011494,5,30,34780.87,48891.25
2026-05-27,P001,Running Shoes,22548.16,22307.17313254648,21840.61816091954,0,9,15607.06,22548.16
2026-05-27,P013,Headphones,36926.19,37086.66847731766,39936.04505747127,10,20,33465.26,41029.1
2026-05-27,P019,Laptops,26299.32,25369.60426431296,25790.18724137931,0,15,17845.86,26299.32
2026-05-27,P012,Smartphones,41854.1,44699.180686393614,47913.85183908046,15,16,38826.48,49240.12
2026-05-27,P018,Headphones,25267.37,25032.566546155056,25877.973793103447,5,13,21465.5,26597.23
2026-05-27,P009,Laptops,31612.01,33128.63495031978,34037.28206896552,10,18,24443.49,35124.46
2026-05-27,P014,Laptops,14660.21,14151.488005743558,14402.76540229885,0,17,9281.23,14660.21
2026-05-27,P004,Laptops,29506.72,30174.32356048533,31901.556551724138,10,9,24347.68,32785.24
2026-05-27,P002,Smartphones,43036.27,43770.84600160537,47009.43471264368,10,10,38077.86,47818.08
2026-05-27,P016,Running Shoes,11798.63,11731.327332571263,12054.556321839082,5,14,8152.78,12419.61
2026-05-28,P007,Smartphones,4179.11,4145.6462037837155,4078.8994252873563,0,27,3265.26,4179.11
2026-05-28,P018,Headphones,22607.65,24405.103350404577,25877.973793103447,15,9,21465.5,26597.23
2026-05-28,P009,Laptops,35124.46,33622.703629305346,34037.28206896552,0,19,24443.49,35124.46
2026-05-28,P008,Headphones,46446.69,46699.41994347182,47308.815977011494,5,18,34780.87,48891.25
2026-05-28,P012,Smartphones,46778.11,46763.28949452088,47913.85183908046,5,18,38826.48,49240.12
2026-05-28,P004,Laptops,32785.24,31790.07363135747,31901.556551724138,0,9,24347.68,32785.24
2026-05-28,P006,Running Shoes,9652.82,9765.862673865973,10495.547816091954,10,23,7083.79,10725.36
2026-05-28,P019,Laptops,26299.32,25097.239905232193,25790.18724137931,0,26,17845.86,26299.32
2026-05-28,P016,Running Shoes,11798.63,11736.958424918352,12054.556321839082,5,8,8152.78,12419.61
2026-05-28,P005,Smart Watches,9794.13,9651.634660738295,9586.974942528735,0,22,7084.73,9794.13
2026-05-28,P013,Headphones,36926.19,37546.344682569776,39936.04505747127,10,7,33465.26,41029.1
2026-05-28,P003,Headphones,38910.2,38061.57495142463,38588.11942528736,0,14,29547.76,38910.2
2026-05-28,P011,Running Shoes,2601.47,2568.4058577834858,2505.8149425287356,0,20,1802.8,2601.47
2026-05-28,P020,Smart Watches,16155.02,16055.801365576799,16552.190459770114,5,8,12357.94,17005.28
2026-05-28,P014,Laptops,13927.2,14037.331844594939,14402.76540229885,5,19,9281.23,14660.21
2026-05-28,P010,Smart Watches,31382.51,32738.08209725995,33948.66275862069,10,24,28614.83,34869.46
2026-05-28,P001,Running Shoes,22548.16,22267.2305226195,21840.61816091954,0,8,15607.06,22548.16
2026-05-28,P015,Smart Watches,12834.64,12376.881491772325,12458.09459770115,0,20,8091.17,12834.64
2026-05-28,P002,Smartphones,43036.27,43813.40465951629,47009.43471264368,10,6,38077.86,47818.08
2026-05-28,P017,Smartphones,15305.53,15962.465662194829,16432.560344827587,10,9,12865.45,17006.14
2026-05-29,P018,Headphones,26597.23,25602.63730353076,25877.973793103447,0,10,21465.5,26597.23
2026-05-29,P009,Laptops,33368.24,33544.47950043322,34037.28206896552,5,30,24443.49,35124.46
2026-05-29,P016,Running Shoes,12419.61,11913.129666330382,12054.556321839082,0,16,8152.78,12419.61
2026-05-29,P012,Smartphones,49240.12,47370.246382621845,47913.85183908046,0,15,38826.48,49240.12
2026-05-29,P008,Headphones,44002.12,46066.768908379374,47308.815977011494,10,21,34780.87,48891.25
2026-05-29,P019,Laptops,24984.35,24914.564022756553,25790.18724137931,5,22,17845.86,26299.32
2026-05-29,P004,Laptops,31145.98,30565.203261588198,31901.556551724138,5,9,24347.68,32785.24
2026-05-29,P013,Headphones,38977.64,38744.57387575118,39936.04505747127,5,12,33465.26,41029.1
2026-05-29,P003,Headphones,36964.69,37060.599022952476,38588.11942528736,5,8,29547.76,38910.2
2026-05-29,P020,Smart Watches,15304.75,16005.680992353877,16552.190459770114,10,5,12357.94,17005.28
2026-05-29,P014,Laptops,14660.21,14196.480716173328,14402.76540229885,0,17,9281.23,14660.21
2026-05-29,P015,Smart Watches,11551.18,12023.63136616761,12458.09459770115,10,17,8091.17,12834.64
2026-05-29,P017,Smartphones,17006.14,16157.660537889948,16432.560344827587,0,8,12865.45,17006.14
2026-05-29,P005,Smart Watches,9794.13,9580.546777260779,9586.974942528735,0,18,7084.73,9794.13
2026-05-29,P002,Smartphones,47818.08,45932.36202179041,47009.43471264368,0,8,38077.86,47818.08
2026-05-29,P007,Smartphones,4179.11,4113.327734057522,4078.8994252873563,0,21,3265.26,4179.11
2026-05-29,P010,Smart Watches,33125.99,33664.42938638616,33948.66275862069,5,14,28614.83,34869.46
2026-05-29,P011,Running Shoes,2341.32,2467.1591529365433,2505.8149425287356,10,23,1802.8,2601.47
2026-05-29,P006,Running Shoes,10189.09,10150.65337246764,10495.547816091954,5,17,7083.79,10725.36
2026-05-29,P001,Running Shoes,22548.16,22333.76515141515,21840.61816091954,0,4,15607.06,22548.16
2026-05-30,P017,Smartphones,16155.83,16309.111873784532,16432.560344827587,5,9,12865.45,17006.14
2026-05-30,P011,Running Shoes,2341.32,2389.828150541065,2505.8149425287356,10,25,1802.8,2601.47
2026-05-30,P004,Laptops,27867.45,29321.217371969713,31901.556551724138,15,18,24347.68,32785.24
2026-05-30,P006,Running Shoes,10725.36,10342.6305392563,10495.547816091954,0,16,7083.79,10725.36
2026-05-30,P013,Headphones,34874.74,36275.21350582638,39936.04505747127,15,19,33465.26,41029.1
2026-05-30,P008,Headphones,48891.25,48105.56866546919,47308.815977011494,0,22,34780.87,48891.25
2026-05-30,P001,Running Shoes,22548.16,22413.789797476875,21840.61816091954,0,7,15607.06,22548.16
2026-05-30,P020,Smart Watches,17005.28,16436.317813229965,16552.190459770114,0,6,12357.94,17005.28
2026-05-30,P015,Smart Watches,11551.18,12075.33858093798,12458.09459770115,10,13,8091.17,12834.64
2026-05-30,P010,Smart Watches,34869.46,34112.38808536889,33948.66275862069,0,13,28614.83,34869.46
2026-05-30,P014,Laptops,13194.19,13425.527366817507,14402.76540229885,10,22,9281.23,14660.21
2026-05-30,P019,Laptops,26299.32,25792.35976765952,25790.18724137931,0,29,17845.86,26299.32
2026-05-30,P016,Running Shoes,10556.67,11509.337186653464,12054.556321839082,15,15,8152.78,12419.61
2026-05-30,P003,Headphones,38910.2,38561.40394349865,38588.11942528736,0,22,29547.76,38910.2
2026-05-30,P009,Laptops,33368.24,33562.667599192144,34037.28206896552,5,15,24443.49,35124.46
2026-05-30,P012,Smartphones,49240.12,48137.37680590862,47913.85183908046,0,19,38826.48,49240.12
2026-05-30,P007,Smartphones,4179.11,4149.357608772488,4078.8994252873563,0,22,3265.26,4179.11
2026-05-30,P002,Smartphones,43036.27,43807.148828946214,47009.43471264368,10,8,38077.86,47818.08
2026-05-30,P005,Smart Watches,9794.13,9640.174339853866,9586.974942528735,0,18,7084.73,9794.13
2026-05-30,P018,Headphones,25267.37,25361.803577403993,25877.973793103447,5,8,21465.5,26597.23
2026-05-31,P013,Headphones,34874.74,35434.19994023816,39936.04505747127,15,19,33465.26,41029.1
2026-05-31,P015,Smart Watches,12834.64,12541.170761244637,12458.09459770115,0,17,8091.17,12834.64
2026-05-31,P003,Headphones,38910.2,38227.79381843547,38588.11942528736,0,13,29547.76,38910.2
2026-05-31,P007,Smartphones,4179.11,4141.801776797747,4078.8994252873563,0,24,3265.26,4179.11
2026-05-31,P012,Smartphones,49240.12,48746.97074055445,47913.85183908046,0,16,38826.48,49240.12
2026-05-31,P010,Smart Watches,34869.46,33998.261830807256,33948.66275862069,0,17,28614.83,34869.46
2026-05-31,P020,Smart Watches,17005.28,16482.499275756603,16552.190459770114,0,9,12357.94,17005.28
2026-05-31,P005,Smart Watches,9304.42,9338.048468028193,9586.974942528735,5,21,7084.73,9794.13
2026-05-31,P014,Laptops,13194.19,13536.81887607368,14402.76540229885,10,20,9281.23,14660.21
2026-05-31,P019,Laptops,26299.32,26031.178129365766,25790.18724137931,0,14,17845.86,26299.32
2026-05-31,P002,Smartphones,47818.08,46864.13564356558,47009.43471264368,0,5,38077.86,47818.08
2026-05-31,P018,Headphones,25267.37,25418.2351683924,25877.973793103447,5,15,21465.5,26597.23
2026-05-31,P001,Running Shoes,22548.16,22408.607107247255,21840.61816091954,0,7,15607.06,22548.16
2026-05-31,P004,Laptops,32785.24,31819.51284725297,31901.556551724138,0,12,24347.68,32785.24
2026-05-31,P006,Running Shoes,10189.09,10344.261677336017,10495.547816091954,5,25,7083.79,10725.36
2026-05-31,P008,Headphones,48891.25,48568.309277101056,47308.815977011494,0,34,34780.87,48891.25
2026-05-31,P016,Running Shoes,11798.63,11867.533116312756,12054.556321839082,5,8,8152.78,12419.61
2026-05-31,P009,Laptops,33368.24,33331.27619716556,34037.28206896552,5,25,24443.49,35124.46
2026-05-31,P011,Running Shoes,2471.4,2443.000661071428,2505.8149425287356,5,31,1802.8,2601.47
2026-05-31,P017,Smartphones,16155.83,16223.936545088463,16432.560344827587,5,8,12865.45,17006.14
2026-06-01,P012,Smartphones,49240.12,48300.81808693161,47913.85183908046,0,13,38826.48,49240.12
2026-06-01,P002,Smartphones,43036.27,43903.474514783054,47009.43471264368,10,5,38077.86,47818.08
2026-06-01,P005,Smart Watches,9794.13,9456.700994332032,9586.974942528735,0,19,7084.73,9794.13
2026-06-01,P019,Laptops,23669.39,24324.173957932402,25790.18724137931,10,23,17845.86,26299.32
2026-06-01,P014,Laptops,14660.21,14260.496572431864,14402.76540229885,0,10,9281.23,14660.21
2026-06-01,P011,Running Shoes,2601.47,2531.9658008850893,2505.8149425287356,0,14,1802.8,2601.47
2026-06-01,P008,Headphones,48891.25,48096.483751759864,47308.815977011494,0,14,34780.87,48891.25
2026-06-01,P020,Smart Watches,15304.75,15877.88530199952,16552.190459770114,10,14,12357.94,17005.28
2026-06-01,P017,Smartphones,16155.83,15968.289635490515,16432.560344827587,5,10,12865.45,17006.14
2026-06-01,P007,Smartphones,3552.24,3654.2485101154384,4078.8994252873563,15,29,3265.26,4179.11
2026-06-01,P010,Smart Watches,34869.46,34493.13982956153,33948.66275862069,0,14,28614.83,34869.46
2026-06-01,P009,Laptops,35124.46,34486.412462994755,34037.28206896552,0,17,24443.49,35124.46
2026-06-01,P016,Running Shoes,12419.61,12182.133875453177,12054.556321839082,0,12,8152.78,12419.61
2026-06-01,P001,Running Shoes,21420.75,21335.85815629223,21840.61816091954,5,11,15607.06,22548.16
2026-06-01,P003,Headphones,35019.18,35697.049270608935,38588.11942528736,10,7,29547.76,38910.2
2026-06-01,P004,Laptops,31145.98,30948.11305467748,31901.556551724138,5,11,24347.68,32785.24
2026-06-01,P013,Headphones,41029.1,40723.987628919116,39936.04505747127,0,21,33465.26,41029.1
2026-06-01,P018,Headphones,23937.51,24314.0405328541,25877.973793103447,10,8,21465.5,26597.23
2026-06-01,P006,Running Shoes,10725.36,10356.400874115629,10495.547816091954,0,10,7083.79,10725.36
2026-06-01,P015,Smart Watches,10909.44,11521.429099779732,12458.09459770115,15,28,8091.17,12834.64
2026-06-02,P008,Headphones,48891.25,46850.122372522885,47308.815977011494,0,27,34780.87,48891.25
2026-06-02,P001,Running Shoes,22548.16,21810.24028673372,21840.61816091954,0,3,15607.06,22548.16
2026-06-02,P015,Smart Watches,11551.18,12032.773315174007,12458.09459770115,10,16,8091.17,12834.64
2026-06-02,P004,Laptops,31145.98,31112.695140770258,31901.556551724138,5,15,24347.68,32785.24
2026-06-02,P016,Running Shoes,11177.65,11824.14387137932,12054.556321839082,10,9,8152.78,12419.61
2026-06-02,P018,Headphones,26597.23,25593.723657235085,25877.973793103447,0,3,21465.5,26597.23
2026-06-02,P007,Smartphones,4179.11,4021.9794497654966,4078.8994252873563,0,35,3265.26,4179.11
2026-06-02,P002,Smartphones,47818.08,46830.38174540911,47009.43471264368,0,7,38077.86,47818.08
2026-06-02,P009,Laptops,31612.01,33221.42080708138,34037.28206896552,10,17,24443.49,35124.46
2026-06-02,P012,Smartphones,44316.11,46151.48935313519,47913.85183908046,10,21,38826.48,49240.12
2026-06-02,P006,Running Shoes,10725.36,10458.928016610998,10495.547816091954,0,13,7083.79,10725.36
2026-06-02,P005,Smart Watches,9304.42,9360.762010438844,9586.974942528735,5,28,7084.73,9794.13
2026-06-02,P011,Running Shoes,2601.47,2505.9093994073437,2505.8149425287356,0,21,1802.8,2601.47
2026-06-02,P010,Smart Watches,34869.46,33723.347329368524,33948.66275862069,0,16,28614.83,34869.46
2026-06-02,P013,Headphones,36926.19,38870.523905837086,39936.04505747127,10,21,33465.26,41029.1
2026-06-02,P019,Laptops,24984.35,25291.238679016093,25790.18724137931,5,14,17845.86,26299.32
2026-06-02,P003,Headphones,38910.2,38326.890598340935,38588.11942528736,0,9,29547.76,38910.2
2026-06-02,P020,Smart Watches,16155.02,16302.886837627844,16552.190459770114,5,7,12357.94,17005.28
2026-06-02,P014,Laptops,13927.2,13912.678835737393,14402.76540229885,5,10,9281.23,14660.21
2026-06-02,P017,Smartphones,17006.14,16313.999853730575,16432.560344827587,0,6,12865.45,17006.14
2026-06-03,P010,Smart Watches,31382.51,33023.02305696095,33948.66275862069,10,12,28614.83,34869.46
2026-06-03,P014,Laptops,14660.21,14123.050088565047,14402.76540229885,0,22,9281.23,14660.21
2026-06-03,P018,Headphones,23937.51,25039.17582331864,25877.973793103447,10,8,21465.5,26597.23
2026-06-03,P012,Smartphones,41854.1,44335.88424539569,47913.85183908046,15,15,38826.48,49240.12
2026-06-03,P017,Smartphones,16155.83,16091.31521857091,16432.560344827587,5,8,12865.45,17006.14
2026-06-03,P015,Smart Watches,12834.64,12485.789125471958,12458.09459770115,0,19,8091.17,12834.64
2026-06-03,P013,Headphones,41029.1,39857.098908520995,39936.04505747127,0,20,33465.26,41029.1
2026-06-03,P011,Running Shoes,2211.25,2352.079552386124,2505.8149425287356,15,26,1802.8,2601.47
2026-06-03,P009,Laptops,35124.46,33213.878626044796,34037.28206896552,0,16,24443.49,35124.46
2026-06-03,P016,Running Shoes,12419.61,11979.763340938314,12054.556321839082,0,17,8152.78,12419.61
2026-06-03,P006,Running Shoes,10189.09,10396.24500117197,10495.547816091954,5,22,7083.79,10725.36
2026-06-03,P020,Smart Watches,15304.75,15976.327799020884,16552.190459770114,10,6,12357.94,17005.28
2026-06-03,P003,Headphones,36964.69,36554.63864218154,38588.11942528736,5,10,29547.76,38910.2
2026-06-03,P005,Smart Watches,9794.13,9548.615191475232,9586.974942528735,0,12,7084.73,9794.13
2026-06-03,P007,Smartphones,4179.11,4071.4864961766066,4078.8994252873563,0,25,3265.26,4179.11
2026-06-03,P008,Headphones,44002.12,44721.19836821657,47308.815977011494,10,21,34780.87,48891.25
2026-06-03,P019,Laptops,26299.32,25181.85399384529,25790.18724137931,0,22,17845.86,26299.32
2026-06-03,P002,Smartphones,45427.18,45603.36368112295,47009.43471264368,5,4,38077.86,47818.08
2026-06-03,P001,Running Shoes,22548.16,21773.769110144887,21840.61816091954,0,4,15607.06,22548.16
2026-06-03,P004,Laptops,29506.72,30123.6032724228,31901.556551724138,10,21,24347.68,32785.24
2026-06-04,P013,Headphones,36926.19,37822.621610181646,39936.04505747127,10,25,33465.26,41029.1
2026-06-04,P019,Laptops,26299.32,26071.535194971417,25790.18724137931,0,20,17845.86,26299.32
2026-06-04,P004,Laptops,31145.98,31567.974438372432,31901.556551724138,5,9,24347.68,32785.24
2026-06-04,P002,Smartphones,45427.18,46303.926525490104,47009.43471264368,5,7,38077.86,47818.08
2026-06-04,P017,Smartphones,17006.14,16483.062671205043,16432.560344827587,0,7,12865.45,17006.14
2026-06-04,P011,Running Shoes,2341.32,2366.406618364493,2505.8149425287356,10,13,1802.8,2601.47
2026-06-04,P008,Headphones,48891.25,48347.48554666061,47308.815977011494,0,32,34780.87,48891.25
2026-06-04,P009,Laptops,31612.01,32962.05173941292,34037.28206896552,10,22,24443.49,35124.46
2026-06-04,P012,Smartphones,49240.12,48546.23510677111,47913.85183908046,0,15,38826.48,49240.12
2026-06-04,P020,Smart Watches,17005.28,16473.906864760655,16552.190459770114,0,6,12357.94,17005.28
2026-06-04,P018,Headphones,26597.23,26224.544572596067,25877.973793103447,0,7,21465.5,26597.23
2026-06-04,P014,Laptops,13194.19,13440.984188448452,14402.76540229885,10,19,9281.23,14660.21
2026-06-04,P006,Running Shoes,10725.36,10336.04893541067,10495.547816091954,0,22,7083.79,10725.36
2026-06-04,P003,Headphones,36964.69,37134.9368826852,38588.11942528736,5,10,29547.76,38910.2
2026-06-04,P005,Smart Watches,8814.72,9005.124983611997,9586.974942528735,10,17,7084.73,9794.13
2026-06-04,P010,Smart Watches,34869.46,33586.45698421877,33948.66275862069,0,13,28614.83,34869.46
2026-06-04,P001,Running Shoes,21420.75,21336.789060521525,21840.61816091954,5,12,15607.06,22548.16
2026-06-04,P007,Smartphones,3970.15,3966.0638813673468,4078.8994252873563,5,21,3265.26,4179.11
2026-06-04,P015,Smart Watches,12834.64,12385.71913844037,12458.09459770115,0,11,8091.17,12834.64
2026-06-04,P016,Running Shoes,12419.61,12075.434707710378,12054.556321839082,0,11,8152.78,12419.61
2026-06-05,P003,Headphones,38910.2,38634.38797432022,38588.11942528736,0,11,29547.76,38910.2
2026-06-05,P008,Headphones,48891.25,47635.40118864169,47308.815977011494,0,19,34780.87,48891.25
2026-06-05,P019,Laptops,26299.32,25211.141306896956,25790.18724137931,0,16,17845.86,26299.32
2026-06-05,P013,Headphones,36926.19,38113.87777363337,39936.04505747127,10,15,33465.26,41029.1
2026-06-05,P015,Smart Watches,11551.18,12140.339197781737,12458.09459770115,10,14,8091.17,12834.64
2026-06-05,P004,Laptops,31145.98,31336.848854302232,31901.556551724138,5,13,24347.68,32785.24
2026-06-05,P017,Smartphones,14455.22,15942.557672842675,16432.560344827587,15,12,12865.45,17006.14
2026-06-05,P011,Running Shoes,2471.4,2465.188959784231,2505.8149425287356,5,34,1802.8,2601.47
2026-06-05,P001,Running Shoes,19165.94,20713.319913921376,21840.61816091954,15,11,15607.06,22548.16
2026-06-05,P009,Laptops,35124.46,33334.291762303335,34037.28206896552,0,25,24443.49,35124.46
2026-06-05,P005,Smart Watches,8325.01,8804.221592027416,9586.974942528735,15,16,7084.73,9794.13
2026-06-05,P012,Smartphones,49240.12,47731.58328732972,47913.85183908046,0,13,38826.48,49240.12
2026-06-05,P007,Smartphones,3552.24,3771.1642807869007,4078.8994252873563,15,23,3265.26,4179.11
2026-06-05,P020,Smart Watches,17005.28,16374.674544004765,16552.190459770114,0,7,12357.94,17005.28
2026-06-05,P016,Running Shoes,10556.67,11583.32081848102,12054.556321839082,15,14,8152.78,12419.61
2026-06-05,P014,Laptops,12461.18,13212.506082485712,14402.76540229885,15,19,9281.23,14660.21
2026-06-05,P002,Smartphones,47818.08,46832.22761522282,47009.43471264368,0,6,38077.86,47818.08
2026-06-05,P006,Running Shoes,10725.36,10586.390634504847,10495.547816091954,0,20,7083.79,10725.36
2026-06-05,P010,Smart Watches,33125.99,33557.63008766967,33948.66275862069,5,8,28614.83,34869.46
2026-06-05,P018,Headphones,25267.37,25322.901024504863,25877.973793103447,5,8,21465.5,26597.23
2026-06-06,P006,Running Shoes,10725.36,10266.435340450751,10495.547816091954,0,28,7083.79,10725.36
2026-06-06,P020,Smart Watches,17005.28,16306.828563310273,16552.190459770114,0,8,12357.94,17005.28
2026-06-06,P019,Laptops,26299.32,25419.09514774561,25790.18724137931,0,13,17845.86,26299.32
2026-06-06,P017,Smartphones,16155.83,16240.212844461017,16432.560344827587,5,5,12865.45,17006.14
2026-06-06,P004,Laptops,32785.24,32152.820163278622,31901.556551724138,0,18,24347.68,32785.24
2026-06-06,P013,Headphones,41029.1,40598.979647986154,39936.04505747127,0,19,33465.26,41029.1
2026-06-06,P010,Smart Watches,34869.46,33567.12687344358,33948.66275862069,0,20,28614.83,34869.46
2026-06-06,P009,Laptops,33368.24,33187.13095998,34037.28206896552,5,24,24443.49,35124.46
2026-06-06,P005,Smart Watches,9304.42,9297.977077036154,9586.974942528735,5,18,7084.73,9794.13
2026-06-06,P002,Smartphones,45427.18,45470.61086556229,47009.43471264368,5,11,38077.86,47818.08
2026-06-06,P001,Running Shoes,19165.94,20641.2295112568,21840.61816091954,15,13,15607.06,22548.16
2026-06-06,P011,Running Shoes,2341.32,2439.7172005871284,2505.8149425287356,10,25,1802.8,2601.47
2026-06-06,P012,Smartphones,44316.11,46159.35642624869,47913.85183908046,10,16,38826.48,49240.12
2026-06-06,P014,Laptops,13927.2,14028.55889894692,14402.76540229885,5,26,9281.23,14660.21
2026-06-06,P015,Smart Watches,12834.64,12204.180965550562,12458.09459770115,0,14,8091.17,12834.64
2026-06-06,P003,Headphones,36964.69,36813.99989457359,38588.11942528736,5,19,29547.76,38910.2
2026-06-06,P016,Running Shoes,11798.63,11963.540191305276,12054.556321839082,5,9,8152.78,12419.61
2026-06-06,P007,Smartphones,3761.2,3792.524826676219,4078.8994252873563,10,32,3265.26,4179.11
2026-06-06,P008,Headphones,46446.69,46379.05010588244,47308.815977011494,5,22,34780.87,48891.25
2026-06-06,P018,Headphones,25267.37,25237.997345971387,25877.973793103447,5,7,21465.5,26597.23
2026-06-07,P011,Running Shoes,2211.25,2295.1550115666955,2505.8149425287356,15,29,1802.8,2601.47
2026-06-07,P008,Headphones,48891.25,47321.345897298976,47308.815977011494,0,28,34780.87,48891.25
2026-06-07,P013,Headphones,36926.19,37402.80260238488,39936.04505747127,10,17,33465.26,41029.1
2026-06-07,P015,Smart Watches,12192.91,12343.816677325553,12458.09459770115,5,13,8091.17,12834.64
2026-06-07,P020,Smart Watches,16155.02,16033.525225282367,16552.190459770114,5,11,12357.94,17005.28
2026-06-07,P012,Smartphones,44316.11,46024.656014953645,47913.85183908046,10,22,38826.48,49240.12
2026-06-07,P002,Smartphones,47818.08,47341.3699011519,47009.43471264368,0,7,38077.86,47818.08
2026-06-07,P007,Smartphones,4179.11,4059.447408935756,4078.8994252873563,0,29,3265.26,4179.11
2026-06-07,P009,Laptops,35124.46,33763.58728016631,34037.28206896552,0,30,24443.49,35124.46
2026-06-07,P005,Smart Watches,9794.13,9433.12710859105,9586.974942528735,0,19,7084.73,9794.13
2026-06-07,P016,Running Shoes,12419.61,12136.212157398373,12054.556321839082,0,15,8152.78,12419.61
2026-06-07,P017,Smartphones,15305.53,15799.805056469697,16432.560344827587,10,7,12865.45,17006.14
2026-06-07,P001,Running Shoes,21420.75,21380.149257318644,21840.61816091954,5,6,15607.06,22548.16
2026-06-07,P019,Laptops,26299.32,26174.58289015093,25790.18724137931,0,24,17845.86,26299.32
2026-06-07,P003,Headphones,36964.69,37205.463521415506,38588.11942528736,5,6,29547.76,38910.2
2026-06-07,P004,Laptops,32785.24,31946.762345721265,31901.556551724138,0,11,24347.68,32785.24
2026-06-07,P018,Headphones,26597.23,26190.13662366398,25877.973793103447,0,11,21465.5,26597.23
2026-06-07,P006,Running Shoes,10189.09,10252.595200624586,10495.547816091954,5,28,7083.79,10725.36
2026-06-07,P014,Laptops,14660.21,14315.586288124441,14402.76540229885,0,13,9281.23,14660.21
2026-06-07,P010,Smart Watches,33125.99,33385.22284670749,33948.66275862069,5,15,28614.83,34869.46
2026-06-08,P010,Smart Watches,31382.51,32778.23977642584,33948.66275862069,10,14,28614.83,34869.46
2026-06-08,P011,Running Shoes,2341.32,2449.6970207505324,2505.8149425287356,10,32,1802.8,2601.47
2026-06-08,P019,Laptops,22354.42,24740.76486960604,25790.18724137931,15,18,17845.86,26299.32
2026-06-08,P005,Smart Watches,9304.42,9381.508729279847,9586.974942528735,5,18,7084.73,9794.13
2026-06-08,P018,Headphones,26597.23,25205.166155394927,25877.973793103447,0,7,21465.5,26597.23
2026-06-08,P006,Running Shoes,10725.36,10501.164693737683,10495.547816091954,0,12,7083.79,10725.36
2026-06-08,P007,Smartphones,3552.24,3765.438516039278,4078.8994252873563,15,19,3265.26,4179.11
2026-06-08,P004,Laptops,27867.45,29546.025572313294,31901.556551724138,15,8,24347.68,32785.24
2026-06-08,P012,Smartphones,46778.11,45907.612048290226,47913.85183908046,5,24,38826.48,49240.12
2026-06-08,P001,Running Shoes,20293.34,20940.843697251083,21840.61816091954,10,4,15607.06,22548.16
2026-06-08,P016,Running Shoes,11798.63,11973.282882589123,12054.556321839082,5,6,8152.78,12419.61
2026-06-08,P015,Smart Watches,12834.64,12289.815162150317,12458.09459770115,0,13,8091.17,12834.64
2026-06-08,P008,Headphones,44002.12,45462.36089107431,47308.815977011494,10,29,34780.87,48891.25
2026-06-08,P002,Smartphones,47818.08,46762.934146443586,47009.43471264368,0,4,38077.86,47818.08
2026-06-08,P014,Laptops,13194.19,13672.216332643966,14402.76540229885,10,18,9281.23,14660.21
2026-06-08,P020,Smart Watches,15304.75,16016.220074702234,16552.190459770114,10,7,12357.94,17005.28
2026-06-08,P013,Headphones,41029.1,40133.06613998928,39936.04505747127,0,18,33465.26,41029.1
2026-06-08,P017,Smartphones,17006.14,16172.455684076876,16432.560344827587,0,4,12865.45,17006.14
2026-06-08,P003,Headphones,38910.2,38071.793206147486,38588.11942528736,0,14,29547.76,38910.2
2026-06-08,P009,Laptops,31612.01,32852.42879418388,34037.28206896552,10,19,24443.49,35124.46
2026-06-09,P008,Headphones,48891.25,48091.46725471879,47308.815977011494,0,25,34780.87,48891.25
2026-06-09,P002,Smartphones,47818.08,46864.221399595364,47009.43471264368,0,2,38077.86,47818.08
2026-06-09,P005,Smart Watches,8814.72,9211.026910917357,9586.974942528735,10,17,7084.73,9794.13
2026-06-09,P015,Smart Watches,12192.91,12286.469636065338,12458.09459770115,5,15,8091.17,12834.64
2026-06-09,P010,Smart Watches,34869.46,34219.421029340396,33948.66275862069,0,12,28614.83,34869.46
2026-06-09,P017,Smartphones,17006.14,16351.400425667767,16432.560344827587,0,12,12865.45,17006.14
2026-06-09,P014,Laptops,14660.21,14221.062893626478,14402.76540229885,0,16,9281.23,14660.21
2026-06-09,P012,Smartphones,49240.12,48101.511251343625,47913.85183908046,0,15,38826.48,49240.12
2026-06-09,P020,Smart Watches,17005.28,16409.072897973292,16552.190459770114,0,7,12357.94,17005.28
2026-06-09,P011,Running Shoes,2211.25,2358.056926631956,2505.8149425287356,15,15,1802.8,2601.47
2026-06-09,P007,Smartphones,3552.24,3694.5249635048835,4078.8994252873563,15,22,3265.26,4179.11
2026-06-09,P018,Headphones,22607.65,24683.077913272173,25877.973793103447,15,10,21465.5,26597.23
2026-06-09,P016,Running Shoes,12419.61,12003.644929619315,12054.556321839082,0,13,8152.78,12419.61
2026-06-09,P013,Headphones,41029.1,40587.41197517157,39936.04505747127,0,12,33465.26,41029.1
2026-06-09,P006,Running Shoes,10189.09,10208.027792858262,10495.547816091954,5,18,7083.79,10725.36
2026-06-09,P004,Laptops,32785.24,32184.632094999273,31901.556551724138,0,16,24347.68,32785.24
2026-06-09,P001,Running Shoes,20293.34,21146.86513535391,21840.61816091954,10,10,15607.06,22548.16
2026-06-09,P019,Laptops,26299.32,25133.00379799737,25790.18724137931,0,26,17845.86,26299.32
2026-06-09,P009,Laptops,35124.46,33921.50669945169,34037.28206896552,0,33,24443.49,35124.46
2026-06-09,P003,Headphones,36964.69,36569.31646644583,38588.11942528736,5,3,29547.76,38910.2
2026-06-10,P016,Running Shoes,12419.61,11983.832799702424,12054.556321839082,0,8,8152.78,12419.61
2026-06-10,P015,Smart Watches,12834.64,12224.954024923873,12458.09459770115,0,11,8091.17,12834.64
2026-06-10,P001,Running Shoes,22548.16,21541.002482285472,21840.61816091954,0,6,15607.06,22548.16
2026-06-10,P005,Smart Watches,9794.13,9459.620135485933,9586.974942528735,0,12,7084.73,9794.13
2026-06-10,P010,Smart Watches,31382.51,32222.39132386817,33948.66275862069,10,15,28614.83,34869.46
2026-06-10,P002,Smartphones,47818.08,46352.94177041007,47009.43471264368,0,6,38077.86,47818.08
2026-06-10,P014,Laptops,13194.19,13718.388194313373,14402.76540229885,10,18,9281.23,14660.21
2026-06-10,P020,Smart Watches,15304.75,15747.626778913904,16552.190459770114,10,6,12357.94,17005.28
2026-06-10,P012,Smartphones,46778.11,46787.68661141405,47913.85183908046,5,10,38826.48,49240.12
2026-06-10,P003,Headphones,35019.18,36067.02710393108,38588.11942528736,10,6,29547.76,38910.2
2026-06-10,P013,Headphones,38977.64,40048.455435703705,39936.04505747127,5,15,33465.26,41029.1
2026-06-10,P017,Smartphones,14455.22,15666.55760408883,16432.560344827587,15,5,12865.45,17006.14
2026-06-10,P004,Laptops,32785.24,32312.265275959162,31901.556551724138,0,10,24347.68,32785.24
2026-06-10,P019,Laptops,24984.35,25104.302642309503,25790.18724137931,5,23,17845.86,26299.32
2026-06-10,P011,Running Shoes,2601.47,2520.985641517641,2505.8149425287356,0,14,1802.8,2601.47
2026-06-10,P006,Running Shoes,9116.56,9928.279186275391,10495.547816091954,15,21,7083.79,10725.36
2026-06-10,P008,Headphones,48891.25,47395.37449125065,47308.815977011494,0,18,34780.87,48891.25
2026-06-10,P007,Smartphones,3761.2,3835.187882743507,4078.8994252873563,10,29,3265.26,4179.11
2026-06-10,P009,Laptops,29855.79,32147.536438384657,34037.28206896552,15,21,24443.49,35124.46
2026-06-10,P018,Headphones,26597.23,25313.687137751054,25877.973793103447,0,7,21465.5,26597.23
2026-06-11,P011,Running Shoes,2471.4,2491.039938053631,2505.8149425287356,5,19,1802.8,2601.47
2026-06-11,P007,Smartphones,4179.11,3988.139939665265,4078.8994252873563,0,25,3265.26,4179.11
2026-06-11,P015,Smart Watches,12192.91,12168.601207979225,12458.09459770115,5,13,8091.17,12834.64
2026-06-11,P013,Headphones,36926.19,38883.91776683318,39936.04505747127,10,17,33465.26,41029.1
2026-06-11,P010,Smart Watches,31382.51,32849.02256178687,33948.66275862069,10,15,28614.83,34869.46
2026-06-11,P005,Smart Watches,9794.13,9433.760693964956,9586.974942528735,0,17,7084.73,9794.13
2026-06-11,P003,Headphones,38910.2,37814.80533340388,38588.11942528736,0,9,29547.76,38910.2
2026-06-11,P018,Headphones,25267.37,25233.46352103725,25877.973793103447,5,7,21465.5,26597.23
2026-06-11,P014,Laptops,12461.18,13553.310951642079,14402.76540229885,15,9,9281.23,14660.21
2026-06-11,P002,Smartphones,45427.18,45697.60390675215,47009.43471264368,5,4,38077.86,47818.08
2026-06-11,P019,Laptops,24984.35,24994.229759647682,25790.18724137931,5,10,17845.86,26299.32
2026-06-11,P020,Smart Watches,17005.28,16046.628994958934,16552.190459770114,0,5,12357.94,17005.28
2026-06-11,P008,Headphones,48891.25,47117.347909900025,47308.815977011494,0,25,34780.87,48891.25
2026-06-11,P006,Running Shoes,10189.09,10102.022812405326,10495.547816091954,5,21,7083.79,10725.36
2026-06-11,P001,Running Shoes,21420.75,21202.766545423317,21840.61816091954,5,4,15607.06,22548.16
2026-06-11,P016,Running Shoes,12419.61,12081.033674104108,12054.556321839082,0,8,8152.78,12419.61
2026-06-11,P012,Smartphones,44316.11,46509.724222206816,47913.85183908046,10,21,38826.48,49240.12
2026-06-11,P009,Laptops,33368.24,32895.53574798381,34037.28206896552,5,20,24443.49,35124.46
2026-06-11,P017,Smartphones,14455.22,15948.222272786868,16432.560344827587,15,7,12865.45,17006.14
2026-06-11,P004,Laptops,32785.24,32175.796781212717,31901.556551724138,0,13,24347.68,32785.24
2026-06-12,P014,Laptops,13194.19,13493.880857687856,14402.76540229885,10,15,9281.23,14660.21
2026-06-12,P012,Smartphones,41854.1,43743.13711685773,47913.85183908046,15,15,38826.48,49240.12
2026-06-12,P003,Headphones,38910.2,38364.30771940425,38588.11942528736,0,14,29547.76,38910.2
2026-06-12,P019,Laptops,24984.35,25048.901668684102,25790.18724137931,5,21,17845.86,26299.32
2026-06-12,P005,Smart Watches,9304.42,8984.650158732058,9586.974942528735,5,12,7084.73,9794.13
2026-06-12,P010,Smart Watches,34869.46,33334.60421213285,33948.66275862069,0,17,28614.83,34869.46
2026-06-12,P016,Running Shoes,11177.65,11678.095831102693,12054.556321839082,10,21,8152.78,12419.61
2026-06-12,P009,Laptops,29855.79,32198.3161534891,34037.28206896552,15,21,24443.49,35124.46
2026-06-12,P013,Headphones,41029.1,39891.94369733749,39936.04505747127,0,14,33465.26,41029.1
2026-06-12,P002,Smartphones,45427.18,45672.368062946305,47009.43471264368,5,3,38077.86,47818.08
2026-06-12,P007,Smartphones,3970.15,3978.537488525135,4078.8994252873563,5,37,3265.26,4179.11
2026-06-12,P017,Smartphones,17006.14,16444.203984898995,16432.560344827587,0,10,12865.45,17006.14
2026-06-12,P001,Running Shoes,21420.75,21614.914747343137,21840.61816091954,5,6,15607.06,22548.16
2026-06-12,P015,Smart Watches,12834.64,12484.457720802633,12458.09459770115,0,10,8091.17,12834.64
2026-06-12,P011,Running Shoes,2471.4,2462.184279227965,2505.8149425287356,5,28,1802.8,2601.47
2026-06-12,P008,Headphones,44002.12,44245.23836682704,47308.815977011494,10,32,34780.87,48891.25
2026-06-12,P020,Smart Watches,16155.02,16331.808433942088,16552.190459770114,5,5,12357.94,17005.28
2026-06-12,P004,Laptops,32785.24,32184.60734983201,31901.556551724138,0,16,24347.68,32785.24
2026-06-12,P006,Running Shoes,10725.36,10607.838826303585,10495.547816091954,0,22,7083.79,10725.36
2026-06-12,P018,Headphones,23937.51,24429.15215316842,25877.973793103447,10,10,21465.5,26597.23
2026-06-13,P009,Laptops,29855.79,31991.97373949026,34037.28206896552,15,32,24443.49,35124.46
2026-06-13,P001,Running Shoes,19165.94,20550.44955736962,21840.61816091954,15,11,15607.06,22548.16
2026-06-13,P019,Laptops,26299.32,25511.48762122133,25790.18724137931,0,28,17845.86,26299.32
2026-06-13,P015,Smart Watches,11551.18,12026.074279330955,12458.09459770115,10,22,8091.17,12834.64
2026-06-13,P002,Smartphones,45427.18,45704.627331224074,47009.43471264368,5,2,38077.86,47818.08
2026-06-13,P012,Smartphones,44316.11,45175.97727324914,47913.85183908046,10,16,38826.48,49240.12
2026-06-13,P005,Smart Watches,9304.42,9315.502896204376,9586.974942528735,5,20,7084.73,9794.13
2026-06-13,P013,Headphones,41029.1,40382.04305363825,39936.04505747127,0,19,33465.26,41029.1
2026-06-13,P017,Smartphones,16155.83,16194.704020308449,16432.560344827587,5,6,12865.45,17006.14
2026-06-13,P004,Laptops,32785.24,32155.65160874194,31901.556551724138,0,13,24347.68,32785.24
2026-06-13,P011,Running Shoes,2601.47,2524.462271506483,2505.8149425287356,0,22,1802.8,2601.47
2026-06-13,P018,Headphones,25267.37,25317.938511639433,25877.973793103447,5,11,21465.5,26597.23
2026-06-13,P016,Running Shoes,12419.61,12097.571287217583,12054.556321839082,0,16,8152.78,12419.61
2026-06-13,P003,Headphones,38910.2,37835.79324810853,38588.11942528736,0,9,29547.76,38910.2
2026-06-13,P008,Headphones,41557.56,44969.443979749594,47308.815977011494,15,36,34780.87,48891.25
2026-06-13,P007,Smartphones,3761.2,3814.0182256141147,4078.8994252873563,10,24,3265.26,4179.11
2026-06-13,P020,Smart Watches,16155.02,16176.590237489267,16552.190459770114,5,9,12357.94,17005.28
2026-06-13,P010,Smart Watches,31382.51,32304.903394078716,33948.66275862069,10,16,28614.83,34869.46
2026-06-13,P006,Running Shoes,10189.09,10126.525003739207,10495.547816091954,5,20,7083.79,10725.36
2026-06-13,P014,Laptops,14660.21,14139.147410605128,14402.76540229885,0,13,9281.23,14660.21
2026-06-14,P014,Laptops,13927.2,13852.119599006048,14402.76540229885,5,19,9281.23,14660.21
2026-06-14,P018,Headphones,25267.37,25563.378303870843,25877.973793103447,5,10,21465.5,26597.23
2026-06-14,P015,Smart Watches,12192.91,12224.566404186486,12458.09459770115,5,11,8091.17,12834.64
2026-06-14,P006,Running Shoes,10725.36,10382.908163387541,10495.547816091954,0,20,7083.79,10725.36
2026-06-14,P003,Headphones,36964.69,37332.54256756257,38588.11942528736,5,16,29547.76,38910.2
2026-06-14,P016,Running Shoes,12419.61,12099.934584561122,12054.556321839082,0,16,8152.78,12419.61
2026-06-14,P011,Running Shoes,2341.32,2323.5631520564157,2505.8149425287356,10,30,1802.8,2601.47
2026-06-14,P005,Smart Watches,8325.01,8840.784363715036,9586.974942528735,15,28,7084.73,9794.13
2026-06-14,P010,Smart Watches,33125.99,33182.057536591434,33948.66275862069,5,17,28614.83,34869.46
2026-06-14,P013,Headphones,38977.64,39123.8976994128,39936.04505747127,5,13,33465.26,41029.1
2026-06-14,P007,Smartphones,3552.24,3718.133638648991,4078.8994252873563,15,23,3265.26,4179.11
2026-06-14,P017,Smartphones,15305.53,15857.594125023805,16432.560344827587,10,8,12865.45,17006.14
2026-06-14,P019,Laptops,26299.32,26025.571713721085,25790.18724137931,0,20,17845.86,26299.32
2026-06-14,P008,Headphones,46446.69,47610.407739666014,47308.815977011494,5,17,34780.87,48891.25
2026-06-14,P012,Smartphones,49240.12,47919.72697092544,47913.85183908046,0,20,38826.48,49240.12
2026-06-14,P009,Laptops,29855.79,32332.27215951259,34037.28206896552,15,25,24443.49,35124.46
2026-06-14,P002,Smartphones,47818.08,47054.514861136704,47009.43471264368,0,6,38077.86,47818.08
2026-06-14,P001,Running Shoes,21420.75,21399.204590713292,21840.61816091954,5,9,15607.06,22548.16
2026-06-14,P020,Smart Watches,15304.75,16039.748147810953,16552.190459770114,10,12,12357.94,17005.28
2026-06-14,P004,Laptops,29506.72,30573.021153633264,31901.556551724138,10,18,24347.68,32785.24
2026-06-15,P007,Smartphones,4179.11,4063.0732078531264,4078.8994252873563,0,16,3265.26,4179.11
2026-06-15,P011,Running Shoes,2601.47,2549.756770616185,2505.8149425287356,0,24,1802.8,2601.47
2026-06-15,P017,Smartphones,17006.14,16316.289531109855,16432.560344827587,0,6,12865.45,17006.14
2026-06-15,P005,Smart Watches,9304.42,9344.86992443369,9586.974942528735,5,19,7084.73,9794.13
2026-06-15,P009,Laptops,35124.46,34138.42063365407,34037.28206896552,0,21,24443.49,35124.46
2026-06-15,P001,Running Shoes,22548.16,22191.934478843774,21840.61816091954,0,9,15607.06,22548.16
2026-06-15,P014,Laptops,13194.19,13598.790431824631,14402.76540229885,10,25,9281.23,14660.21
2026-06-15,P010,Smart Watches,34869.46,33832.200313826295,33948.66275862069,0,16,28614.83,34869.46
2026-06-15,P003,Headphones,38910.2,38312.51776852699,38588.11942528736,0,9,29547.76,38910.2
2026-06-15,P019,Laptops,26299.32,25130.291295732233,25790.18724137931,0,20,17845.86,26299.32
2026-06-15,P004,Laptops,29506.72,30225.284943864015,31901.556551724138,10,10,24347.68,32785.24
2026-06-15,P016,Running Shoes,12419.61,12108.707268829901,12054.556321839082,0,12,8152.78,12419.61
2026-06-15,P008,Headphones,41557.56,44947.97710218147,47308.815977011494,15,23,34780.87,48891.25
2026-06-15,P015,Smart Watches,10909.44,11794.276947407125,12458.09459770115,15,14,8091.17,12834.64
2026-06-15,P013,Headphones,38977.64,39721.710808043135,39936.04505747127,5,14,33465.26,41029.1
2026-06-15,P006,Running Shoes,10725.36,10505.264631033673,10495.547816091954,0,14,7083.79,10725.36
2026-06-15,P002,Smartphones,47818.08,46705.540211100044,47009.43471264368,0,4,38077.86,47818.08
2026-06-15,P018,Headphones,22607.65,24199.198386315493,25877.973793103447,15,8,21465.5,26597.23
2026-06-15,P020,Smart Watches,15304.75,16055.843390515243,16552.190459770114,10,5,12357.94,17005.28
2026-06-15,P012,Smartphones,46778.11,45780.46160630725,47913.85183908046,5,11,38826.48,49240.12
2026-06-16,P004,Laptops,29506.72,30316.954042798257,31901.556551724138,10,12,24347.68,32785.24
2026-06-16,P008,Headphones,44002.12,45027.86065073478,47308.815977011494,10,21,34780.87,48891.25
2026-06-16,P013,Headphones,41029.1,40609.146975199714,39936.04505747127,0,21,33465.26,41029.1
2026-06-16,P005,Smart Watches,9794.13,9444.806586466175,9586.974942528735,0,17,7084.73,9794.13
2026-06-16,P001,Running Shoes,19165.94,20721.761913029037,21840.61816091954,15,8,15607.06,22548.16
2026-06-16,P007,Smartphones,3552.24,3792.2443535637467,4078.8994252873563,15,26,3265.26,4179.11
2026-06-16,P006,Running Shoes,10189.09,10372.795863302337,10495.547816091954,5,11,7083.79,10725.36
2026-06-16,P017,Smartphones,17006.14,16665.359167388688,16432.560344827587,0,10,12865.45,17006.14
2026-06-16,P011,Running Shoes,2341.32,2422.478465843582,2505.8149425287356,10,23,1802.8,2601.47
2026-06-16,P014,Laptops,13927.2,13768.8126260879,14402.76540229885,5,17,9281.23,14660.21
2026-06-16,P003,Headphones,36964.69,36889.44464602635,38588.11942528736,5,10,29547.76,38910.2
2026-06-16,P012,Smartphones,44316.11,45115.929370946884,47913.85183908046,10,16,38826.48,49240.12
2026-06-16,P010,Smart Watches,34869.46,34250.27298022671,33948.66275862069,0,22,28614.83,34869.46
2026-06-16,P020,Smart Watches,17005.28,16623.36255319448,16552.190459770114,0,6,12357.94,17005.28
2026-06-16,P015,Smart Watches,12192.91,12229.539967162995,12458.09459770115,5,14,8091.17,12834.64
2026-06-16,P018,Headphones,25267.37,25261.167728524022,25877.973793103447,5,14,21465.5,26597.23
2026-06-16,P002,Smartphones,45427.18,45508.894212760366,47009.43471264368,5,9,38077.86,47818.08
2026-06-16,P009,Laptops,35124.46,34339.36829990294,34037.28206896552,0,17,24443.49,35124.46
2026-06-16,P019,Laptops,26299.32,25173.736916686306,25790.18724137931,0,20,17845.86,26299.32
2026-06-16,P016,Running Shoes,12419.61,12170.808040635991,12054.556321839082,0,10,8152.78,12419.61
2026-06-17,P015,Smart Watches,12834.64,12224.656152127278,12458.09459770115,0,9,8091.17,12834.64
2026-06-17,P006,Running Shoes,9116.56,10003.127996037696,10495.547816091954,15,16,7083.79,10725.36
2026-06-17,P011,Running Shoes,2471.4,2504.2495449959692,2505.8149425287356,5,21,1802.8,2601.47
2026-06-17,P017,Smartphones,16155.83,16073.191901905455,16432.560344827587,5,6,12865.45,17006.14
2026-06-17,P005,Smart Watches,8325.01,9114.527067598794,9586.974942528735,15,26,7084.73,9794.13
2026-06-17,P013,Headphones,41029.1,40376.37434941506,39936.04505747127,0,19,33465.26,41029.1
2026-06-17,P004,Laptops,31145.98,31490.744717535348,31901.556551724138,5,15,24347.68,32785.24
2026-06-17,P007,Smartphones,4179.11,4026.2320625123957,4078.8994252873563,0,27,3265.26,4179.11
2026-06-17,P012,Smartphones,49240.12,47481.37300239436,47913.85183908046,0,15,38826.48,49240.12
2026-06-17,P003,Headphones,38910.2,37684.91875779041,38588.11942528736,0,12,29547.76,38910.2
2026-06-17,P010,Smart Watches,31382.51,32964.79809130004,33948.66275862069,10,17,28614.83,34869.46
2026-06-17,P016,Running Shoes,11798.63,11858.724613072107,12054.556321839082,5,8,8152.78,12419.61
2026-06-17,P014,Laptops,13194.19,13641.276251671947,14402.76540229885,10,25,9281.23,14660.21
2026-06-17,P001,Running Shoes,22548.16,21834.898997510132,21840.61816091954,0,11,15607.06,22548.16
2026-06-17,P008,Headphones,48891.25,47153.607145202404,47308.815977011494,0,16,34780.87,48891.25
2026-06-17,P009,Laptops,29855.79,32611.34447461884,34037.28206896552,15,15,24443.49,35124.46
2026-06-17,P018,Headphones,26597.23,25559.640337900946,25877.973793103447,0,7,21465.5,26597.23
2026-06-17,P019,Laptops,23669.39,24766.069561420274,25790.18724137931,10,21,17845.86,26299.32
2026-06-17,P020,Smart Watches,16155.02,16042.11241280759,16552.190459770114,5,5,12357.94,17005.28
2026-06-17,P002,Smartphones,45427.18,45703.21753888736,47009.43471264368,5,4,38077.86,47818.08
2026-06-18,P009,Laptops,35124.46,33816.226036572734,34037.28206896552,0,23,24443.49,35124.46
2026-06-18,P017,Smartphones,17006.14,16213.699827253633,16432.560344827587,0,9,12865.45,17006.14
2026-06-18,P012,Smartphones,44316.11,46286.23805570901,47913.85183908046,10,16,38826.48,49240.12
2026-06-18,P014,Laptops,13927.2,13774.446030076844,14402.76540229885,5,18,9281.23,14660.21
2026-06-18,P006,Running Shoes,9116.56,9817.565792304458,10495.547816091954,15,24,7083.79,10725.36
2026-06-18,P008,Headphones,48891.25,47372.60956888829,47308.815977011494,0,27,34780.87,48891.25
2026-06-18,P010,Smart Watches,34869.46,33974.26839698935,33948.66275862069,0,19,28614.83,34869.46
2026-06-18,P007,Smartphones,3970.15,3967.5608555585177,4078.8994252873563,5,26,3265.26,4179.11
2026-06-18,P001,Running Shoes,20293.34,21027.864631684744,21840.61816091954,10,14,15607.06,22548.16
2026-06-18,P016,Running Shoes,11177.65,11653.760631616693,12054.556321839082,10,4,8152.78,12419.61
2026-06-18,P015,Smart Watches,12192.91,12168.822863222333,12458.09459770115,5,18,8091.17,12834.64
2026-06-18,P018,Headphones,26597.23,25521.20350117025,25877.973793103447,0,8,21465.5,26597.23
2026-06-18,P011,Running Shoes,2601.47,2535.5816975473517,2505.8149425287356,0,21,1802.8,2601.47
2026-06-18,P005,Smart Watches,9304.42,9190.657529206985,9586.974942528735,5,23,7084.73,9794.13
2026-06-18,P020,Smart Watches,15304.75,16082.132463194628,16552.190459770114,10,5,12357.94,17005.28
2026-06-18,P013,Headphones,41029.1,40059.15693563307,39936.04505747127,0,15,33465.26,41029.1
2026-06-18,P004,Laptops,32785.24,32357.448731407338,31901.556551724138,0,6,24347.68,32785.24
2026-06-18,P003,Headphones,36964.69,37240.64729388222,38588.11942528736,5,12,29547.76,38910.2
2026-06-18,P019,Laptops,23669.39,24775.93384816309,25790.18724137931,10,23,17845.86,26299.32
2026-06-18,P002,Smartphones,47818.08,46288.9890933271,47009.43471264368,0,5,38077.86,47818.08
2026-06-19,P010,Smart Watches,31382.51,31982.422602565523,33948.66275862069,10,13,28614.83,34869.46
2026-06-19,P009,Laptops,29855.79,31523.239415961234,34037.28206896552,15,24,24443.49,35124.46
2026-06-19,P004,Laptops,32785.24,32056.75077068816,31901.556551724138,0,9,24347.68,32785.24
2026-06-19,P019,Laptops,26299.32,25234.01985702399,25790.18724137931,0,24,17845.86,26299.32
2026-06-19,P014,Laptops,14660.21,14216.835878750715,14402.76540229885,0,27,9281.23,14660.21
2026-06-19,P018,Headphones,22607.65,24140.425649440243,25877.973793103447,15,8,21465.5,26597.23
2026-06-19,P001,Running Shoes,22548.16,22089.281697471855,21840.61816091954,0,10,15607.06,22548.16
2026-06-19,P002,Smartphones,43036.27,44151.55727665438,47009.43471264368,10,9,38077.86,47818.08
2026-06-19,P007,Smartphones,4179.11,4131.781310986925,4078.8994252873563,0,27,3265.26,4179.11
2026-06-19,P020,Smart Watches,16155.02,15971.462192357898,16552.190459770114,5,9,12357.94,17005.28
2026-06-19,P013,Headphones,41029.1,40254.37594334706,39936.04505747127,0,20,33465.26,41029.1
2026-06-19,P008,Headphones,48891.25,47252.67160119144,47308.815977011494,0,25,34780.87,48891.25
2026-06-19,P006,Running Shoes,10189.09,10414.649509417395,10495.547816091954,5,21,7083.79,10725.36
2026-06-19,P015,Smart Watches,12834.64,12440.84423656913,12458.09459770115,0,14,8091.17,12834.64
2026-06-19,P011,Running Shoes,2601.47,2552.3256183972285,2505.8149425287356,0,11,1802.8,2601.47
2026-06-19,P005,Smart Watches,8814.72,8922.575044585905,9586.974942528735,10,15,7084.73,9794.13
2026-06-19,P017,Smartphones,15305.53,15865.519963248358,16432.560344827587,10,8,12865.45,17006.14
2026-06-19,P016,Running Shoes,11798.63,11793.401115849325,12054.556321839082,5,12,8152.78,12419.61
2026-06-19,P012,Smartphones,46778.11,46692.73648937298,47913.85183908046,5,18,38826.48,49240.12
2026-06-19,P003,Headphones,33073.67,35613.016112435274,38588.11942528736,15,16,29547.76,38910.2
2026-06-20,P014,Laptops,13927.2,14120.361573618964,14402.76540229885,5,17,9281.23,14660.21
2026-06-20,P002,Smartphones,47818.08,46458.891085582996,47009.43471264368,0,5,38077.86,47818.08
2026-06-20,P003,Headphones,33073.67,35398.748678749784,38588.11942528736,15,16,29547.76,38910.2
2026-06-20,P015,Smart Watches,12834.64,12555.885280543416,12458.09459770115,0,13,8091.17,12834.64
2026-06-20,P012,Smartphones,44316.11,45650.690977659106,47913.85183908046,10,21,38826.48,49240.12
2026-06-20,P018,Headphones,25267.37,25068.82871896466,25877.973793103447,5,11,21465.5,26597.23
2026-06-20,P004,Laptops,29506.72,29922.464265829563,31901.556551724138,10,16,24347.68,32785.24
2026-06-20,P013,Headphones,36926.19,37909.52522060133,39936.04505747127,10,24,33465.26,41029.1
2026-06-20,P020,Smart Watches,14454.49,15916.080834317205,16552.190459770114,15,2,12357.94,17005.28
2026-06-20,P007,Smartphones,4179.11,4115.295827464659,4078.8994252873563,0,34,3265.26,4179.11
2026-06-20,P005,Smart Watches,8325.01,8773.232572104189,9586.974942528735,15,16,7084.73,9794.13
2026-06-20,P017,Smartphones,17006.14,16400.06134190533,16432.560344827587,0,6,12865.45,17006.14
2026-06-20,P006,Running Shoes,10189.09,10369.562866898514,10495.547816091954,5,24,7083.79,10725.36
2026-06-20,P010,Smart Watches,34869.46,33843.5894880115,33948.66275862069,0,23,28614.83,34869.46
2026-06-20,P009,Laptops,35124.46,33787.594301755096,34037.28206896552,0,24,24443.49,35124.46
2026-06-20,P001,Running Shoes,22548.16,21931.46515415607,21840.61816091954,0,5,15607.06,22548.16
2026-06-20,P008,Headphones,48891.25,46687.587419072195,47308.815977011494,0,30,34780.87,48891.25
2026-06-20,P019,Laptops,22354.42,24490.341894577818,25790.18724137931,15,24,17845.86,26299.32
2026-06-20,P011,Running Shoes,2341.32,2408.596553986304,2505.8149425287356,10,25,1802.8,2601.47
2026-06-20,P016,Running Shoes,12419.61,12130.05055833268,12054.556321839082,0,21,8152.78,12419.61
2026-06-21,P007,Smartphones,4179.11,4122.827315499854,4078.8994252873563,0,23,3265.26,4179.11
2026-06-21,P004,Laptops,32785.24,31668.462012810935,31901.556551724138,0,17,24347.68,32785.24
2026-06-21,P008,Headphones,44002.12,46190.703555402026,47308.815977011494,10,30,34780.87,48891.25
2026-06-21,P011,Running Shoes,2471.4,2439.1511275834227,2505.8149425287356,5,15,1802.8,2601.47
2026-06-21,P005,Smart Watches,8325.01,8685.552377252121,9586.974942528735,15,21,7084.73,9794.13
2026-06-21,P003,Headphones,35019.18,35765.49134905565,38588.11942528736,10,18,29547.76,38910.2
2026-06-21,P015,Smart Watches,12834.64,12437.400981441455,12458.09459770115,0,16,8091.17,12834.64
2026-06-21,P020,Smart Watches,16155.02,16257.80166413008,16552.190459770114,5,13,12357.94,17005.28
2026-06-21,P019,Laptops,23669.39,24710.358918284666,25790.18724137931,10,24,17845.86,26299.32
2026-06-21,P001,Running Shoes,22548.16,22086.81576371258,21840.61816091954,0,13,15607.06,22548.16
2026-06-21,P002,Smartphones,47818.08,46834.612099397986,47009.43471264368,0,6,38077.86,47818.08
2026-06-21,P018,Headphones,26597.23,25535.020086951252,25877.973793103447,0,12,21465.5,26597.23
2026-06-21,P010,Smart Watches,34869.46,33920.00768396008,33948.66275862069,0,22,28614.83,34869.46
2026-06-21,P006,Running Shoes,10189.09,10306.155420915731,10495.547816091954,5,25,7083.79,10725.36
2026-06-21,P014,Laptops,14660.21,14329.8719259477,14402.76540229885,0,20,9281.23,14660.21
2026-06-21,P013,Headphones,41029.1,40679.27631987674,39936.04505747127,0,13,33465.26,41029.1
2026-06-21,P012,Smartphones,49240.12,47347.12929303356,47913.85183908046,0,11,38826.48,49240.12
2026-06-21,P016,Running Shoes,12419.61,12032.615706394361,12054.556321839082,0,19,8152.78,12419.61
2026-06-21,P009,Laptops,31612.01,32971.50158613629,34037.28206896552,10,31,24443.49,35124.46
2026-06-21,P017,Smartphones,17006.14,16327.983022067956,16432.560344827587,0,11,12865.45,17006.14
2026-06-22,P014,Laptops,14660.21,14054.987992776085,14402.76540229885,0,16,9281.23,14660.21
2026-06-22,P008,Headphones,46446.69,45678.212712080924,47308.815977011494,5,30,34780.87,48891.25
2026-06-22,P011,Running Shoes,2601.47,2524.026082222687,2505.8149425287356,0,15,1802.8,2601.47
2026-06-22,P009,Laptops,29855.79,32727.0907834292,34037.28206896552,15,14,24443.49,35124.46
2026-06-22,P007,Smartphones,4179.11,4071.763070635019,4078.8994252873563,0,20,3265.26,4179.11
2026-06-22,P005,Smart Watches,9304.42,9343.347478825168,9586.974942528735,5,16,7084.73,9794.13
2026-06-22,P016,Running Shoes,11177.65,11802.384441570928,12054.556321839082,10,12,8152.78,12419.61
2026-06-22,P013,Headphones,38977.64,39435.44427683228,39936.04505747127,5,17,33465.26,41029.1
2026-06-22,P003,Headphones,38910.2,38438.7348592239,38588.11942528736,0,8,29547.76,38910.2
2026-06-22,P004,Laptops,27867.45,29724.157070336732,31901.556551724138,15,14,24347.68,32785.24
2026-06-22,P020,Smart Watches,17005.28,16542.91928614129,16552.190459770114,0,7,12357.94,17005.28
2026-06-22,P019,Laptops,26299.32,25274.965565297865,25790.18724137931,0,22,17845.86,26299.32
2026-06-22,P015,Smart Watches,11551.18,12117.8107021501,12458.09459770115,10,16,8091.17,12834.64
2026-06-22,P001,Running Shoes,22548.16,22199.55921188009,21840.61816091954,0,7,15607.06,22548.16
2026-06-22,P002,Smartphones,43036.27,44486.377659378144,47009.43471264368,10,9,38077.86,47818.08
2026-06-22,P006,Running Shoes,10725.36,10558.65407064378,10495.547816091954,0,25,7083.79,10725.36
2026-06-22,P010,Smart Watches,33125.99,33150.28642155249,33948.66275862069,5,17,28614.83,34869.46
2026-06-22,P017,Smartphones,16155.83,16314.75618989568,16432.560344827587,5,10,12865.45,17006.14
2026-06-22,P012,Smartphones,44316.11,45587.97991973141,47913.85183908046,10,18,38826.48,49240.12
2026-06-22,P018,Headphones,26597.23,25849.29867733052,25877.973793103447,0,11,21465.5,26597.23
2026-06-23,P006,Running Shoes,10189.09,10410.053106282285,10495.547816091954,5,15,7083.79,10725.36
2026-06-23,P011,Running Shoes,2601.47,2540.0653217913396,2505.8149425287356,0,10,1802.8,2601.47
2026-06-23,P009,Laptops,35124.46,33670.051460004135,34037.28206896552,0,24,24443.49,35124.46
2026-06-23,P016,Running Shoes,12419.61,11908.498553166526,12054.556321839082,0,13,8152.78,12419.61
2026-06-23,P003,Headphones,38910.2,38371.219721325615,38588.11942528736,0,10,29547.76,38910.2
2026-06-23,P018,Headphones,23937.51,25357.9061901214,25877.973793103447,10,8,21465.5,26597.23
2026-06-23,P001,Running Shoes,22548.16,22106.547804550988,21840.61816091954,0,6,15607.06,22548.16
2026-06-23,P013,Headphones,41029.1,40015.82192177227,39936.04505747127,0,16,33465.26,41029.1
2026-06-23,P017,Smartphones,15305.53,16068.944948742526,16432.560344827587,10,8,12865.45,17006.14
2026-06-23,P020,Smart Watches,17005.28,16288.008820280016,16552.190459770114,0,12,12357.94,17005.28
2026-06-23,P010,Smart Watches,33125.99,33649.64250956661,33948.66275862069,5,17,28614.83,34869.46
2026-06-23,P002,Smartphones,43036.27,44639.829317360025,47009.43471264368,10,6,38077.86,47818.08
2026-06-23,P019,Laptops,26299.32,25193.049170327704,25790.18724137931,0,18,17845.86,26299.32
2026-06-23,P014,Laptops,14660.21,14087.917222969765,14402.76540229885,0,14,9281.23,14660.21
2026-06-23,P004,Laptops,31145.98,30975.36081007219,31901.556551724138,5,10,24347.68,32785.24
2026-06-23,P005,Smart Watches,9794.13,9384.409019010569,9586.974942528735,0,20,7084.73,9794.13
2026-06-23,P012,Smartphones,49240.12,47236.02609734336,47913.85183908046,0,12,38826.48,49240.12
2026-06-23,P008,Headphones,46446.69,46698.67274566486,47308.815977011494,5,23,34780.87,48891.25
2026-06-23,P015,Smart Watches,12834.64,12292.371258135045,12458.09459770115,0,8,8091.17,12834.64
2026-06-23,P007,Smartphones,3970.15,3977.4311079586414,4078.8994252873563,5,28,3265.26,4179.11
2026-06-24,P004,Laptops,32785.24,32103.581339087315,31901.556551724138,0,8,24347.68,32785.24
2026-06-24,P003,Headphones,33073.67,36237.37581477073,38588.11942528736,15,10,29547.76,38910.2
2026-06-24,P009,Laptops,35124.46,33656.932707492124,34037.28206896552,0,29,24443.49,35124.46
2026-06-24,P008,Headphones,48891.25,47474.563211468856,47308.815977011494,0,18,34780.87,48891.25
2026-06-24,P013,Headphones,38977.64,39344.88165491554,39936.04505747127,5,15,33465.26,41029.1
2026-06-24,P020,Smart Watches,16155.02,16098.314344173625,16552.190459770114,5,7,12357.94,17005.28
2026-06-24,P005,Smart Watches,9304.42,9205.055811581706,9586.974942528735,5,17,7084.73,9794.13
2026-06-24,P001,Running Shoes,21420.75,21619.296108745726,21840.61816091954,5,3,15607.06,22548.16
2026-06-24,P002,Smartphones,43036.27,44491.96253395199,47009.43471264368,10,7,38077.86,47818.08
2026-06-24,P010,Smart Watches,34869.46,33735.59778445096,33948.66275862069,0,18,28614.83,34869.46
2026-06-24,P018,Headphones,26597.23,25606.84319459465,25877.973793103447,0,8,21465.5,26597.23
2026-06-24,P014,Laptops,14660.21,13969.414814383832,14402.76540229885,0,14,9281.23,14660.21
2026-06-24,P012,Smartphones,49240.12,47510.28569935209,47913.85183908046,0,18,38826.48,49240.12
2026-06-24,P016,Running Shoes,11177.65,11695.253902231301,12054.556321839082,10,12,8152.78,12419.61
2026-06-24,P006,Running Shoes,9652.82,9930.078939638686,10495.547816091954,10,23,7083.79,10725.36
2026-06-24,P015,Smart Watches,12192.91,12202.4789264534,12458.09459770115,5,15,8091.17,12834.64
2026-06-24,P007,Smartphones,3970.15,3980.2665418607708,4078.8994252873563,5,25,3265.26,4179.11
2026-06-24,P017,Smartphones,17006.14,16142.96943469,16432.560344827587,0,8,12865.45,17006.14
2026-06-24,P011,Running Shoes,2471.4,2503.1694940537695,2505.8149425287356,5,20,1802.8,2601.47
2026-06-24,P019,Laptops,23669.39,24772.088949536643,25790.18724137931,10,17,17845.86,26299.32
2026-06-25,P007,Smartphones,3970.15,3966.7317444428027,4078.8994252873563,5,29,3265.26,4179.11
2026-06-25,P020,Smart Watches,17005.28,16665.040562876788,16552.190459770114,0,9,12357.94,17005.28
2026-06-25,P001,Running Shoes,22548.16,22123.111921647553,21840.61816091954,0,4,15607.06,22548.16
2026-06-25,P015,Smart Watches,12834.64,12482.53676411127,12458.09459770115,0,17,8091.17,12834.64
2026-06-25,P013,Headphones,36926.19,37918.09840747575,39936.04505747127,10,24,33465.26,41029.1
2026-06-25,P010,Smart Watches,33125.99,33395.94296136552,33948.66275862069,5,12,28614.83,34869.46
2026-06-25,P008,Headphones,41557.56,45054.38924293273,47308.815977011494,15,35,34780.87,48891.25
2026-06-25,P016,Running Shoes,11798.63,11763.413223736346,12054.556321839082,5,8,8152.78,12419.61
2026-06-25,P014,Laptops,12461.18,13357.166116121349,14402.76540229885,15,29,9281.23,14660.21
2026-06-25,P002,Smartphones,47818.08,46448.166856585915,47009.43471264368,0,7,38077.86,47818.08
2026-06-25,P004,Laptops,32785.24,31774.4478120795,31901.556551724138,0,12,24347.68,32785.24
2026-06-25,P009,Laptops,33368.24,33134.92268102424,34037.28206896552,5,19,24443.49,35124.46
2026-06-25,P012,Smartphones,49240.12,46305.572434795795,47913.85183908046,0,13,38826.48,49240.12
2026-06-25,P018,Headphones,26597.23,25611.6207631928,25877.973793103447,0,5,21465.5,26597.23
2026-06-25,P005,Smart Watches,8814.72,8980.54577936119,9586.974942528735,10,14,7084.73,9794.13
2026-06-25,P011,Running Shoes,2341.32,2435.662446693969,2505.8149425287356,10,16,1802.8,2601.47
2026-06-25,P003,Headphones,38910.2,38540.43299679354,38588.11942528736,0,16,29547.76,38910.2
2026-06-25,P019,Laptops,22354.42,24448.69139060434,25790.18724137931,15,19,17845.86,26299.32
2026-06-25,P006,Running Shoes,10725.36,10599.577421806012,10495.547816091954,0,20,7083.79,10725.36
2026-06-25,P017,Smartphones,17006.14,16551.178982410376,16432.560344827587,0,6,12865.45,17006.14
2026-06-26,P010,Smart Watches,31382.51,33073.27311786057,33948.66275862069,10,13,28614.83,34869.46
2026-06-26,P015,Smart Watches,12192.91,12154.731556458224,12458.09459770115,5,18,8091.17,12834.64
2026-06-26,P007,Smartphones,3970.15,3979.736899227835,4078.8994252873563,5,15,3265.26,4179.11
2026-06-26,P013,Headphones,41029.1,40152.76332886538,39936.04505747127,0,10,33465.26,41029.1
2026-06-26,P008,Headphones,46446.69,46390.566937440686,47308.815977011494,5,28,34780.87,48891.25
2026-06-26,P014,Laptops,14660.21,14372.658402078945,14402.76540229885,0,27,9281.23,14660.21
2026-06-26,P020,Smart Watches,16155.02,16247.649921746943,16552.190459770114,5,9,12357.94,17005.28
2026-06-26,P004,Laptops,31145.98,31266.172672096123,31901.556551724138,5,9,24347.68,32785.24
2026-06-26,P017,Smartphones,17006.14,16387.053164468394,16432.560344827587,0,10,12865.45,17006.14
2026-06-26,P002,Smartphones,47818.08,46540.46320107213,47009.43471264368,0,3,38077.86,47818.08
2026-06-26,P003,Headphones,38910.2,38128.32682364091,38588.11942528736,0,8,29547.76,38910.2
2026-06-26,P009,Laptops,35124.46,33860.95358951524,34037.28206896552,0,19,24443.49,35124.46
2026-06-26,P012,Smartphones,46778.11,46781.85739244427,47913.85183908046,5,15,38826.48,49240.12
2026-06-26,P011,Running Shoes,2601.47,2549.586613819201,2505.8149425287356,0,11,1802.8,2601.47
2026-06-26,P016,Running Shoes,11798.63,11841.778310919672,12054.556321839082,5,12,8152.78,12419.61
2026-06-26,P019,Laptops,23669.39,24639.113629610394,25790.18724137931,10,26,17845.86,26299.32
2026-06-26,P005,Smart Watches,8814.72,8949.833676824872,9586.974942528735,10,17,7084.73,9794.13
2026-06-26,P018,Headphones,25267.37,24992.783252955047,25877.973793103447,5,8,21465.5,26597.23
2026-06-26,P006,Running Shoes,10725.36,10476.53552486826,10495.547816091954,0,16,7083.79,10725.36
2026-06-26,P001,Running Shoes,22548.16,22219.331002513034,21840.61816091954,0,5,15607.06,22548.16
2026-06-27,P006,Running Shoes,9116.56,9688.033325079889,10495.547816091954,15,21,7083.79,10725.36
2026-06-27,P005,Smart Watches,8814.72,8974.96329479346,9586.974942528735,10,20,7084.73,9794.13
2026-06-27,P001,Running Shoes,20293.34,21107.08839023353,21840.61816091954,10,8,15607.06,22548.16
2026-06-27,P018,Headphones,25267.37,25349.480720708412,25877.973793103447,5,10,21465.5,26597.23
2026-06-27,P015,Smart Watches,11551.18,12064.50076024353,12458.09459770115,10,21,8091.17,12834.64
2026-06-27,P010,Smart Watches,34869.46,33726.97176926734,33948.66275862069,0,19,28614.83,34869.46
2026-06-27,P002,Smartphones,43036.27,43970.86595242886,47009.43471264368,10,6,38077.86,47818.08
2026-06-27,P004,Laptops,32785.24,32164.196873992583,31901.556551724138,0,10,24347.68,32785.24
2026-06-27,P007,Smartphones,3552.24,3771.997521458249,4078.8994252873563,15,33,3265.26,4179.11
2026-06-27,P014,Laptops,14660.21,14335.467328367951,14402.76540229885,0,16,9281.23,14660.21
2026-06-27,P012,Smartphones,46778.11,46637.430135534916,47913.85183908046,5,18,38826.48,49240.12
2026-06-27,P017,Smartphones,17006.14,16432.50643835209,16432.560344827587,0,10,12865.45,17006.14
2026-06-27,P016,Running Shoes,11798.63,11731.361100246546,12054.556321839082,5,10,8152.78,12419.61
2026-06-27,P019,Laptops,23669.39,24667.303052155927,25790.18724137931,10,29,17845.86,26299.32
2026-06-27,P011,Running Shoes,2471.4,2483.9232622129,2505.8149425287356,5,30,1802.8,2601.47
2026-06-27,P008,Headphones,46446.69,46486.91332440294,47308.815977011494,5,16,34780.87,48891.25
2026-06-27,P003,Headphones,36964.69,37471.895112044185,38588.11942528736,5,17,29547.76,38910.2
2026-06-27,P020,Smart Watches,16155.02,16312.985159409405,16552.190459770114,5,6,12357.94,17005.28
2026-06-27,P013,Headphones,38977.64,39170.2569018849,39936.04505747127,5,19,33465.26,41029.1
2026-06-27,P009,Laptops,31612.01,33100.24918519427,34037.28206896552,10,20,24443.49,35124.46
2026-06-28,P015,Smart Watches,12192.91,12216.291822110858,12458.09459770115,5,11,8091.17,12834.64
2026-06-28,P007,Smartphones,4179.11,4126.579388814839,4078.8994252873563,0,25,3265.26,4179.11
2026-06-28,P010,Smart Watches,34869.46,34110.65231823646,33948.66275862069,0,20,28614.83,34869.46
2026-06-28,P011,Running Shoes,2211.25,2282.854472191695,2505.8149425287356,15,14,1802.8,2601.47
2026-06-28,P002,Smartphones,43036.27,44470.56692867337,47009.43471264368,10,8,38077.86,47818.08
2026-06-28,P009,Laptops,33368.24,33355.52004506643,34037.28206896552,5,22,24443.49,35124.46
2026-06-28,P004,Laptops,27867.45,29310.751783888703,31901.556551724138,15,18,24347.68,32785.24
2026-06-28,P012,Smartphones,41854.1,45021.84743097169,47913.85183908046,15,16,38826.48,49240.12
2026-06-28,P016,Running Shoes,11177.65,11597.323576078124,12054.556321839082,10,13,8152.78,12419.61
2026-06-28,P008,Headphones,46446.69,45638.48022352546,47308.815977011494,5,30,34780.87,48891.25
2026-06-28,P003,Headphones,38910.2,38515.234492111646,38588.11942528736,0,20,29547.76,38910.2
2026-06-28,P019,Laptops,26299.32,25725.269664904423,25790.18724137931,0,19,17845.86,26299.32
2026-06-28,P006,Running Shoes,9652.82,9905.179721677674,10495.547816091954,10,23,7083.79,10725.36
2026-06-28,P013,Headphones,41029.1,39399.34329561702,39936.04505747127,0,16,33465.26,41029.1
2026-06-28,P018,Headphones,25267.37,25441.87269995049,25877.973793103447,5,12,21465.5,26597.23
2026-06-28,P001,Running Shoes,21420.75,21648.922639902696,21840.61816091954,5,9,15607.06,22548.16
2026-06-28,P014,Laptops,13927.2,13925.499093651255,14402.76540229885,5,17,9281.23,14660.21
2026-06-28,P017,Smartphones,15305.53,15892.92315754976,16432.560344827587,10,12,12865.45,17006.14
2026-06-28,P005,Smart Watches,9304.42,8965.86292642274,9586.974942528735,5,28,7084.73,9794.13
2026-06-28,P020,Smart Watches,16155.02,16164.385286071418,16552.190459770114,5,10,12357.94,17005.28
2026-06-29,P001,Running Shoes,22548.16,22254.628919244442,21840.61816091954,0,4,15607.06,22548.16
2026-06-29,P006,Running Shoes,9652.82,9977.602063320519,10495.547816091954,10,16,7083.79,10725.36
2026-06-29,P015,Smart Watches,12834.64,12441.701225621428,12458.09459770115,0,10,8091.17,12834.64
2026-06-29,P012,Smartphones,46778.11,46193.56059680806,47913.85183908046,5,17,38826.48,49240.12
2026-06-29,P014,Laptops,13927.2,13627.564931929,14402.76540229885,5,16,9281.23,14660.21
2026-06-29,P020,Smart Watches,16155.02,16138.356782391254,16552.190459770114,5,10,12357.94,17005.28
2026-06-29,P009,Laptops,35124.46,33809.98059077933,34037.28206896552,0,23,24443.49,35124.46
2026-06-29,P019,Laptops,24984.35,25028.61476638636,25790.18724137931,5,22,17845.86,26299.32
2026-06-29,P017,Smartphones,15305.53,16088.022435190478,16432.560344827587,10,8,12865.45,17006.14
2026-06-29,P002,Smartphones,47818.08,46611.44022457908,47009.43471264368,0,3,38077.86,47818.08
2026-06-29,P008,Headphones,41557.56,44990.59304512888,47308.815977011494,15,20,34780.87,48891.25
2026-06-29,P004,Laptops,32785.24,31908.594397851415,31901.556551724138,0,16,24347.68,32785.24
2026-06-29,P007,Smartphones,3970.15,3939.3914137119755,4078.8994252873563,5,29,3265.26,4179.11
2026-06-29,P018,Headphones,26597.23,25806.206372871966,25877.973793103447,0,12,21465.5,26597.23
2026-06-29,P003,Headphones,38910.2,38391.139233154376,38588.11942528736,0,7,29547.76,38910.2
2026-06-29,P016,Running Shoes,12419.61,12006.351114222736,12054.556321839082,0,11,8152.78,12419.61
2026-06-29,P010,Smart Watches,33125.99,33582.76288509093,33948.66275862069,5,23,28614.83,34869.46
2026-06-29,P005,Smart Watches,9304.42,9266.522730080886,9586.974942528735,5,20,7084.73,9794.13
2026-06-29,P013,Headphones,34874.74,36632.84197767629,39936.04505747127,15,21,33465.26,41029.1
2026-06-29,P011,Running Shoes,2601.47,2540.0586732432853,2505.8149425287356,0,15,1802.8,2601.47
2026-06-30,P016,Running Shoes,12419.61,12108.29080402761,12054.556321839082,0,10,8152.78,12419.61
2026-06-30,P014,Laptops,12461.18,13429.647867088239,14402.76540229885,15,24,9281.23,14660.21
2026-06-30,P005,Smart Watches,9304.42,9340.289521810371,9586.974942528735,5,12,7084.73,9794.13
2026-06-30,P008,Headphones,46446.69,46658.61497009044,47308.815977011494,5,26,34780.87,48891.25
2026-06-30,P003,Headphones,35019.18,35361.18601256151,38588.11942528736,10,9,29547.76,38910.2
2026-06-30,P001,Running Shoes,22548.16,22386.638239097032,21840.61816091954,0,8,15607.06,22548.16
2026-06-30,P012,Smartphones,49240.12,47630.64019734618,47913.85183908046,0,18,38826.48,49240.12
2026-06-30,P007,Smartphones,3970.15,3988.9375969455205,4078.8994252873563,5,21,3265.26,4179.11
2026-06-30,P015,Smart Watches,10909.44,11812.149723101684,12458.09459770115,15,11,8091.17,12834.64
2026-06-30,P009,Laptops,35124.46,33953.849607071315,34037.28206896552,0,15,24443.49,35124.46
2026-06-30,P002,Smartphones,45427.18,45582.90900546937,47009.43471264368,5,4,38077.86,47818.08
2026-06-30,P019,Laptops,24984.35,24782.87334781589,25790.18724137931,5,19,17845.86,26299.32
2026-06-30,P011,Running Shoes,2471.4,2481.6899691079193,2505.8149425287356,5,26,1802.8,2601.47
2026-06-30,P018,Headphones,23937.51,25071.060319310123,25877.973793103447,10,8,21465.5,26597.23
2026-06-30,P006,Running Shoes,10725.36,10393.950625924765,10495.547816091954,0,20,7083.79,10725.36
2026-06-30,P017,Smartphones,15305.53,15926.330441726008,16432.560344827587,10,7,12865.45,17006.14
2026-06-30,P010,Smart Watches,33125.99,33765.07093477187,33948.66275862069,5,13,28614.83,34869.46
2026-06-30,P013,Headphones,41029.1,39975.68909490682,39936.04505747127,0,17,33465.26,41029.1
2026-06-30,P004,Laptops,31145.98,31256.479536646482,31901.556551724138,5,7,24347.68,32785.24
2026-06-30,P020,Smart Watches,16155.02,16006.303748303959,16552.190459770114,5,9,12357.94,17005.28
2026-07-01,P014,Laptops,13927.2,14040.236172486635,15059.186666666666,5,14,9281.23,14660.21
2026-07-01,P016,Running Shoes,11177.65,11485.330357646955,12806.726666666667,10,7,8152.78,12419.61
2026-07-01,P006,Running Shoes,10725.36,10311.58463421352,10703.966666666667,0,25,7083.79,10725.36
2026-07-01,P013,Headphones,38977.64,39073.57658752228,38824.636666666665,5,16,33465.26,41029.1
2026-07-01,P015,Smart Watches,11551.18,11888.315129083347,11970.393333333333,10,14,8091.17,12834.64
2026-07-01,P012,Smartphones,44316.11,45728.079913786445,46055.54666666667,10,18,38826.48,49240.12
2026-07-01,P017,Smartphones,17006.14,16695.593504003493,15026.743333333332,0,5,12865.45,17006.14
2026-07-01,P001,Running Shoes,21420.75,21325.657323146268,21617.236666666668,5,8,15607.06,22548.16
2026-07-01,P011,Running Shoes,2601.47,2592.6309834119434,2621.19,0,15,1802.8,2601.47
2026-07-01,P007,Smartphones,4179.11,4116.571201298695,4221.633333333333,0,23,3265.26,4179.11
2026-07-01,P003,Headphones,35019.18,35420.783614160864,37887.346666666665,10,15,29547.76,38910.2
2026-07-01,P020,Smart Watches,17005.28,16463.471509719933,17025.78,0,6,12357.94,17005.28
2026-07-01,P008,Headphones,48891.25,47369.52704783696,48814.01,0,17,34780.87,48891.25
2026-07-01,P005,Smart Watches,9794.13,9643.305588764364,9907.616666666667,0,20,7084.73,9794.13
2026-07-01,P018,Headphones,26597.23,25744.01398917281,25983.210000000003,0,12,21465.5,26597.23
2026-07-01,P004,Laptops,31145.98,31414.349759924607,30473.006666666668,5,16,24347.68,32785.24
2026-07-01,P009,Laptops,29855.79,32173.717249609716,34423.329999999994,15,22,24443.49,35124.46
2026-07-01,P010,Smart Watches,33125.99,32994.29238992708,32426.353333333333,5,15,28614.83,34869.46
2026-07-01,P002,Smartphones,40645.37,41465.04790461647,47448.39666666667,15,5,38077.86,47818.08
2026-07-01,P019,Laptops,22354.42,23687.504181372904,25628.41333333333,15,17,17845.86,26299.32
2026-07-02,P020,Smart Watches,15304.75,15635.212807815338,17628.43,10,6,12357.94,17005.28
2026-07-02,P015,Smart Watches,12834.64,12423.435294042307,12585.786666666667,0,14,8091.17,12834.64
2026-07-02,P016,Running Shoes,12419.61,12062.777955516265,12441.386666666667,0,15,8152.78,12419.61
2026-07-02,P001,Running Shoes,19165.94,19777.312775038405,20202.606666666667,15,5,15607.06,22548.16
2026-07-02,P008,Headphones,46446.69,46768.651056421055,45972.93666666667,5,18,34780.87,48891.25
2026-07-02,P006,Running Shoes,10189.09,10107.828951233874,10370.166666666666,5,15,7083.79,10725.36
2026-07-02,P005,Smart Watches,9794.13,9611.060240731158,9183.043333333333,0,26,7084.73,9794.13
2026-07-02,P011,Running Shoes,2601.47,2594.6749891911645,2669.9733333333334,0,20,1802.8,2601.47
2026-07-02,P007,Smartphones,3552.24,3739.9394550324646,4002.633333333333,15,24,3265.26,4179.11
2026-07-02,P017,Smartphones,17006.14,16320.256302218717,16786.716666666664,0,8,12865.45,17006.14
2026-07-02,P019,Laptops,26299.32,25594.64442425371,25863.093333333334,0,21,17845.86,26299.32
2026-07-02,P009,Laptops,33368.24,33300.38149299851,35281.573333333334,5,31,24443.49,35124.46
2026-07-02,P002,Smartphones,45427.18,45336.73730774546,44993.136666666665,5,3,38077.86,47818.08
2026-07-02,P014,Laptops,13927.2,13899.435280417782,15194.856666666667,5,19,9281.23,14660.21
2026-07-02,P018,Headphones,26597.23,26190.769815236075,27624.673333333336,0,10,21465.5,26597.23
2026-07-02,P012,Smartphones,46778.11,46486.03392414304,50769.676666666666,5,12,38826.48,49240.12
2026-07-02,P003,Headphones,36964.69,36841.249322860545,41410.170000000006,5,12,29547.76,38910.2
2026-07-02,P010,Smart Watches,34869.46,33580.92721716642,34243.713333333326,0,12,28614.83,34869.46
2026-07-02,P013,Headphones,41029.1,39749.67525031339,39930.94,0,15,33465.26,41029.1
2026-07-02,P004,Laptops,32785.24,32297.534147002712,32132.093333333334,0,22,24347.68,32785.24
2026-07-03,P008,Headphones,46446.69,46832.119067092055,48017.993333333325,5,26,34780.87,48891.25
2026-07-03,P013,Headphones,36926.19,37594.99240437814,39146.113333333335,10,12,33465.26,41029.1
2026-07-03,P009,Laptops,33368.24,32976.27007474663,32235.39333333333,5,21,24443.49,35124.46
2026-07-03,P003,Headphones,36964.69,36841.98285159174,40901.38333333333,5,13,29547.76,38910.2
2026-07-03,P001,Running Shoes,22548.16,21870.61362378156,21756.89,0,7,15607.06,22548.16
2026-07-03,P005,Smart Watches,8325.01,8753.693782377779,10015.146666666666,15,21,7084.73,9794.13
2026-07-03,P018,Headphones,25267.37,25088.398313324567,25029.25,5,8,21465.5,26597.23
2026-07-03,P020,Smart Watches,15304.75,15455.507424591586,17935.616666666665,10,10,12357.94,17005.28
2026-07-03,P011,Running Shoes,2601.47,2571.3418743197094,2321.9866666666667,0,29,1802.8,2601.47
2026-07-03,P006,Running Shoes,10725.36,10235.213815964078,10564.12,0,19,7083.79,10725.36
2026-07-03,P007,Smartphones,4179.11,4068.2241733552205,4066.5499999999997,0,21,3265.26,4179.11
2026-07-03,P010,Smart Watches,29639.04,31672.739017139178,34858.996666666666,15,18,28614.83,34869.46
2026-07-03,P017,Smartphones,14455.22,15343.105429219297,15904.513333333334,15,5,12865.45,17006.14
2026-07-03,P019,Laptops,22354.42,23517.16584838759,27241.553333333333,15,13,17845.86,26299.32
2026-07-03,P012,Smartphones,46778.11,46617.283501754806,47062.67333333333,5,13,38826.48,49240.12
2026-07-03,P002,Smartphones,47818.08,46928.329395368455,46611.63333333333,0,6,38077.86,47818.08
2026-07-03,P014,Laptops,13194.19,13591.875659395033,13676.296666666667,10,13,9281.23,14660.21
2026-07-03,P015,Smart Watches,12834.64,12508.77766230004,12266.423333333332,0,15,8091.17,12834.64
2026-07-03,P004,Laptops,32785.24,32165.76413130444,33468.78333333333,0,17,24347.68,32785.24
2026-07-03,P016,Running Shoes,11177.65,11406.750340474911,13203.623333333331,10,7,8152.78,12419.61
2026-07-04,P015,Smart Watches,11551.18,11938.432292431926,12743.416666666666,10,14,8091.17,12834.64
2026-07-04,P019,Laptops,26299.32,25384.4068682175,25708.536666666667,0,30,17845.86,26299.32
2026-07-04,P004,Laptops,29506.72,30557.370823068006,30572.146666666667,10,16,24347.68,32785.24
2026-07-04,P007,Smartphones,4179.11,4134.478687806631,4186.093333333333,0,27,3265.26,4179.11
2026-07-04,P017,Smartphones,17006.14,16588.09070350979,16247.11,0,8,12865.45,17006.14
2026-07-04,P011,Running Shoes,2601.47,2581.9653329950756,2518.2999999999997,0,23,1802.8,2601.47
2026-07-04,P003,Headphones,38910.2,38541.98206296891,36641.15,0,12,29547.76,38910.2
2026-07-04,P001,Running Shoes,22548.16,22123.958654179838,20681.653333333335,0,12,15607.06,22548.16
2026-07-04,P012,Smartphones,41854.1,45137.3678953315,49349.619999999995,15,19,38826.48,49240.12
2026-07-04,P020,Smart Watches,17005.28,16532.268661183592,16508.443333333333,0,8,12357.94,17005.28
2026-07-04,P005,Smart Watches,9794.13,9481.743272230364,9414.943333333335,0,23,7084.73,9794.13
2026-07-04,P006,Running Shoes,10189.09,10206.16337892401,10461.050000000001,5,21,7083.79,10725.36
2026-07-04,P010,Smart Watches,33125.99,33185.6760520138,32103.59,5,10,28614.83,34869.46
2026-07-04,P013,Headphones,41029.1,40678.89958086769,39817.04,0,19,33465.26,41029.1
2026-07-04,P009,Laptops,35124.46,33647.69738868564,34386.53666666666,0,17,24443.49,35124.46
2026-07-04,P016,Running Shoes,12419.61,11916.639490978117,12387.976666666667,0,16,8152.78,12419.61
2026-07-04,P008,Headphones,48891.25,47212.11536804406,45805.579999999994,0,27,34780.87,48891.25
2026-07-04,P014,Laptops,14660.21,14246.938313290626,14787.506666666668,0,18,9281.23,14660.21
2026-07-04,P018,Headphones,23937.51,24786.05284945499,26402.326666666664,10,4,21465.5,26597.23
2026-07-04,P002,Smartphones,43036.27,44101.779769666304,44350.41333333333,10,9,38077.86,47818.08
2026-07-05,P015,Smart Watches,12834.64,12271.53150055724,12440.5,0,12,8091.17,12834.64
2026-07-05,P012,Smartphones,49240.12,47196.00867310506,47652.18,0,8,38826.48,49240.12
2026-07-05,P002,Smartphones,40645.37,42003.59285659392,48341.46333333334,15,9,38077.86,47818.08
2026-07-05,P014,Laptops,13927.2,14082.281812520043,14173.283333333333,5,24,9281.23,14660.21
2026-07-05,P016,Running Shoes,11798.63,11706.32496826607,11882.646666666667,5,10,8152.78,12419.61
2026-07-05,P019,Laptops,24984.35,24711.623692849098,27228.576666666664,5,29,17845.86,26299.32
2026-07-05,P006,Running Shoes,10725.36,10475.61425324683,9816.426666666666,0,18,7083.79,10725.36
2026-07-05,P004,Laptops,29506.72,30222.560282582002,33123.15333333333,10,14,24347.68,32785.24
2026-07-05,P010,Smart Watches,33125.99,33425.419144856314,32314.460000000003,5,16,28614.83,34869.46
2026-07-05,P008,Headphones,44002.12,46212.43094843835,46376.68666666667,10,29,34780.87,48891.25
2026-07-05,P020,Smart Watches,17005.28,16583.39136301999,15956.543333333335,0,6,12357.94,17005.28
2026-07-05,P007,Smartphones,4179.11,4140.519814413773,4131.71,0,32,3265.26,4179.11
2026-07-05,P009,Laptops,33368.24,33391.05541371622,34505.31,5,21,24443.49,35124.46
2026-07-05,P017,Smartphones,14455.22,15498.029623250884,16565.13,15,10,12865.45,17006.14
2026-07-05,P003,Headphones,38910.2,38561.289838986566,36578.91,0,7,29547.76,38910.2
2026-07-05,P018,Headphones,25267.37,25236.358442572593,25788.039999999997,5,11,21465.5,26597.23
2026-07-05,P005,Smart Watches,8814.72,9009.081136475777,10437.289999999999,10,26,7084.73,9794.13
2026-07-05,P001,Running Shoes,22548.16,22210.42415390642,20446.096666666668,0,7,15607.06,22548.16
2026-07-05,P013,Headphones,41029.1,40595.04585658524,40676.31,0,18,33465.26,41029.1
2026-07-05,P011,Running Shoes,2601.47,2582.472531585854,2510.72,0,25,1802.8,2601.47
2026-07-06,P010,Smart Watches,34869.46,33986.55499113786,34646.53,0,10,28614.83,34869.46
2026-07-06,P006,Running Shoes,9116.56,9853.417498994078,10139.67,15,27,7083.79,10725.36
2026-07-06,P017,Smartphones,16155.83,16116.89881403344,16368.206666666667,5,11,12865.45,17006.14
2026-07-06,P009,Laptops,33368.24,33376.34013851086,33450.82666666667,5,26,24443.49,35124.46
2026-07-06,P005,Smart Watches,9794.13,9676.508563217634,9251.516666666666,0,16,7084.73,9794.13
2026-07-06,P011,Running Shoes,2601.47,2579.7435112161893,2462.46,0,19,1802.8,2601.47
2026-07-06,P019,Laptops,26299.32,25733.031777183594,24957.89,0,26,17845.86,26299.32
2026-07-06,P003,Headphones,35019.18,35522.932291368044,38703.39,10,9,29547.76,38910.2
2026-07-06,P001,Running Shoes,21420.75,21317.179440787382,21846.150000000005,5,3,15607.06,22548.16
2026-07-06,P008,Headphones,48891.25,48054.50015486713,46816.65666666667,0,17,34780.87,48891.25
2026-07-06,P016,Running Shoes,11177.65,11500.292941941032,11616.529999999999,10,13,8152.78,12419.61
2026-07-06,P002,Smartphones,40645.37,41737.03056247739,48453.736666666664,15,12,38077.86,47818.08
2026-07-06,P014,Laptops,14660.21,14255.898418835475,14660.160000000002,0,21,9281.23,14660.21
2026-07-06,P015,Smart Watches,12192.91,12297.930403915187,13108.756666666668,5,11,8091.17,12834.64
2026-07-06,P013,Headphones,34874.74,36532.03346825394,42391.54666666667,15,25,33465.26,41029.1
2026-07-06,P004,Laptops,32785.24,32222.872033763193,31654.563333333335,0,9,24347.68,32785.24
2026-07-06,P018,Headphones,26597.23,26085.774243850607,26255.86333333333,0,7,21465.5,26597.23
2026-07-06,P012,Smartphones,49240.12,47996.7494118346,47138.02333333334,0,11,38826.48,49240.12
2026-07-06,P007,Smartphones,3970.15,3981.2780119334884,3990.1266666666666,5,21,3265.26,4179.11
2026-07-06,P020,Smart Watches,16155.02,16086.607926343282,17314.84,5,7,12357.94,17005.28
2026-07-07,P010,Smart Watches,34869.46,33936.119125861376,34242.23333333333,0,15,28614.83,34869.46
2026-07-07,P011,Running Shoes,2601.47,2582.4922136680784,2626.2433333333333,0,17,1802.8,2601.47
2026-07-07,P015,Smart Watches,12834.64,12462.951911165781,12613.74,0,15,8091.17,12834.64
2026-07-07,P001,Running Shoes,19165.94,20539.233187992777,21492.61333333333,15,12,15607.06,22548.16
2026-07-07,P005,Smart Watches,9794.13,9526.627745505666,9568.293333333333,0,15,7084.73,9794.13
2026-07-07,P009,Laptops,33368.24,33292.42644678571,35150.37,5,23,24443.49,35124.46
2026-07-07,P013,Headphones,41029.1,40041.591857307045,43334.21333333333,0,18,33465.26,41029.1
2026-07-07,P020,Smart Watches,17005.28,16484.329763506194,16933.056666666667,0,5,12357.94,17005.28
2026-07-07,P018,Headphones,25267.37,25353.554722384946,25733.806666666667,5,10,21465.5,26597.23
2026-07-07,P002,Smartphones,43036.27,43309.87889250614,48199.61000000001,10,2,38077.86,47818.08
2026-07-07,P007,Smartphones,4179.11,4140.946971249992,3732.82,0,15,3265.26,4179.11
2026-07-07,P017,Smartphones,15305.53,16085.314205418235,16473.5,10,7,12865.45,17006.14
2026-07-07,P003,Headphones,35019.18,35640.13447132059,41262.75666666667,10,13,29547.76,38910.2
2026-07-07,P014,Laptops,14660.21,14265.066928294254,15151.393333333333,0,17,9281.23,14660.21
2026-07-07,P012,Smartphones,41854.1,45475.8140978227,47383.869999999995,15,12,38826.48,49240.12
2026-07-07,P006,Running Shoes,9652.82,10060.61010370007,10522.050000000001,10,19,7083.79,10725.36
2026-07-07,P004,Laptops,32785.24,32027.246814191913,32687.14,0,9,24347.68,32785.24
2026-07-07,P019,Laptops,26299.32,25246.34908552157,25830.506666666668,0,19,17845.86,26299.32
2026-07-07,P016,Running Shoes,12419.61,11899.684481160077,11497.226666666667,0,7,8152.78,12419.61
2026-07-07,P008,Headphones,48891.25,47116.63618238928,46625.61000000001,0,31,34780.87,48891.25
2026-07-08,P008,Headphones,46446.69,47233.07627248819,49460.670000000006,5,21,34780.87,48891.25
2026-07-08,P006,Running Shoes,10725.36,10511.51915920928,9991.613333333333,0,19,7083.79,10725.36
2026-07-08,P010,Smart Watches,29639.04,31571.564627850774,33719.87333333334,15,21,28614.83,34869.46
2026-07-08,P009,Laptops,35124.46,33311.90832604779,34952.89666666667,0,22,24443.49,35124.46
2026-07-08,P014,Laptops,14660.21,14445.712360135052,13901.49,0,18,9281.23,14660.21
2026-07-08,P015,Smart Watches,12834.64,12501.891966814173,12111.833333333334,0,11,8091.17,12834.64
2026-07-08,P018,Headphones,26597.23,26321.98609803362,26043.323333333334,0,13,21465.5,26597.23
2026-07-08,P013,Headphones,38977.64,39435.37153369869,39956.39666666667,5,14,33465.26,41029.1
2026-07-08,P004,Laptops,32785.24,32190.54889294515,32958.88333333333,0,13,24347.68,32785.24
2026-07-08,P019,Laptops,26299.32,26052.28890043348,26426.763333333336,0,17,17845.86,26299.32
2026-07-08,P012,Smartphones,49240.12,47854.12059710427,49085.59333333333,0,14,38826.48,49240.12
2026-07-08,P003,Headphones,38910.2,38711.658466406785,37135.18,0,14,29547.76,38910.2
2026-07-08,P002,Smartphones,47818.08,47244.604124945196,43949.98333333334,0,5,38077.86,47818.08
2026-07-08,P011,Running Shoes,2601.47,2536.7664746632245,2395.19,0,30,1802.8,2601.47
2026-07-08,P017,Smartphones,16155.83,16020.776525881733,16535.58,5,4,12865.45,17006.14
2026-07-08,P001,Running Shoes,20293.34,20742.319491136346,23169.039999999997,10,8,15607.06,22548.16
2026-07-08,P005,Smart Watches,9794.13,9488.355719442367,9188.593333333332,0,25,7084.73,9794.13
2026-07-08,P020,Smart Watches,15304.75,15932.605561601311,16646.24,10,6,12357.94,17005.28
2026-07-08,P007,Smartphones,3970.15,4005.4943889881038,4491.106666666667,5,28,3265.26,4179.11
2026-07-08,P016,Running Shoes,11177.65,11338.090833212473,10889.456666666667,10,7,8152.78,12419.61
2026-07-09,P018,Headphones,23937.51,24682.097137718414,25171.343333333334,10,8,21465.5,26597.23
2026-07-09,P016,Running Shoes,11177.65,11376.308158276595,12374.493333333332,10,19,8152.78,12419.61
2026-07-09,P017,Smartphones,15305.53,16036.983279581147,16144.903333333334,10,6,12865.45,17006.14
2026-07-09,P019,Laptops,26299.32,25080.28076953841,25247.12,0,21,17845.86,26299.32
2026-07-09,P020,Smart Watches,17005.28,16357.274885645527,16052.303333333335,0,4,12357.94,17005.28
2026-07-09,P010,Smart Watches,33125.99,32649.80099120798,35053.67333333333,5,24,28614.83,34869.46
2026-07-09,P006,Running Shoes,10725.36,10435.009477669853,10987.163333333332,0,23,7083.79,10725.36
2026-07-09,P011,Running Shoes,2341.32,2419.992639835084,2273.8433333333337,10,19,1802.8,2601.47
2026-07-09,P015,Smart Watches,12834.64,12513.710562894079,11692.386666666665,0,7,8091.17,12834.64
2026-07-09,P007,Smartphones,4179.11,4131.747607217517,4049.8233333333333,0,21,3265.26,4179.11
2026-07-09,P005,Smart Watches,8325.01,8916.437632952662,9465.173333333332,15,19,7084.73,9794.13
2026-07-09,P012,Smartphones,46778.11,46656.14118435629,49261.136666666665,5,14,38826.48,49240.12
2026-07-09,P002,Smartphones,47818.08,47117.536164370395,44503.98333333334,0,4,38077.86,47818.08
2026-07-09,P013,Headphones,41029.1,40622.154111281096,39932.46666666667,0,16,33465.26,41029.1
2026-07-09,P003,Headphones,38910.2,38615.526276225166,37353.04666666667,0,14,29547.76,38910.2
2026-07-09,P009,Laptops,29855.79,32455.17578829787,35019.916666666664,15,24,24443.49,35124.46
2026-07-09,P004,Laptops,29506.72,30319.436938293173,35267.723333333335,10,8,24347.68,32785.24
2026-07-09,P008,Headphones,48891.25,47722.52474374078,47923.42999999999,0,21,34780.87,48891.25
2026-07-09,P014,Laptops,14660.21,14375.41567836001,13990.203333333333,0,22,9281.23,14660.21
2026-07-09,P001,Running Shoes,22548.16,21995.447018036535,21324.793333333335,0,10,15607.06,22548.16
2026-07-10,P020,Smart Watches,16155.02,16032.310566574251,16848.706666666665,5,11,12357.94,17005.28
2026-07-10,P016,Running Shoes,10556.67,11322.209725559764,12018.730000000001,15,13,8152.78,12419.61
2026-07-10,P019,Laptops,22354.42,23769.674393603633,25417.99666666667,15,23,17845.86,26299.32
2026-07-10,P004,Laptops,32785.24,32023.680921176587,29550.22,0,14,24347.68,32785.24
2026-07-10,P005,Smart Watches,9794.13,9417.374726803235,9760.203333333333,0,16,7084.73,9794.13
2026-07-10,P011,Running Shoes,2601.47,2557.1589080512235,2293.3033333333333,0,13,1802.8,2601.47
2026-07-10,P014,Laptops,13927.2,13951.343309755692,14285.143333333333,5,23,9281.23,14660.21
2026-07-10,P017,Smartphones,15305.53,15906.480192630657,16722.743333333332,10,12,12865.45,17006.14
2026-07-10,P013,Headphones,38977.64,39462.543328622545,38880.456666666665,5,16,33465.26,41029.1
2026-07-10,P012,Smartphones,46778.11,46686.091797510504,49058.71,5,18,38826.48,49240.12
2026-07-10,P002,Smartphones,45427.18,45220.64591166227,50769.07666666667,5,4,38077.86,47818.08
2026-07-10,P006,Running Shoes,10725.36,10461.500968853092,11477.553333333335,0,18,7083.79,10725.36
2026-07-10,P001,Running Shoes,22548.16,21885.212443798453,22441.49,0,11,15607.06,22548.16
2026-07-10,P008,Headphones,46446.69,46621.72784943906,52393.89666666667,5,26,34780.87,48891.25
2026-07-10,P018,Headphones,26597.23,25823.69740836014,26934.943333333333,0,4,21465.5,26597.23
2026-07-10,P009,Laptops,35124.46,33684.29477746264,33392.54,0,21,24443.49,35124.46
2026-07-10,P010,Smart Watches,34869.46,33958.626986013245,34814.26,0,12,28614.83,34869.46
2026-07-10,P003,Headphones,35019.18,35438.499205579756,39744.20333333333,10,11,29547.76,38910.2
2026-07-10,P007,Smartphones,3970.15,4024.967160821653,4337.046666666666,5,25,3265.26,4179.11
2026-07-10,P015,Smart Watches,11551.18,12062.977625701342,12023.046666666667,10,9,8091.17,12834.64
2026-07-11,P012,Smartphones,49240.12,47425.97570167428,46450.13333333333,0,8,38826.48,49240.12
2026-07-11,P007,Smartphones,4179.11,4133.728565238089,4275.12,0,24,3265.26,4179.11
2026-07-11,P019,Laptops,22354.42,23956.707554566972,25123.61333333333,15,30,17845.86,26299.32
2026-07-11,P017,Smartphones,17006.14,16491.82782110814,16592.756666666668,0,10,12865.45,17006.14
2026-07-11,P009,Laptops,33368.24,32849.20688485262,36110.450000000004,5,22,24443.49,35124.46
2026-07-11,P013,Headphones,41029.1,40368.916028999454,41691.53,0,17,33465.26,41029.1
2026-07-11,P006,Running Shoes,9652.82,10091.798446686174,10722.176666666666,10,28,7083.79,10725.36
2026-07-11,P004,Laptops,31145.98,31358.570454418874,31378.653333333332,5,13,24347.68,32785.24
2026-07-11,P018,Headphones,25267.37,24699.3433506785,25098.083333333332,5,13,21465.5,26597.23
2026-07-11,P005,Smart Watches,8814.72,9000.223769696557,9233.16,10,11,7084.73,9794.13
2026-07-11,P011,Running Shoes,2341.32,2399.6419533404865,2542.5,10,27,1802.8,2601.47
2026-07-11,P014,Laptops,13194.19,13604.806880257433,14636.15,10,19,9281.23,14660.21
2026-07-11,P010,Smart Watches,33125.99,32948.75026099593,33737.35,5,20,28614.83,34869.46
2026-07-11,P020,Smart Watches,17005.28,16612.97099782649,16376.373333333335,0,14,12357.94,17005.28
2026-07-11,P008,Headphones,44002.12,45927.58963819896,48818.25,10,36,34780.87,48891.25
2026-07-11,P016,Running Shoes,11177.65,11309.715888583234,12167.856666666667,10,14,8152.78,12419.61
2026-07-11,P015,Smart Watches,12192.91,12247.017677706312,11930.293333333335,5,11,8091.17,12834.64
2026-07-11,P001,Running Shoes,22548.16,22159.567007532958,21027.083333333332,0,9,15607.06,22548.16
2026-07-11,P002,Smartphones,47818.08,46684.3336127753,49954.99333333334,0,9,38077.86,47818.08
2026-07-11,P003,Headphones,38910.2,38708.259775217484,37313.03333333333,0,12,29547.76,38910.2
2026-07-12,P003,Headphones,35019.18,38364.234743775654,36571.293333333335,10,15,29547.76,38910.2
2026-07-12,P018,Headphones,26597.23,25429.05802408524,27595.043333333335,0,10,21465.5,26597.23
2026-07-12,P008,Headphones,44002.12,47019.98856585833,47260.94333333333,10,25,34780.87,48891.25
2026-07-12,P011,Running Shoes,2471.4,2473.6815052058337,2532.3433333333337,5,32,1802.8,2601.47
2026-07-12,P013,Headphones,41029.1,39513.301323463806,39056.13,0,14,33465.26,41029.1
2026-07-12,P004,Laptops,29506.72,30958.338458919865,32638.673333333336,10,15,24347.68,32785.24
2026-07-12,P002,Smartphones,47818.08,45310.26653531677,47918.43666666667,0,3,38077.86,47818.08
2026-07-12,P019,Laptops,23669.39,24827.61654945446,25648.713333333333,10,20,17845.86,26299.32
2026-07-12,P001,Running Shoes,21420.75,21961.88606334731,20798.87,5,9,15607.06,22548.16
2026-07-12,P017,Smartphones,14455.22,15914.919015277434,16283.736666666666,15,7,12865.45,17006.14
2026-07-12,P012,Smartphones,49240.12,46311.17186013554,47445.15666666667,0,16,38826.48,49240.12
2026-07-12,P007,Smartphones,3552.24,4063.3370379684925,3911.4666666666667,15,28,3265.26,4179.11
2026-07-12,P014,Laptops,13927.2,14093.587168142227,14017.676666666666,5,19,9281.23,14660.21
2026-07-12,P006,Running Shoes,10189.09,10194.104818712229,9713.946666666667,5,25,7083.79,10725.36
2026-07-12,P020,Smart Watches,15304.75,15957.746905965914,17485.706666666665,10,8,12357.94,17005.28
2026-07-12,P016,Running Shoes,11798.63,11503.34842034171,11673.006666666668,5,12,8152.78,12419.61
2026-07-12,P015,Smart Watches,12834.64,12204.524507732565,12061.686666666666,0,21,8091.17,12834.64
2026-07-12,P010,Smart Watches,34869.46,33614.563742007376,36444.24333333333,0,20,28614.83,34869.46
2026-07-12,P005,Smart Watches,9794.13,9104.29764608933,9778.613333333333,0,16,7084.73,9794.13
2026-07-12,P009,Laptops,35124.46,32891.04627469181,34611.513333333336,0,24,24443.49,35124.46
2026-07-13,P012,Smartphones,49240.12,47011.0229738314,49583.42333333333,0,14,38826.48,49240.12
2026-07-13,P005,Smart Watches,9794.13,9413.881925543003,8916.17,0,15,7084.73,9794.13
2026-07-13,P011,Running Shoes,2601.47,2526.542879185959,2471.9900000000002,0,18,1802.8,2601.47
2026-07-13,P002,Smartphones,40645.37,45320.29404781509,45822.193333333336,15,3,38077.86,47818.08
2026-07-13,P017,Smartphones,16155.83,16106.069540030006,18045.943333333333,5,5,12865.45,17006.14
2026-07-13,P007,Smartphones,3970.15,4024.16524574803,3987.943333333333,5,17,3265.26,4179.11
2026-07-13,P006,Running Shoes,10725.36,10181.190030927106,10485.99,0,23,7083.79,10725.36
2026-07-13,P015,Smart Watches,12834.64,12079.399022192509,13355.426666666666,0,14,8091.17,12834.64
2026-07-13,P009,Laptops,35124.46,33308.4950578595,35199.35333333333,0,26,24443.49,35124.46
2026-07-13,P019,Laptops,24984.35,24355.029072635392,25135.023333333334,5,17,17845.86,26299.32
2026-07-13,P010,Smart Watches,33125.99,33172.39185879705,31642.016666666666,5,16,28614.83,34869.46
2026-07-13,P004,Laptops,32785.24,31558.902377612092,30840.47,0,16,24347.68,32785.24
2026-07-13,P003,Headphones,38910.2,37245.60487089902,39611.80666666667,0,13,29547.76,38910.2
2026-07-13,P001,Running Shoes,22548.16,21927.456340690704,20625.263333333332,0,10,15607.06,22548.16
2026-07-13,P018,Headphones,26597.23,25787.560176523366,27217.47333333333,0,9,21465.5,26597.23
2026-07-13,P020,Smart Watches,17005.28,16009.101884938562,17317.02,0,6,12357.94,17005.28
2026-07-13,P014,Laptops,14660.21,13903.495015271612,14440.449999999999,0,13,9281.23,14660.21
2026-07-13,P008,Headphones,41557.56,46852.50293174414,49291.11666666667,15,25,34780.87,48891.25
2026-07-13,P013,Headphones,38977.64,40010.21117383771,40716.793333333335,5,19,33465.26,41029.1
2026-07-13,P016,Running Shoes,11798.63,11488.52939617929,12102.44,5,12,8152.78,12419.61
2026-07-14,P001,Running Shoes,21420.75,21405.056810056605,22803.87,5,7,15607.06,22548.16
2026-07-14,P002,Smartphones,45427.18,45149.18624315334,49559.28666666666,5,5,38077.86,47818.08
2026-07-14,P020,Smart Watches,17005.28,16212.621132408027,16462.696666666667,0,4,12357.94,17005.28
2026-07-14,P017,Smartphones,17006.14,16150.221350915439,16541.28,0,7,12865.45,17006.14
2026-07-14,P008,Headphones,48891.25,46189.10413316468,44306.0,0,20,34780.87,48891.25
2026-07-14,P007,Smartphones,3970.15,4008.027470289164,4043.403333333333,5,25,3265.26,4179.11
2026-07-14,P011,Running Shoes,2211.25,2538.3854444472418,2535.0433333333335,15,19,1802.8,2601.47
2026-07-14,P014,Laptops,13194.19,14042.712030090199,14899.93,10,30,9281.23,14660.21
2026-07-14,P006,Running Shoes,10725.36,10120.7292339552,10876.423333333334,0,17,7083.79,10725.36
2026-07-14,P003,Headphones,36964.69,36247.4119409749,39197.31,5,10,29547.76,38910.2
2026-07-14,P015,Smart Watches,12192.91,12367.785044155153,12248.603333333333,5,15,8091.17,12834.64
2026-07-14,P005,Smart Watches,9794.13,9452.245563601771,9816.086666666668,0,16,7084.73,9794.13
2026-07-14,P009,Laptops,35124.46,32830.889273712266,34052.80333333334,0,14,24443.49,35124.46
2026-07-14,P004,Laptops,29506.72,31509.181351519055,31145.86,10,17,24347.68,32785.24
2026-07-14,P013,Headphones,38977.64,39748.57882876689,39373.16333333333,5,10,33465.26,41029.1
2026-07-14,P019,Laptops,23669.39,25144.48451960942,27799.906666666666,10,26,17845.86,26299.32
2026-07-14,P018,Headphones,26597.23,24972.769317945967,25732.153333333332,0,10,21465.5,26597.23
2026-07-14,P012,Smartphones,46778.11,46576.9293349539,47258.18333333333,5,19,38826.48,49240.12
2026-07-14,P010,Smart Watches,34869.46,32581.73664803474,31743.00333333333,0,9,28614.83,34869.46
2026-07-14,P016,Running Shoes,11177.65,11585.969871678844,12035.486666666666,10,12,8152.78,12419.61
2026-07-15,P007,Smartphones,3761.2,4023.9914874980145,4102.096666666666,10,29,3265.26,4179.11
2026-07-15,P012,Smartphones,46778.11,46799.26816933516,45983.40333333333,5,14,38826.48,49240.12
2026-07-15,P020,Smart Watches,17005.28,16074.478048821056,16995.076666666664,0,4,12357.94,17005.28
2026-07-15,P005,Smart Watches,9304.42,9384.161270125463,9629.763333333334,5,15,7084.73,9794.13
2026-07-15,P013,Headphones,41029.1,38343.171559429305,40285.213333333326,0,19,33465.26,41029.1
2026-07-15,P001,Running Shoes,21420.75,21712.28398831245,20666.433333333334,5,11,15607.06,22548.16
2026-07-15,P014,Laptops,14660.21,13814.752282880137,13628.89,0,17,9281.23,14660.21
2026-07-15,P017,Smartphones,16155.83,15948.348209995685,16715.653333333332,5,7,12865.45,17006.14
2026-07-15,P006,Running Shoes,10725.36,10056.154398705597,10310.33,0,21,7083.79,10725.36
2026-07-15,P002,Smartphones,45427.18,44858.82770086449,49095.68,5,4,38077.86,47818.08
2026-07-15,P008,Headphones,41557.56,46761.20263598799,48104.253333333334,15,36,34780.87,48891.25
2026-07-15,P003,Headphones,38910.2,37113.53955150931,37593.35333333333,0,12,29547.76,38910.2
2026-07-15,P018,Headphones,26597.23,25530.568302842017,26768.006666666668,0,11,21465.5,26597.23
2026-07-15,P009,Laptops,33368.24,32762.70906199959,34406.95333333334,5,28,24443.49,35124.46
2026-07-15,P019,Laptops,23669.39,25448.608567359526,25990.819999999996,10,27,17845.86,26299.32
2026-07-15,P016,Running Shoes,12419.61,11385.370617547711,11504.996666666666,0,9,8152.78,12419.61
2026-07-15,P004,Laptops,31145.98,31784.16680003247,30023.066666666666,5,11,24347.68,32785.24
2026-07-15,P011,Running Shoes,2341.32,2537.867557580123,2621.9466666666667,10,17,1802.8,2601.47
2026-07-15,P010,Smart Watches,29639.04,32824.58175643528,33296.43666666667,15,19,28614.83,34869.46
2026-07-15,P015,Smart Watches,12834.64,12446.374123341862,12522.39,0,18,8091.17,12834.64
2026-07-16,P015,Smart Watches,11551.18,12424.181355804429,11614.21,10,16,8091.17,12834.64
2026-07-16,P002,Smartphones,45427.18,44631.64118380452,42701.746666666666,5,5,38077.86,47818.08
2026-07-16,P012,Smartphones,49240.12,46863.46767128606,47821.243333333325,0,13,38826.48,49240.12
2026-07-16,P010,Smart Watches,34869.46,32760.31185329045,34292.84333333333,0,10,28614.83,34869.46
2026-07-16,P006,Running Shoes,10725.36,10149.668395561364,11086.279999999999,0,18,7083.79,10725.36
2026-07-16,P019,Laptops,26299.32,24640.030330172856,23483.820000000003,0,16,17845.86,26299.32
2026-07-16,P005,Smart Watches,9794.13,9196.674355923915,9464.226666666667,0,22,7084.73,9794.13
2026-07-16,P011,Running Shoes,2601.47,2502.187672212436,2509.02,0,24,1802.8,2601.47
2026-07-16,P004,Laptops,32785.24,31787.381887877666,31448.61333333333,0,14,24347.68,32785.24
2026-07-16,P013,Headphones,41029.1,37894.07786753417,41735.236666666664,0,14,33465.26,41029.1
2026-07-16,P018,Headphones,26597.23,25454.01598668863,26761.38666666667,0,13,21465.5,26597.23
2026-07-16,P016,Running Shoes,11798.63,11426.627471581229,11850.246666666668,5,9,8152.78,12419.61
2026-07-16,P001,Running Shoes,19165.94,21432.347681399155,23361.89,15,8,15607.06,22548.16
2026-07-16,P009,Laptops,35124.46,32230.347480464825,34864.62666666667,0,20,24443.49,35124.46
2026-07-16,P008,Headphones,48891.25,46846.363767537354,45164.369999999995,0,14,34780.87,48891.25
2026-07-16,P003,Headphones,36964.69,36432.69244067297,38292.48666666667,5,5,29547.76,38910.2
2026-07-16,P020,Smart Watches,14454.49,16200.857081791235,15042.193333333335,15,5,12357.94,17005.28
2026-07-16,P014,Laptops,14660.21,13907.012570749643,14367.696666666665,0,20,9281.23,14660.21
2026-07-16,P017,Smartphones,17006.14,16147.584936473218,16440.653333333332,0,7,12865.45,17006.14
2026-07-16,P007,Smartphones,3761.2,4002.7600866051566,4039.286666666667,10,30,3265.26,4179.11
2026-07-17,P001,Running Shoes,20293.34,21729.82464051268,23769.243333333332,10,5,15607.06,22548.16
2026-07-17,P018,Headphones,25267.37,24885.1344467761,24993.833333333332,5,4,21465.5,26597.23
2026-07-17,P007,Smartphones,3970.15,4039.9468324516506,4071.4666666666667,5,19,3265.26,4179.11
2026-07-17,P015,Smart Watches,10909.44,12289.769218000849,12328.986666666666,15,12,8091.17,12834.64
2026-07-17,P009,Laptops,35124.46,32877.44695918569,32205.266666666666,0,30,24443.49,35124.46
2026-07-17,P008,Headphones,48891.25,46869.31310482713,47658.93,0,22,34780.87,48891.25
2026-07-17,P014,Laptops,14660.21,14105.663044829853,14424.453333333333,0,15,9281.23,14660.21
2026-07-17,P004,Laptops,29506.72,31148.901201287455,34508.73,10,11,24347.68,32785.24
2026-07-17,P002,Smartphones,40645.37,45266.75776208517,46126.950000000004,15,9,38077.86,47818.08
2026-07-17,P006,Running Shoes,9116.56,10165.42469939432,10240.06,15,16,7083.79,10725.36
2026-07-17,P003,Headphones,36964.69,36862.1127038717,41500.86666666667,5,12,29547.76,38910.2
2026-07-17,P012,Smartphones,49240.12,46749.43786034986,47843.44,0,12,38826.48,49240.12
2026-07-17,P005,Smart Watches,9794.13,9110.49062834461,9528.533333333333,0,17,7084.73,9794.13
2026-07-17,P017,Smartphones,17006.14,16063.307814338195,16131.506666666668,0,10,12865.45,17006.14
2026-07-17,P016,Running Shoes,12419.61,11351.700364811288,12102.43,0,11,8152.78,12419.61
2026-07-17,P010,Smart Watches,31382.51,33095.77785654153,34969.50666666667,10,15,28614.83,34869.46
2026-07-17,P013,Headphones,41029.1,40324.10754314129,40300.49333333334,0,14,33465.26,41029.1
2026-07-17,P020,Smart Watches,16155.02,16250.420743333048,16378.31,5,7,12357.94,17005.28
2026-07-17,P019,Laptops,26299.32,24770.759715556815,27059.89,0,16,17845.86,26299.32
2026-07-17,P011,Running Shoes,2341.32,2488.5573810416645,2669.9666666666667,10,20,1802.8,2601.47
2026-07-18,P018,Headphones,26597.23,25376.38412248742,26768.61,0,6,21465.5,26597.23
2026-07-18,P012,Smartphones,49240.12,46789.21724850058,48064.950000000004,0,9,38826.48,49240.12
2026-07-18,P010,Smart Watches,34869.46,34120.71428532327,36447.25666666666,0,18,28614.83,34869.46
2026-07-18,P016,Running Shoes,12419.61,11640.551143285022,11515.12,0,11,8152.78,12419.61
2026-07-18,P008,Headphones,48891.25,46911.48589794174,45615.10333333333,0,20,34780.87,48891.25
2026-07-18,P003,Headphones,36964.69,36683.26416352353,38342.52,5,17,29547.76,38910.2
2026-07-18,P002,Smartphones,47818.08,45020.3406370797,46937.15,0,9,38077.86,47818.08
2026-07-18,P019,Laptops,24984.35,24793.900877123764,26476.63333333333,5,32,17845.86,26299.32
2026-07-18,P013,Headphones,41029.1,39673.474935776416,40815.01666666666,0,18,33465.26,41029.1
2026-07-18,P020,Smart Watches,17005.28,16288.808654857678,16643.86666666667,0,9,12357.94,17005.28
2026-07-18,P017,Smartphones,16155.83,16410.102049279012,16111.093333333332,5,5,12865.45,17006.14
2026-07-18,P014,Laptops,14660.21,14071.817015783194,14936.15,0,19,9281.23,14660.21
2026-07-18,P011,Running Shoes,2341.32,2519.372860124038,2519.3799999999997,10,15,1802.8,2601.47
2026-07-18,P009,Laptops,29855.79,33544.850280362974,35055.7,15,31,24443.49,35124.46
2026-07-18,P015,Smart Watches,12834.64,12144.024532149451,12347.9,0,13,8091.17,12834.64
2026-07-18,P006,Running Shoes,10725.36,10005.930022096121,10221.77,0,16,7083.79,10725.36
2026-07-18,P007,Smartphones,4179.11,3947.3482485733384,3946.66,0,30,3265.26,4179.11
2026-07-18,P004,Laptops,31145.98,31472.21516732705,30556.806666666667,5,14,24347.68,32785.24
2026-07-18,P001,Running Shoes,22548.16,21523.395232000654,22651.586666666666,0,7,15607.06,22548.16
2026-07-18,P005,Smart Watches,9794.13,8920.622654744691,8535.176666666666,0,21,7084.73,9794.13
2026-07-19,P002,Smartphones,45427.18,45119.51919777298,47640.90333333333,5,7,38077.86,47818.08
2026-07-19,P006,Running Shoes,9652.82,10362.732063311994,11245.92,10,36,7083.79,10725.36
2026-07-19,P004,Laptops,32785.24,31068.641525812276,31713.95,0,13,24347.68,32785.24
2026-07-19,P003,Headphones,35019.18,36724.197227356286,38003.74333333334,10,14,29547.76,38910.2
2026-07-19,P007,Smartphones,4179.11,4078.538220275138,4215.04,0,21,3265.26,4179.11
2026-07-19,P018,Headphones,25267.37,24552.293078636085,24199.273333333334,5,7,21465.5,26597.23
2026-07-19,P019,Laptops,23669.39,24230.29082010838,25613.103333333333,10,28,17845.86,26299.32
2026-07-19,P005,Smart Watches,8814.72,8788.560321676867,8840.93,10,21,7084.73,9794.13
2026-07-19,P001,Running Shoes,19165.94,21692.23495131942,20341.606666666667,15,7,15607.06,22548.16
2026-07-19,P010,Smart Watches,29639.04,33681.37195112118,33567.84333333333,15,21,28614.83,34869.46
2026-07-19,P020,Smart Watches,15304.75,16409.33903637253,16629.31,10,9,12357.94,17005.28
2026-07-19,P008,Headphones,41557.56,45894.651473660626,45851.1,15,29,34780.87,48891.25
2026-07-19,P012,Smartphones,46778.11,46150.911212837316,48104.36000000001,5,15,38826.48,49240.12
2026-07-19,P013,Headphones,41029.1,39406.73971806411,37498.00666666667,0,15,33465.26,41029.1
2026-07-19,P017,Smartphones,17006.14,16166.425469267875,17535.516666666666,0,4,12865.45,17006.14
2026-07-19,P016,Running Shoes,12419.61,11538.442800405817,11280.673333333334,0,12,8152.78,12419.61
2026-07-19,P014,Laptops,14660.21,14049.75875363996,15388.783333333333,0,18,9281.23,14660.21
2026-07-19,P009,Laptops,35124.46,33124.36895092173,33183.36666666667,0,24,24443.49,35124.46
2026-07-19,P011,Running Shoes,2601.47,2487.9184239024153,2549.17,0,21,1802.8,2601.47
2026-07-19,P015,Smart Watches,12834.64,12370.53851012162,13261.643333333333,0,14,8091.17,12834.64
2026-07-20,P003,Headphones,38910.2,37357.38809375489,36705.19333333333,0,9,29547.76,38910.2
2026-07-20,P006,Running Shoes,10189.09,10132.344613287521,10789.63,5,17,7083.79,10725.36
2026-07-20,P013,Headphones,41029.1,39274.68787544718,39506.69666666666,0,9,33465.26,41029.1
2026-07-20,P019,Laptops,22354.42,25026.666445876974,25051.61333333333,15,24,17845.86,26299.32
2026-07-20,P007,Smartphones,3761.2,4023.340273260332,3854.9033333333336,10,30,3265.26,4179.11
2026-07-20,P009,Laptops,35124.46,33468.02615832028,33499.333333333336,0,22,24443.49,35124.46
2026-07-20,P002,Smartphones,47818.08,46211.42614386199,45344.66333333333,0,4,38077.86,47818.08
2026-07-20,P016,Running Shoes,12419.61,11490.239568709969,12197.58,0,13,8152.78,12419.61
2026-07-20,P015,Smart Watches,11551.18,12447.827725402845,12424.423333333334,10,17,8091.17,12834.64
2026-07-20,P014,Laptops,13927.2,13910.33055877876,14018.63,5,20,9281.23,14660.21
2026-07-20,P012,Smartphones,49240.12,46866.63952940785,47317.16333333333,0,15,38826.48,49240.12
2026-07-20,P008,Headphones,44002.12,46143.766557965304,43829.01333333333,10,22,34780.87,48891.25
2026-07-20,P018,Headphones,25267.37,25237.957483636714,24740.55,5,8,21465.5,26597.23
2026-07-20,P017,Smartphones,15305.53,16215.438615548044,16826.516666666666,10,8,12865.45,17006.14
2026-07-20,P011,Running Shoes,2601.47,2533.84295896743,2546.78,0,14,1802.8,2601.47
2026-07-20,P005,Smart Watches,9794.13,9449.315310901733,9374.409999999998,0,20,7084.73,9794.13
2026-07-20,P010,Smart Watches,34869.46,33605.95163505384,33329.07,0,16,28614.83,34869.46
2026-07-20,P020,Smart Watches,17005.28,16278.312995466713,15357.583333333334,0,6,12357.94,17005.28
2026-07-20,P001,Running Shoes,22548.16,21676.723025313262,23372.786666666667,0,6,15607.06,22548.16
2026-07-20,P004,Laptops,32785.24,31663.982311008825,30894.783333333336,0,11,24347.68,32785.24
2026-07-21,P012,Smartphones,49240.12,47492.36111743681,48031.24,0,24,38826.48,49240.12
2026-07-21,P004,Laptops,27867.45,31983.09134700766,31597.333333333332,15,14,24347.68,32785.24
2026-07-21,P005,Smart Watches,9304.42,9329.465908488439,10112.730000000001,5,14,7084.73,9794.13
2026-07-21,P020,Smart Watches,15304.75,16259.530090311191,15811.223333333333,10,8,12357.94,17005.28
2026-07-21,P019,Laptops,23669.39,24387.682799054495,25078.496666666662,10,18,17845.86,26299.32
2026-07-21,P010,Smart Watches,33125.99,33779.956022036815,33848.316666666666,5,14,28614.83,34869.46
2026-07-21,P017,Smartphones,14455.22,16112.447625748531,16364.546666666667,15,7,12865.45,17006.14
2026-07-21,P006,Running Shoes,10725.36,10058.508764201399,10786.746666666666,0,20,7083.79,10725.36
2026-07-21,P013,Headphones,34874.74,39563.17188075791,39031.670000000006,15,19,33465.26,41029.1
2026-07-21,P003,Headphones,35019.18,36935.83619944949,38267.01666666666,10,15,29547.76,38910.2
2026-07-21,P011,Running Shoes,2601.47,2535.299643053261,2671.25,0,14,1802.8,2601.47
2026-07-21,P007,Smartphones,4179.11,3989.760931267514,3997.1566666666663,0,15,3265.26,4179.11
2026-07-21,P009,Laptops,35124.46,33733.45396588596,33254.89000000001,0,20,24443.49,35124.46
2026-07-21,P008,Headphones,48891.25,47152.075975492866,48961.71666666667,0,16,34780.87,48891.25
2026-07-21,P016,Running Shoes,12419.61,11544.682482918459,11693.996666666666,0,14,8152.78,12419.61
2026-07-21,P001,Running Shoes,20293.34,21848.67159150267,21034.693333333333,10,5,15607.06,22548.16
2026-07-21,P018,Headphones,25267.37,25636.337216866283,26115.016666666666,5,10,21465.5,26597.23
2026-07-21,P002,Smartphones,47818.08,44898.13057203021,46464.86666666667,0,7,38077.86,47818.08
2026-07-21,P014,Laptops,13927.2,14070.426509667635,14360.973333333333,5,11,9281.23,14660.21
2026-07-21,P015,Smart Watches,12834.64,12116.13058611712,13137.466666666667,0,14,8091.17,12834.64
2026-07-22,P018,Headphones,25267.37,24734.27072749743,23963.926666666666,5,11,21465.5,26597.23
2026-07-22,P020,Smart Watches,17005.28,16125.072181062582,16655.63666666667,0,9,12357.94,17005.28
2026-07-22,P011,Running Shoes,2211.25,2474.339287249281,2434.786666666667,15,20,1802.8,2601.47
2026-07-22,P005,Smart Watches,9304.42,9278.171375243954,9654.226666666667,5,15,7084.73,9794.13
2026-07-22,P001,Running Shoes,20293.34,21829.412631099032,21934.293333333335,10,9,15607.06,22548.16
2026-07-22,P017,Smartphones,17006.14,15979.096900693861,15984.769999999999,0,6,12865.45,17006.14
2026-07-22,P008,Headphones,48891.25,46515.65743796545,43967.04,0,25,34780.87,48891.25
2026-07-22,P014,Laptops,14660.21,14145.597143177181,14613.326666666666,0,18,9281.23,14660.21
2026-07-22,P004,Laptops,31145.98,31481.064501792112,32705.99,5,13,24347.68,32785.24
2026-07-22,P012,Smartphones,49240.12,47104.96028233583,47024.06,0,12,38826.48,49240.12
2026-07-22,P009,Laptops,33368.24,33195.40862372957,32561.92,5,32,24443.49,35124.46
2026-07-22,P007,Smartphones,4179.11,4087.5977132477196,3931.1800000000003,0,31,3265.26,4179.11
2026-07-22,P013,Headphones,41029.1,39367.36551820649,38942.18,0,17,33465.26,41029.1
2026-07-22,P016,Running Shoes,11798.63,11303.631450655115,12987.826666666666,5,8,8152.78,12419.61
2026-07-22,P002,Smartphones,45427.18,45622.90456591499,47716.98,5,5,38077.86,47818.08
2026-07-22,P006,Running Shoes,10725.36,10258.083101992426,10620.456666666667,0,16,7083.79,10725.36
2026-07-22,P015,Smart Watches,12834.64,12437.12258264007,12047.046666666667,0,15,8091.17,12834.64
2026-07-22,P019,Laptops,26299.32,25378.30640406528,24925.98,0,25,17845.86,26299.32
2026-07-22,P010,Smart Watches,34869.46,33111.899999979825,34970.85666666667,0,13,28614.83,34869.46
2026-07-22,P003,Headphones,38910.2,37355.47981311785,39557.03666666667,0,7,29547.76,38910.2
2026-07-23,P002,Smartphones,47818.08,44823.098972895794,50398.263333333336,0,4,38077.86,47818.08
2026-07-23,P004,Laptops,32785.24,30739.796756415464,30231.126666666667,0,9,24347.68,32785.24
2026-07-23,P012,Smartphones,49240.12,46059.00831915601,46865.06333333333,0,18,38826.48,49240.12
2026-07-23,P015,Smart Watches,12834.64,12129.125975253337,11413.223333333333,0,14,8091.17,12834.64
2026-07-23,P014,Laptops,14660.21,14045.938374137224,14309.693333333335,0,21,9281.23,14660.21
2026-07-23,P001,Running Shoes,22548.16,21746.64766596976,22960.303333333333,0,5,15607.06,22548.16
2026-07-23,P019,Laptops,24984.35,24278.840098226603,25134.319999999996,5,17,17845.86,26299.32
2026-07-23,P013,Headphones,38977.64,38479.239633448095,40549.0,5,19,33465.26,41029.1
2026-07-23,P003,Headphones,38910.2,35911.20170408465,40457.47,0,6,29547.76,38910.2
2026-07-23,P016,Running Shoes,12419.61,11563.745544300755,11849.226666666667,0,15,8152.78,12419.61
2026-07-23,P011,Running Shoes,2471.4,2544.348952310488,2516.4733333333334,5,19,1802.8,2601.47
2026-07-23,P017,Smartphones,14455.22,16272.443473722928,16912.876666666667,15,9,12865.45,17006.14
2026-07-23,P009,Laptops,35124.46,33589.91584056099,33193.08666666666,0,19,24443.49,35124.46
2026-07-23,P010,Smart Watches,34869.46,33670.782057147466,34217.543333333335,0,15,28614.83,34869.46
2026-07-23,P020,Smart Watches,14454.49,16311.349502873492,17314.013333333332,15,6,12357.94,17005.28
2026-07-23,P008,Headphones,48891.25,46182.04599997374,50302.35666666667,0,27,34780.87,48891.25
2026-07-23,P007,Smartphones,4179.11,4019.8296173855033,4230.54,0,16,3265.26,4179.11
2026-07-23,P018,Headphones,26597.23,24942.582834504617,24995.003333333338,0,11,21465.5,26597.23
2026-07-23,P006,Running Shoes,9652.82,10317.558432721282,11009.339999999998,10,18,7083.79,10725.36
2026-07-23,P005,Smart Watches,9304.42,9192.085691813156,9680.550000000001,5,8,7084.73,9794.13
2026-07-24,P010,Smart Watches,29639.04,33273.134433874475,33351.35,15,18,28614.83,34869.46
2026-07-24,P006,Running Shoes,10189.09,10113.896757411652,10866.076666666666,5,11,7083.79,10725.36
2026-07-24,P013,Headphones,41029.1,39250.133393912285,38301.28333333333,0,22,33465.26,41029.1
2026-07-24,P019,Laptops,23669.39,24950.82906829848,26505.47333333333,10,21,17845.86,26299.32
2026-07-24,P003,Headphones,36964.69,37321.58771492133,35501.316666666666,5,18,29547.76,38910.2
2026-07-24,P016,Running Shoes,11177.65,11436.88123221293,11985.206666666665,10,10,8152.78,12419.61
2026-07-24,P002,Smartphones,47818.08,44840.02891849255,49116.06333333333,0,2,38077.86,47818.08
2026-07-24,P009,Laptops,35124.46,33383.396040790496,35836.29666666666,0,23,24443.49,35124.46
2026-07-24,P012,Smartphones,46778.11,46914.94530813383,47555.18,5,10,38826.48,49240.12
2026-07-24,P018,Headphones,25267.37,24345.10838365437,23934.536666666667,5,7,21465.5,26597.23
2026-07-24,P007,Smartphones,3970.15,4005.746358037626,3966.9833333333336,5,26,3265.26,4179.11
2026-07-24,P014,Laptops,13194.19,14173.69141885533,14719.800000000001,10,18,9281.23,14660.21
2026-07-24,P004,Laptops,32785.24,31901.75442156168,32092.766666666666,0,7,24347.68,32785.24
2026-07-24,P005,Smart Watches,8814.72,9030.336483153906,10049.006666666666,10,21,7084.73,9794.13
2026-07-24,P015,Smart Watches,11551.18,12101.537611010435,12725.409999999998,10,11,8091.17,12834.64
2026-07-24,P008,Headphones,48891.25,46908.75098075198,47996.85999999999,0,28,34780.87,48891.25
2026-07-24,P020,Smart Watches,17005.28,16103.394463272934,16592.04333333333,0,7,12357.94,17005.28
2026-07-24,P011,Running Shoes,2471.4,2513.1282786554493,2374.72,5,22,1802.8,2601.47
2026-07-24,P017,Smartphones,15305.53,16202.761650775545,15744.053333333331,10,5,12865.45,17006.14
2026-07-24,P001,Running Shoes,22548.16,21427.215338590122,23460.960000000003,0,4,15607.06,22548.16
2026-07-25,P002,Smartphones,43036.27,44934.26140993533,46728.68,10,10,38077.86,47818.08
2026-07-25,P008,Headphones,48891.25,46534.549776690335,48826.21333333334,0,25,34780.87,48891.25
2026-07-25,P001,Running Shoes,20293.34,21939.36620255387,20508.466666666664,10,10,15607.06,22548.16
2026-07-25,P003,Headphones,38910.2,36800.180508757396,36513.14333333333,0,14,29547.76,38910.2
2026-07-25,P015,Smart Watches,12834.64,12389.777551183211,12573.616666666667,0,16,8091.17,12834.64
2026-07-25,P020,Smart Watches,14454.49,16469.660237814005,16076.92,15,6,12357.94,17005.28
2026-07-25,P007,Smartphones,4179.11,3941.7547505438984,3907.9466666666667,0,25,3265.26,4179.11
2026-07-25,P006,Running Shoes,9652.82,10358.562873698113,9965.226666666667,10,17,7083.79,10725.36
2026-07-25,P018,Headphones,25267.37,26098.819535853967,28058.85666666667,5,13,21465.5,26597.23
2026-07-25,P014,Laptops,14660.21,13593.058724420694,13825.273333333333,0,29,9281.23,14660.21
2026-07-25,P009,Laptops,35124.46,33066.80722690804,33502.35333333333,0,17,24443.49,35124.46
2026-07-25,P016,Running Shoes,12419.61,11485.817854803305,12445.473333333333,0,18,8152.78,12419.61
2026-07-25,P013,Headphones,38977.64,37306.96637449015,41570.363333333335,5,25,33465.26,41029.1
2026-07-25,P005,Smart Watches,9794.13,8891.639649496787,9835.766666666666,0,17,7084.73,9794.13
2026-07-25,P004,Laptops,27867.45,30862.14274807539,35028.46,15,12,24347.68,32785.24
2026-07-25,P019,Laptops,24984.35,25248.768070580725,26203.02666666667,5,31,17845.86,26299.32
2026-07-25,P011,Running Shoes,2471.4,2437.73697166796,2541.22,5,24,1802.8,2601.47
2026-07-25,P012,Smartphones,41854.1,46698.90691495568,48982.10333333333,15,15,38826.48,49240.12
2026-07-25,P010,Smart Watches,34869.46,33696.982076765315,34132.049999999996,0,15,28614.83,34869.46
2026-07-25,P017,Smartphones,17006.14,16484.88090671547,16262.473333333333,0,8,12865.45,17006.14
2026-07-26,P011,Running Shoes,2601.47,2406.5248818654254,2494.27,0,26,1802.8,2601.47
2026-07-26,P009,Laptops,35124.46,33317.83691836026,32943.28333333333,0,27,24443.49,35124.46
2026-07-26,P020,Smart Watches,14454.49,16247.670854666489,15582.163333333332,15,7,12357.94,17005.28
2026-07-26,P016,Running Shoes,12419.61,11329.797680048436,12577.833333333334,0,12,8152.78,12419.61
2026-07-26,P014,Laptops,14660.21,13964.104999589732,14430.246666666666,0,17,9281.23,14660.21
2026-07-26,P012,Smartphones,46778.11,46756.209255690716,46938.920000000006,5,24,38826.48,49240.12
2026-07-26,P008,Headphones,46446.69,46383.454652933935,48625.53333333333,5,32,34780.87,48891.25
2026-07-26,P018,Headphones,23937.51,24918.788257035943,24995.77666666667,10,8,21465.5,26597.23
2026-07-26,P001,Running Shoes,22548.16,21786.660471009418,21937.48,0,4,15607.06,22548.16
2026-07-26,P002,Smartphones,43036.27,45836.53746506256,44453.90666666667,10,6,38077.86,47818.08
2026-07-26,P017,Smartphones,14455.22,15835.48980355211,16730.256666666668,15,9,12865.45,17006.14
2026-07-26,P019,Laptops,23669.39,24827.09847827718,25391.996666666662,10,30,17845.86,26299.32
2026-07-26,P013,Headphones,38977.64,38075.48822227234,36873.933333333334,5,15,33465.26,41029.1
2026-07-26,P004,Laptops,32785.24,30754.250773451146,32468.093333333334,0,14,24347.68,32785.24
2026-07-26,P007,Smartphones,4179.11,4007.705304214285,4092.9066666666663,0,40,3265.26,4179.11
2026-07-26,P006,Running Shoes,10189.09,10036.544940536953,10746.660000000002,5,32,7083.79,10725.36
2026-07-26,P005,Smart Watches,8814.72,8899.257028072147,9987.86,10,18,7084.73,9794.13
2026-07-26,P010,Smart Watches,33125.99,33996.587904940534,36257.21666666667,5,21,28614.83,34869.46
2026-07-26,P003,Headphones,38910.2,38048.033899900256,38749.56333333333,0,12,29547.76,38910.2
2026-07-26,P015,Smart Watches,12834.64,12259.682430248358,12884.886666666667,0,21,8091.17,12834.64
2026-07-27,P014,Laptops,13927.2,13909.213999505604,13453.023333333333,5,12,9281.23,14660.21
2026-07-27,P008,Headphones,46446.69,47178.08122848607,46053.79,5,24,34780.87,48891.25
2026-07-27,P015,Smart Watches,11551.18,12401.326671822022,12566.12,10,11,8091.17,12834.64
2026-07-27,P011,Running Shoes,2601.47,2531.6557399037474,2593.22,0,24,1802.8,2601.47
2026-07-27,P020,Smart Watches,17005.28,16169.627920573328,14797.563333333334,0,8,12357.94,17005.28
2026-07-27,P004,Laptops,32785.24,31849.960880172952,32020.173333333336,0,11,24347.68,32785.24
2026-07-27,P007,Smartphones,3970.15,3965.128607052517,4341.75,5,24,3265.26,4179.11
2026-07-27,P005,Smart Watches,8814.72,9414.231527540418,10581.383333333333,10,17,7084.73,9794.13
2026-07-27,P001,Running Shoes,22548.16,21961.399599959772,23908.543333333335,0,10,15607.06,22548.16
2026-07-27,P019,Laptops,26299.32,25795.346041783658,25830.42333333333,0,18,17845.86,26299.32
2026-07-27,P018,Headphones,26597.23,25671.680550233184,25030.266666666666,0,9,21465.5,26597.23
2026-07-27,P016,Running Shoes,12419.61,11406.273586053792,12375.573333333334,0,10,8152.78,12419.61
2026-07-27,P003,Headphones,38910.2,36405.27774062615,41218.22,0,12,29547.76,38910.2
2026-07-27,P006,Running Shoes,10725.36,9747.868419474147,10152.516666666666,0,19,7083.79,10725.36
2026-07-27,P012,Smartphones,49240.12,47341.600069009975,46654.60666666667,0,12,38826.48,49240.12
2026-07-27,P002,Smartphones,45427.18,44791.52319136704,44659.21,5,7,38077.86,47818.08
2026-07-27,P009,Laptops,35124.46,33191.89918673031,31870.8,0,20,24443.49,35124.46
2026-07-27,P013,Headphones,36926.19,37134.47826518252,41626.48333333334,10,17,33465.26,41029.1
2026-07-27,P010,Smart Watches,34869.46,33829.38240149135,34425.68666666667,0,17,28614.83,34869.46
2026-07-27,P017,Smartphones,17006.14,16109.993879440513,16341.653333333334,0,7,12865.45,17006.14
2026-07-28,P003,Headphones,38910.2,38290.56407655944,37254.23333333333,0,10,29547.76,38910.2
2026-07-28,P004,Laptops,32785.24,31891.53149379582,30595.14333333333,0,8,24347.68,32785.24
2026-07-28,P007,Smartphones,3970.15,3939.441538873607,3954.9466666666667,5,28,3265.26,4179.11
2026-07-28,P006,Running Shoes,9652.82,9612.125298940333,9165.233333333334,10,23,7083.79,10725.36
2026-07-28,P009,Laptops,35124.46,33648.311368126975,35587.573333333334,0,26,24443.49,35124.46
2026-07-28,P020,Smart Watches,16155.02,16250.290703309423,16049.763333333334,5,7,12357.94,17005.28
2026-07-28,P014,Laptops,14660.21,13996.642026831956,14173.803333333335,0,13,9281.23,14660.21
2026-07-28,P008,Headphones,46446.69,46279.12989167289,48704.62333333333,5,20,34780.87,48891.25
2026-07-28,P016,Running Shoes,11798.63,11488.186748010123,11398.54,5,9,8152.78,12419.61
2026-07-28,P005,Smart Watches,9794.13,9399.254104384187,9442.216666666667,0,27,7084.73,9794.13
2026-07-28,P010,Smart Watches,33125.99,33699.70696799106,32487.543333333335,5,18,28614.83,34869.46
2026-07-28,P002,Smartphones,47818.08,45684.38605254028,46526.496666666666,0,7,38077.86,47818.08
2026-07-28,P001,Running Shoes,21420.75,21687.80564328526,22338.899999999998,5,10,15607.06,22548.16
2026-07-28,P012,Smartphones,49240.12,46430.447668887486,47945.01333333333,0,15,38826.48,49240.12
2026-07-28,P017,Smartphones,14455.22,16149.398520252318,16509.66,15,6,12865.45,17006.14
2026-07-28,P011,Running Shoes,2601.47,2521.1842865761146,2387.4,0,22,1802.8,2601.47
2026-07-28,P018,Headphones,26597.23,25238.114570884107,25594.77,0,6,21465.5,26597.23
2026-07-28,P019,Laptops,26299.32,24531.416840542606,27129.263333333336,0,20,17845.86,26299.32
2026-07-28,P013,Headphones,41029.1,38020.921383163615,40023.27,0,14,33465.26,41029.1
2026-07-28,P015,Smart Watches,10909.44,12427.424203278233,13213.813333333334,15,21,8091.17,12834.64
2026-07-29,P010,Smart Watches,31382.51,33619.92062300362,32927.403333333335,10,22,28614.83,34869.46
2026-07-29,P018,Headphones,23937.51,25813.90308697,26931.89333333333,10,7,21465.5,26597.23
2026-07-29,P001,Running Shoes,22548.16,21803.052285007612,20897.083333333332,0,8,15607.06,22548.16
2026-07-29,P002,Smartphones,43036.27,44462.410458378436,48485.70333333333,10,4,38077.86,47818.08
2026-07-29,P003,Headphones,38910.2,36704.254483921875,40788.32,0,9,29547.76,38910.2
2026-07-29,P004,Laptops,32785.24,32072.468148731332,31368.733333333337,0,9,24347.68,32785.24
2026-07-29,P005,Smart Watches,9304.42,9343.004544650168,9369.643333333333,5,17,7084.73,9794.13
2026-07-29,P006,Running Shoes,10189.09,9830.381512514601,10332.323333333332,5,19,7083.79,10725.36
2026-07-29,P007,Smartphones,4179.11,4011.1721729392516,4207.743333333333,0,24,3265.26,4179.11
2026-07-29,P019,Laptops,26299.32,24391.305038472343,24782.86333333333,0,22,17845.86,26299.32
2026-07-29,P008,Headphones,48891.25,46011.743915411476,44410.98,0,22,34780.87,48891.25
2026-07-29,P011,Running Shoes,2341.32,2533.3066399072927,2463.943333333333,10,25,1802.8,2601.47
2026-07-29,P012,Smartphones,46778.11,47051.038383500156,50817.03,5,11,38826.48,49240.12
2026-07-29,P013,Headphones,41029.1,38684.83814006779,37358.723333333335,0,16,33465.26,41029.1
2026-07-29,P014,Laptops,13194.19,14091.474514843794,14155.726666666667,10,14,9281.23,14660.21
2026-07-29,P015,Smart Watches,11551.18,12069.77015528206,13071.313333333334,10,24,8091.17,12834.64
2026-07-29,P016,Running Shoes,11798.63,11406.555733190062,12719.823333333334,5,13,8152.78,12419.61
2026-07-29,P017,Smartphones,14455.22,16200.521879791508,15694.156666666668,15,9,12865.45,17006.14
2026-07-29,P009,Laptops,35124.46,33680.81527965053,32342.916666666668,0,22,24443.49,35124.46
2026-07-29,P020,Smart Watches,14454.49,15828.43664140936,17596.100000000002,15,5,12357.94,17005.28
